stream,request_frame,request_ts,branch,response_frame,response_len,entropy,sha256,first16,last16,sum_mod256,xor_all
1,14,1715191231.032844,29,16,4232,7.958061,846435e461b737f2d92f57bdca92a1d8cc46e419a0a1b77460b7e0a061f9a1df,4c44d5b9a378d6e43b353798a6ba801a,bf56b2a4a0bf0d90d26bcba08df6ed3d,160,226
4,54,1715191396.784046,22,56,3918,7.953799,0d66806364cbf744112513cb16308eb43c67b645201227fba233844b02507307,5a5dff50e8257a25bea622deab5d4fb2,46654844b335cae4709019c1f34d55bb,121,181
5,64,1715191414.336211,17,66,5326,7.96408,334d91f0cb47ca9a25938fead6fe220b6e15234a0c42d0b9ae59e6bc7c20e85e,b37ead82132f03408b71294f9227133b,520b9b2139e47fe2104b0dc27a50146a,157,111
6,76,1715191609.834944,11,78,5749,7.967457,ed5f979f31dc3c8774fa22918a479de50281ce6bef003778847e77542c9426bc,a5a7c6bae764b5a165a26e69abbf47de,04f4529ea57f16d4ca07762253a83bfb,173,131
7,86,1715191630.365772,8,88,3371,7.938064,308de459be22001bebcf66ebf39aaa0faed28536170281639df86ed158a7ff62,8b6a4c33bf4b47f7d97190c2d92dc098,70992e28ca1a9b299b5138ccd94c11a3,130,226
13,146,1715191973.2989,40,148,5209,7.967875,7bdeab85c05109013c0d67dc1b20fd0b63a2097bd888a36f517f43c2563c1721,6126c4caa4384219552350cf9d5df4fd,fe27965f53c21bf2106175977f1b88a3,132,0
15,166,1715192267.795125,39,168,3936,7.955095,7460b3de05640eb817fc4d9fc4c738f32676e541b5b8061ba920b2c4d7f6382a,b840f3eedd2a6ee51e7c3ee137f02d15,6fca18320e1a6fafc0e5aa507d181088,121,123
16,176,1715192361.259378,11,178,1320,7.863911,2a01b5620c29f98c986ace6be5a4ad06b4d10f9d99c21d4c3b5696f240ee7e59,22dbf74d5e6ac378ecd9bb4ad8489819,10af7ddd66cd9257a98c2cd6cec0aa93,55,165
17,186,1715192376.73053,16,188,2979,7.942543,f293a1871fe3ed4bd113b412523057401b96e1556870e9ce93032e7614a0405c,972615ec3578f8853b0af20459a6baeb,437ac294c52b2e532c6e83ce13714c04,114,30
19,206,1715192412.688961,31,208,1548,7.880401,ea2d710fcb23796e04d283f811f1e036efeb60f63226591ade858aeea061b2cf,9254326e87213a956a1bdaed8a7eefc8,6f8ec2b3a6f9c4e4370fda7b7f1a4c64,11,93
26,280,1715192700.013014,3,282,2794,7.937317,c5f5c3ac2daa1a6567f43dd7b822c5e4efc66b691d36cc0a1227457d850f3d55,89ffac0bb2735ec72bf2fa7fb3405f81,2f60ebf9727c2dc081da64960cb2117d,206,252
27,291,1715192726.051083,17,293,3101,7.937177,685df5d0d49903278dd705c290c8fb6a4e8ea2c25a08cdbfdd81b449f825c10d,bf6240290ddb6c63142e4d178ed50cdb,5cd63eee53dbf801b4e1942bea920c36,12,10
29,311,1715192945.353431,6,313,4100,7.949709,5c3cc6aa3c6f52c73669906191d0c553e8807da79bf19e70a573c75b69ae74f6,623e4bb535e8530c21c2650325cd9014,83ab9f857e0afa8f88b97cf86a23dba8,60,144
33,353,1715193167.0359,23,355,3673,7.951131,ca54305606a634e92e70572c1c2006d2cef8fd41bbf48c3ab968626cf813409e,439edb3e6fdd3476d048885b37cbad1c,7b5629b2a8ff156cc3cd5d34ec2d9e60,175,101
35,375,1715193289.400289,17,377,4475,7.952838,e70a8b987da74d94da87741395428e270565259d157fcf9eebc6273853fc7763,3d20183b899289b9703ef801f29c3ac3,10b634e6f38337dab0293d9d413c3715,65,63
36,385,1715193291.175288,14,387,2236,7.915339,454508310f74961ed9d623d3df1fdca603f9d722164076dea24fd22393d95909,d346fe15ad2f4f4849728ad002b74dfc,34ef182ae34f7d249615f91732bb55ae,110,138
37,395,1715193336.772902,15,397,2224,7.916103,a8fec17b9987141e2c2c0efec12a6f079ffa1944eaa3de061ef4a8c8a5f1e944,aa38b0d24c350882a7e20f9f13a9a57a,072016d36917445fa1433efeb8da3ac2,201,53
42,445,1715193596.915276,27,447,5282,7.96679,e2575152b5b11deaa6be1d6183337aa6d0f0c22a3a1fe42d9d99917782dbfbaa,7c96e74084fc31fbdc9231391055c170,6e43d7c145e3e540170b23769593b1d5,10,244
43,461,1715193856.965714,19,463,5144,7.963457,a7b798d608d364b9cdd45b62f554e36c6b5b7d0e56d8e90b1b520b422c5fe301,2b625c9eafd01abc767aba2d9a6eeed6,d40a7f73e2e3ddbd60ab6a938129c451,195,239
44,471,1715193858.274441,32,473,5282,7.970286,ca255cb450c665e0fda7880070a1f846a78e7e3c933504d2e0557aa197b51db8,703c241f60fffd86d9db14606979c9a2,77072cda84d98de704526c30059a61ec,190,130
45,481,1715193876.874222,12,483,1773,7.903407,71e65041c7cb85f80d024ddcfe3da94a00a8dc3659328e02a6c3a0bb26800633,676dcaaf42d3d447a1d5058c3df00030,08ef90b119c40b15dcc8ab70aca04cd2,25,27
61,647,1715195048.438331,26,649,5487,7.968306,9e861791da2ed04f16c01d6be7775da29c085bf9542fe4eecb178a6f37d71348,c97918e91a7c05582df3094f3e3b7d9b,56ca823b6a9237ad91aad59e13edc992,187,69
62,664,1715195363.993703,7,666,4686,7.960603,1486dc18b106ac7866e06ae7c12c738a06be68a4e6adedcb127a12755636b5c3,57ee3090d92e239d294761c1579a0c9b,625493784fda6097aaaaecaf4b41907c,45,199
64,686,1715195441.250553,34,688,5661,7.96323,7b428b4e16e49659a2db92c6408a803cbd0f67dfc2fb75c9f68446cf76a6bcc8,4ec66c0e0cf959cd40d05ba478d25909,05270eadcc796e28eec0bb865e48d1e2,229,81
66,706,1715195604.613301,10,708,5759,7.969498,d02adfd1576adb6e7078922e7f32058a697ff90462b2719d578ab5db42351d3e,94f4f58ef0729f2e99ca0b1994022fb4,253d57dd0533472312113d0948f34e5d,232,196
67,716,1715195699.34183,8,718,5189,7.962719,ff27f307b70e287206d27f5e3d29174878fba46c8de705db0938f011d110b22f,640b5737d82cc298dcdd436b051f9123,94e3360ef593e3fd62b303634c01de60,137,245
69,736,1715195719.097229,12,738,1687,7.896513,395d28eede80bc23a133f0f102d740e567e58ea95bc414c087f82d765067f4ff,9aaab42bbd8ef3ba334c258cf7c332e7,914071552fa90f117970a82335929f42,110,54
71,758,1715196057.613047,21,760,2939,7.932654,1eed08c61453ca73d3928707d31557ab39da7e7a2fd6e828f62198f330b6b268,d656f8009a652b3c1bf21931edeabdb3,83fc2d5680e280b4838c5d235dd53f3d,183,81
73,780,1715196151.022374,1,782,2103,7.904967,e5c03d0d89a44677a2ebd24706fe2f9cd9ddff0e969738dd7a1f25e86d7605e4,544d560bab885cc9038955e7bd39d9af,60487ae571c1ff9d0491a7528943a03c,91,209
76,810,1715196385.793001,9,812,2742,7.933797,4658eb267e95c2f1baba7c9ff41a0b170821439bfce1fa4fc42c61b5ad5811e2,acb1676f01649fe29150bcefb63cf6b9,b54bff129035186edec4442f0867874c,3,3
77,822,1715196442.151917,5,824,3230,7.941368,9b173196092c285a95c98aa74d5d393e39df4fcb38b9ed0904acc7c7dd3a6fda,f9c111c7c72a904a8827f372af150509,3254ecc09a9e15f7b1f217c7d1b857a8,183,167
80,852,1715196624.94065,31,854,3873,7.95771,34d1014ead9f4a7847e0afb30da0e83fe8c86d3d9e1f323ef76396284413d18f,d703462584d4158ce4693a14b7478d6b,dd8dabe15999dbaf2f3c9775c7f99cf0,54,18
86,917,1715197136.354707,32,919,4638,7.960514,c86216bda0764aa72b9f3f9239af50aff2b9b97cb1c416f8d3e9b1fb38601774,4fd48bcbb9f31d79fd1452b60124c9bb,d2b0f65abe78244385ff9a3e4642f328,252,202
88,943,1715197236.707758,20,945,1273,7.860513,c886ecc45281304805dd599f416d501fbf985b3d714ec46e9038409b9e5cd594,d88d4db1e131d237256a57d81495272d,68ae95738497b094baeae2a8ae9c4ef7,130,224
89,953,1715197238.584933,27,955,5163,7.965995,853d92277b8e72e4cdbf0569a13d8efc1085ef309083f6f7d44210b5d15ccc7a,60113afcfd81cd3a2fe589cfcb64de2c,41177e14d282e0a81ce53eff7cf1cc52,212,114
92,985,1715197418.725832,6,987,2893,7.941191,6f1bc2299be00b43de3a58d83ba4fe3c38eeb232a3ab252aff5503fccdd2795a,aabe8e9bcb9815bda637629b3b3c4888,2db9b26844874222907e94b941f99c2f,163,5
95,1015,1715197600.377052,31,1017,1661,7.902107,bb0b09fcf5d283e41d4366069f0d57b4198bec7ebd6e33d2a35ea185f238b5de,121967ae4d8719aa88e2ada70caec210,51b20e56ebd68d67279054bf1fdbcfb9,171,145
97,1035,1715197673.566303,17,1037,3392,7.950775,b44b6e9fbff13cdc17cadf578e4fa0b41204dc41c6c0838c8f2a52666ca8c4b3,8e80be6bbf66b51c97670155f89e91b2,c2070b8bf592d12d97d2fbc1fe198f96,143,19
98,1045,1715197680.373028,32,1047,3799,7.946547,7a6c7667c9e98848f8893d4ebc9b9e6ec016d5030c18caa00384d6660b981481,dbd94c7cb327f883ee3ae6623b0a2186,7991cf526b606d6bf6743563cc479557,250,82
104,1112,1715198332.483898,30,1114,2670,7.915591,13d3467cf5fdc3eff8dc8a7360a32a4174b8bc00a43e15966096287dbe40c1cf,fc89bb89a52bc942040a8e09c2540bfa,6e98c538c06f6f140d4f84d24cd1990a,188,82
105,1122,1715198332.845492,34,1124,4727,7.95464,bc361cf81da9178d57c246146417a41830c3ff12955e7f79ba23defa6f4c6b75,c33ab17feaf508f4cd45a463b8ac0b68,997940f16b182358d9633a2261b64063,79,23
107,1144,1715198421.46496,34,1146,3493,7.95194,049629d7f200906e68622be69bad6f0e786d4fe82946ea0e5cf1a25dae063316,bc8412dac4b7f5b22e7bd29c06fae0ae,1d9909b2e6dfd38e8d31048f9e74080b,102,48
111,1186,1715198877.690145,37,1188,2152,7.911052,f52f9ce0d00a4d58f542951c71c97514952ec22ebacc0f2ab10849d178d74bd9,0d5cab3030cfdc815008981290538378,1434b8cd8a459d272d6f3ad6f0207956,248,220
115,1228,1715199068.802579,2,1230,5485,7.972969,ae62a3de654c6e2a26eedcfa91efbdfe3f848b6782d48fd29e89b3fc828a9cfd,3572b8487ba3b484e3a6f62f167a2656,9a3ee5214c956eda80570ff37771a84f,167,141
125,1332,1715199705.456,19,1334,2762,7.932116,d1321d3b3c9e1f62e0daca50c48ec14ec3bb021a1d594c969d97339d0f1e0b4e,a51dc7449bf5c7961615ae9e147b6424,bf638f0bc38d14b983ccd2ae848ac6db,6,108
126,1342,1715199757.014111,22,1344,4581,7.95964,3a835485c4bd09ad9e491ee67f1c49151ad5436b224418686436fe87d059879a,bcbffd046541208096aa79520800766d,a9cc77e231e40eeda649427e43fad3ff,85,93
129,1372,1715199859.151007,20,1374,5180,7.956875,a1b761741f920f2d3c14a0c0652165b6ddbf9ea1d7f01a8ed988ef9d0fc46def,69b037c75b8787785e3db23e55f690c9,6ad85f2df63f79283ecdc4b697df0736,37,119
132,1404,1715200029.116661,23,1406,5549,7.961161,beb57ed2d9f34fde9e158c53bd7a0aaf7d6cbf9da98d451f1734dfde31529f83,9ee054a2db5a9bfb0c0567b34d38c5c7,af6aa61e2bf0ff7f9ebc10a424a1c5dc,70,6
134,1424,1715200115.999405,32,1426,2329,7.914972,828adf2315a0acc1226fb11498a622db23353c70b3fec01da532e9538918e9ea,5f4a6e3320230cdbcbee6a33f9f182fb,e24ac252e04064c454a9c6aafeeb72aa,53,251
135,1436,1715200169.83458,10,1438,1722,7.895568,93af9f38679b96abedee20ab94b044f8e1f2079f155ecfbbf164bfdc49adb2e9,3d38306ed4746978973556ca727e92db,3585c87c70b5d4ed03c2beea2f48475e,56,204
136,1452,1715200549.492802,19,1454,1924,7.905866,55588a782f3b71994787b087d01bfc9a9447eb35e28e14e75035da68d5b7aab2,e4cb50b7c3e3b25e57efbb50f3477a6b,f27748eb814b15076eeccbafc284c6d0,237,225
139,1484,1715200622.479238,18,1486,3687,7.956269,11e4db128b8d5780c2d0b48b760e22ce25e64c47fc989d3b8c302df5f8be5094,2bb83efa568f798f32c1f82d543eb768,ab6ae52555cff8ae86b4bf491fb90550,240,124
142,1514,1715200692.249946,31,1516,5388,7.966468,745681e0c67d7c6cc651c1733e6a1afc9a08d5fd3144b2d29a7bab22f5f72503,2e22317bda74507f1a069436b0a3b201,760e45778d8a21d7e8f5574d7a8b028c,200,202
143,1526,1715200695.756166,13,1528,1409,7.856106,c0d6c0035ca9c75794e224aea3b1fe9754efc8ee87dcef5c87f1478d452de029,def291e30d402178a19c1dfbc6306bd5,050b391ed733774d5048976cafa1cdf8,137,101
144,1538,1715200753.11152,18,1540,4093,7.949063,c295be1a4bcabb6086ebc6c1d86a0bc14af98b1efda03262918a53d67f6a3a47,4c75b8a94f2b7854bcc5c44776f2c97d,858112a19d4497c276692ffdb3e3a9f0,247,193
145,1548,1715200760.270419,6,1550,2985,7.936579,c92a0ebf8517f654924f45a84f131d7658ed6557cc1c163ec75c385950577e17,26220990d49c7c6fb1af3ec647aa55f4,b6366da0f24ede10b9ca562ef52bea0c,0,252
152,1624,1715201064.053897,4,1626,3261,7.938521,56882f28a0f2c9f19f244ab7fb5c028d75640034e0524d8c625e612d76dd6408,3a605777dd0b67a05c7d1787732f43ea,9631c5441c400e86812f70b699d78c41,65,47
155,1656,1715201136.732419,25,1658,1873,7.897278,0f47e037d89fd21dd602398fcf81a955bcd7f4902303625a44b1aa75511d5030,f6ce05d0f6b84f79650424ad97af39cc,71d20f57572767a6dd9ec113118eb50f,165,143
156,1666,1715201163.473205,15,1668,1828,7.899619,572dfaab4cd0b196493b1b018213a01d51dda59f4a69c65475a0d8c0a0b3f9d5,7a8688a040d013d19957ad8cfc53363f,fd01f1bd7c3e8fecffea1a1da497f098,49,127
158,1686,1715201199.350339,10,1688,2516,7.929002,fc77db6dc10e55b360adc1d5ad5c3989fb5a212fd8681c53581f06f74a7dad0b,33b5a675a5ee8de307690d0ce5807e88,f0671c56a7992bd2135d1e228e95d797,5,211
163,1742,1715201321.090542,24,1744,4727,7.964083,82a298a196c5d041e6b1f938041d96a5e41712320a9832b6f690660409919402,7c3c361655abca9e4cd5220c6f87f462,780149e3c4f32a227b327f0b49c0ed64,222,202
165,1768,1715201457.718822,26,1770,1280,7.840271,8640737a5f01366cdd151165cc717ddb5bdc282e079084aa30f52ba3e259ef81,9f4a21986d63d2fba136ec844afd4dd1,c0cbeac11ea31af09b82502113265e84,104,220
171,1830,1715201881.8664,36,1832,1301,7.865015,e1e215522f7b3fbb2a94097e9eefea782e2e67fb917b1829f9ee061e98f1f7dc,b16f0d690288aaaee07df8b697967a48,54d4221c64880349cd9377f72d5cc575,236,186
173,1850,1715201974.832283,20,1852,1471,7.862327,06be394ca82cb2b258ce7425b77c9fb508429e8e6ffca86f78de32edca5b7da8,9d207c27f1ad55b6bd5d819a96ae0be4,9ea05c3e3be352a800d1287cd811a1fd,152,234
174,1860,1715202045.368387,20,1862,3985,7.951163,ca776b82fbeac23004a78c2613479ffeb34a893e1b4a0de855e5e0e43e61f738,75d8c78c219ce50e89fb5e15f911743a,6e00511f602cea22ac131be0938e75dc,133,201
175,1870,1715202107.223865,39,1872,3743,7.95011,f1b8727d91dbf302746aa99f72589b2c5c7c1a7525518907b4a4ea3910a2f2d0,40462fb4d832bfeecf91f3cdd4aec1db,45a309dc8e942425f35b27927f7772b5,243,191
177,1892,1715202151.069707,21,1894,4391,7.956044,a13ad5fe76bc61d431e7cf5c0d595172b5ec3879fb19068143db1150d70f1063,b8b4558f1d2e371b3cd5faab78dde2f5,342ade78c72d80bbec62df1adbd51890,27,217
178,1904,1715202207.309421,26,1906,2089,7.894462,2edc2f6fba5132d9705f1cf04932f74c68175e9628d86e5c02314b8364f9fa62,555ef3affb9fce624381579c5626dc18,3b812e5aea7ac858f99354681d5eed88,96,20
179,1914,1715202250.459432,11,1916,4051,7.960351,56f0fb2570421ef76343448b3712b4f1f7614de55627b32fc12b103cc68da557,5bc03a2d942e40ba12818d376a75405d,30bcf8f0286e9cf7c76dab695393c945,37,157
185,1976,1715202543.186774,25,1978,3491,7.951157,8b6753c3d9cb0025a696991d2e08c6aabe5f46f3131633770bf056812aa1d25f,fffbfc257370e4a4ca6615788c619949,4f767dc41a2cf112f7b1405b90b02add,192,102
187,1996,1715202641.860462,40,1998,5358,7.961701,ea3f74f58f4da66412def6591ac2dcacaa7621e784bafe627014d8b696d38527,866a585fe7ee4b646a659fadacb5622d,4dd59d258efa82a81b45b83e71e9d954,4,154
188,2008,1715202745.633065,26,2010,2443,7.920771,b95e557716518b56c9e31472e299a5b7de85c76a8301289d6be9a7b7ab3b62d1,9d825efeab9f9c724039421bb3d1bf88,d55b91552fb464b28c47c673cfaee1a2,13,47
202,2170,1715203765.585074,16,2172,2379,7.911605,5c2657bfc4155b4ec6e8428efedc5ae4ad1570d8b5e96a588e09d40ccd08926a,64095e9351121a6f10027cd7a49388e2,ffb64ace828d19615f818ab6958343ba,251,63
204,2192,1715203807.495793,18,2194,3005,7.941909,07eef6718aa8557eef33edaef9ef80d0bf671ec9c4b234eeec6e555f0adad1b4,9f710eb53b9cfca39060f383574f104c,a309e630dcccdc2edc3fea645fd73450,28,18
206,2212,1715203894.055028,10,2214,2815,7.93732,30ddc8f95e589673c6297753b3877192f45bb579a7a8bb2e861a13f4e8185d59,87393645182d2cdca9878818fda306d7,f79d616d276891071f6d6b81d0b47736,213,117
207,2222,1715203935.611009,17,2224,4453,7.951484,7f7e209c1af4dbf4b55abb64ec15bdf212bd77f5954b3b16955acc13b53877ee,00dee5f9c8ab017025b7463d3ecd8ff2,bf0f8398d535744b1713bcc5c2530009,223,145
208,2232,1715203941.744406,38,2234,2912,7.937471,eea020afa7da77d5bc4bfb44d11f95f3271d4c3fd89db05eb5c5edcec3aadf93,04eb83c3e5847b4a1f80f9a93912957f,ece15ddc9c770affbf38cfe4ab64fa58,184,2
209,2242,1715204265.793922,22,2244,1403,7.883418,cdcb04b8f8de98b21c2d06d3b34a8bbd577f603602ce53141a3aa621acf18048,76b431c4da769e914e85ded4191c0d22,3ca917b56b1742fd05ca55d3ff92665e,182,184
210,2252,1715204272.52224,11,2254,3372,7.947065,1ab39ed03e4bbec3e935df0a009e627ff4f3df93d93b836ecc9c0f6dc8b32df5,a52cf6927eb485916c5564d2e32a482c,52690f066169f9b39715c22245e93c94,118,2
211,2265,1715204442.716565,40,2267,1304,7.82416,fb0e854d73eec8d356215943c4d7848a4ed99e7c58473676fd805a696dcff690,2c522e60bd4cc2bc7f4682df6de1c6d1,68d96c614dd6c68c5f9e6a0775d7c8e7,213,79
212,2275,1715204502.821513,3,2277,2765,7.934358,31e3de30168275267c3003388f1bf2678d5332c957bdb4ea6d2565e35b9d2d1b,4c82c586541204ff9457e69817fc9dc5,90428a8e3326dbc3654a17f63d4c3cfa,44,92
216,2321,1715204706.001717,36,2323,1479,7.879529,3cab46432550e366fa8024bec7f68b9a1c8952c61d978f9f44b6bacce8cc0d83,3944ba6a374c826a06709af8ba8fbccb,8f23a84f8b6998e3308c2550d896c555,137,245
218,2341,1715204715.454853,8,2343,4540,7.957739,bee873c0a2a50216552c55f73998e38a9a64764d22e3aa0e9a335cd8897174e5,03202c416fc0a93c606b5328ac43e087,d38ff1de16c56f876ff7548eed2f4dce,109,15
220,2361,1715204838.106885,5,2363,2493,7.913583,b9f50171210ad8f2711ccec3c89aa66e12f7b806d164a1bc1cb97265e3890a17,e4da8907b40cd5e28355b2807cd7855c,2f383133aff447fe78e8721ac585aba1,204,190
221,2371,1715204839.047559,1,2373,5110,7.963832,e7bb55763a68667fa20ed6a2e8d5657e06538f7d9fbd345e715bcdf4e9d5e794,4f7058eb13f3878f2fb2c4e3d81a5f9e,a77e4a351441b2790c00cc4c3acbbea1,58,18
222,2383,1715205055.728616,7,2385,3546,7.949334,798afc0356b893f4a7dff6a051024346a7e910494acfdb6f16e7e5d69141bc57,d530a2017125ebe0ba62e6282cc2b1dd,d6b195bc790dabee79ff64fff228dc20,71,245
224,2405,1715205206.663893,13,2407,2831,7.934499,98634da616d4b64736bec18d9f0c697370d87b8871fe49358925182958cc3c0a,29448c3b765dec8e5497da6bf059de9f,9b3ae393506e5081dc36508a0cc59b59,151,45
225,2415,1715205269.218566,33,2417,1487,7.877574,0c5a8cfb23fa905091104f14d414d083f4fdf0958d13ce49b4978a13ff7fd118,65d2f8d335e442699afb65662437458f,9aaf122ae79c977a1fcbfbed8eb0a744,138,76
232,2495,1715205675.546729,21,2497,1950,7.903766,3873600cb484a670a27f21c32c3a335955976794c29a30b9231d852f290a0f25,70b0677473fca94c07ca5562e184b21d,cd23f1b12584276d748714fdab85a71e,59,39
234,2519,1715205750.819325,28,2521,2668,7.9307,1cae50d2ab8734e6b1199b095f16f25276ad7620782bf582dd742a0c6fdded45,8be7c78d3e71b0a54673c273c221cf5c,59ec2708bb255345f54da975a538cf39,87,111
236,2539,1715205872.230986,1,2541,3104,7.949647,b4f4e6bcd134a8683d8019195e020f6af1d33e8fa720a2ea403ed4dda450cde6,b9b01503929ba042370a0b8865b24203,ba66303126a2f9af936890788fc9c637,236,184
239,2569,1715206129.607206,15,2571,4554,7.954319,2b17103b3de8b6f298a8174398348d50db44b50c93ece371b9ec36504f8540be,a464a28a16d30a4fe065c87ca150dd7c,63fa0ac429fa3ad56dbe28bb73f92ff0,250,172
247,2655,1715206623.805194,33,2657,2628,7.932894,ed5809397ae8f3acffbf656bcea95e2791a1aa0eae333b6d137deed1d46fe9a7,f65ab97ee15c76bf24e80ce0a03c64e1,e3b004c35838d741dc3ebf4fd9382426,245,155
249,2675,1715206666.39383,1,2677,2813,7.930262,39e6f883904b7dc57570d4af5bc0c65617401792255e8c66a7d4c0f67d9df2c6,419b0ded0ff109685a88bfc59acf54ef,4e4624117d7f8c36e694fb2f73b209c7,133,141
250,2687,1715206848.391922,29,2689,5491,7.966412,73c4aa9fe7543600ce6f9c7b339f5c206927c425c7d7ea41559a8ca9fe0c875d,b09094f4b5f959d9f9248fc231802387,46f37b6053c6ebe9a969d703132e9514,12,46
258,2775,1715207359.628794,14,2777,2157,7.917085,4a63203b4335a6af4b0bb05af97dbd4d8860d3315f6706c1602b66a908e54284,625343397f86f4ff6347634527e6864d,9937740f70b59e24f064b7b9a871f2a2,172,32
259,2785,1715207368.794658,4,2787,2479,7.925611,695fae69af8e5affc0bae310ff1aa0dfa8a5d5dc8f48982501692a5101524932,a30f7bab333274303bcd9c0f25101597,e6b3335e6a70705dd150f017894cde58,53,11
260,2797,1715207493.70315,26,2799,4582,7.954248,c44b2b38ac459038919ee4a5d6d458d83eb8360e7bb6064320687f711dd4ffdc,62d0e061ad449f1eba9bfad41f0d95fd,4ee9097604cec1eaf5e36761e7be7616,171,15
266,2858,1715207647.729388,32,2860,2329,7.906611,a1c5ef55f61bdaf6c87a06a482ebd7ffeb96dd2fba039fd6c1c9fa0107f78aa4,079dec5bced2f1fdd56ce78df8175bde,a4b552f2811cb4ac9761a43d148494e6,177,207
270,2906,1715207988.187823,30,2908,4840,7.95608,29fc82544cc470aa0064bd866a10835aa050c7bc3468e386dd8a6abc70f73d54,8ee26050ba4ed1b6ea1933538214fc64,97390a25dbf1e9b02b7bfecfc57d20d4,187,29
271,2918,1715208054.969351,4,2920,4431,7.960678,561bccddb86dae27b339c32a20e03123b617a7441eb8689bf0612cb4e41cb45a,c5ca945f77599a3d65f87cbea70717be,c776f6ceea8f8ac5d086ceb8a6c5b964,154,192
276,2972,1715208526.630921,10,2974,4483,7.952324,be35320f3bae002bc4eefb21d29b13ef3979370ed5ac2dcab46e71de694fda2b,bb3e153d6b9dc238bcdf68599bc4c664,e93681abb5d68267f4f8ec0bd74f79ab,142,116
278,2992,1715208572.91803,34,2994,3382,7.946483,6e9220b0e1b7b3cbdbc8a38cd781f505f4dfe499628937e1ab4e79a2d4949d87,b38349963e1557a1eaaca53babf8849b,c5a35ba9fd88c03b077b18a4d3e596c2,100,40
280,3014,1715208620.521855,23,3016,3766,7.955369,4fa2180c531303ecca537ce757fadb9c2384deb111dd4fc353598e88f54b3bab,26bd053a48939bf5d8059bd34d4ea960,63e76b516f644314f33868a7ffebdbc8,125,209
285,3066,1715208698.279784,28,3068,4653,7.963962,fb7daea50f095aa248ef805d2897742d1a861ff21db6dea007197fe32c5e7c91,e060e4d68464031346085dba640b55a6,87a155a6ca791b6b083702f97607cf80,55,85
289,3110,1715208911.531843,6,3112,2856,7.933167,04f14aab01c04b5ea495a4ae61ab57ab41063cd198a72bb53e48b1ed43f5c1e9,b666a9cd377de84438c1f9d94d872be9,03ada32becc0aa4002be53374030713e,161,85
290,3122,1715209043.2318,5,3124,3208,7.945504,49bc20f7897bc86362a16e0cdc8d8a958a83a4d6613ad68043bc27b061051a78,5824a35d522c1dfb23cb01961fdb733d,81da79db12a23c3bcc41257ae11d985b,121,203
292,3144,1715209164.675528,5,3146,5124,7.968094,9c64f7a7369fce160447a97c462c56778b2e2a9365db34ad818c3bd2296a1783,923c851f19b257292ddbcce2d0998315,c7d17d421961464f60c41a4170883f30,231,171
293,3154,1715209216.167872,25,3156,4315,7.957335,2b05f70785fee41f7220c3908163df4986a0be2af7683489631728b2926d9ebc,0bc3676d37142878e908e8b880b82db7,7751ce3afed8e7459cec058932442852,128,240
294,3164,1715209259.746205,16,3166,3805,7.952677,3d039b22f698f5ff7850b9f91a90a5ae3eac9e07f373b886199391c355946d80,aa57548e0044f7af2bbe54e7f270cc54,961d9eacd243d2ea0296edc0b0c9ac9a,44,32
295,3174,1715209380.409294,14,3176,5280,7.961131,b5f208d56fa8d7d9e58b756019a6c05d94e10c0ec6b2e7b8ecc02cb3c541e737,754fd70017b907de7eb65d58fb415a03,0065e692ba0ebb7adb2db4d107de3f5b,149,233
302,3249,1715210292.165604,30,3251,2289,7.920946,82c18fa536021098ab6fcdc9dee7845752847b3c1fe0f6031004519e83f1f620,f89bfb27e1645cfda5f781bb0685bcee,fec9fe2edb8cf4baa23ccd36eed6dbe0,153,121
304,3269,1715210404.273699,30,3271,4030,7.953076,8d44c37f96a54fca41f4c6335c210d2d756b3ee0c085fd53d8add2b4dbfa1b7b,37d914b808a1f84065d661abf3d4de53,561beccd0358954ceec5336486d60428,10,158
307,3299,1715210466.774581,38,3301,2055,7.918657,7bd3c2947b6d512e4692526dd065cb85164fd486b73e65d0ccef75597efd1a26,ef733b0a466cb5f7755b9fdf0062603a,b69801e30882fc0227fdfe7774cfbaa2,88,124
310,3323,1715210841.209002,3,3328,4956,7.964019,cd7ea7b6e2d083f1d3f98ba7774a2c0a071013b8ba8fbdb0b3318b85d4a23626,aa94031bbfee05e3b098adcbedb8a84e,c16d424e76572ddc5a9f5ca9723206b3,157,143
311,3336,1715210864.626079,32,3338,1392,7.863315,aa82aecec5bdeabf84d1768dc2cb9a30fbe7e749b77229774ca449d9019d05d7,9c2942340df80baa510a359fdc460f78,bdf44eb14765e49028876065dce983f2,223,155
315,3376,1715210995.836093,3,3378,2752,7.94116,2ec54dd2dbd155b6a5b081be28216915eafaecbc6a3d877dbf113456befa2e40,0ed6d84c65d2bbeadab5bacd8b14e0c0,f6536643e3cd36a3d5f8fa3a38debb6a,67,67
316,3386,1715211011.683328,1,3388,1529,7.874727,f5c1117befd4525fe87b0e571344fcf26f29330e7cc0bb525da6ba15c1e25c33,83a49cc0c22f28e9609d0133b4903398,e2f4bf3eba4bb947de47bd6c543b80ae,90,94
317,3396,1715211042.257214,10,3398,4568,7.962134,18b1ed87c6b982d48a81854dd8ed6680a239e08ece1dcc013657c2bd53d00a5c,bfae735aff81874fdcf77025b275c1ad,f04c7665111dc104775c01d3e85e3afd,242,124
318,3409,1715211153.102422,22,3411,3178,7.939429,6a9147192f4afbdfbd544706e649a807d07caa8e163281270b4c10714ba4fb03,ce69138657eda3c7c27b1520e0d16399,be7ceab1edbaffe41be1890648d2c860,81,111
320,3431,1715211237.18317,9,3433,5761,7.969685,cedbbb27d1cbc7c372d09c74b5be0ed4ecd5b31d35e37e5d94b4decaf7786747,4c134dc2ef5976282b7424f971f832d9,5ea6e45395c5ac23d1fa554543bc303d,2,94
324,3471,1715211355.7682,36,3473,2816,7.932937,51778df7e58af7a3db229f9d7db9233ffb72e62ecdfe1e82392736b6cab1fe42,83f688bc88b44ce4865c4f978981cf0d,9d25320cf7a5048fc0ca37d71a1d6f17,132,40
329,3527,1715211834.78401,17,3529,2078,7.90865,2f259652aaed040db274cda3890e88859015e01b367cdf60b16b0cf164489f11,d59f75bfeadba2618c1e459831f14757,13fba59dec25a2f73c70d5a7dd2fc297,248,84
330,3537,1715211942.575083,3,3539,3087,7.924571,51c951676b84cd4e9013fea835621466228c0603db5bd9e30e7f029e7da4c05e,e3c57ad465168254ca1d3283af0e0bde,fba0c1725e8850bcb0bd6d4b514a05d9,242,88
333,3569,1715212109.372584,11,3571,5096,7.962584,fcc9004b33bab686a18cf9fb3f9d8d1550983bb05cbed089c4195eb4aa2a74a2,c04d6498d781517147b2a657df31ae1b,cfd547fb809a04e1b9ebe25f8e542c3f,162,116
334,3581,1715212220.827414,17,3583,3329,7.935445,64aeae51158784f8ef55359e78d2838874e6ca7bb240b3ab9ff98ad84af2d1a6,69d32fdf5df139debe33a0dd146c9684,53b6291f69895627c8a84102e3c9c026,86,46
335,3591,1715212269.885361,15,3593,3094,7.949726,6e7ba5ae542d9a75e79ea394eae1951b1a424f4884535dc6ac2f0efc1ff2dd04,5730e43269d49172a43f561ac24e2db6,bac0f357e5929ef30880e178fef60be4,211,105
337,3613,1715212308.732867,6,3615,1930,7.89326,d4c44df3d7eb5a493d8c53f1fed5304650e972b5c7739ac6a0d21bd473747b6e,3ceea3b9480389b0867aeb69644e389d,654a3970830a9c91a1450539f78d6309,123,167
338,3623,1715212381.729009,8,3625,3322,7.937764,8fb3b6c020e51877ff36fd5b672828a74384da09b595ae0a3c962a190c5c7d23,5ef85fffc0138245364ce9e7c31699b4,90262f7d32f2e0fd8437cf8f77db1d52,17,43
340,3645,1715212406.250037,22,3647,5003,7.962028,2fddb25bad6f7bf9b02ae8a313c248ab0c36c21cc168f1c10d8d4d1d3bde629b,32297250b3e73e3b443e30a2e56f4265,0fe939fcfbe5968aa169a8ebd1b26d01,222,218
341,3657,1715212465.553383,7,3659,2466,7.927365,a3eac4d6612398024a2ee30df7e55692f173ae71cd0aab7639ad1c8b3dfb5aa6,1cfc97cfafcc5db23ccfe547186a6cda,4f0d8595bafbac20ed9a544057742110,157,201
343,3677,1715212501.908143,24,3679,3700,7.94793,ac0e54d8995c85bb2965b2b7a7efceb6a21e85313889de74eaaeaa4ba1d9d66f,b766bdfd49175a7400f941970eea9735,c56ac34ccde0f3d78050eb5ef3a5d29d,206,92
346,3711,1715212772.367007,17,3713,2166,7.901942,7ce6eea1d1089fdb15ecb3b17c7c1621c5353eaca70836a9585f031e3f4bd47d,93d6ca6651468525fdc2bd704d4b6a65,a1c297f20bc6cad319514836fb6396d2,139,141
347,3721,1715212785.141342,38,3723,5512,7.969495,70c99cc3a9c25343c406452052a6a426b1d4e4f66fc14a54f4d04c9a3c862648,a062bd8f5ae9917b0cda244c65ab6ba7,8f3c6cb771524f70e922e8ef088e3a56,9,211
351,3763,1715212989.908198,27,3765,4081,7.955967,69f47dfb94d1d9a99ac0dfbc6e00c690b8dbc256657e82468e1710c309aa539b,6c4611d9c552b53337b7ca404c3ef700,524bebcaac4eb6366c29564c921c03e1,112,126
353,3783,1715213016.996816,35,3785,3607,7.951337,531f300801d23a6af3799d5c80011866428a33ee340c1f756c4d0426d355a82e,cb1b75352f3632936c18f0ce7260b7ad,1ef5231cb9ce192d28bbb415ed009cac,73,29
354,3795,1715213047.982266,25,3797,4964,7.962616,802180ad55a02ec37c24f1944844273737e9d9a57239c3c3e2eda0e89c8ccbed,fcec2b349577f6281f3f923b28eea317,d739755518707805163de83ec0ac5bf8,210,90
356,3817,1715213332.358351,25,3819,4351,7.95647,24bf1277ecb7c84712488a16dc3382e8863dfc94da9852150907dc2a37839d2c,8820b0be7f567534f52e5dfcafb89547,307565b491abdca6ccc4bfcaea78d2ee,201,199
358,3837,1715213520.676458,32,3839,3750,7.950518,4ba20f4f913c7016d78556400d7d92cae13dedc4ad886a8da081bcf1da7f242c,80c41a7d8700b8887977f804c1870516,7972067eae8ecfd6176ab3b534767366,130,88
360,3857,1715213586.791466,14,3859,3781,7.950372,56ed193a9cef6460bba1ec4796c0ff6bed4c0312e408508f9c5b475b21b5616d,4c0c1a122135891da23abdb81a2ffd38,9631a47f9ed406c03b0b993f7ecd8653,83,173
362,3877,1715213754.204328,28,3879,4405,7.95417,9018e043870772e4f458f9a3feac934e42bfc79528df758fe9c8f19ed5d6dab2,b5277a5c7c64bc5d701e57106daf2ab0,1239ebe2b62eb811ece49291d1747030,71,229
365,3911,1715214090.913636,16,3913,5311,7.965267,a85cf0888075677b6ee6fa94914bac4417244746ca30427fb7b96f54794e7370,408c411042460e4bf4dfc129784a7167,0c5f91566bc60ae556717f56632fe8a6,97,229
366,3921,1715214094.445962,3,3923,2741,7.936628,9043e13b6b5092eccd5b911801a1c71b078424b61169e0d3ec3507d217a31bc6,6801971558fdcfa5ef09cd7dccc65d50,f7dc41dadb132cfe56b0a60953f5776d,250,152
367,3931,1715214108.986217,25,3933,3191,7.946448,98b8372f939abfa212b8c074beef86194c6d9380f023df7f1665e5cd9d2dc9fa,277278d60337ddab707b1c16536d8dbe,8e2c692eac4b2ce6e5019a73a4d285cc,250,206
368,3941,1715214223.512471,33,3943,2808,7.936264,f04fcfbc981101b1bd4c7bcb9c16fe3531d9deb7e6d6a2564b0a6973f56f8fe9,27275e83738aff9363b6309d902e1fff,bd9fc792d27065bead965998858b679a,41,143
369,3951,1715214236.014001,30,3953,4826,7.962253,fb1a401662dffbe3c671c4a4d68519de46771bf62015fdab53d56d9383bf23a1,88d333d8622201c0405190856ba384ca,81278f04d4cce4d1c51ced8e15067fa8,207,63
370,3965,1715214310.951791,13,3967,4079,7.949765,c3cfc3fced54b61e213cb4cab2cd3e4ca21b10643f565db61b6b58b8fb5f0a89,ec53181f2ac1b447f428980a587d1b3a,2f9ae5d6e3d78e5649696d1934d8cc06,67,145
371,3977,1715214441.298893,12,3979,3213,7.940586,c34bd556c56145832a28624995be8d00d84cb78f0dbefff2f152dc5e0ef74525,9bef98be3194b5b87940f4df1b1e54c3,45d3330ec0a9dfcd7c7293a12b4e5e10,168,44
374,4007,1715214605.385845,30,4009,4886,7.961905,c6461fa8ac8ea215b6231ce20d2a656620d28cf727ebd97f2991427b49bbd966,34b88276ea6b7eb93fcef7f82f5365e2,2c631ded0d8c2e621883e544c88315dd,162,206
376,4029,1715214650.943443,30,4031,2970,7.944973,3f7231dc5cc96d648d89c5ad8a74cb9893ff56f42b137b3b68892cd905fb3c5a,ab15fe41d4bbf9a5e4833f7c9fe1c5fc,9c453244950b94d30121f16f3f59e0cf,45,65
377,4039,1715214658.143131,21,4041,1306,7.858101,fdce13a6f62755117580c0ca41300c2c51a5eebbda13de91a71d067b9101a351,238fd9a141caa4ea16b3eeccf20c2442,3bffe22e1b0dd8ef87dc3e75a73fa8f7,150,140
378,4051,1715214911.354722,2,4053,1590,7.883584,f17895724483616fb7c0bb6fd538bb0ae539aaed6493d3fbf194bb346ded75c6,5a2dc43ea6ac7d875ae4a850320898fc,21613486c8982710c136a3c81ba777a3,118,202
380,4073,1715215044.855328,12,4075,3131,7.933912,e9eb900c65f45cebaf56d88b30f389fc5dc988a31fbfa13acbebda4961b5abb4,17d3fa5541556dca4e89c746d1a36555,e0b85063ff7fd46d93dcedde5e32437e,64,68
383,4105,1715215130.138259,36,4107,1838,7.88898,e6f31b373eabf1569a24f27900d49305a36c177c49f81eedda3cc2cf6e6328e3,9998396e1ccfb525b6660f7ee7f35dd9,bae433b6cf5a5561747d69d9ed60f343,39,253
384,4115,1715215305.142472,34,4117,2464,7.928247,0802261892dcc5eb58671ccce4afba2fdc31fcfe285e17f950a43096c9e9ff73,652bae157602e96574e85cb8f90e8e19,ce352da2c7d6f1faa68c30400c2286e1,91,21
386,4141,1715215627.10394,2,4143,4857,7.96447,148569625a2384c539599d9dc3055100fabe99ec558519851990f33c88caa773,1925acc34a6bd21b13ef0632570714de,37fc6df98ecad8053a75290fabe0d35a,193,63
388,4163,1715215717.586809,16,4165,5409,7.9647,fb31b0dac8d3bf110ab6d06c0f2ae8334bcffcbd9d43b66904021e8d139f14d8,a5155cd942e80dda4b5ca8cfb586fcc2,8a759e6df6a7a878486be7f6c02ac383,31,159
390,4183,1715215944.823753,18,4185,4004,7.945761,c44b5c3de5693553ddc8bdef53ea9fbd34bc2c3a309463531d87223a2bec5a88,ee67818deaca81eae2cefd42ba59bb2a,2e1a6576e2e83e393d79530612ae002c,228,86
391,4193,1715216102.511495,3,4195,4698,7.958256,ee1be253fc6512a3513e85aeaf5fb1e503ca7ae2a41f5ac010cd8ff04723deb6,0a0ab995e1cc6709fdf9ce5b008030e5,f118f13ab1ce933d7ad22075703b1305,212,68
394,4224,1715216190.822584,15,4226,5230,7.964015,5470e0a958110bc2d5b47e3ef16d61ea6017db4c8c77506778323cb128d5a076,b8c3e1c4d4f4aee8afb32c588a780ba6,74bebcde33f8e73c42717dd550eb85a4,194,178
396,4244,1715216244.517081,14,4246,1285,7.823044,f87542928e7fdb2247262eae4dd29abddb0630c4ce8bdeaf0a919338035ced1a,f65c46014cd07a0d31bd72f77f7b47b1,fb7c019c96da6011edc463f77f236a57,212,70
397,4254,1715216305.10824,6,4256,3553,7.947195,21d6b1e76aecbfbc3d0a93ec1a873f22620760f4b830a373d8bc696dc80df0a4,e96e90dbc9ebb27239133ae2061939fe,4ebb3c26d1eeb6a0ec02582fc1766cb0,161,195
399,4274,1715216412.708167,27,4276,1966,7.921124,62a4a8f57bad9348f8db691a98ed2a4b900972001c5f15a36ae6cf8130ab8172,f5f9d4bee1ce907663e574c64d25b3cf,e3846028c45acb259c554d4a66c6264f,84,150
403,4322,1715216827.014118,10,4324,5146,7.969286,6a40ec91fb88333767788317fff8c42cc662ba6028316fb15c710fcf83c07221,ea1258727b6e122220a492eb11ecdbe0,f3a11bd7464752034b01e31b8992f371,71,251
404,4332,1715216835.943213,11,4334,2319,7.911207,dc517a1c9c5cc150f05d27e92a910f1e289142f3e2e0fe7d15bf59e41ba0694a,3254714eb6280d11794706abab25c7e9,a76844eacb9353823bf63472608fdcfa,115,155
408,4375,1715216960.518631,30,4377,2124,7.920914,4f482bf57fea0bb88fcb41535652aedeaf627cc507231fa06baad88930d13023,0b8619081d8468de08a60d33910f8b32,44ab5f9daa422fa9848eb9cb8ad3cf0f,192,96
411,4405,1715217092.857559,4,4407,4461,7.959655,a75242e58224f849d0659361c4d7c3a11abe025ca2ba947bd5428c061c40a234,e588ed2901979e5c363a44880efcdf5a,bafff962d0cafea7c4fbd9cbc8918672,154,58
416,4462,1715217367.16978,23,4464,1513,7.867076,727d3c041e92e24b90e4e896f42b98338d0a2639d94b3e52a6c9eaf365e3caa9,c5fc5ddf91a41ded519995b8a4e58a5e,1e466cd7bb3c6f23ac1dfa564a4ba95a,95,201
417,4472,1715217410.652997,4,4474,2540,7.928891,2c4f53ef0cb27eb05df5550ac8e6029ba2553dfff18c9b012f17bca5e56df5ed,a2584281d3c78ea1fc3e38b5d28e30ed,f6c45759f026a7637f0f8ba439b30824,158,122
419,4494,1715217435.735084,24,4496,2805,7.932745,0ebff018815445bd784f5e3cc2b8a74b5701f012ad97b3af23e8452d0f9bfe72,0e0403b93c3fc8c1695971a0dd9e4094,213a17c53b27ebcdb72a8f276df8e619,197,165
420,4504,1715217530.178924,32,4506,1466,7.889711,9fedc2d9bd21be7ec2e0de4702b46a102166237ddaea9d4f20864fc01408b62a,39cb61fa9a5d3592bb706c93f896958b,2375e916388b57642dd5293f262ba3e4,110,144
422,4526,1715217557.09485,34,4528,3851,7.947032,cb87fb5e730b51212503eac54991a6a53c477867e6bcd0e03e643204fb70a837,33d9fd18079fad1cd42c9d8822438677,d1b783f17198c946689512b7790e1cce,244,108
423,4536,1715217613.531912,35,4538,2825,7.928618,d190806c37f20a3e12cbd948c6ab01e1a6619b0a7403e8335a9bf102f11b74ee,014b29d9f3cc9ec5e00516f01a2e76d1,b6e9a95510f997965da6b64f021fbc64,127,175
426,4566,1715217761.3486,21,4568,5194,7.965956,3b99719ac644a516e6fb9e902df98594e256b5e583cd164db0a6bf1a598fb2fa,1d84d58874cc6a174099d7dbde74b9ce,82d71cbe5467e5052b7598d8e5b21cb5,16,128
428,4586,1715217836.564764,9,4588,4181,7.955394,6dfb8d6c5d8a951ba24982eb3068c6211c8b1bd3e3ae0257c3016d266712dbe7,6b11785fe2d13ed1f1da019242b840ba,0faa31b6c63b0cb45dee80b025b5ed8e,144,34
430,4607,1715217982.084504,27,4609,1760,7.888781,acd8b202ce14d694a877e63a93badbf84f998f5317d946db46106cc43f94253a,e520dfec041f662f7e3ba8062e3fcadc,48e95a9a2264b0e1de178e66b64ba8dc,209,127
433,4637,1715218092.060848,9,4639,3145,7.936571,ae307edae001f8d3e8fc0f9ae2d4e84b687ea74785134ee99adf7024a53fe111,b8d05b53e547e99977f1e2f48bd50bc3,662514ab880dfef4f4cab8bedbc77bb8,115,155
435,4657,1715218308.503566,6,4659,1247,7.860698,8d2784e7ef44520826f3f812ffc795156c0fb82260f4928a2b89610611697e5a,eadc7dbfcb950f25e7b06eb3186a0d15,ae9babdbf2482110d5175318d82bf180,117,171
437,4679,1715218416.216391,26,4681,5208,7.968061,177e5439c4a3574707e98bea3bbcbce59b7d12c6df1852f6f0da65e9f57a0904,11712850ba1551fe32eae2858af15521,76fc922dc86cf1089298ddab744eec3f,23,83
438,4689,1715218525.781162,2,4691,4022,7.956917,9a92112cc28648c5e00e09fee27bc0038b3cd6d0969c0fcd00e3767bab82d0e6,7d9ff69385399d0e66a1e712dedea1b3,00bb779f50665cb9b6631d52bda2e64e,220,172
439,4699,1715218554.929051,23,4701,1527,7.863137,a4a41868637bfb7974990d1acb84468e14b9b2d64213374f3355c1d3551b6fe4,a5cbebafaed64b585b9d39398a015aae,4596988fae108ca3ec3e061d590bcc98,43,81
441,4721,1715218653.428078,39,4723,5784,7.969241,9514e17b12fe2629250a359eae375c567b92682f853f6b646c69ffa51598e0c4,07014725c80afc47c1f34c9e96587de4,c0aa1d2e863b0dfd0cd3937ca48b491d,170,196
445,4763,1715218766.125815,35,4765,4716,7.957849,ba2fd97fe454a42249f3137ae0db982ea1df663c82b85014f4ab4c51e4529ff9,06176cd0ab85c06da02430de877ebbcb,5ac81027eddbef6fbc999d1068eb20aa,120,170
446,4773,1715218889.295506,29,4775,5099,7.959461,969de3711c62b8331992fba01c5202c6fad10d8e1d007b393089f22f44947e6e,dbd160521c8bd08765d312e4f9cca84a,850fb5865362ac9f82d3cd94bfc4dab7,79,161
451,4827,1715219242.446944,21,4829,3465,7.943292,fbb6b6c3ec805ca019ce238eaf18560082c914c5b61d163dba6895ad0b3e9671,dad5cf198253a0c3ffbf48b3bbcc4f49,53a88d6e0722f17b9a663acbb0f6852b,233,147
452,4837,1715219321.346374,13,4839,1616,7.869161,2e28af68b95c483b9c883b2baa2a89026fc89ab2bcb5131b601e40740ee09ab4,d42ea00ee593b9a492351686f8fc0537,81aeafd7e79a1f273025eb1d0a0f6fb6,146,138
454,4859,1715219403.078131,7,4861,1502,7.870078,e9ae2c02f03d809b6c6634ce7fbe5498064fdd70b20da16cf534cd1ab736c71d,5994fb86693cb6f461dd6b972fde80ad,376f4fe2902564204595e57a8edec007,12,192
455,4869,1715219423.601228,8,4871,5515,7.968774,e7b293207ed7832c861d0f777f02c8619226bd43a9d80854bd4f948a1be81299,34158f290027bb2f7e9ff15036bcaca4,c25c32e9c7b372c28c7a0e709ff88c53,31,111
457,4889,1715219516.126338,28,4891,4655,7.963639,b2eef191d8c5345ccd41dd41cfca632c0e674d7aab7fbc0685b2b2755b529a7d,df8ec7a833d45c04a0599d7f50cd50ba,b8c8a2a5ad746c661ae7fa1bd73e7399,13,51
464,4963,1715220072.389501,37,4965,3853,7.947135,2b75c25d93b5581a4078128f709d0b9b1ca6d89279fc49526d7752177886a874,3df6419654468d636d6ca96b190da602,24af09e95c101da0aec1cb11a1e7da51,174,120
468,5005,1715220279.732194,7,5007,4350,7.958729,22305e9fe8a3bf5657d31942efb3189638b1b2708d5c2288c2dea9853690aa0f,cad6772d7e453123206d8e08db648156,7571d95cee95f677883feb6c4b5ec2ee,101,225
470,5025,1715220338.302794,25,5027,5394,7.963877,fa9da7b39a759e13ffec18a3c64bba95da48dea6ea2878215385d12ec4f9e1fa,b63a14441876355e0e647fd43fbb671c,e5a0a5f9e6582bfcb8c2e4a7bd01c9e9,125,103
471,5035,1715220367.327819,16,5037,5562,7.972829,a759ac11913761f8922737b5454d10ef328462ea8a6db6e06a3d8897ea6e0a91,33eacf86be19c7a7647f5226e04dd822,c4d6640ec5dea56f3ed6a1fda26a9678,64,112
473,5060,1715220711.192426,5,5062,3836,7.953376,83935521e4f3409380d00dbdb0c8fa0fd634ebced255c6063652b67957b74dec,48aab39577a8d519f08e71f44dade941,8936ed23399c9683a750ab0575438bf8,219,161
475,5082,1715220843.515421,10,5084,4244,7.955662,75ea2d0aa4df3c4f969b583a22db549ff597cd22877ff8d97929a614d2e78d20,6ab8d2c7d3fb1cfd7c13265e8e660a02,78d477513f0de4a7a7e7a95c1a3ed264,214,70
477,5102,1715220863.97114,18,5104,4547,7.952976,8cf7bfc1caf9628b699c9ce10fdaa9b494d2187528347a8e23cb2729e4a33518,51ce02b028be75b0114ea4574031bc5a,c07a3fd780dd7577a86109c144319bb3,41,199
480,5143,1715221479.806797,24,5145,4653,7.963403,1a773f84922a34e247507b4182cdea458400a50d30e1ef7da86fcd45eb9fc9cc,626d316f1bc915092d3bde46c3bda4e5,9105099107fc48ece3354da11e1f3030,115,95
481,5157,1715221687.814778,38,5159,5464,7.966175,8fbf2b8e79dd0109ad283efa14e140d7b300876791321437ada70fca521533f3,631d67b7c590f2c2bcd6b92461a0d7a6,0a46c7f6dabe1d958e67f4681d318bcc,214,110
484,5191,1715221940.530158,31,5193,3350,7.949161,812fcd37eeab53cfb0b96ec48f2619a5997e2dbcadc33fcf6cc3f1ef3b598f36,3395c92d3acff671c3edff3486cfa446,0bec30b1037c22de4450f869e913b375,224,84
485,5201,1715221943.029707,4,5203,2436,7.929029,fcff3f7552212204287a63be2069bf2c17fa94b98f67c2a02989b6390bbcd82b,69f00708bfd3cc0e8650dd39197e04f3,fcf95a2284d2f644658f649b1b73bb7a,96,58
488,5231,1715222092.292287,36,5233,2822,7.93695,3d189b55a444af3a2ce23dfc5575f7ca1265eb01a1a10cce410e88cac116f809,41004e7c8ac37d0ba8d9801b80295495,1fc7e5806972b19fe71dd8c3b113d1ca,165,119
489,5241,1715222093.624423,11,5243,2509,7.921025,6f19f9922f38e2e4d30cabea947afff330c27e08fccb9b7444732f01dec8d674,78fe4643b377b41d217bb1739eba6bad,a00a88d156662bd37b03bd2b5830e2ef,95,77
492,5275,1715222376.649697,29,5277,3550,7.957473,7814e20216cbdfa47a98f777166242502bb7f20d7766480c2a76bdab05d6f013,bbb8c9bb1fbfc937f529c1f32eea5cc7,710fd90f1064a2d663a433cd3f823259,203,183
493,5287,1715222445.204854,18,5289,4885,7.966076,6011b03f2c850652fb4bfe40b60acf19246e543ae4f163316cb370119efc6f9b,ca3096c077c4014fd32deda5351f9e80,55036d42c541fbd7f3761ac2ca20b14d,101,195
500,5369,1715222925.416915,16,5371,4890,7.964222,159126e44b60f589e5e9cd9e87921d3384c918155f62e76ce23264365fbc0083,b673c31187506d75db8ba5ce5700e1cc,efe24c99433329a2f801ba85ccf35cca,180,28
501,5381,1715222935.914129,1,5383,2679,7.938935,1d9ef9b17953b8fb153c0e0bb626dabfee9eb002cbdfa3089c7869b690ed6e16,e1a60ce84a58d76d007cff155b5f1015,a826463c60ca852dbaa1392a57360945,67,129
503,5406,1715223045.661655,40,5408,5392,7.966047,4fce7858e26dd8ab655ab81f967bf71a3288c322ae97088626f949d17fcd6593,6bc320f7179b5d8a485266019fb9e67c,eddeecb2892191639155b104ddb59ab5,92,68
504,5416,1715223114.433453,15,5418,4190,7.959862,7531fbe4d95c0e3dfeb0afe2c7c2015c7559feb79e6fef2c60a6c74fa1c7ecab,e8619ca5d31b2ffb8e232b9aa5baca30,786e5ef8a8a0e53d6f7a976d09aa124e,170,40
505,5426,1715223139.053853,2,5428,3011,7.938835,975b2f36bdfb41829c84eec0fdb565a297593b4b9332f1301d79bb933deb0b3a,1a27801cfc6817b75d89eb1794777161,f13c905e5c46b9be0e9e2a1f82b7b0cd,176,58
513,5513,1715223777.424312,13,5515,4108,7.949961,0c3e2ce53c490c870faec8af7c050c49c1269bc773d623be062ed985507e6439,291750dcae2bc0871f7ab7a5bb4b083e,2c2a6305f4d7b94bb8d49a5962d55c4c,32,172
518,5571,1715224161.698817,2,5573,2026,7.917411,97b0ee68de82102a6bbdcbe2a1be361832ebcfa70a9c7180125caeea2a98d167,5de393a3be0f7bf97d704c7c9579766e,cfdef136b3b67d12a1c7f5f482b2183d,213,141
519,5581,1715224164.714225,40,5583,4810,7.960032,9b7f6a5e6237ef1481d5e8a274b9370f6e5ad19de180577b729e88f8e812909e,1cb2d68ef134129bd347d37033fceb65,71634b15d7c09277eaeee34547dfeee0,159,33
522,5611,1715224239.077149,18,5613,1849,7.911667,a0745faaf58ffe9bd4440a6957914b5d546181724f54790ae9572fe43b27b23d,abe60d8f21b8c8a33e10770ab891ec6f,ec7f41a9ac4e6a87db71fc4bd1050de2,81,43
523,5621,1715224295.218426,6,5623,1985,7.886309,80c741731411b9552c707f7f565a9c28b2c67062a9b8350b0fd21ae19215b6cd,48b191f95b268824977ca868a7307811,cf1784ed540695051573c98f0b071cd4,186,246
528,5671,1715224457.823558,35,5673,1677,7.895393,d666bd52b9f8c5ac7f96ed31a2e314871604456c4392401aebbd1c245cda610c,df4f9c056cb04e7e942e7e4df10a7b78,cf7ab7d27db64f77b686804aa3f36fec,62,104
531,5703,1715224737.033878,29,5705,2920,7.936801,76767c682f5e0d8ca33d2dd357c0495373fa0af7ac5592d9dceac3abb024f947,89b0144fa1e3836f45ca59d5e8a0df35,53f31e1227cc2cd1acd5a655f3284636,59,79
532,5715,1715224746.391728,12,5717,4100,7.952708,a1fae91a73ebef951dd9bec5eaa88532b91f40750213c01eff7ce1b7f17fa20f,a6590bad36a5ae1a6395145d0369dd87,17146bc916dbf37f18ef5d3895ad147c,174,238
534,5735,1715224810.790974,21,5737,4829,7.96224,e080335401b0ee671f08592b32b1ed5eda416554347543f819545e10eb3b515b,20a93cfe17b81aa78cac718b3d0260fd,1ac17bc7978580122bbef8cbc4d62f2d,123,241
535,5745,1715224842.081635,3,5747,2144,7.902139,11f41d2fa42cfa7c64081f368a9e850d6f734cd52ce92966a0d7ec97345dcf7d,1ef344c49642c5a1390d0431689417a1,3b1f61924f82f1e6efd544066382056a,120,2
536,5755,1715224914.139488,19,5757,2447,7.927779,f7ea049aee789e447f973959668725ade50595a0d7388db2d330e913df787ac0,8e5fb9f6bacf532634e963c9885ea270,a1004532b74ecf3c58fd61f74c54a28c,26,224
543,5836,1715225575.815625,6,5838,4167,7.959001,020b1049d561581b5b83b6ab29026ebc2f363c085c8a1bb6fd8f449ef8f0db30,20ef29571bdd2152a96eebd15b290081,f6ec3e4a4a5765be0c99c360630d979b,64,210
544,5846,1715225607.969078,9,5848,1621,7.871829,8203f834a6bd1e73e3f622504d2e15a8846fbcc84370fcd873b535a3cc1542a5,7cf8f20ebbe86db4fe6f883ce6f9b860,01b4f2dceee376477525217d343b9628,182,194
545,5856,1715225670.463795,23,5858,3285,7.949741,700c91df415196cf96af27a415b4404b713b526b35cae269165902a6a7452106,d8dba0d1594c179ad53f38b9fc941d4d,7f3ae87996cc45649e81a07f5b6c1d68,18,10
547,5876,1715225757.354132,35,5878,2159,7.91643,6d14f2c488442389c7ac6d7b1850ab580a03da8d4d54e53cb27c3ad8caf5605c,29876da2f33734d22d8ed2e8123944f5,fc245c2a18e0ccf179c29f3b3c4314e5,176,254
554,5948,1715226232.446599,32,5950,2004,7.907907,312f21036b3bd578f5b1b9dfaf8d75351769507968331970e07d74037d9b61b0,ea1ced96e6d215c216d77e33dbabf1d8,340516d7ee65d29751605ae5e8e3e5d6,162,174
556,5970,1715226379.081927,36,5972,3347,7.946135,0a7cb6f450b88b8f50526d05be914176005c1d045d14e6ba839c013685ce57ac,383265acadc5d857d2cccb426a370a58,5a6c8ae3ded39f6a6b79c72a6611adfe,215,69
557,5982,1715226477.296588,34,5984,1893,7.887331,8d046fdd1445e4a8285c12941b6681fcdd3eedc9afe9de476908dca83163ac57,5d73abf4ea90a28d3438079c72061531,1628096d52613099d391584f8e3ce761,185,133
560,6024,1715226969.006641,27,6026,1617,7.880656,b0e95be4cdfb4ea12c05423f73b14f6f915eb6da98ab9a335bfdb540f9b76097,59386777dae36762a739d7ff016d81eb,cb0abb404e15fe452281f9d1f55b7624,209,139
562,6049,1715227120.663841,17,6051,2115,7.918664,1a44791a8d253b527a6b06ee1f0b3af69299d383e33fbc553476ef33fe15708f,eb12938d18f32480c37a7404b2d2b61f,c448bc72cb7fe2678bb459a64ea1ab4c,66,216
564,6071,1715227283.317444,34,6073,1901,7.887767,6461699ce5706f93c5b6067699b455ab1ddaf6a3182e67844ff72c6a54054baa,df038fb8976935582a75fef0430b84b6,0634a0a7da3802766a0e69bca93bb15b,149,153
565,6081,1715227339.219091,21,6083,4847,7.964971,3ccafc44b1ba51d78435b6b03f1ded9a6982454c534de0dec0e7f37d7aaa712e,f8193ae5b57e576669b244b344648fd2,276e4fefd9b25b2cd8c6366adf62bda4,67,207
570,6141,1715227599.661752,27,6143,5107,7.961417,905250d2812783aa989e3490ff20b34f17bdc3fa2776f08be39e73d8ee1a21e6,aa9db740138e9be5dd0705439279c6b4,3f95ff4baf58ea2089528ef57668771b,208,50
571,6151,1715227627.01077,22,6153,1490,7.857858,06e00dae2e87ba089831aee8221f6aa3060c7a3e117b36d332807996c170396a,bfee3d0784844cd9843b79b2f0caf52f,66bfc452145f3b7ec6b31be98ece13ae,84,14
572,6161,1715227705.013144,24,6163,2584,7.935989,86a45ebe9ba14a0185172fd0ba1888905a73f05a0ef753ee25e1128215386930,47c09c6e16ef862cee542892b5eb8d62,aa50a3d18c4968d0951c5177cd308227,206,100
573,6171,1715227715.901195,34,6173,2148,7.914476,0c3cff307fd1bc239d448e7299f950c62e1f9ce86c279726e4b51d537f949290,ef6adf363d0c18a18a2c90a57e8515fc,78619604538c56dfca86f737f5380af8,165,83
575,6191,1715227953.962044,3,6193,4218,7.953705,e2b9fad7f9dcc9e17741a82327d7ac91fe4c26c65905c5b2f143958e47a2895f,aec1b11979205d9897a25f1a32b3e05b,a23dc47544ef56f95e594c9bfffe93bc,13,77
576,6201,1715227965.164126,2,6203,1658,7.892619,03a1a93bc51cae8f6cdcb9913c3ab2f60c54b55d9faedbbf51e92f5d93efb2e4,cfe814cb83bfaf7bd07e1990c3afd946,c06abb45cdfbc50c3febc26b96a34041,124,214
579,6231,1715228162.019436,36,6233,3644,7.952728,fecd6c75bd0f4e85ee2602ef55684500c751979e1665f7f8c3402208fa971aa8,4ed715755f1fddb83a1ebbfe5d8fe9e5,3ee47f58d8a0aa7dd191653496ba6e46,47,25
580,6243,1715228328.892016,22,6245,3769,7.948091,cd3d7069c9690c9ce631407d2bc22b4298601e8451ea56a567fb46668382bdc2,a0f437711de5026a9ba3017c5df55235,2f9c9d8ec340a8819012d6c61fb6d9f5,147,111
585,6297,1715228772.829575,16,6299,5216,7.970777,279aa28a50fe7d4b7cf286f71d2cf47074ff662abc56ea46cdf5da23789ff43c,0516efcb8f3f2232cdc712ac3bd17367,004865794147c96a7d9d2fbd4ac094ac,22,124
588,6327,1715228850.404105,36,6329,3910,7.94643,673c0f2653c09db6ac920c86eaac058b5a2b981f62072eda712c3e77dc334e8b,a4795c9ae2aadb041713450b502a4469,7e7b19c3e5b8ccca669d38e7bdfd4dfd,126,30
590,6347,1715228995.024396,14,6349,3160,7.945576,63e1e9ec4fb7029ff7f81073ae511c0b98b0dc780f181f79c9faa393c91bd7f7,daace6897519a8c8704948a5c7382e2d,ca1abdaa2aefdd41ba48c68da24d939f,110,228
591,6357,1715229129.807995,40,6359,1750,7.875114,a52246806b34888587c88109260237c542d38b15f1976183da4b16171faa3ae5,d299d5a541b137b1cd5d35870ea36ba8,2d601a393bc0bcef9fee4c1a21b92631,180,14
592,6367,1715229157.096973,12,6369,4196,7.957743,d71629a3265a9c6972d99f4f6fc6ba581d5adbe5421b45ce648854a42644d902,13c0585cd149528481c261371f986bed,de604b2e8651b7b613720557c3862891,51,239
594,6387,1715229254.022378,13,6389,1512,7.875088,2025f31bb5b4e3d5d6a4151315d12f25496e82579998b6c81a9a05aa151e5336,7ac1a94cfb74945bf2b5db08c4c719f7,bbd74e2976ca30a9ba39343e555f209a,56,252
597,6417,1715229328.352774,10,6419,3141,7.941887,a39ab0f7d109f1f4848a363d5342f6a9bd76a33f359ba18382407f191fa71b5d,d9cdd4a8ed8f665938b91d37ec6cd794,acb48dd41a682b063b85bc4ae142b3b5,164,22
599,6437,1715229449.001456,10,6439,3048,7.939896,6d153eaf9f75bef483ec6b9899a0e7f4ea481019fac669b613f364a6f36929db,2fd88bea3b4a134d91c62bdc83643834,d01a5fda17d25ab94809aa41eccab507,6,16
603,6479,1715229632.282495,30,6481,2515,7.918693,1abef983586fb1d4a9401c633a5c389303b3016af2f8972f620ee5929a9e3fa4,d19e221f9c5b9d70cae4ac32d6047a9f,b4a7acf9e41865a967a10567e09170e1,158,46
610,6551,1715230197.357029,12,6553,4846,7.965862,50feb06662211fd5e3ba2bb9c041aaa30fa1c6d5e78fbb7c6b91760006c40393,1f11d3b1d345c1ae5dc6212b3804dcf4,409ed3de59658fb787d8cee631e16b5f,205,115
611,6561,1715230231.638982,33,6563,5178,7.963827,e31753fa59e0eff6f4dd47931aa2b6be1f506ea5933ea8e669afb2c84a82e66c,342b5bacace24eaa70a01662c96549cc,f676a9d5d5259d99bc44607aad94dc84,200,246
613,6585,1715230419.071681,33,6587,5267,7.964477,96f541820aef6a2e932b3954e0e6a7b03ca0c8c9bacb18b3899a44f07e38f279,40fca9a7e2816168f8c9f0eeab1718a1,3fa51e6cb1da3f5833ea3cf3b7dfd3d5,105,59
622,6681,1715230919.324202,26,6683,4389,7.96022,40b9d523733090e8509440fc8338373c7b773e5dfbe61324ce23b44db57bb25e,0045472cfd1b7c85c84f16dcfc5cf3f6,9f2c9735ad7bc4ea7b9a784c2f864182,37,67
623,6691,1715230993.357367,32,6693,1511,7.864749,3ade711016eff119c08c61955398a83835e848da51183f00144154e52d964df4,0f37ba05e9cbe3af958408ea4ddfaedc,d3ff62a21593f9aae5f0053f2c36ae4c,32,224
626,6723,1715231108.656911,12,6725,4813,7.958615,cd5b7e3ade6c32cd3864563601428c60e8ca495d7405eceb7261045d1e831baf,8bedd087d1ce3c7447bfe7b4f971b8da,8297760a480333cb26c9623177a9c981,66,50
629,6755,1715231219.312971,28,6757,3377,7.940317,dc173ee99870cd9fd26f6a67ee25ca38246c459df7fd8ccb83e9939c3f723f68,4775601b452f8e2d8c621eaf9f2d831b,a0eac8b6a241172d0a354c2eb3d0376e,82,208
632,6787,1715231478.370798,16,6789,1385,7.847994,39ba1aac3cadbc644790dbcabc72e6b3f5ef044806ca7161628ce4787e820db8,3ee252ff4181d5bb8c0804cb42d66500,5029aca4e1941db743984661f68218a0,112,116
634,6809,1715231616.844834,40,6811,5304,7.963291,8ca3dc3144e989e425ca8d33343ae4abc34a696ff649482d93e721d29cd6181f,e8a42f7df834f7011eeefc461fc0e979,e758ccf552d1cc90719d123a699f807f,170,164
635,6822,1715231703.098459,12,6824,1566,7.905236,7bcf40f6b149e5d6c0ebd47f3880e4736adc932a0569ba9c07deabceacc0a8ca,0dd6032a63ad79270ca7d782626e343a,38304a6c0bd73da59670390b5dac6d9f,184,134
636,6832,1715231734.844048,38,6834,2287,7.93156,342d8c24e898346ff380915ffc4c0e3a941a19036de755e0eadb8ec3d5faab70,601cb3cbc350239367ee8236d7a08585,0a437bec4cc648476174056da3cf520e,254,174
643,6911,1715232274.398787,30,6913,4307,7.950596,ca833768cce11e476c986d330d28ed0f57d81f7869555559534fdcf6a53c9fc7,1c235ffe2cd4d7faa3b2f7dff42283bc,88dad52f9a395840fe4218ea2cc88e79,84,38
647,6951,1715232409.231379,31,6953,2429,7.926908,97d3e73ebbb58e3cd433523a60630de6b3a58cef7bd40032b99e5ed81763c60a,3877bf597d5e60941c8dd03991836dfa,27551f1cfa3f3c947d1fe16a97f55635,216,118
649,6971,1715232521.236253,28,6973,2998,7.92902,0952fdcd5c58d67812f53bcce20feca27c90132d12fafb927937192c3b2548e9,492f08ff1f97461fd0d39048fe2e89f2,ef48c963862c2d3cf59f351f9bc9936d,109,99
650,6981,1715232622.834328,1,6983,1283,7.864292,3d30adf8b6fa8f489863118f286914f14196c75c1474356c1488b6ff9cb5c477,7cbff4d92178d0b838c1ea2b4a304dee,d20d4aa3708b71289ce9a925293625c5,139,197
654,7025,1715232833.401511,6,7027,5119,7.963482,a76ccd831ea0652e27caa8fb10fcf1a190ff58e761efdf2612182c0367cf77b8,942836c67a2a3a9d61f54c2c9fee5ba3,9b5ab10a2e347a242694d198c5d4db89,20,134
657,7055,1715232948.193628,35,7057,3079,7.931778,f26f5bf3b4637c2536482b7cad8b8524bbc077a4522d2ad6966128fc7c8ef365,33e46ff9d11dad19a8259e0576884fb1,bff1a5b04d00f5b8a7bfec5069ce8e64,214,66
659,7075,1715233010.233239,23,7077,1389,7.859979,e1d5a73d0dac6af63d890b15a0b644824fdbb0a82ad3df7f9e62a6cd6e95dc8a,b481574e32dc630cf63ccd343fa32ce8,4ab1b456ded89190ad32e296b4b677f6,12,174
661,7095,1715233081.436182,24,7097,5145,7.964008,8c3c7bb0e0c470264fb82cec8b18773a944f49f224163830273ef8c6447cf350,f14d41e7d42b14defb5873b889639b91,d87bb2d276ce062726d129e15cf9f465,210,150
662,7105,1715233142.727355,35,7107,4305,7.955756,56cf84279468988f8fad2e69e76f0688f4dfa00252a267c0ed9fa5c9030ed580,e789bd01602c40003a060bc9d2a9a98a,ccb415ee6dd1bf950e04aad04e1ff7f8,204,82
667,7159,1715233411.503227,18,7161,4089,7.957281,e76aa158b6b9b349d348adbdc891ec5060e74f928172426c1131b49d5dce350b,6a353369d71b352f9deefec3a76e50be,43f569dc66efd1a16084c22cbab71ddb,123,39
669,7185,1715233667.659597,22,7187,4333,7.96273,200dd2fb58db73c9fed1ee514a275fd50af0fa59085b14b8d85b95ade06a9a0d,0718456c57848340aa566dec9ff66843,6be8002fa42ace3e66d65376b1b3e505,111,101
672,7216,1715233809.129628,8,7218,4334,7.958649,006f8f78bf3c2b8b945b050e9681806a8a2703461eb239bb2696701617010830,e60d00f1f570c2bd91bd1271ba9825a7,225b6b868d8ed1a94589fbd79720b973,203,113
673,7226,1715233815.146475,22,7228,2858,7.945092,c368a85f7a253b08fdfd98fbbd592dfdf5261f68bec7b8de0a62f869471f2e10,65758dbdf1381bc62496afaa32615b7e,29e47aeba100b09125b7d1b985704b66,103,47
674,7240,1715234067.838751,25,7242,5623,7.966298,6b624b0e71a79ec4e55bf64d0a582fd0b6b548d25ab09e0ad3c4df11593bf939,2d9d24bae00a1665038adcafdc7767af,d04409d024277cfbd241aeeb2f6aafa8,224,184
675,7250,1715234107.478714,27,7252,3052,7.939307,69f5e5ad99e61af8ae9c282fcc2280e5c4378f462908d6f0003fec6976c1d7a7,b596a06c46f51709ae3f64d699c92005,d3f96749c480b957903c92bc850570a8,200,230
678,7280,1715234159.546842,7,7282,1825,7.907052,babdf0b6c29f7949a0dee2f902ea37c25041ba7ad56476890bad4bcc92ff61eb,09d61b95974900ed3422484d8e0f974e,8dd40d3997a591069e57a2b1fd330d8e,190,16
681,7314,1715234324.587308,27,7316,3654,7.952577,d9c14afbb234fc17ebe71ffc2b140867775cd8fe246c0bc9ae2eb1ecce89f509,ff0af582dc1a15b25a48f6fc5c31226b,ae304cec6bd34ab87916c81e0ba7fc97,58,166
682,7326,1715234385.158281,16,7328,2528,7.923755,0841c9f57973560aead9e1240e6ccad6afdcd1c9a3f21593f00101494b265593,aaa01dbf0f8cab4bb673b777b5e6266b,c7f7d70945961eba13635b9f6ef637e5,78,110
683,7336,1715234518.725833,18,7338,5122,7.965283,c6a89da92ab891925316c99f79ac5cea6de39e3340c6f3952e02515865462811,22e56231cf46a96b51376b9593fe6f5b,71ce86678763842f012afc1e7fedfd75,46,146
684,7348,1715234677.623416,10,7350,5465,7.968676,6c200b9b6c382a6971fea94b6b3ca20461a3e19632e06ab706c0cecbcc358a0f,1326addb47c87f9e562b88000a5a2f2f,1013cb316ac95cce2559a518c18149db,63,53
685,7358,1715234739.838708,7,7360,3908,7.954896,91f851845e86da682dbaf1e2fcff0adcbba3701a668112134c08456cdfecba4b,ee79dc57c6d49619e2496ca928371a20,dbde8c083ec6d7738f4e5e52937d9345,58,14
686,7368,1715234741.617937,11,7370,4764,7.960528,d8497f807b7a05f72478dcd1b0c8b76c7bd6e30de8faac55352adbb2b9ce30f4,0336a17b68b0718bf791294612f1b838,80ff0d58af9a51437b2e72b2f0711616,162,24
692,7434,1715235254.359606,32,7436,2450,7.925775,9cf4b914c97e62d8d118dbaaf0098ee3322c2cab816c31533f69b02a77147511,a45172afd685b1f0c339faa21fbd6c2c,661f90a4e6d2600423648536d125ddb0,175,251
693,7444,1715235276.007645,27,7446,2363,7.924043,a917fe73758281422542cc09f2e75561c866fab4a78d0fa9ccc784eca9824fc4,31e2675fe040c89c5fa3d035fc8d8ccf,0378428ad6e575ac6a2196460cad3567,113,57
694,7456,1715235363.269007,9,7458,2632,7.934334,7b3d533d8a021ddb4ddb701a065ffd2486d5f4e5190944a6205d2a11c3e15c42,5eb98537885b64e025d4a8f70ea35d28,fbe33a52abf7a67fb36b7779178a5382,8,50
699,7508,1715235508.396919,30,7510,1561,7.875261,204b5e03e8c61f8192a65dbc11dc1a02843c192e77939cb07d2a0492150c0bb9,90012143bb716cfd5d4878cdf4e42388,f07ae0db653ab5f054217a6d04446205,94,134
700,7518,1715235532.456704,5,7520,3340,7.947207,5391b95bca74650f6b1997ad102311de347d276fdd9c331b6dd228731d51d73d,74f97276e301d40231cd0f22d1a8d9f3,060d66f51997b6aca3c1457a107e7e71,49,109
702,7539,1715235608.950553,11,7541,4249,7.957333,95ebd8246876cacb7b4bca014f26a8ef2777301bed512185d87eec21add75fd2,d17f200a772c363834dcda4f67c7e145,57966c347577e4a5173a9c0713537cbd,21,143
703,7551,1715235669.858583,36,7553,5726,7.961406,e3073262697ae6b4e8eb5515872a482717ba5b8a2a5c41f05a1c732b209953b2,7cfb3e78a6fb2f8bcf284440cdce44a2,6e86639202013967e19245f6c567eb8c,81,217
707,7595,1715235951.126509,22,7597,3359,7.937181,c4dbd2f2e757fc3548269c274959abd0512a73cb7acd63acbf0dacc07da4c204,c2a9e36dda06519f4395cfae3b85a5a2,1d3c263e7cd5ed2622dccc9c2557b0cc,54,146
713,7657,1715236234.670318,12,7659,1794,7.89256,4ae1d90c85a3a741ba30e6244216934624c1f90a4b310bcc385468a65b90d130,ac5da2995237e6444b45031df93062c8,48183cba610f795e9a557cab902c15f2,16,198
714,7672,1715236335.557546,40,7674,4554,7.962822,d16874901c74f14f85d282a5ef9144efc5322dac3b01a7c042510ee42310b03c,c2969322c502edb815c83e4fcd57e045,6703243e0bd7ac3825218723a3f2ab8d,220,198
719,7722,1715236520.070032,6,7724,2837,7.936081,dfd011e4cfaf30303e86e570ecfb89babffbc33814a4d66e90b3133797b8112a,d07b1051a0c2cac5e7aafb87c210a7dc,2369480613ada1c046e3ebe060b34759,20,54
720,7732,1715236651.829056,28,7734,4812,7.957799,a9bbb474b9b830b640e462885dd85b88598a4be7829225ef78863016f0c39908,1643db5911a735f124885982cbc8ce77,acd5812d17c2258c3d7ef33c167282ba,195,137
721,7742,1715236656.064162,2,7744,4683,7.962131,780bcfdbe8ac2e41b5de4479740355f7ab236a41e878f96adc6db009b71daaba,fdd1a217cad662551e88e7e16305cd97,5e6ad68727b08eb27a9a74a16b2bb91b,196,56
722,7754,1715236734.683439,36,7756,1838,7.880893,ebca6a3ad671b35e6cbc670decb261ee5d6e138e1632b0fc2c584e9dcae31c45,97680b7f14b8f2dac4aab744e67cc92e,8ae176074bf9b92e87804ee0d7fe2e73,75,85
724,7779,1715236898.706887,8,7781,5703,7.967452,d456eb50e236ebcbb16499d1813982b586ea731b60395b7c5cdb0bd729866565,7396770e1a16f0047ae1f0198a090933,7fb8e63c8a2545d05e538990a30edf58,139,195
729,7838,1715237389.658332,15,7840,4593,7.957514,19a01ffae4cfe684eb71076e659df2556747d5d0dfda1c6f23460dd07ac02395,cb17bddf714906cbf6fe984ce9ccaf0c,c6ae8ab81909b5ca97969c703f5e4a8b,121,91
730,7848,1715237564.979202,28,7850,2220,7.918212,285a7d63cb5a5c62e16d989236d4593ef90082ed87927f789eab568fb648c629,0d7912b100800d2b5e515c9f4c232d47,f1bf195392e0b0634ee6b8f6817860c7,75,119
732,7868,1715237665.223238,28,7870,1374,7.846603,824fcfa7bc07944bd008c4b24ff6fc87ac2cc53cb584bbbe616aeb487e95380e,5f484686296323cfd28624ecbd5b122f,e07cf0677c6e2499b17adc1764d6149e,24,202
733,7878,1715237868.970178,24,7880,2153,7.927424,a834df71fa5e8fe57447a8ee2127ff23becb9f104749d7b2cce45d59514d0702,963a8489eebba2f71105ff59c3687ca2,92873cc5184448ef83c7f7e3e5467bc0,193,169
734,7888,1715237890.126224,13,7890,4110,7.955995,54f361bab45f2a89a349a1f55916e629ad9243ea43b819e39213c95896b3c306,24a22f84f9629673f1b55db59d4a81c4,c859d201138f609dbb7b657d35a2c131,176,24
737,7918,1715238170.099414,31,7920,5528,7.964864,cb6a79c88a028330b86485c6b8f9082150e950adf4bb1fc78ff8436f943723e3,196a57316ca47cc831a3c070b9d662ac,396c29dc78142d106b0b9ecfdabbf481,82,18
738,7928,1715238176.654789,15,7930,4963,7.964886,71e9ec933cee5bd4d40e27add5675388e68e7929ce43603490baed9343160f84,46605113e177dccf9c411e4ba451d66e,421dc6823c392829b49d385fb1faf1fa,253,191
739,7940,1715238295.341339,25,7942,4325,7.959077,0bbbdac7c876160ee9c3e443d1e178865708cabb04cd2ed82d96c359f51d1846,3fe50bca37e2ab44c6fbc2f3ce786cc2,8301eefab961bcaef35ce97c310bdd86,188,216
740,7950,1715238308.576054,38,7952,3795,7.941519,8abcb5253253772d597114a1ebbc799a21d06f26e0c3f8dd0fd5eb5e52f994fa,3fc38f59ec2d8b6a26afd39dd3b51e5f,381fba9db5798b354719e6687f6fad87,155,31
741,7960,1715238344.179558,34,7962,4577,7.956757,6519615ce84acb2cdf236460449998139521ec350ceb3fc8de60805712dc45e0,e487f44171f6da097756366705a5d199,81c64b32e3a99416072e503d8c00ce7a,236,248
742,7974,1715238430.768797,23,7976,4950,7.965188,d9f3b5f9bd3a59d13ebfcde75ac1ac6fbd18597af9788c554d148cc78f16b42e,52bcf86c1d11a8ed3888289f5975d95f,6cd943483b98f5f01d2a33a0639ab4e0,58,242
743,7984,1715238453.030338,6,7986,2235,7.913183,7239c28f2cf8924c50191d86285334a565ea3f11b8d8fec97004846fc2409dca,66431ab50d445f18ab608646c166469e,a8b98e1735bba1ab6b9f8f8a7a75e3d1,36,216
744,7994,1715238496.820503,38,7996,3566,7.944617,397f4ad9b0009441414ab85c3aa35c7dd6ebeab024375305969fd0ac9aad5ce5,0dc14797229d223c2f699ee438ff4547,135eceb3eeab1fae56f53240355c5370,167,27
749,8049,1715238988.143625,12,8051,4013,7.951944,f96d51626d1c2641202547ee0fc5ad1a6d4b208e1676006996651c32f6e0806e,2dac302acd402bc4b5733fa29e596a40,85f7d9972eb55c9bbb4552d5d1a84e5a,160,162
750,8059,1715239058.731005,22,8061,4732,7.957688,f6f18837286799c7a78aafe283a8f2b74419e0c9e3daf3d08a70ba316c734eaa,7af62961c1ae1d6263bdf5e81f709232,236a6afa3638e800c005d920b3a9d7f9,51,123
751,8069,1715239157.3747,31,8071,2570,7.921978,51e38a5460399a969b3a5678551910dac1520ad7e3851a2c9b78deadab986f2a,72d6b3ea2850596f94031b43f6a15ee2,eff9ec08b0ba9bfba8905cff37ed6d13,203,231
753,8089,1715239214.704438,31,8091,4164,7.957982,839c4e3e738cc9ee4c01ae4d4722b46b524b09810fa1fb4e10fd4da081bd1d3c,2b89d304e62f32b552e026fa1b3440e0,e42d92ae037693dbd149ad405b08ce46,179,57
758,8139,1715239663.178513,40,8141,5354,7.969936,af0fecb5b84f22fa32159be5e9d076d9aa3beb5e35f6dd90853a7cc6152249ad,c4564134e9a3c1f4eba8c8b2a2a9d553,dc0d09c8d3f8949a03ab8b4a77f40241,130,236
759,8151,1715239840.850318,21,8153,4159,7.946666,ef8f8f44361e36f64bdc91f76a69b7b18e767e1fd110c617f9153b22fc67806f,07ffde08323d8a4ded69c6d3932fe5f0,8b2c0771f03b6185cf3df4348294a7d3,153,41
761,8173,1715240065.255618,14,8175,4250,7.954372,04063cb061c3b314748791fe4f40b642a8aa5929652f07b3a57a7e6c520705fd,6090d22db35b200ad902af9881b21309,1f0e77748fdd30eec1c98992d780ef44,92,30
764,8203,1715240139.748337,17,8205,3803,7.955692,8725e85ec99da08c0b9607a80442ea0685fddf5257367e2674f8d20ff98e5e82,6d98eb1b69a11576cdaad0a9645fc410,519f7e0544ce4f78cfefbe0630d17d21,138,110
765,8215,1715240306.917862,9,8217,3492,7.952086,d0eaeb458db3f4a2f4699b0bd85bccacd95cde04c0ca3ad3a100cda36e9a26e0,a84af8683b9fef8bae8fdf3cea5bff71,3711048e53dac32d23c1359693efb258,63,109
766,8225,1715240422.109717,24,8227,3234,7.94449,e8343b618ae0b3f9fd96db341fd5ba5b3f47b36cdfee70aa56990969851546bb,6a74a888c67ca1a8401902de9f8b306c,6339adcfd5fc85257ef7ae791226b146,61,241
767,8235,1715240487.411055,36,8237,5060,7.968693,9d9e988528b344d07111c3bbeba1dd7d3716411117935d301a36594a0bf56061,a862beee33eb287de96b20db34cc711a,2aa63099248c07dcc0c141db8f683f3c,26,238
769,8255,1715240675.267426,16,8257,3135,7.932498,70b0cd3afae613471a4dce4d99a26618edbf9c2206ec6bb6977e068f110c9bd5,c01a182d21cbc5ec36934c32c16d27b9,9856009d3ddf52d7a7cd8ca9f063dd17,11,221
771,8275,1715240707.414172,36,8277,5573,7.968199,7b6b716b16fa769868247f5f10c0dc131e290a2956c32dbfcbadb398ebfe145e,e6d6df25b97b4470c5dd010586bee1a9,95d874a80974ab8484aa15d8ab1d93b0,141,99
772,8285,1715240940.437698,2,8287,2500,7.925984,d1b477802b880006f7b2e616ffe5f9818358d4415ec06533d052cbc64202dab8,36e629a54a022052be1a6a10236c8971,060ba3a5b48949a5492cd5375fdb32e3,176,124
773,8295,1715240966.443091,24,8297,2030,7.91038,638a445460cf68a98807671b4c7663ca14b116246a48f337edce736a10fb388a,fbb0c9485bdc0d0ca39dd6f4f20b82ec,b0b1c455f5abeca40d0b8e279ba0cf36,28,190
775,8319,1715241151.692423,15,8321,4370,7.950566,8dcdc90accf6460c0eed9ebd93178486cbc578f18011e5ab30d00527328e20ce,5b77f66fbcc1ecd4745f49f75e823612,68a927888ceebe872bdf61df56709f82,202,6
777,8341,1715241418.227076,14,8343,3957,7.947801,d626de0e241dce9cf47debdc7f1cfd9569c8069d481121ffd0407011a1441da1,f9800f5682f3fb45ee3319a801d2948d,32ba8d21ed5545388bdd2884518f76ee,164,6
780,8371,1715241580.992994,13,8373,1988,7.911296,2234e92910d05b69a413c9cc2f2f0d1886cbc25e643c4f6a7786d1d0b0d0ce0e,7884c21f2bf6e97a846c3847515d740e,c78384f397c7dad02f646e6041d07f40,243,69
783,8401,1715241744.232014,2,8403,3087,7.941243,cc2189cf524445fcc428087e25021addb6ff9be097b37d36fb1d07ea73714236,96b3142091dc346b3789e234de68f3e1,0922147564b649e1e8d5ce3be3349d00,91,171
785,8423,1715241812.302402,4,8425,3697,7.954151,0af043335564eb671a14d59c7fab4ef920f9642ff021d5d25e188f3635aac8db,9b992be58c30e77644a51e561970552b,25f4e290ca4fc6831134a922b56f91a3,141,243
786,8433,1715241842.111111,11,8435,2883,7.935397,3121a64e25e1dd538ea0308842196e787151f5b8298cf54c25acaaa5733d58f3,8a04757231c946e37d93e37dc647faf6,6fb4b440d88577e6cb8bf299d594dea8,252,206
788,8461,1715242232.404622,13,8463,1265,7.863422,fa6cd7ef5e2a63fa513b8379ac2e3aa2b79795dcfbb8972d676c7d44daaef7c3,0eb59a77c1feb59d623e8e199646262f,caf50edaedd0c658aaf03811dfabb052,239,3
789,8471,1715242248.68968,24,8473,4688,7.955967,1cfdedfe0e1609065767c3a0a88b04ed7336e25b3e5d423f6b27b3c3e4f3c07a,6207e27039bd5a770ec95550a03a4c9a,5db1e7e1f5ace7f4f2cf1d1e10552e85,252,140
790,8481,1715242294.771698,23,8483,3927,7.94674,6474f28ee83fb99cd5e5ba088040f448de0f6c47383c2d9d1389bb2a40af227f,7c940872c95d8650873dc91e867297d3,f9fd8a06da3053fc48cd805a52e6785a,41,165
791,8491,1715242302.225678,19,8493,1457,7.877094,3b751d48903de8408b81f6360143ddaffa1651f11b8f94cb6027ddfc854b4e77,c9dcaff40ee190631eeb9b3b1a1797ae,a07c3b4febb1453441793cd54bd6fc82,79,29
792,8505,1715242641.368109,22,8507,5098,7.964551,6be219f41f0e6abc895a557968ca3450116985c4c51219eea9f44e5b7fa2530d,34a675aef10c547b14f27939d75912e7,2480f5a4a42ae0025bbce0a6ffa35a8c,168,242
795,8535,1715242732.588831,25,8537,5643,7.967442,234c4de5d66a6774f8a23a23e63a0c392d6baf1e5980395892fd9b03ca30e1c6,2e11997e52ecaae53846127470be5a27,2b08860168e07f93992de99ffaf67070,23,67
796,8545,1715242746.72348,39,8547,3341,7.946608,dc4611e45f1e27a6b610d62b0781dd288922e7cdef07ac3889c62594f6d8691b,f468290624708ab250fecffeffd1d327,ae0d7dd1843af9995d55761d74ff0dcd,151,91
797,8563,1715242898.13142,1,8565,3955,7.958811,3f61e1d9076dba6da6dddf8113abee4b2e20d5e542ffc129d6277c32474cd872,4a1cf3ec8c4d35a3b1c666367a334b7d,9e69f57c1c696b2c9ff45c71bac93536,190,120
799,8583,1715243077.760233,12,8585,4259,7.956168,5dd086f85918b513b72230766c54af907da799507c3cbbb1fdc6a5e85bbcac26,4c3785572d43b79d74ee19ff82b2c98a,e9b6e0ccbbdbf880a442959c2a398e6b,27,247
800,8595,1715243230.732656,30,8597,1937,7.900003,275229822258232a5645e8cc5aeb80d8e6a38bd0b0ff7d066cafb7c5ed4ec12c,865b73cfa36a07a2a83f1039777e29bd,8917544d2a38f5e317950400d49df364,136,142
801,8607,1715243313.101673,39,8609,4022,7.959328,c1d6254e8dbbff92bc7fd90a4c80d4e3a11e0c2483215fbe59f78d119a4fd1f1,2e629764e9419d5d661c6ac4a4c5a58e,d44fc5eca806cdb627ec4785e10950f0,154,24
807,8670,1715243797.762589,27,8672,5344,7.970691,b9875986c55d5f5b1f432be5eb07f5eb3fe3fdd64c536f4a0cd84902e1a9e5e7,4bd0eaa5ad451a7da92395e37f6296a9,8f6310917d3e8d6620e46736e7fba4eb,227,207
808,8682,1715243938.163709,20,8684,3993,7.949021,4def15223c7b88ba52531d54b7ce74e1274c9a21e120f2eef096b8e79d0685ed,a4d81d8ddc44f6bb1f3afc9576a057a3,182c95cca7545e6345243c421a6dfd7a,30,150
810,8702,1715244122.185153,39,8704,2079,7.906364,7f322449bbc69ad44e6c21d5aa08797e57492dff5be96f8c1f78991a1c332c90,5c65afc9828b044c5a38c9b13772b8c3,35fce4784bfa5a795dbe25743cfbea78,7,133
813,8734,1715244389.054635,25,8736,2511,7.915081,627ae60c0213a6b1723ba217456f226e56cc8a8e6b981442ccdaa49fcaffbda6,29c014689126d20bb4bbfe2a8c639a5c,3f43ca9c8c8945aa0e65c380c39ca573,118,206
817,8782,1715244922.556511,39,8784,4896,7.962079,d2e6ef6a5ef169b850045a7211e9fbb09e87e19874a78a0fe15274a08ef49fb5,98dceab8f54ec0cbf66970c489f28eee,65d7600a3c343ad130fee8cdbfabcf1b,175,53
818,8792,1715245128.427916,18,8794,2844,7.925535,319c1da18067008e8e31657327810655ffc433a2150d5f600f7a6cd8103a35c7,37c38d77d0a5716b196bb579296a27c8,a33262f5e7e4f9ad151f5304e036ef7b,28,74
819,8802,1715245137.497027,36,8804,1674,7.890373,2072e5ff0fe9fc8ea57e1171791986755186bf62eaea1aaedfef8eada5916149,b2af32acadf9b71ae6ad428e1be9f203,64d2258cc8d9a8662a03176f61d71954,220,48
820,8812,1715245140.309458,4,8814,2792,7.930644,8521acf7630002a2f629d10e14031a71111876f34a2ae1c6429f6fc9cae8b609,a46a34754f0b3e2d7f12ce5ac7ed3c27,c813047adb3c5c7dacf281e76ad55d3a,212,142
824,8853,1715245298.758503,28,8855,2119,7.911837,11856635bf186b1aca4ff914756779b1b1e933fb825177aa45fd0c7d66907ed6,bd7949ef7898fd28083a2ddb12eecf1d,42c1b05fa0747e4503e321ac613f3b4f,104,156
827,8887,1715245528.701334,32,8889,1980,7.907215,04e45614f3062e649b9bac7aa2a28e3b92c5a521cfb2378e6c22a08050a31b96,a2c440bd5fb33eb0f7e5a8f500641dc1,c8771ad4926053aa1b008b92d00ff36e,15,227
834,8963,1715245999.885473,26,8965,4284,7.955976,9f4afecf919a4e61d51e9e2e00b41e2ec36822a0e9f60a406abc7d0d03d0d47e,02e5c55814eb18180949ebc3a9f653be,006ff79577c5f589d1e6ee5cf064fc15,205,201
835,8973,1715246018.445516,1,8975,2373,7.926841,acef8518fc53e18e1df0657611c6ed990fb552db893d0c7347ed5c486df91f44,871b75b3776153389f907ef0cf324c54,bdcc9450d329835b394e929f210c4ced,233,95
836,8983,1715246054.408356,12,8985,4357,7.952454,f7840846da5896244c138ac2a02d1d086b79b952b4eda1c7d6cd1a7444ad670a,7785af55f67a8470571409f8cd9f7056,4ad0cd550607718be48555aca19299fa,131,181
837,8997,1715246174.705149,29,8999,1680,7.888718,56f6180399ab8ebdad624badad3942df78c6f1de20df3cae525afca1c6c288f0,ddda2feca17d3cae6e3e2c65431f611b,1ba1e9086406750fe70192711e19670c,204,18
838,9007,1715246303.968678,24,9009,2341,7.923296,f38f22af939b3f88feb8a2f44528294f31e763f0a90e4b3e50741e2565a25751,9b9d69cc76ab1d067b0c108a9d4b88c1,4e69a9d59cd6b02edf13679ca6909542,186,212
839,9017,1715246350.143792,11,9019,1365,7.890501,96cdd0f4aceaca9ce633f2e8c834fa59bbe494691d7e44edb9262aba1ab3ba7c,936473d5888977dc49d5b8b5b783eb00,0741eeb19822a8249f14cd0b4f5eb816,248,116
842,9049,1715246510.306928,33,9051,2762,7.92883,3ca4f1ccc50ad254208c6ffe26551b6ebf31598445a3033b758d8929e33841d0,6b58972c035ec4034d9d52321f820bc1,7ae35238814c6d3f48e90e089c022cd3,4,88
843,9060,1715246563.679535,12,9062,1516,7.866979,8c9f79f8f17aa346b6f61340001e43f11898bf25324991b06fe04623bd4b5b8b,d14213761c43644c1bc069a529701273,7d7c9a4e6a30eb11ee0964769fd5cde3,5,43
850,9132,1715246764.766115,39,9134,4014,7.945623,6dc90f14cad276f350928d7b9ba1dd588efd38fd6b095be8efd6466dbada3703,240d4fa15eff13818f661708a698708f,a04e58d70c1b3dfb3f045928861107c9,254,160
851,9142,1715246814.475762,14,9144,5587,7.969204,aa947165b1d1f99a6c9b9eb8b06096d9a8312eb83aab5e1c5717477dd545c480,c0dcb6b72e496b4d99899ec459c39b60,b0439975fc8c4087bc71468dc8dbe396,185,141
854,9174,1715247025.926517,7,9176,2913,7.927182,5e14583f802a7d38bc1ee75c452e5661d9fdb7d864c8ba43ada13a2ed319a809,2179a1f3bf40a725ab6456241edb8efb,79003ca6335d51b3f3fcb79146afbc84,84,186
855,9184,1715247104.055611,21,9186,3114,7.945597,8d9a148a98042507ac15ded0c1f93c8e1d2d48c1ffb69a69c435acd870f7d5d2,664383d56ac9b158ce191be5e3244877,e9ee4b24b9dc4c2b48644a8877390bb7,165,183
859,9230,1715247306.563437,35,9232,2019,7.895998,133f46735a6f30866706f1fe5a06a51e5456ab49c7b24a306e19c002954971a4,4d87c4fe221b9e24deab35df29c309e4,31ee9dcf66da48ab2fe4940fe1f8c83a,246,218
860,9240,1715247364.422884,11,9242,3512,7.943277,bc897e69ef4a1509384abc19137afc4c00f24352c67dc51ac947bc954c1ee111,b113248c00aac6cdc7551fc0036c88d8,f44f6a15cce62d79927c675214a543ab,221,183
863,9270,1715247490.329132,6,9272,4394,7.955112,79a1f06e7ea86f30ad8e10c603ff779e61a015205c12a5460e9515dd86a4070d,91ce8718a77c4f325973e9aec5cac268,f09f69ccd00c9055eb7ec36bef722477,73,121
869,9332,1715247844.539816,4,9334,2867,7.92644,9e47ea9a7157a81e1853644baad19a93a4a49c0704b948c0d3b296eb7a3b7e49,c86ee19054e6ed747d247a34135a1581,342eb2639a141072a2e82735940984f9,191,39
871,9352,1715247946.049525,10,9354,2602,7.927044,7b2b63b0ae5a2bda29eda59970ebd6168eb1229e8c996c21c319714ce2d628f4,c0c16ea66b0203671310f5ad9136f3ce,313b142f089e550c9df9c6afed78f45f,32,90
872,9362,1715248007.611811,33,9364,3245,7.941659,82fc16e5c074888b91042f881fd587ccdc72f55a3b569952cf0cd566a4e9160a,b336773f8c714c6abc602718db9bdf91,d9b498a724109dd233e19744986f1474,68,218
873,9372,1715248026.787591,14,9374,3371,7.938293,15261a0a0f55548f394bdddf63dd4973acb8783b91ee9c0ee654719bf2d23246,db1a2f7ae518c58e0da80d33914ad179,604b6aa728e2e50840b5ba51ba303f41,34,16
878,9426,1715248387.785447,29,9428,2358,7.922095,604ac37fbac6531959adcc6c57eb721ce5cf4dc7d2ad9777a36eb3986939a10d,a3d3c1ae7e063e30ee6abdd46d1af771,b12cfc5585cf773c33aa5f9b76dba8d4,194,132
886,9516,1715248915.269704,39,9518,5748,7.966763,835d4dbf73d5c13f7f96ba4e0f27d13033c3c725e4c21506eba3c783ce66b86f,1889d597c9a2c556424bad96f3711220,7ef58169393ff743e2581c77c0c2ceb0,22,208
887,9526,1715248931.598691,20,9528,2975,7.933593,b8df552645406b23c220739bb5d8cf38816e980121e6a68ad6991e04f956fda0,831bd74968dfaa8e95338c2816687af0,be0f3f9ce16e7080c87dbdaa64307db4,17,151
889,9548,1715248977.035167,10,9550,4188,7.95536,1d094fe96bca72273af4fda86fc6fee1d5f59bd20b504c5aca6c013e74b54415,34200c8e17629c820dc5eb920898f132,ea255cfa493ce7ba737bf13a894c2b52,218,122
895,9610,1715249269.701691,28,9612,5155,7.968479,1c63510f435e921675f1d74d899d654563744ff6a6bbeb74428c68c8533d6e1f,4d555626f2fceec564c07c6701f05929,71f7f268ba2cd59ca3d7450bd02e649e,250,236
896,9620,1715249410.683766,33,9622,3778,7.951248,7f4935955bcf584dc1755f30b275ad476f92e3d02f8deff7cb4880146634b2f4,38ce3b0caef2321c16642fc9c94eb3e1,ac75d50f7cdcf370c7b77a895d155847,170,36
903,9690,1715249586.962332,16,9692,1916,7.917829,581a2a11488e852552f2ebc794f6d2fab6de061014b7ad9366efee719b81b088,a286b584d7d3cf1eabee6bdb45f57658,5705a541ea04d95d459ec481d1cf9933,182,180
910,9772,1715250355.100549,30,9774,4665,7.953409,aa889fdd559ffb1158e109a2e14076a3e938b6452387a9749843eb402e9a793c,226827332fc0f8b245a609724bb9bb36,968ecd430600fa8d132fa7d0dbb80b74,151,181
911,9782,1715250427.448836,21,9784,5564,7.968613,330c2e25602124e851e08fb67e4b308999e2eda92cdd42e884340d5d3bba9a9a,1f6c4eedd51b108d7a9bdc1d8e6ab219,28bf8c5a9c36438e1edad24f98bbc1df,221,153
913,9802,1715250450.269819,29,9804,1631,7.887063,8e8f6ff944590ef6e246e6dbbd73a7d0648fb259c7f4a081bc4bde7fb2f4c3a2,7b128cb2cbe1d779056c15588f269077,c8e11a10b85e9eb6435961058ffe42e1,51,97
914,9812,1715250459.255444,2,9814,4555,7.961508,b6d836bfe79e6422f12b623b93d244008943712c4778cee10dc17a65042dbb1a,3a8db6d3e12cd1d94ba7ec1433f424f8,75b4bb12eb8fb883c420e5cfe7fb702c,251,9
915,9822,1715250469.653892,24,9824,2166,7.907354,14d425a19c4be4a049b3a700b30c8478e1508a8cea183e5c419759075f04707a,1c31de1125781b539569a23e462eb026,127bcc6b36eff0490bba7031edbeba16,233,1
917,9842,1715250646.457317,27,9844,5208,7.963592,c8674037d29844e14870107bf2549dd3e4a16172bfcc917334fdc9246717766d,886b10f904dbfa4f19f462168860fa3c,c1498fa25a04581dfda8b2c2ac09d1bb,156,170
918,9852,1715250648.579463,31,9854,5524,7.964492,d648da333594e62af11045215f458d7ebca66f613dee685ff19e623258492c96,8dedd4544a1fc68271907d2490b21b5a,326bbaf04b5f6551499a317e9f4efe3d,102,114
923,9904,1715250928.651412,32,9906,4389,7.959135,fbc92f3f77fa00838c0d486f789c4565f2e710194259e7b9c5586d21d1cd93e5,e99918337b8ab5429d3d02ca4ebe064a,3d8f1902b64bfb22a92f6542cb286981,211,39
924,9914,1715251004.379791,24,9916,2208,7.928807,58e75cc914739587e359898b686c05e63c775583a23564ccbebe111dd5a1c29b,5dde012476ca71390f57732e89b8ee03,1d18733ae9b98b8e13eed1c2e6e7391b,192,54
925,9924,1715251045.74081,28,9926,2941,7.932485,20a53ebe95f4e37adf515f7f9e49ff0d3de5985f9258f0385f53b8ddfa1e3723,9d9cd5b55c1188a5ebdf7140e72ba03a,97dbf757fb81baafab8e30542b7e15cf,154,50
926,9934,1715251098.787118,40,9936,5167,7.95762,77cf322bfac5ebbd8f3ff5e44d2375e2a26eed5c75574f66ea936f7716ce3a53,dabe95c730c2f648ae395ee668c8f73c,8d52d4ed266bca28c9a8ed766385a5a5,70,64
927,9948,1715251167.232926,25,9950,4027,7.9468,709e4a3c84224e2ebb074f4e3b5d6b94d96a3fa3e92c405afa08fe41ce82613f,0e65b889f65fb6e7b509d644e7473686,330904b8916e2d2930d6d36f40cb3c1a,110,174
928,9960,1715251272.470206,3,9962,2882,7.933056,424dcb5abe478f743cf1bc962c5531cd9e402377e3de8c878e85c9444d9da038,d94557b49cfce8f1a12170b6ca3c39f9,90da152ac4e2c71dabe89fb0993679e0,242,146
929,9970,1715251361.939939,39,9972,2944,7.932501,f2f26cb28cd6e7ab528d9c004ba0bc3e726eb8c4f7785838284e1cf13a8149c6,3bb616ca6c9dc147e62f74f50e89cc9b,12137c2801194362b3d6b5c83b0e589e,88,84
941,10108,1715252183.936389,22,10110,4769,7.956543,8126e1f3b81ed419313a71c84d7f073b748639b7ee3ca7d984cadbacc87cb7d0,b697dfc55458aa89e560bc05d7cf8553,69d504f9f38e3f42ea394efc5a98dbad,180,8
943,10130,1715252306.593071,36,10132,5327,7.966268,17cbe6ae9362ef87feb54673d6caaa230753394e122608fec2300cc739dcb75e,5eb7c5e81a8a8f3e4afeb1868dea405d,7e0352c030b62fd301b3c78a2e5e3a93,119,149
945,10150,1715252378.762645,16,10152,2296,7.919043,aee622c1cca0cc37577dd561d85ab207a30dc65edf4fca0ab621af11c05aface,9a5f1ed0032bee791711aabc23a1f860,858b8d6cff26647708c22f34d253c8c4,254,246
947,10170,1715252477.484944,6,10172,4063,7.95115,abc78181991a1d114adb56c56029b14e8ce4c70053cf1cfdd359fb143c4bdfa6,a2a8bbf698bd0a42e19b57a4f01d29b0,1a64f337c10611c9085aaf4fd13e88a4,155,133
948,10184,1715252591.093676,19,10186,5509,7.964332,391b2c31753def25b47d912828d8f4d410940f614d9fef5cc1f284bde1da0aa6,cbd9c71935efbff4e75f96224b51f7a6,115559d16c81e0572c475c1d609dddd7,174,114
950,10204,1715252702.472696,33,10206,4989,7.96137,55dd286bcd5674deb8ab6d40afde1db101f638dfddda8e029b8b930dcd5571fd,436382f43bddf2209791801ee43ec628,ab59425d834405d6c139195fa5924295,41,151
951,10214,1715252714.454401,7,10216,5501,7.962041,58a320fe9d7495b16edac9d89b58c9ca7b73f77e0b917de2ec123e2541033e20,cf8fe189a9e57e760ef5667d09c08f2e,6c87681389c60c29aa46f32e5eb5ad0c,80,186
952,10228,1715252870.657069,9,10230,1911,7.909851,4d1fef8d4c436f8586232bbdc496919c07e30c6a3bed9bd1dcd052844886e7fb,200613d717429411f958cfc907e723df,2afc87cc9785e24ece072c17c1899fed,79,153
954,10249,1715253035.23061,36,10251,3767,7.944856,5adc7d57e51c497c55cfbf11c6e0cdeb0b26689105390845bdd19f873d26b0a7,6401e8379a3143b5cdd8eda199da8095,4667821165290d8834512a3791213111,209,11
956,10269,1715253286.323336,12,10271,3073,7.934318,f4e7adc2c10c83ca118aaac57c6fdce76da695cf9d8f9ebb098cbfc213379f7b,0bfa375e158742948d1a674c38176c15,62ce96ef238731a40791e6ff60e42879,246,232
957,10279,1715253303.914762,15,10281,5486,7.967281,7e58a29aee5b876628eba4dcdd83e174ed6e6082614904048afb6f31a72be0fb,02aadc58b7e9e0915d5a4122e8c15d7b,d519ff2445b4c58acc8265e16bcc2366,95,153
963,10341,1715253592.375538,40,10343,1648,7.881576,346739eecf722cb3eaab04f54e0ddf41ee2aa0e69eeec6eb34877b201948838b,4789badb441fb8d2db5a9f33a97d4a54,8cf945506973d46bfbfde5ca0cd0caf6,15,97
967,10381,1715253726.945146,8,10383,4984,7.963101,f5ae0e7cbebf07cab100fa6edd2e98fb1c0f099f144555a4afceac16d1846697,d3ecc9988209fe7e213e7b63fc0d14a9,cfab2f54264328350f3e9e95e66733ef,222,16
968,10393,1715253788.386849,29,10395,4400,7.955667,e0e907ad52ebf4d2074b8dfa88e4e5121269f4956c338e78a04229bb45900faf,7de247d248edab149fcdd66639479278,688f372a8fdabfdbd36d3f1630cd6c75,94,158
970,10413,1715253849.693558,23,10415,4108,7.955889,aaa978585c4ae27c5ee4da4aa51fddd4d1073da24e026e7931c271fd197f2bcb,2d55b3517859b525ac4bee51e3fbbcfd,5b57fc3f45dffbd376923f13034989ec,40,244
973,10443,1715254086.314216,9,10445,2093,7.901691,a183d5bf1e42fc0292a8d138cb60cb2c24a969a8225529549456767b6f641110,3258932205a29e250c92c2669d43e362,93ab5ff054edd42f6efac8116c167566,245,233
977,10483,1715254190.673856,30,10485,5072,7.964923,02b7d65e3ee2a5c7aab392ffc6f6b6f2c631b06dd8607c4ac70dba575bfdc5ba,82a7ff5d4ed4ae4cb3a721147df6423f,7bc68564407067527855a6979b3dc747,249,129
978,10493,1715254219.685783,30,10495,4209,7.955597,6acb4761e31c2358b924b01354326c124eca39b3e2be495246b743304973a1ec,6d3c4a976d038eb15c4a8b2073633622,d2b57188e06a3cb63ee75bb6db88eeb1,232,96
981,10527,1715254666.203354,32,10529,4591,7.955149,d040b402f49609b54b9ff8f06945af231774f1b66495a440e3203f1601f66494,3adb97a8aca77c133f4795e3618593ba,56f53463a785d612c9df8421a693cabb,53,3
983,10549,1715254865.975538,14,10551,4756,7.957497,944cd690df5d58126cfe2fe2ea9e4d610d17d50763a6f108dd745d5e61bab132,453d276f202c4907aee7b5db00f51db7,f69082d4efc0ee7e6ffb629b1628f313,180,86
984,10559,1715254968.393946,34,10561,1581,7.880937,621a6591898356c0335ccc3fcd10e86a9c530962a7425bbe76bfdbeba02c698e,bfb8652fd2b97de5976b66bc02997d0a,893115fe21803131442898bfa35cd1a2,206,78
987,10594,1715255217.84012,25,10596,5307,7.965332,880e3c3f11d86ccf43a05632b04c8e2c6f9b01b80a364f567e126bb0a9196b8d,88190c6d244ce6c6c8846d46b4b05561,3505f6dbc68d9cf54f9579695de2e936,140,158
988,10605,1715255226.202084,5,10607,4718,7.963303,6d56e6e17cd3394ac4b229e10691a26fe8fd7460fbd6a42babb89cffd5f7a13a,32887fb9851ad6363938fb4227d729df,226fee9f62042b2a4dd0248b445dc715,164,18
991,10637,1715255409.799158,22,10639,2933,7.932517,51ec64aca3963420ec9d54131fc6f122194b4aa762dc64c99765bf27c7d2b997,33dec591f50c6ebf64bfbf7c90aee872,cc9a8d7ccbec0054cf25378b6847fa9a,9,15
993,10657,1715255471.055506,26,10659,4804,7.963198,f3a752a98a7783327108648a20340126cedca84169296c24568532d4f74c3a94,4d1b6e4b5de6acc5e966bfce2c27fe54,57eeb627d726a2308577dedb5494bb97,241,165
994,10667,1715255509.946076,31,10669,2514,7.927528,994ea22cbd8e78936cabba46d57a3852102003e2fe50cc53253e50f13710ed55,6b60db0a02fcc90734563048376f3f91,d0ee2864606c986d48326ac0747530ab,159,47
995,10681,1715255616.763446,4,10683,3303,7.936036,bc4693b8f6de2a4929f6e8dd080e115fe23084082d637193c7ab9f233f310967,28229132b2f8ff40ca30e9acc05cd483,dacfe72fda1b4ab855e5ef4371b9ae25,113,81
999,10723,1715255867.685741,20,10725,4284,7.95456,07953973ee186f1205eeaa2376a6cf07a0f8868217a8ea3f31d78dcff0ac00b4,f4939fb1f2697c1d567af9533b2218a7,3f43ebb12491b49bbe4d780c088f8207,191,131
1002,10755,1715255918.993252,24,10757,2844,7.933809,75fc94513837e66b09be985ad8443e43f10e4e2d965382f225d6e081a0f99210,1305d3d943ce565d04a56ffde64c1c38,465c656205ebc540d6bd8c83567e9762,7,219
1013,10878,1715256759.506814,1,10880,2171,7.898426,38a8dc54c651d0f9572471c2cd7fa0003b16f852240283006001b6fc3da43797,1b71b40a291141a1350f7709ba56f0f8,01dd6062e1212f7baf9e3664ffd07664,214,138
1015,10898,1715256943.542197,34,10900,1457,7.871546,933e3d6c7e8da10c26ed5614bb8b9c59e0c58a54975fcf9fd982357c7f7e943f,cdcb6cd3aeaa747e243b37a009af4992,e9c386be7e51c9698d452f002a2ed0a6,120,2
1016,10908,1715256971.35222,32,10910,2220,7.92521,b16da1e838cc2890ef8e9dc5453568724ae884bdf4d549c9a9b38fe9deeef40b,4577e0cf9dec4d8a08b9fd45425904ca,95a5e56bd005a63b520e41e79ffba24c,42,2
1017,10920,1715257038.652659,39,10922,5329,7.968717,02364e1540360a753d028a1dbea958614e4478eb3274540f04f5089b0d4f1c98,64dce4b2667128c05d8f05be5822add8,f9d29270e85029f4d703bee6dc099bae,182,240
1019,10940,1715257196.567092,22,10942,4740,7.96055,c507bd346d424023eb939a121f07e3dc4b25cfcbaedbd96736da2c0654ce30a8,a51974d202ffeb2221bae54d07af9aa9,e9c497b07b11445f5ab4850362fde3fe,36,158
1022,10972,1715257303.279226,29,10974,1206,7.849962,dccd6590b66326918fcce73f024f2ea5838e876298ec8bc93a1d73664172fb29,d5859a7d430647ddd4b3ccc58e87960f,e3471f9629e8cce52ef61e765687972c,147,199
1023,10982,1715257316.889273,7,10984,1712,7.880743,a8c7de94b328c20440aef5b340adec7c86c47b1c8a0487a8eb51406b0b670a2d,ffd0c225dc2d0b4de981d3bfdcf19790,37b0e746095c727f20ce26ea4c7a4aed,5,67
1027,11024,1715257503.134679,13,11026,4572,7.955376,b13d91e76a2f71271dc9a398c9c49608e52ad04a56ac71132ff1ac785af76b59,cbd5bff9a8608b37c8ad7bb35bdeac83,f6166565802b546284976b9cc0b4827e,31,193
1034,11102,1715258119.700015,15,11104,3161,7.949774,638e052428b3f5845a006171823e09cc71ccca2eeb6b5045ceda2e0ae698efd5,9e4753b0db41238e580029ac85cace61,f41baed10004b088e64a88bf41d98e26,200,168
1036,11124,1715258136.15296,38,11126,1545,7.876552,587ea9c7f726c87ae5f64c9644207670c57730ec3bafeacf130705b6b6721a14,a5e32b1cc0f99b2ccd2519328b9a1476,0eab4b54795d62ad1499541aaedbcaa6,0,148
1037,11134,1715258157.585145,30,11136,2942,7.939252,d25ffd9ee3bb508718d189be23d8c1d43c6fb055c45622d4d94c044acab839e6,3ad04b1469a14c2563e0ce0a64f1db5d,8f3b477b56502d17ec5cc7b1a273d878,246,146
1040,11164,1715258292.097434,13,11166,5668,7.966018,dc7d125fd646d93f7f730ecbcaeba2c633bf82ace02be65f7433af0aa41acb12,79f93e373702852fe55a64dc2764c393,2b05756885e4299e8d3c51de96be3fb6,72,104
1041,11176,1715258528.541469,4,11178,4265,7.959882,9bf5a97697f0a10ec9ff2e249a0349db09f166b36b9bb173460f2c53e7d05850,84eb3d459d4dad3faa166f779a79411d,3dd01e169fb585cec5d10bbe93601c27,160,146
1046,11234,1715258674.033779,38,11236,4385,7.961491,d6732fdb33daa956c8ce55b01f43ce35f15ae96814942d543dc8967417511123,da7fa3b8bb9adb5da5dad278603efe69,a1ed9dd1db71d16fdd206529532b642d,209,5
1047,11246,1715258762.686283,35,11248,4353,7.960057,9ff967973a2080b93524a8a3ca564de31e5f9aa85639bb5fd48c7785dd337787,0b9e4d22f9b7ac37896dfd2074de63ff,6164603f2167026c94fdc6ef3b1540e7,68,58
1048,11256,1715258801.096699,26,11258,5725,7.967764,1459fe704e2e7b04b65838b4833b3a4eb2f1260848735e1c8ef0d185a7498fe5,3daf4a2252d653b1c2b69ab7a29ab95a,c785dc89db17edbcd8f113c0ae792090,17,11
1050,11276,1715258882.178217,5,11278,5070,7.956972,2450dbc3c7aa5001ef191886215f3e940bb982211c34a8c58b651bd87d1256e1,bff9ce2b3eff1a4cdd64d2b046a03827,43a68c03893724ad97a837403a2fd42d,110,182
1051,11288,1715259005.051029,19,11290,2543,7.910815,f71efef50ff35f9421ffd2747ad74b8831f1bc1199f9a87879df98c430bb31d4,76658f1ddde668e70b2add14cdb7bd2b,f82b4e7499e146b4817b3dc83f4ea46e,239,47
1053,11310,1715259169.574746,39,11312,1678,7.905457,f11b2bdbe797da6a74f3c7d0177fce88425c55da86a5bca0b1a0492dba1ca126,d6ea37b490955d5760c978bd80ca31b4,03f17e30551ffc1f9583fc1d3fa41b00,14,58
1056,11344,1715259393.288011,14,11346,5209,7.963469,0c57985e0cefe19d2df792bc26d71506a04c7e7b620cdd122044acd8a3f1fdff,99560433e652dd817ee9dbd9983a0fd2,4d3deb4978469f14d52b13000de4890e,89,95
1068,11468,1715260251.57497,2,11470,4814,7.960222,9e2b724b4d3287c151acb2c54b8ecdc3784fefa39729f35ef12e160b4b71e744,92f074db8c7cd132243c7d8509a5cd83,0eadf40477875b97ff1db9b70762bc00,58,86
1069,11479,1715260412.399169,34,11481,3621,7.946267,f37603b3f6c5edf3aea70a7495299eb597f053e131f574b740f2c511d1ab019c,62cab99115d6bf30e38ba47cd6ef4584,7ddde693706cf9dca92f2c186b931a60,237,33
1070,11491,1715260580.587126,23,11493,3803,7.954179,785e6e34a3dbb2c6c140e81139dbc7914ed7729ef8655ecdadb27e9134762e51,c7b1de136d5e8401016d3b1ea531746a,d1431b3e334c6891b90ddfe6b697e620,235,255
1071,11503,1715260862.762131,13,11505,4371,7.956456,e679f7b00709f04f28650736c506649925bc6181def214695e59afcdb0261337,982b29d67ac189d8a12e474297279ac2,3afd59652cc2b6374398109d6b7b762d,48,2
1073,11524,1715260962.175806,35,11526,1214,7.83063,eb72fc843c94ac18cf58eafe5b1ece8a05c4c35cdaba6a79204362ddbac5a3b2,0f932869c8b55b18b0db4aff7dbf125b,e9e959524958db7b1746e234d99fb88b,250,144
1074,11534,1715261027.416599,3,11536,4330,7.949269,7a4eedb16843979468566043b5f7a784ec9047d97e486f0a330fe677f3de961a,4bca20d14656ea076868fc978c695603,003a06c12c8236800645a09188844ac8,112,250
1075,11545,1715261079.049132,23,11547,4300,7.958438,a2e0706a256cc003bea19ff0f02cdf92685d0a3fcdff209929088c04c074f56c,13763812552abdd1c13124c4daf24bc3,14c8938cd0fc8a1674e55b48ed52eff2,32,204
1079,11747,1715261160.910153,2,11750,3671,7.943314,3c42ebdc7dbd942267b228140ef1dee6518c656dde5ef496b1caea3400e08111,2575f7b0bcba27457ea2b8f5ddae7877,9b2fd675c1d72fc6446d1bfeaaa27b86,96,88
1081,12034,1715261334.446217,11,12036,3257,7.9446,8e72cd7215234868537f071f430f1cf52165f638e0e5857c6d25355290b293d5,380d78b1b769cd22631bc0d291e029e9,5c0764114cb67c874c97c665ed491af7,47,213
1085,12085,1715261919.077958,13,12087,4264,7.957127,3e16e3764c88b1a4911fab0de3b2cdd8cc9252297e4e8aa8f4370324baacd553,a5605920c0e104ff572eb2bb1d545819,a82ba36d18f3cc62d80a519cabfe723b,124,2
1092,12169,1715262656.364883,13,12171,3571,7.939271,80b01f00d6dbe7a035d2cc5fd2671153e2a5e4c759828a5081844fcbcfcf1482,5c7ea6d25ff9c8a67348d53a9e032696,66c39d2c06896096c5a57a2d4567fe42,74,28
1093,12181,1715262759.200305,35,12183,1380,7.867898,dfbc2001c3a923ab13b159e20e513da399aa1226cac716d9add9ea1d8933f2a2,7bb150c74370370d1631c1d873609981,15efeee4747fe59820c0bcd264c392db,39,11
1094,12193,1715262813.014919,20,12195,5083,7.960261,c60ada1c1c46f693741e27ba1ec011f87caefaa622e0b7dacd7d2e23d8622487,1dfc667cfd89f27802720ec278bc3923,71ef8bb5aa8afe2aa00b2780dfa9bbe6,154,122
1095,12206,1715262933.266471,26,12208,2416,7.932154,61df3d9593bf5f5552425cad4ab652166152a568fe411fd084a13f76d4920ff8,b5fecb0700751a9533e3d4283e087376,f5c8a29cca476fd82beec356dd95b6a7,200,128
1101,12271,1715263147.090277,21,12273,3619,7.950682,7d1edebfc0b5ad8dbdc00191c643fa8b0d442cf31074a69496a593c7d2f73e2c,d0566499fa8600313902856f5fef52e4,0d77083c96c0964a188118303a2f6d13,62,120
1103,12291,1715263344.233657,28,12293,4041,7.960475,f1d3df3120312acbf64b5636bb76aa94e11c06f184523b969211d3f7b8980340,d706db507415fe7838c8437cca57006e,b1955e5b29214f6923baf5f1ef7ebe59,12,208
1104,12301,1715263391.110781,5,12303,2308,7.919878,460e6f50f2d189b0595d6b8d7cb5e57cf9e382f72d92dbb2a25f5b3e2d3c50d6,06cb72bab575b40e8cfd92f8d2522fdb,988de7551116619d4f43fcac14f673ba,147,213
1108,12345,1715263579.518051,37,12347,2909,7.926956,60ac88253ba07c7e225030388a0819b6fa93ab72c1c4f23dc94f30961cf7901a,2b5f48c63d277789a994e9108fb77ed3,546eb3510f80aa5964f842f49daca10f,122,230
1111,12377,1715263785.277761,7,12379,2678,7.932111,bdc8aa6be4dee04d5f2aa9e0d07af967ceb97673b805ebbc96fa146b7349b99f,9ce896ed54890616906c1df70baaee3f,0f893da9506e71f21997837d924e52f6,238,166
1114,12409,1715264027.331196,5,12411,1366,7.834488,6d8d1ef73c204f7ade10658682234fac658e50b1e3bdfff6d6030b2e548c12d6,0f1da39c26a13bfa946450ccd9af7a0a,65656aad46a94b1c8c8395995f7e0ead,134,18
1115,12419,1715264289.23621,36,12421,4410,7.960065,28d7b92f8c34e511fd76978af6ce6bdcd9954dafd11b345f38d76a8cbbf11699,bc10219392dcd373faad14da0a937f52,1e32e6787b42e214bf782d8e2d3b81dc,126,252
1118,12449,1715264386.083302,9,12451,2157,7.904069,ba4015a8a8184048b0fb6d85044fd07f84dea00f70b9b699540d34192f11a5d6,4f27dabfba66a0fdc9d05fa52d90b8c2,3944182fcd20f404a0d8c62b9cc68d91,103,177
1119,12461,1715264410.84778,38,12463,1679,7.882765,e7a4f56fff64738396bd1783ed84731cb3d0fc48345673997e36412aef4f3ff8,044623e32612ba53639d14284550c925,c364cc981be04e978e1849d373fa69fa,121,37
1122,12493,1715264652.319746,24,12495,2899,7.939968,11b1f44dbbaeeead0d61264c5627c9b87348da4d2606dd40c287a9e99ea7ce2f,159c07cbc6b523ed24767e47d82d44ec,1cf172bcc16ebeb55a425d717faa6da9,249,215
1123,12503,1715264669.981922,19,12505,4636,7.956875,05c9b1aaf04e32fb9d452d277eb8fced7f3de83ae5a817389be9421764538c21,bb415447f0151dd6e918697d68e918e3,0315c143c338c8140073e6f6062ac307,71,239
1126,12535,1715265312.610602,16,12537,5504,7.964675,e041deda7212bc75fffcc0676c06e44495dca173c639db081eb0fe10d6fefc3f,2be86aa753f73d0f1a6c8ec3fc3a426f,85a0c2b0faddb99556cffb14b5164b6b,115,239
1127,12545,1715265314.790453,18,12547,1825,7.886848,03193e6632fbbe51955c7dbba7f4359528d279f87bf4edeae006577c929b22cf,6b81f04c738310215c64bad801790390,ae72324dfffea68fb5d4560cf52cfb6c,148,138
1129,12565,1715265422.468589,24,12567,2190,7.918509,e6d40aaab77057bd85583160ca096969ab3937ef19dd248c88ff634a5ba03ee3,5f6716af32eca3244aedbde6c53b2ed8,816b153ee6e12c4ad89275f732c342b6,145,109
1131,12587,1715265665.133035,29,12589,2754,7.932615,798a80c15356cebea1ee0bbe6f282c205a8d6306f5e87b499e578edccd1d2cfc,7465eed182615810a0e48c23753f98fd,e386e316ccf4135ad5e4e64508b2f7c2,18,110
1134,12617,1715265713.07682,28,12619,4533,7.958218,57f3ab627603e2e5cd20512e5d96865cfd729f73132e23c20fca985274117b8d,5ca9e67ae94394f3b8be320742126731,ae773123a112b792126093be53d399c0,77,203
1136,12639,1715265813.831255,38,12641,3388,7.942527,af4be28f78be9326a6f643ce390b5592c2e7c107af27173276afa8eed91fac4b,a6f30f1f9c2c66af6df114fc3a13f09b,f400019d092ce38e579f30de14506b57,178,8
1138,12659,1715265882.921749,19,12661,1846,7.914797,c24c223fa50551091365db85c0a3409ad9f0b043fd838ec99d8fb318806c66d0,0b17c79acc901cb5028682b425e61560,b2593f6aeccd6b8e403dcb149d2d43e7,65,107
1139,12669,1715265885.356269,21,12671,1805,7.897054,e93f0a4eca2e8a3ab4fcda95beb01e205bf6f6c17d60432b368ef9b1702c1bd2,c47d5097657dc8c8df20a0316d4208e3,4dc780d829cb172930de4eda69cf94ce,228,84
1143,12711,1715266082.051151,11,12713,4629,7.959689,d795acdfcb4a17ac6cda1496f170107308b342767b8bef74660f0a5a5db29e30,3dcd48e14bd388a5078ef934a59cd016,b9ff39dbcf589a79542d5d7dafe0aa15,80,92
1145,12731,1715266184.844934,5,12733,3806,7.954081,76b81553ed76bbcb133689eaa209a283dc484afbd753c3f19199770e6aa89110,bd88349e9334da08adf538285e6512e7,7d89326e44d64508ac0704686f96c67c,62,232
1157,12855,1715266688.803367,29,12857,1449,7.845764,3eb8c6a15d6d34cb5cf7dc98526bf10aff0b974fe29c808c04bed48df160bc84,ce58b0ce8a5f48565926e1f899944119,b62a7bb2f86357102b8c1b4a84b65022,251,55
1160,12885,1715266902.038905,29,12887,2109,7.919461,cfe8afeaa3c07a3d4bf90d7550a26ce9f44d106a00e39a5de5a1a141b7c8b656,34ddab541e8d80b0772a74618930b3c9,42a035beeb3ced6b96b5c01f4ead81ca,90,136
1161,12895,1715266908.988589,7,12897,5365,7.966999,07b016a3010b12805fb173bc598347d09e27f9c5cd43364ffa5a6f55e01b09a0,5c8b719d9f2ec138ecf365232652ef86,127478d1079920a4c725a2c3f9b19222,209,29
1164,12925,1715267243.365397,2,12927,4507,7.958967,3a12132d9a7094abf93c272c910836a7cd41496dbf4d19652b737be5984a1e36,2e970d4b4a216b3d109fb2189a1cecdf,a0dcf95ec2d45171feb5ef7f7f9278f9,45,143
1168,12967,1715267384.968049,29,12969,4389,7.958775,d6e00cd39466541fbf6ebb2395276f2cbdf27889af4ed4906e2a74d03ef9b8f7,16fe4d82c2172b2b122afe8ae39feeaf,13312d2908a544fafc532f7919158c25,76,232
1170,12989,1715267491.556262,1,12991,3814,7.95121,946da2866d9b8fc5d846b4e2e0b2a23e4852aa36055e589d3221ed7ba973141d,9b92a9f66e7f808955ecde39d840862c,1f65c55e6f4b27c3b7cf154176b25194,125,9
1173,13019,1715267588.254301,25,13021,4630,7.960428,7e7417e7ab218b6423e8d83602a817efd5b0e66b5b665fbc8dcadab9d8fcab60,0960a5d3fde87dd9beb574f0f72e8a7a,71444c78dc5b3e169fcd75a6517f9ea8,148,8
1174,13033,1715267756.495157,7,13035,2110,7.914405,b3a0f25d42dce49335e7e363fc67d146483a33b8c97cdcb443b9066c653b1072,095b0089b120a001883cdb66fb414971,5903e0fc4dd71410d946bbf664c6ed17,74,80
1176,13053,1715267831.198757,9,13055,2986,7.950926,0c5e73b2e75eabcca8f665803d92701455296360a5e70104e490e2a9e1cf30a6,2fdbea41d87693533f4231d9e1816aca,2e00ce472817e076c5b7a14ececc6060,60,34
1177,13063,1715267836.355074,15,13065,3672,7.960085,95aba30d5f169b0c4c39ae48f7e33f05c7ea2ce03f2cda3f4193655c0bb68a9e,2a2b2bd8e0aa43568a3569e33a4cbcfa,a6580760a38cfc114b1b6c72d48d069e,19,201
1183,13125,1715268215.398567,11,13127,2193,7.921374,375297a6db80d835ce55d89c85828414c134f45adf3f06433adcb445353f3b70,cce614b3be5556264f26679d17212a73,4a3d991f2329e14343291f90ee190540,140,50
1189,13198,1715268720.396249,13,13200,5695,7.964258,3cd80f63223a3ccd8fbbfd381e65fbafe76ba743ceba2c864b28bcea5c8fe731,7dd4997e04eeb401952747db106fcdc0,a2c77cb9c0e75ab35b89dcd21577d816,240,48
1191,13219,1715268891.102079,24,13221,5396,7.965267,c79397546d9122d386d4059f517ae4a5b6f68ae64ee55b650ab84e39c7a3604e,6e68841cee67e5b6d324f3cb652ccca9,79bf42641937ec93c6136d6f5d642924,73,115
1192,13229,1715268939.02728,27,13231,1768,7.885393,e98713319e4522ad22141bed1e91ce14ccdeac94a1c52b7788a6c724c97c328c,0ebb70fd3d48ea39d1f671aae1499b67,0305f3c28b310479efbac33d341ef67e,252,88
1197,13283,1715269062.268302,27,13285,4497,7.957745,85823485ed00646d873cda18f6025fd789bf21e5a23c47fb82a4da84f645130e,c589e0bf08ee7bf611d7dcc1855c06e1,0b51057a3744215871243b5499dd946d,104,140
1198,13293,1715269208.378098,37,13295,5771,7.967081,2c5d98d8e00bd0d0b29d98eb45d6a9b45e492cc3faeafc0bbee28af9a8aef2fb,0b63ef826a062aa7cba5be41503be48c,e849156e850366b18523588c0bf33397,198,104
1200,13315,1715269280.387056,1,13317,5510,7.964428,33c978bc6ae0ce5e209de8a3cbae186cc7a28c318dc10768db94743f5a819e50,e554611fc74c971543bb660785f428cb,67fae499a82c0edf93d74597ebe2fdc2,7,245
1206,13375,1715269467.707857,33,13377,2143,7.903224,fd267475fd6ef9256932a46db23ef881f7ec2519e5d3859a9dbeedfa89663dc7,b0a0e4fd6809824afb7693503e2cd0b5,61a2df5440142e7cd26c4b43df5c9dd3,103,83
1207,13385,1715269545.108416,14,13387,5150,7.966561,6b504bd066a6f33ab48805829976e2d3698b5663510f21609a7e819ffac903f4,4f9ac0e30fdf6bc9ca0de09171ef3c73,0dcda3a53d19e6d09f88d78aa6ea1e88,111,35
1211,13431,1715269795.053044,20,13433,3622,7.948513,103c5fb758ba40fce3245593ca3a312888018fdc78c5dfe7dc9db3b66fe85253,2d9a505560d219917348c911c6b1e5c3,f1664d13b7ff4785eefacef0a16b81cc,22,220
1215,13473,1715269895.382997,30,13475,3959,7.944165,71808930af12a23f801b27957bca8ed2bebd89c39ec4236181f6c6d82d96465b,bf0fa6c8b9e637f14654f2b475cc3538,a8660a8d5812e87f4a9649e014d55243,11,51
1216,13483,1715270046.224774,2,13485,1888,7.891814,abce9bc2ddcf8acd02c7f6dc281ae2ff74c994ccd74cb11f81990625ec4b1892,f8e7097a87bf35b56a17b2c2becbd59c,057451a9dfafdfb74e22299d3e1305fd,241,19
1220,13529,1715270783.632587,39,13531,5731,7.965192,f40d0e5a8593fb51ad6caadd39f938d018d6f26a1eb25ff0b6882da76a63b0e7,b58b50a25f51b22ad582815e9abcae4c,0c9bf6433a1cc05e9745b9e249786c13,227,55
1221,13539,1715270889.050948,3,13541,3060,7.939778,b31d91461033ad6e145fd63d4b8c4c8158a90c1a3f3e4068ae5b51a446b8ad9a,38b1ea2899e5243fd8ae370441038af2,b20b80c11165486871d8ef7acf5599d7,154,140
1222,13549,1715270930.084376,6,13551,3852,7.954685,6b9bdd1d84315f3ff96263faad8ee51c591250bc18046ad9c49961168272dadc,934c5bf99aa25fa12b8dc5c9c917be4c,b81a37bbb1b6c2d9cf76695c5f42833f,49,45
1226,13591,1715271053.970035,30,13593,3895,7.95382,2cfd911ff910df3e70527a34c748e44540f7f8b6f2912931d1b3c948b5096038,756883dd624f2b168eaea71170f7996c,79cae7e104522c4faa411f9ccf51e574,31,183
1227,13603,1715271144.042073,22,13605,2695,7.922545,520a40de9033c328031dbb19b4e75b611045204bd69b33b2b0d737f8048c2dc5,256373c3a939adcf448a573353a2cbfe,a496ebd787b657f3adc792509c6380ce,154,100
1231,13645,1715271259.272261,10,13647,1303,7.854161,a3c1e6aa72c2c80cd5dbe189e306e7fc83432be9d9b4446d544e54be2ca1b5d5,b224cc3f2f6955797a6ebe50dd5cdd58,be8ef5be6b636aec81454f8b43c36e0e,164,2
1232,13655,1715271289.734959,16,13657,2272,7.91905,f3eb7e0066abb5ec1eb2371c127a2c01914c226ae8943aad05bf1af5b928cb13,a7a8a1d477767d74297c301d1822fc48,f7a3beacd43e7fdd84ede762f8c04fc5,135,33
1234,13681,1715271452.322429,11,13683,2871,7.938559,f1f9432702e04d65b28ce3a1dbecbbd0bba8464400b1474a4df8e279e6a04b29,3ee8f960661c3777722d691adebe1248,5d9837fab7a4e5f4387b3fa380df6ed0,144,98
1236,13701,1715271603.784612,34,13703,1396,7.870835,8414bb4199a479c017f471d97a37559780d569cce4dae07e2910a0a0170aea3b,d2d2bc9af671f98d1882c13d01e55d4e,854c49cd7b91dddbf619a402cc31ec35,30,78
1238,13721,1715271670.743136,1,13723,5659,7.9667,55c90670738afc2d0ef132ce14de8e8918e3a32553df3c4612a744a4550b777b,e0e8a6d4d51f1f6ebc703931a4dc7902,9b902e94ba1d4a6b273951ec000d888c,91,113
1240,13742,1715271744.3621,34,13744,2048,7.910047,c9aaf98ff43074cc88884580244072826e8e437370b6c75d2a6ba673dc63a253,df54bd20568e7de5be2c8379210c6466,19479ca42f41eaf22d31d2f6461a7fad,192,242
1244,13782,1715272008.312262,3,13784,2907,7.944292,66d73b0b966d9a54738ec35278b17091a0118ba385b7f80b27aa1864c2a7fac4,7210dfeb75b5b9688873fdf5de42f483,7feaf43cc579d9a8f17179c99434238b,62,184
1245,13792,1715272129.743954,39,13794,1508,7.852264,0fcdff92315d6c29ad43fbc012d3b331633b2ba439d5c7b179f5dd439f84b66f,b03d610ab8d42feef9be73d869866912,c123aa6191c1422768181b36d2617ab7,187,141
1250,13846,1715272265.884157,24,13848,2539,7.91985,059b4c52eb2ebcf4d81e9eaa9bb9247c26e482ef4281d95e5254327c7f7767e8,ad9ddd46f979e71c0b3e80af3d536b3a,0b463c6edd69a7d32c6ebc2e36d84286,107,155
1256,13918,1715273042.642794,3,13920,5464,7.967752,706513b95fbf7f5b5d3757d4cd9d7e14bbd4c486f79fe957a590d10be9b0fc38,96d610cdc537d05b418b23e9be5615a2,59f366a96791f421b0fad9c97e0c8c4f,163,107
1257,13928,1715273044.216641,2,13930,1562,7.882097,8d4fbf42de24105e391d54a10dc83ce187d14b9c7a34348ef0f386650c4b4312,b3a114ffd28959bb43fd8dc7984daa12,e59c21bacb5c84038dadd7511bc9a837,172,168
1258,13938,1715273095.496888,31,13940,4917,7.964099,dbd0be942d8a88a125d5bd8f2a6a47d60b0923f30c8653415d6ec6d5b7e50931,5428a32200c1868b2e99aff2c63ae597,aee60f15af5c230d522113a38f942d22,205,205
1262,13985,1715273533.078705,22,13987,5669,7.971267,3f25ba5b05ee36250152d726da12d554b32e1dd3eacc7106668901e4ebb4afc9,10382e8fd3625e090eb2837553ce6b84,30d83d20aa9f34b757766f7199a1ce88,189,19
1265,14015,1715273718.819186,35,14017,5359,7.963393,95fda18419dec3659b2c42bcf0bc23a3fa51b888fb25b4277512f61d7c067f17,db30f5e1c4ef31b1574fba9438b9da70,803687fe5e956f2582aa7f2714d79528,234,108
1266,14025,1715273821.99489,28,14027,2312,7.930784,f2140cb858c7c2908b6e2efbcf0d3636a2f5f8e5a84fafc6c344cf2eef1c96b7,62a2c2b06709fdd5bef70c9a91b7fd67,0ad55735c02085cb6a86812fedbeec54,67,33
1269,14057,1715273991.068816,18,14059,4444,7.956972,fad1c89c86ce9720b05feced230943b1f2668b065a231887cd7ef8be293c94e0,d0659c059df54114a4705896eeb533e3,6635872d782c33f523dcc53b50438a13,121,19
1272,14087,1715274131.430145,30,14089,4778,7.964656,928eee4b01f096f16b8e35bed349a10197dd637df06ee37b002cc00e23c8dba5,f6537f560e972a7e4c3bc2ccb23b993c,c5ff2fbde30d9d210fb9b020cf42c6b3,144,118
1273,14099,1715274514.198572,4,14101,4934,7.958227,6faa5e45d1f9323cc82c5e962831836b202eeeb4f00822b0b2e24da99c37511a,07389b1e895b4ac4e887993469f6bcfc,8609a2c55e1e91bb134110f32804ef32,190,68
1274,14109,1715274519.439067,6,14111,5268,7.965449,991b8646da9649534d97366e4e562a8a1dbda5f1873322da8e1c33dc123e1698,3ab96a77defb3e4e9d934853f1fecb3e,50310800aa7d2756ca789090fb388ebf,122,200
1280,14175,1715275163.946892,13,14177,2007,7.913709,325cc31e18e66e1ea88c9e92ec55878d918eed87e2274029ae735fbc9b1914ea,44b636c5e4c927ab31bab79308b1a33a,7e8d2def06192badf0b5d1d012f401b3,247,161
1284,14221,1715275377.301178,10,14223,4971,7.96556,aea6fcd1ecba3f493e6a25c50e483f8e319aa0e8e24cd6364272ef145eb1d65b,8bd045e93237bac9f9e8755c0cc60d85,ac9fe0c3794b71843a61a0b78140472d,21,241
1285,14233,1715275471.104627,36,14235,4113,7.953065,9afa36675fc51a9f0a547924d0ea32017288fa3927f1880728c51328a858c9bb,c3af8560b77c2ec0b26e19ef3478a26c,c981106ee609aa1416b0336a1a388315,21,35
1289,14277,1715275943.045152,4,14279,1700,7.886507,6ee271f237707b080b912afc4a2e565dfeb1fa790cd6b777e619791f04f30c7c,f6afe43f265f62600362e756f910e870,9dd17f42462623b607a2415695a79641,250,214
1290,14289,1715275990.062227,30,14291,2782,7.937007,c2aa7d26f14f2c81a50e06a8eef6679f45b8e99bccebca20db61bb1ee4b07783,d341d0b90032ae123dd09de6f0bcf75c,4810e7e516b94a98703325b58d33cb89,44,74
1299,14387,1715276453.796537,7,14389,1824,7.892577,ca9bd43fdb2908810e4f75d4d070a825cda6fd8de773197124637b2f38a4fce7,6e36fc275c5dcd49fe593de3969734c3,b033ad6e5aafb025b7a72854f7f25668,38,196
1300,14401,1715276739.499745,16,14403,2697,7.922175,4caf12bbe6511f7f8bec05a99719c12d75313e45cb5f7dac48eaca5d37573ea1,a2d5ed5a193a9237c67a640202f080e0,128ef189ce58e7ca9723d4f59e26390c,252,64
1302,14421,1715276813.704961,28,14423,4680,7.961677,2860d7d999366538dc453bf0225e0e8a91796cb9698bccf33e7adb597aece296,ca282d0c3d893f44cd2cac9fd93020f5,48a7359f9e567ca18f0a5265ff52d340,52,14
1303,14432,1715276845.580865,10,14434,5254,7.966387,baca4a4d74abac6e6a3df9b83b2be508985e0083538201750dd354b4ec7eb1f6,2c84390343fa60483a771f902693aa8c,0c9b469a56dfd2eb6ef103e238795d29,204,38
1310,14511,1715277555.545354,16,14513,1726,7.870587,19491889c25dfcc16f9661a778d381760d972ef9d0f8ee60d7c7eb73d1adde53,e10d29710e9be59b021b1113ba2dafe7,1c29a499d1c137f5787cb0cae40f0ba4,233,117
1311,14521,1715277622.689435,40,14523,2732,7.933056,4f32f2fb5bdc11db075e0cfcdcf07afc3d6adb7281c816a40ab08874f0a16f89,8cda099a5447694fe21067a6ae67e731,94bfa62c0bf4f53eb878ffabe520edd9,209,183
1312,14531,1715277631.992137,29,14533,4864,7.959052,dbb620285d509388ac51ef26b054e7e828586a9f6a865afd399e33cf2969175b,d1681fc00d0720432a9803be89e10ea5,233a31340939ca64fb0bbaa2aa9af164,72,120
1313,14543,1715277682.134346,25,14545,4493,7.960826,88564fef9da6dbda5237d0a022eb2c356c7ee6ac9fbb6b47a00fe30cdd291395,44368eefb09f4c2dcbda025d4b625894,fefec5b72bf969a8f7ac26de0c18b851,213,155
1316,14579,1715277945.037511,28,14581,2574,7.915199,50f30b9484600de2b0fcdf7b07bad1e5328845b99ec7c72edfef6c8ce9a57e57,341835d173fd0ae320095cc8e7c1a500,8bedc396acdcedbe5df0ca34b3402230,210,152
1319,14611,1715278316.140863,22,14613,4523,7.961065,c146c05c293981631050ba7a7f6629beb47ce50f1d4172a8176ba5ee404d3ab2,c5b516778d2fba8e3354fcff9c5ec82b,ce14589d81a21dd5dd6519e463ceae5e,192,68
1320,14621,1715278317.594514,26,14623,2456,7.923698,b859630cc90e9451acff08e4a0a7052f83b3225b1990ef777236c5b7dd70d8e8,4a62d5ed3f0e282eb9b18fa31a8a46f9,f4a7562c15e75876cda097989be9bf1a,96,12
1321,14631,1715278441.674065,1,14633,4754,7.965328,172259a7ce0c12908fa20a978c26e657138b5ed223eef31965345b835766f0e5,44270f9d917549d9217e2aeff798d165,03c54e60c9f30c2af9625f30961eb92a,15,203
1323,14659,1715278955.287818,37,14661,4387,7.954743,48586b34da586a53c835b36611ead65757e996c6f083bbb6673cb36af964afc7,ff77311ee73e8d257bda580356404a75,f9efaf111ace471c9df3e94af4f381b5,213,65
1326,14691,1715279309.071315,5,14693,2339,7.915529,f69695759e6c0de7d05a7880b66ca1b83f4186499ad3a8d94124f760e600fc7d,6aadf65fcf62aa513e9f94d3176be612,30eea9849af488282e743a7cf6eb1380,72,204
1327,14701,1715279311.243942,18,14703,4161,7.961703,6f69d1f8a9d0ecdf6561165a5f2c3276b82db32dc3f4886fb7cdc3ad879563ea,0d4610c740c70e7da08347cd7e58fe0a,fb0b8f56539a07132e2618bd55988c2e,147,163
1328,14711,1715279355.463372,22,14713,4092,7.95383,a2816e460b78f903e873534ba5fb5797339f7ccdf5f0d1ae0f7350280e815779,d8984e50e422c3975afdab872e15f3cc,4e67133bf027bd9d2cece5ccff1cdad3,69,243
1338,14819,1715280092.457014,33,14821,4415,7.962645,b250534d742d04c6ea28798f0083aea4cc177b600ffb1ea45973198ac8917c94,40d49e76744e9f08661b5e2a6c253395,faa544432fb0d084031050e8d5ee4139,135,179
1339,14829,1715280111.087051,25,14831,2637,7.929402,66c0d01e92dadc4ec1fc77158e1c45ff5744acc62f61a76fbf756c464da799e6,7ad4df88376351ea89731f729922775d,d3b56c702d37d97b827460a70f3f5219,139,29
1346,14901,1715280361.790432,36,14903,5636,7.968355,c3fbfcfd6855e0b47f308b6980752b5f7ff691585562e584c2e135eb864398ee,506680f1dbfbe403f82e88615a1ee48a,a08222bf48c226fb5068f27fe993608e,80,122
1347,14911,1715280372.244451,3,14913,3799,7.951006,6671baec37688dd1a38a1b983aa33fb0546f8cf2eb7e109dc5015a45de80b2af,a1949e7c348f6b47f9f256663deb47df,6467dc39a4e9ac113f8aa67237c6067a,205,113
1348,14921,1715280374.467706,11,14923,4900,7.957176,961f61a087e7bff76b91423c7c650f50b8b05fc6f900179261c0e46607d88189,e8e69297f4b460b79dae06b2a1445d2a,e5627c1181c7486a1b4a4e8f301e068b,125,191
1350,14943,1715280565.918521,13,14945,5210,7.968255,9922505fa55397c841cdab17e5f488c571c0a1bcc5f262daec908faf8172ae1b,6e3b171aa07032e83ec2afcd76ebc273,a2cdc49322186a8fbf5b2ba22c4261e2,175,187
1354,14990,1715280772.827618,18,14992,4195,7.956209,b2e7acfe1dd04f65b9efbf28740e1defb3f64a9b186d6a7700160b293228f0fb,7862bebd2c8d6eebae43dfd8d655bead,2d9d6dd1a6adc443207985f974aec0e8,19,197
1356,15010,1715280872.242414,6,15012,1648,7.896943,f3eae32479bd35ea750f5adc69b1609ce33008ef421c042e002eae1bce572213,433981ee327478b3eede62e3bccc8fe8,adfa031a1e55963551dcca572d88ce99,160,228
1360,15052,1715281040.360351,13,15054,4358,7.958468,ae8fbe1f757ad93ed2b3dcb57e302a86dffaaf3beaa7745f83fc976b4c339af3,5be7f4723b352eb0ff6f1e67b42654ae,d5b727c283ec9647e08edee551723d87,145,47
1363,15084,1715281122.686785,12,15086,3560,7.950576,377dd1e21daba8184d0cdc96d03ee1285e4fb99b2b71be70bddec99b6c831e95,d5bc1145372a382287a758828438920c,a276a3bbbe86fb46ea046bbe50791948,213,9
1365,15106,1715281480.485989,26,15108,4873,7.962134,0a6441bb6b4b9d67305a77f6575f9e9a1a11a2fe6f38f6c85ab705f18d21599e,bbe687d69ab42f168543efe35fbf6691,8ed1410bbce642396cc9243c316d6458,179,37
1368,15136,1715281672.503272,39,15138,2677,7.930534,85fd6c92799473de09bc4a18db49019b91927ddddd38914b6354e9ce8e04edcd,3a904335633d57a91f32c2a3d3c164c5,b6566a336586ac565bbea9bfa75d928d,69,199
1369,15148,1715281724.450402,28,15150,3263,7.947718,e80224ebb2446c6a07e1134a42d4da6755dd48732c4d76a43c692cfd868ec6f6,217d525b3bfe6aef17694304ba702d00,7e9468648e9fb6cb8402424e8fc42c16,229,63
1370,15158,1715281785.214956,13,15160,5773,7.96621,9d20ef19927cf6f196e0af7860dd0e572ef1e476e94b3a40bb959acf1b515c59,be415c2e6bd4745209af292d13b20428,01d78fdd62b4f5bb59aed0d4c1a3d939,207,59
1371,15168,1715281818.788097,29,15170,1644,7.896677,12a14fb62127fccf358355babaab77c2ddda44120e35e7690f2f3fb1ae5949e2,b5b0c55f5b9bff898d7599f39bfb2df7,30129326dfe404e8f3e59bdc3d681d9c,118,232
1374,15200,1715281940.302496,31,15202,1469,7.888455,c6907980588cb4c510bcb88b08ae6059f6a409dac8b6a27d43c042df27a68a3f,a8779fb4fa00968932d8d24646a34f71,4232bff6a6f3b073d14c9e68eb01d569,86,54
1375,15214,1715282118.667144,3,15216,2330,7.910663,f056f757a163ac7c8e54aa89c27109d3055de582533ad5beb36e59b025cebca5,c3fdf3b5ec4e489b316677f3b38150ed,c18365d778fc66ae9aeb03621ad74655,184,130
1377,15234,1715282133.691006,25,15236,5299,7.965344,3f2c8dd6dcd3c93278c9d7485918d133844b6edc0b52e522ff86280db51aca1e,1257aa635b10566bcd2b0e0e3f83eca7,93de6f1215bbbbe87bfac17b6205d91c,3,39
1383,15298,1715282503.00705,14,15300,2858,7.936684,7427240b06389e35fcbe3ea8665c631c7ef32248b48e6cf7ba9889bebcc60589,a93dce2c8209a42fe0283a3ab5143203,165ba9cf1146888dab67c7c198eaeb8e,174,184
1391,15378,1715282890.178053,25,15380,2006,7.917324,e287ad3131d5637cf29a7d1ed8ddbdcb6fa91dbbeb9bf010da7938fd1abbb86a,c036878a957345b24dd63e1012abe00b,fc417c73a86c625341877018b306c331,38,58
1394,15410,1715283102.412909,11,15412,2795,7.933631,66841828ef09c8a2a5eba5b08f8d15debc79fada7b79eb00c9520f7687437300,8d642f3bbe099099bd59d83fb959d558,f01e1037775662e3f394bd7b4d0b8c5d,15,157
1399,15466,1715283362.813551,20,15468,3394,7.938429,fb5da666d516737a6e43564ddf8c6f46200fd82e2b78450b7e5790b5fe7a8334,7197130e8cb2bda5a64af17130357565,12d0bf72d8178b9f8fed0e83324d8e72,143,173
1400,15476,1715283373.930575,9,15478,5409,7.95835,b4223896e7a8d63c872e2784b31b9233d271000851592fd4382f61530be215d2,cdf5a62064b16b5ac0ceda566244b9e5,65ea71eaf12b648753de6d559687157d,161,63
1401,15489,1715283434.784636,3,15491,5016,7.964269,66c06c57581f65fb3a9b0bbeb915667a4e6a78ace53f1e415a47b057f6e7fd66,d4db2711e7e820ea412bd18981a567a4,5a62a3af3af04548c1b6948cc797bd0a,236,120
1406,15545,1715283769.002167,27,15547,5071,7.969431,4159ad40b8fa1eede798edd17190803d4ba925dc3f3da295309b81a867ac196a,b272d3239fe16893b972b4cc9f18698d,fbf295fa6efa4b76af2d235b00aa1688,149,185
1408,15565,1715283864.231818,10,15567,5270,7.963784,c66bb0719a75e7d8e54dc6006faaab5d5227eb8432db08236ebbd67360838d26,034c41ca26cc56d109ead936c22c9da9,80acfa939117ddf3e34216c50cfd5aef,201,27
1411,15597,1715283991.667649,33,15599,1871,7.906114,55a6e29dcf6f1602d6e57b402017f4d983d3e15dcdb57b5e543067e1993ef74f,4e948c83a3dd7db27033b2e0c3dbd48e,87d68d864e7a60ca0e0f1745d7949e63,156,144
1414,15636,1715284446.933059,35,15638,2459,7.911103,801d1744b43965026bca0d71e478fab37b232ea6d3152fa13af4d3a8fdc56ae7,2e953373f372a214145c5bd67fef6f77,1be3b77f282344956dabef21bb5b9449,98,246
1418,15676,1715284765.008951,28,15678,1815,7.885904,0086f44919142038f61b5aeb56f6a19d348e86dcc77f6517d88988a6b8b55985,deef97daf809f8776979d1f8b449b806,db2b96d2143db711c081ba6ac9e282bf,149,249
1421,15708,1715284911.830306,13,15710,4306,7.956391,10cd8f649bc989c76400e8109572fab44c9e9851c83320469b95d8bf8757ca45,4eda83e1df419a1925a35da386c1dfef,d10fcf1ed120e22aa590c7b03622180b,175,183
1422,15718,1715284936.191716,28,15720,5523,7.955607,36abd086897cea1327c20f29b8a0d5b18d8f1fc4cb255595cb05a180ace9b488,495533c94168a7b898b788aba8174bb9,9593bc9131b2d54f8d8be089fe728064,216,66
1423,15728,1715284948.649554,30,15730,2322,7.929657,ef116b745cee5187ed0f6beb590463b84f15be3c4462881b0cc9de67bb89fd3e,3f166b3b0444ac8a4447cabf7111eb35,220f3e9b1568d8b05c9f5f17ec71b168,83,9
1427,15772,1715285247.788278,39,15774,5450,7.965148,ab30e190c03f3cab324bd6df55d6823e3bb8c4b8e57ddc5a3eb18f9ef8454add,f5b4ecae41e1ea76d624facf27c12610,49898425ea08d2110b1610db48a21fed,29,157
1428,15784,1715285389.521339,10,15786,4136,7.9598,c0954f2b437fdd6c8e9cfc440cc81773da4bc70bf892ee9a2ac297ad64fdb7d8,942874b5fc8e21a395d4fef5a69e75ae,7b2ab2ab129df8160e8e96e34e04f0d3,28,154
1430,15804,1715285605.796497,8,15806,4302,7.955036,422a6b3979284f541986777b9b573b19b8d4f2f76e7eb7a0699984764a6e15d1,8e9198cfb3f36361176b65399c2eaf80,c4996bc3dfbd64488267fcd04be4c779,107,147
1436,15873,1715286034.865142,15,15875,3938,7.952839,450acf4996320e9e026a9e5007f108371746e514d14af26890ca0c261a9e4dd6,19c49d60d6dd79906125c0a030713535,bb5f00a7c862ca85fcc62f85c36f64d4,140,64
1441,15930,1715286404.974122,24,15932,1925,7.9052,32b68a36428a5599fafeeec702b0276cea08a1dd9332edc88d527adc3dc22bdf,1193933181201f0faec8d5b4483990b3,72fb4f2f73459897f7ccab5862f32080,91,223
1444,15960,1715286452.477637,4,15962,4180,7.960496,e118810b4a1e275644ce6362f387fc5f8c9cd1e05584d7025a397e5106e729c3,db519e7c366f1948153ab52881a7419e,983c5f820a0291cbbb38683f671dbcbf,9,117
1447,15992,1715286699.081205,10,15994,2442,7.928789,bff21b5ec2c59e7c69910580a6dd519deee9dff7c27d397f8d9497404b8ef49b,bc02b007e5f054bf38e7123fc1382f87,456607cc4c61cee5bfa53b51eb28c84a,219,81
1450,16022,1715286944.225928,39,16024,2758,7.922202,c6798511a394c638bfd16c6bb033ff8a24e0ac679d77bd3c6b82c376d7504459,c06761ccb41e1c7d5ae478b0a3d1df4b,5847e2e741da5ccf70755efb7a90b73e,178,42
1451,16032,1715286959.938431,28,16034,2171,7.885228,eacc17b19a78fb455166b5cf8b44f46c16cfde6b3b3d8343396923e33b4bad38,63cdfd7854ca94ae4db55c472e207b0f,884ae43e5f1cd171d6a4a586d66d201c,208,182
1455,16076,1715287117.303703,12,16078,1585,7.881694,c58571e3f24a88587bca0827bb37239f483fe5ebf62c4f1128971a5496ad981c,ea815fde36b7fe5b1b4f3d7457d18418,d3b501bce48d81ad5d44ca0796dac103,238,24
1457,16098,1715287269.20245,7,16100,2833,7.942225,6820a303be49dbcd016687f8e3fbf6bd1454263fce5d9cb4808f3f39c368c9ad,9e350e04f80f82281de169968876f5a6,d289acf995fa45cd8108f7e27dd8a18f,174,212
1459,16118,1715287406.105626,20,16120,4406,7.962164,baebf71919f294333eed9a0975a7ead8aecec204d05401183be67d66cce22d96,d21e1966fe0a655e580b23015986b644,e2ef99a97696588b0448da2f0829ad5d,176,142
1462,16148,1715287550.011547,16,16150,3208,7.930255,c68922f4db2c5acef236daae390e5afbbbe4362eab6a8fbd4ce42e2be59e249f,f67a1314f7f6157fef5f0221e1b9f320,4d9ca3491f24c8e400f71f60685d1a8c,172,44
1465,16184,1715288080.142844,31,16186,2086,7.925634,f347075ebede920785f786455dce07ae093a00159810922fc9b1df572b97b0b8,931f6b39f518f43ea1535c6436b5da16,1592ff120587ac4e77434bdc6891260c,4,188
1466,16194,1715288082.453918,29,16196,2631,7.93639,1223527f7fcdf67e00e910329b22ddaa56154312d9466e0c77b802f96df83be7,cef968fe4017584d4d1f34020875e9d2,aaf472f08063172e421e5d4e9a36c132,181,223
1468,16214,1715288395.837968,34,16216,4437,7.949854,73d6a54166568604c5a0de3169a771c6c5b6a8b3aa989557c73f1d73ad91ca5d,4ddc7d61d6717f070d002bd611e9f6ad,3a45941f2e73983684fb1c2bac163349,116,172
1470,16236,1715288574.406022,8,16238,3323,7.944294,762cc0aae76680ef7f57df46bf3bf52b25338efee012ac985cc4ed792f764def,6aa5a88221082655bef474c06ffcc094,28fe56dc7855cbc9efff751a75c8fb7c,31,49
1475,16296,1715289025.013462,31,16298,4378,7.960913,87e2b2e5f2413ba5a8a5f4284b04791bd749a68ac918aae0c9ea3f11af2e6738,7e9cc5b4dcef10fc220f3e8c3128b4b9,513bff172ce2acd758bc0c2328e5e4eb,166,66
1476,16306,1715289067.474172,31,16308,1493,7.87314,12451afc135561196a03453a3721257b44e71f086f0ac7d287791b5ee03ea061,2518e81cde41f74773cd15d31a7dfdb8,46d9bbd4b19b065cd219924d0c4a0064,216,214
1477,16318,1715289076.759791,22,16320,2030,7.907611,b658ef27d28c19305f438a05017e720d65e2612f877d2a2bdf765c633db1f415,fba1fd6c1de28e67d56163d9175f1803,526cecb26913d4515d5831612d090d61,238,152
1479,16338,1715289107.888593,37,16340,4353,7.957486,4c6017ecae96d7eff21e55640fc97211588b9b7a300af25a82105bddd2b6ed0f,abdf381002b4795c7ea669d5c026a15a,3dc4608f5d4da126cb3c2c97a4fb6e06,51,9
1480,16348,1715289129.981183,36,16350,3874,7.950442,0a49f55cdeed8c9d5f03fe631b3f6935190ca66515caf1590f6acba31292f83a,f585f1732f49b1e659f710ccb8a26448,73bf108c195e33270e7abb58c51ffa50,169,253
1481,16358,1715289135.423701,12,16360,3985,7.953822,a6c058abd0ac90c747657a639fb363aa122f27f70b82edcc88496c164a17af36,bd6f5cf04ff9467a4ce6ddb36bbf9e60,660d32c9355f48068f0970d0baf23561,172,142
1483,16378,1715289279.604613,9,16380,1399,7.867054,30caadfbef74d5d69b6585dac63de4988d4a52e76ad5c7257aebbe8b997a45d7,1d52a115064468d9d2d1cd070283462f,390ec717b3a6ebf832b33a65f49d6499,135,119
1484,16388,1715289404.058693,26,16390,5170,7.963042,3ec8a86bb3a39a705c5d8ddab5ea90f63fff47aea5b98fb77f4fa3239cc1fc13,a7330a97b8955e96f3597bbd4b699942,767e6ca04c68aa4a21e6a6f6e3f26039,5,13
1485,16398,1715289408.212202,38,16400,2031,7.899452,54bb23f081a15e5f5f7227f6a064d6453a434465e6a53ddab328d4f9e4805094,6624a2c9ce53b0e3a5433ce62d04a58f,ebdb330874364d66806726d5c9cb9cf7,91,165
1487,16418,1715289503.184087,27,16420,2808,7.934014,4882674e1e4f235b780d2378bf95e03a5bd7b38beaf80779bd7040819b36417a,d133ac62d3c6df190fb1bffe15d2fd23,9c5b2c8e2e83c07616aba882801e3c59,183,187
1488,16428,1715289571.838002,28,16430,4738,7.963003,c6adfaa8212f5987a021b558796406cc89fca57e0bea82b338cdc65253029469,71eec5e2970fadd8fca0c2f2df9a321e,be47e9f9e1fd236f0b791f9f7add25fd,247,117
1489,16438,1715289656.441413,26,16440,1569,7.876704,f2517f7c89d71895daf1f4f531d9d0b7db8f43721715e3ff757f5a40fd42b299,3723684ebdacdc0c1c5d5a4ba9b37f6e,d227c93de650c969d70256bd053c09af,185,47
1493,16484,1715290110.036497,32,16486,2419,7.925435,485ff475b520e779fa4ab67e9b0cc892430e286fb6ee5b5ad36680728a1bfe3c,0075698522f597805193dd32f6430803,4814aae2ada21ca9d4f3068d3058c98e,238,48
1494,16502,1715290478.774812,21,16504,3536,7.948285,a04461eb2499dec4d24f1c5707923ccf95b427a3960ac7450dc76c4d1424b3c9,e998e724f9727978b1682d2970833c9a,add95c1be26653a7a080336064479e14,86,252
1497,16534,1715290709.16031,27,16536,3932,7.95365,3edacefeeedf1b51ce67b96264a245e82b72a1e43440d1eb71e92d1b85c2ba46,8b9fab3cdb31a4b205327881a99f5457,a0c58a416ff2b5fc72fc1fe98e631015,220,200
1498,16550,1715290786.536848,22,16552,5394,7.964412,1c869fb1dcf900a6e65c9a7c30e658967d0c57eec4ab372c542f59b505e555e5,60cef8dc38253e40204280f2a68087e3,447dc5f4cdb3e4e655215f232e2b3a3f,150,32
1499,16560,1715290801.28424,19,16562,4788,7.956743,0e4a0786e735e92cfbb6f870b31d7b244c5a1f14f23b87748c5f49b96f3d6e54,9ae1bae5d0252ffd28bcf2502e7255d9,46995d245bcf3c1201222f51c51364ee,164,178
1501,16584,1715291111.825304,10,16586,3971,7.952963,0fd260e9423816c56eb0dd662b90d0c1f647cc4bb0ed9ac2c913f66703873869,c9451da550ad949b9c0678126b85eb13,2ae2353c5dec9f08ca47f834e021e234,142,200
1502,16596,1715291194.616348,19,16598,4554,7.960624,748b1e0208686c9dc955709d7b293ea9cb5e010575e038a5148441fe9539a191,2c9bd579a8b1918fd097c308cbc4da8d,ffe4d6bd5774199e670799d129354a0f,167,127
1504,16616,1715291329.011511,7,16618,3386,7.939757,8a5adfafb1f97f8466fa63eeed8847d8567a6da2c95db32b1ce47a2467fd85b9,e62108946b133e50ab3948cc2ed16e20,f43fcafb14ed1044664cb53074b9008a,93,221
1508,16658,1715291464.880954,14,16660,1755,7.89816,2b1fa70148d46d60159f8f4d3aca768b0ef1a32f1ee0ad122193797931bb87b2,2580511c6707366f085bfab34d367751,11c28a14393b065694ffdc33866d4d0f,123,51
1509,16668,1715291478.937895,17,16670,2224,7.914566,570eba7028ae926a74a25adc1c31c99a03e99222ff99c4c249d037a36a50b003,33171496f725dc057dee4ddd4359c7fd,13eba65f35e6f4ca1408863e9bcb17be,228,32
1512,16700,1715291750.007042,17,16702,3515,7.949623,19bd292d903785c2609f776b20405936a8b0aa4b39c5ba3eb00f55c547a406cf,6e900e9d0891754611cb73ea05f725b8,c287b0049622f0207c1e71f49f1064d2,19,33
1513,16712,1715291803.404253,32,16714,4195,7.954103,d50bce41983e585dc7720831d644d9586c5950422be67caf87e324bdc5b4c82d,1bf8282cec16b1ccbd14e0e6fcfe3486,39d07e42dc6d4d7a7319e9a23631fe4e,2,240
1525,16840,1715292698.173044,15,16842,1793,7.909431,37741e2aefe081c95b82362c97221a460f51716c9ed10df4c43112dc0d17362e,b67919d711470643feaa48fdd6b615b1,f4b532939ac57b20e0131d1957ccfc7d,55,131
1527,16860,1715292750.89427,12,16862,3960,7.950151,2fe35ca6e306ed8a84ce2337ee9916a1d38a276671f7913fd397d346529fc5de,d4aa5e233ae8a0a8a66b1d0d90ed41b9,1410e85995c96dabbcb9afa1ece2f5b0,52,2
1531,16902,1715292840.122158,27,16904,2274,7.916705,71c7c52f07181fa659730342e29eeb625fd9201d2ea5f53414d75615c0041050,08c7ac16ab4edd47f58dc254b2887116,f10508449db020106e7f4fec11b542a0,239,175
1534,16934,1715292991.207857,8,16936,2896,7.932471,78231858acfb745a14baa469ee5ffb03606f8f6d402632d34d22dde36a556310,2741ce8189113cf982e2f2f3449c30ca,2520c674f33c8198fbad6fcf8d0c519f,170,252
1538,16974,1715293260.316794,34,16976,5192,7.963708,ca39e943e0bf1ff63437f460782f45ee59046d26cdf456260cb740307aee95a7,14da1a72b55760933a994731a7071cc2,3f6a1f776b1e9ba7d41c9a862877d217,191,255
1539,16984,1715293297.799493,20,16986,4561,7.964255,79546e9671934936f79fa6ba0a28a4211c52b1a3bbd1a4f5b449759ac3684140,6d0e2dfd66fbc43a402d4e178a4d0f86,ec2e5a37a56b563de2a7a2da8413088e,100,60
1540,16994,1715293298.790241,37,16996,1583,7.857196,32b716545faa67755a72d7844d5ec14f7a7c7f7f860cb077d1cf687f97aa16d6,1688bc6eacae2a60e316d81b0a9cf48b,e83b9a2e62925d24446a2cc4e976e00e,134,196
1542,17014,1715293342.848114,25,17016,3888,7.953922,811804f9a3e9a500001ddd4ba939ae98c74296deaf411eb281636a9cb59dda33,0f32d830b873bbee344970064d7c170c,70d48d1a00f90cc41727013953fc0363,21,245
1543,17026,1715293614.424997,40,17028,4629,7.963017,61d2a4fa0538e3bbf30e53d3a014432fe1458f158a8122e345c3fc943636cdb5,97887bbf4284ce1c5528276168f71ed6,29776cf0ac88830a446fca99e9f30c2f,254,164
1546,17056,1715293677.336444,2,17058,4226,7.953079,8cbe543c863ef2b94e24c0e4e215df00a98851185182d57ebd771b1f228ac189,57e0e0693330cc25b8a0e0fad23b6d01,ccfb606b01ef3918490b3306c0047c27,176,38
1547,17066,1715293853.310675,17,17068,2816,7.936879,528d9b901845e1cbecb3477870c2885d8e33ca091304df7f48b663523ed7db11,081e34e74a6f552ad7f570695482ae93,3af5059694e457e7d29a57ea6ade40db,230,244
1548,17076,1715293969.444585,16,17078,4848,7.960239,601d9a11fc6acf6c65b6df1a6905bcd20fc84f1bc9f1052d6f7ce67ec9619e25,aa9dc8d64ea84e671b6e44402485341f,7565bcfaa9eebe8a9e6d53d5614d1570,156,62
1550,17096,1715294025.942391,22,17098,1816,7.898269,e8431b495e28195f54e83ae79b48a514dccc0af07c686f4b1066b844d2ee9677,3fbebcb3de36b15c1b5dde452df159d6,b887e3a3e2a3babe8a47751da371739c,147,81
1551,17106,1715294096.304306,25,17108,2277,7.899871,f22414f54a8209826aaacab7ffd64ff56ea10f49316d4b1ee6304af65e2559c5,dfd7d81039d2249c58a1ffd9eec0333c,c2347be0ff86f633933ded71374f3843,142,200
1552,17118,1715294144.342495,38,17120,1271,7.862274,596fd35ba91b012d3a459886e3941fb2e6fb6bad525e9faa8ce3be4da1bc3ee7,1f735b6dd58cd030a695dfd916e08dd5,24b41a7418af0baf5fd27ad314377a5a,31,237
1555,17162,1715294389.469922,30,17164,4348,7.955382,07684056482b2d941588c03cb4435281b19bf7bc12a5b1d0df98ac432833db12,cf1f2d7105dbd93944ce67c5df852ad5,13a9fc6fcd115a3ce4079f54e04b8653,111,89
1558,17194,1715294650.997785,7,17196,5423,7.965416,42889b5835c50b9104a687b82b88ec270c30731f27bae790164cf27bc52b5ec6,01a4347bfd1f61126e45811488ef3345,09f61f629f68601021bcdb2d1316c558,204,218
1559,17204,1715294698.088195,4,17206,5413,7.964071,d0e4f391d9078d5002262751f9984dd12f9e18f818f9360a74a59dcedeb886c5,e5b2d54b7b7bcea790c4194aa63c2f18,e2280203004c75fccff86a6896bad827,79,17
1564,17257,1715294947.384989,7,17259,3965,7.958184,0e22e6a9dc6bbed1e830503dbf0c9fa0b8b7388de83c00976bd0ec01e89ab687,04c13cd82ac6b9f3964b97f88ee23ef6,df08d376acee0f111aa19bef0f728a8b,151,121
1570,17321,1715295559.651452,36,17323,2553,7.937366,45ffba1c72e405527e0940c452685050c857f8d664fe9094f99e6d989c164ffb,b4e5648bf97e792e80c619405f0c8601,381090680356ed0d1be9bc471b4054e3,14,80
1571,17331,1715295586.847231,34,17333,4769,7.9546,f614bc9c91220d11eb20bd539dd764940874cf73e7ca5536609de267bb279d28,34212bd4363bfcf3eb92fd23a9b92b68,fc4ecbd6d87d95a691f0c9c56d3b2652,131,197
1572,17341,1715295595.489112,33,17343,3337,7.945801,1d3d8886040c3b9833044e4a12c70afdd710a782698eb9819c16a94ab70b6ace,856a3e6f766db63ad44b98400f5c6ffc,06356de09b13cfa403fe70cebdc5527f,109,137
1573,17351,1715295602.571596,28,17353,1370,7.854345,b4ebfc1692c623d39cdebbde9324113a806adaae12268df5c5b04f699880b29c,15cb288479b503305e20d2bf1dc83b50,1cf4e714923270033b829575b2f61717,144,36
1576,17381,1715295757.155897,4,17383,3163,7.939823,650623270e553e174b51cff9a629e7ae8254bae3e6a293f6f270de36ab787655,5e98fbf27d557fa2e65e5537f6be70bc,74d345d9f42ca83792f20e4eb853b587,109,213
1582,17443,1715295982.160172,31,17445,4836,7.961285,05f3b30146471997498bef32830f3baec59e45847137b9fe3c1631afce224478,df6f36f6d7812761058c5f3f4ddabf03,34a9562cb911dcd1aea0105e94f8d847,200,6
1587,17499,1715296383.795008,37,17501,5009,7.963801,4381c5deb48759c661e3068928740cf02c1f93ef407c78d7144058fc5eadc9d9,64c0dfe0bb49753e21387183e193a893,c792a9ea6aa947205f054a310fa95045,71,199
1588,17509,1715296389.193083,33,17511,3564,7.945723,8e416f20a75a963841dca71b3e7cda07bc2dd692a1d837d5a8c16179ff358e05,6b4075c8c32acdda84dc664766d8321d,63a8b5f87cc335f0b2a06d2bb1839479,38,162
1592,17549,1715296455.043709,29,17551,5650,7.966663,bdc51bce2f2a653fcae98484e73109cc2a2220be8ef43641fa170cd5721b926a,16cb189d0c06249979d8866394c0c1f6,e858ce66eb9dc0d84a9be7938ba9d9dc,141,231
1593,17559,1715296525.052439,17,17561,5512,7.964503,64ec48725360c4b898121be16ac73112c32a5e245102c5d8ff21d07783b33b5e,7fbe400529b0b1cc8adde5f7f5d68400,2035c4a9f6455db72d4646016f379ac2,177,91
1598,17617,1715296822.432338,24,17619,5440,7.967158,5bd38f5d98c32ace7c9c94c4bce2acd4cb1f037a41e150403f64b5d991e90a9d,a2b12a9af9e1fe8e001e6c409164b9bf,ab6d6414107774ca2e139990e3d82dbf,18,174
1601,17651,1715296875.812659,5,17653,4796,7.963745,fdcbd96df21b524235e5e5f6ac1af443c96e329117c052fa64ab6a03f247dcbe,d82494c0d90370d3fa619ec0a9f93027,407050d6cb5366e85e2c0087160d61e2,249,171
1603,17671,1715296977.173199,19,17673,5657,7.967298,b561279cffc4e5ed184038f6e5d95f76f992d53595c4be73124a43d78c6132e1,da1686c601f8b90fc9a74e6e93ac5973,c4f502bff45b7b3ccf432210ac898355,68,16
1604,17683,1715297063.667395,32,17685,2504,7.918984,fd679b2873519e2b2fe61037599e75aeb2392f814b60161d0e4e50efbc002bfb,59bc3bdfd9061009825286be9db28b62,b954530f046c774c10f1ba6324b907df,90,192
1606,17704,1715297107.462335,17,17706,3511,7.941146,50d71e890383baf4c5d138af0c5d70c72535a131c4e6e24173af4b82ca3cd7e2,742a9d439ffc572750ed7569ce250021,747e15a31e58564aefcf00681a38f8fa,208,208
1608,17730,1715297208.201308,15,17732,2315,7.920674,6998c9a8fbf28c6cdd92b571298bf1cbce24c11a8bc0c8a81eec60e92306e340,acf94f941905066a98cf5284b8c9c801,19004931657ceb0b6eee33bc7b099f97,73,157
1615,17802,1715297888.336967,19,17804,3412,7.945297,839adeb210f7f081215db46a8bdd089d4308ba9a519277ad1684d285064d2578,8cda7b32cf0da317ae36e579e695d626,237f918920975d4afcd3ac7c0eff7e40,90,216
1616,17812,1715297898.720515,40,17814,2077,7.90819,14be8584e8dd1c511ca0358283d1775b5ecb1305f672984d91fb49f9f2f26822,a19a4cf4224c49602278cc408d5b356a,73d6c3788ba168033f8b35f0bedfff8b,164,154
1618,17835,1715298108.526011,26,17837,1590,7.879751,f144870eac3f9efa4e1285081b0fc65e28dfad07b9718e155a5896c336240d73,066dc6f7d70d531c6ce7750ad4c54cd7,e80b2bc4c224ff8eb52dfc7dcbef2ff6,180,228
1623,17887,1715298474.626978,30,17889,3818,7.953024,794d2bff32e25947077979031fa5e6cbb5b393fbd3e273a2a7b1e7073ad56c54,9a63118147c74dd347d339e2b95dc894,51a816c75fb3bc865538642840646c06,113,35
1624,17897,1715298520.995276,17,17899,4035,7.953906,7c516151fb5a7edbaac55010dcb0875f755bb71de4dab9b66e43a4e9e88986dc,184c4abda16f02b30d8694bb54b68598,1031f5609926bbb39192f3cfdc85e9d0,172,220
1626,17917,1715298734.938612,20,17919,2027,7.89998,442499f2e03e4c1618f7b7ebd0f2b69ac77bd72dcbd7fe888e27af762b273b0f,f3d8a3b06987330196c560d2a1ce38a8,4d68cd784af5358b95bc9ce76454095a,54,240
1627,17927,1715298752.815564,8,17929,3909,7.954794,43afb3f1fde80a4f53469e57a2220546eb9054dcd94774eb6ca73204b1bac5c3,7f7890be0a4df52d6e3598bae44fd410,42ceb1cde94278a83672a76a626f5aa0,166,76
1630,17959,1715298962.77716,36,17961,1315,7.843592,10e0e08348cf7ca9d7862232587c329ac2387b035ee4d986ddfabe58f0a5fa96,615be016e147628e1ca1935656d40c82,482ac159ff78845829ae9590bc522820,227,203
1633,17989,1715299140.924205,16,17991,3989,7.952533,c0361201e683f86787e9997a5fa36257350880ec29b591fc9fc7b94d6e4bab61,cec8611dfb872784bb99a14ab3039692,ac43d1dccb07b53d299e344b1da8ea48,118,114
1637,18033,1715299687.931026,13,18035,3871,7.945751,9dfc6d659540e9e3c2a76dd6b0e5f4dedbd95ce6a4c7ed93331f939eaf9d22d7,7a87a2abbf6e31975ae590600ea9f3dd,c77381918f8709b31de9de7939b50c61,75,205
1643,18099,1715300151.015625,18,18101,2274,7.915242,b4dcff74f729fda1e6560304f004cf368b10a7b497bb8902b343b22d47842c33,e2ce9fb941651ecc1b4eea732b212feb,08add5d60e4768e7e45bf1437bc68a9f,250,114
1644,18109,1715300418.051566,22,18111,2002,7.902064,054c6d463834b86dd225756a817f2a12d4b2e419671a395ccf50b6b5349f63fc,a7aa673e3ea49d2238fbe86230e5fa89,3f15ee326e5140596c241a98712f85ae,248,184
1645,18119,1715300472.093626,16,18121,2076,7.91532,9b92c104b4b066729363f83593afecedcd2a367d50694115a064c708ea88cf7e,bf549bf6896fe448fdeb9986ed2dec35,173e6333071d3d22623d2dacb6d3b4eb,223,85
1648,18151,1715300569.780686,29,18153,4098,7.957922,3f3f66903d9e7986dd6c06af524264711081dc8e186a522c4c8c3061aed72381,8fd9f3ee5b6218a06911ecb0cc433022,0198064074a90395d344e51dcfd41691,232,152
1651,18181,1715300633.866773,11,18183,2106,7.92021,c6421e01468b2ebe9ec3a238eb222ebbcf592eacdcb4c046244a6c0981fec1b8,1eba7abbc76b14b98fdba41f13376011,bb5890a76fa93d65dbb7333dd19ab2ea,75,193
1653,18207,1715300829.180267,31,18209,2908,7.938553,c6d80092eb8a35b505a619a1afc31c0e673bfcd18cf64e9cc1536f1df893fece,986a170aaa892ade328faf543a9da38b,76406d0e119aa135f0af362766d9e702,75,13
1664,18327,1715301763.372082,27,18329,4983,7.970941,49de1dc1d41e53a72a2d52624f5f71b3950389f9cf7d49bfed220107463a8f24,cdbd046eade7a727ad7945e2df17e030,94525092f70b0e2929818c72c26780e4,69,167
1665,18343,1715301940.082501,39,18345,4206,7.946092,15736c6f3a3d23eb58a25e2edc41cbc29b255a66a8ea5a3a248ecc22eadd1ba5,09e7c2abde6388f585a66d65e881cc86,4f59ca3d1b0a9c6415a0091f9eff3dc0,176,52
1666,18353,1715302000.29779,10,18355,4058,7.950086,629359591c02d0eaf385bf03e5633a64173dfa6bc599695f9654c7e0f9dbcde4,564fb8af1fdda3e3e6d0ca352fc09107,9e3cc5a2df5c639491e63a22fa8ac9a1,170,8
1667,18363,1715302057.024362,11,18365,5234,7.967767,5410aa17bac74b4e03ade03a08f9cfd4204783e77847d50cc99c3602bec1984e,a4a5b177cea0e7dd6db06335609329b0,423e39c1f044188f8840f3c3110ddb39,87,151
1676,18461,1715302515.678509,35,18463,3557,7.94233,a06b608b166bb9c511c546e7b2244da75ed55b4d013dbc41291b061f6a2f34c3,ac7bcb1d9e61c852a23da73e5a7f481c,576603872c1930d4cccb0d23eaf32b8d,48,68
1679,18491,1715302724.692541,17,18493,5606,7.970854,8f94dea9a78f2dadc64da3480a8c3cd8caca970123b44d9ee87e9284169a490c,ecd2bfe4c0785c8f61c48a61759e01b5,4cef0499f90199a3e21d8219712e9515,8,212
1680,18507,1715302782.509508,20,18509,1241,7.846088,681054fe3bc90c499c88437d84e0a91c49cb8f3c15db3d424a0da1a2e5b7bb59,bae05544b32e2f9b20879ade71315590,1f2a268b68fa95875bc529b2ea842151,6,228
1682,18527,1715303162.078049,11,18529,2377,7.921273,c90ce40bd468dd82187afbe7bb3cb1c9b2a86cb00ed3e56defa774575f6ef1d3,7ffc61de1a5abcd14a3a78ce0e64ffa3,b4e8227c591b0f7a3fdf598ba5a9f04e,143,193
1683,18537,1715303207.252033,8,18539,3550,7.94315,e896d28d4ee6a73aea738004225abdefa2adc23c0e36e30f5ba26159e911c470,0b6fa767b21b91107b40a369fb6fa36d,e72e08ee9d6c7dfb4f50228fdb64d50c,9,153
1687,18579,1715303297.849713,21,18581,3257,7.942859,35c02e4f0323aad794e4881274f28e630ec92d0c261548d03496472e4339c978,262f55900b032aaa783e7895af0a5d5b,25ab94052de371aa4ada5ba782b56378,251,159
1689,18603,1715303439.818706,15,18605,1761,7.882868,803ebfcea8c8e2c52c9a64c1c7758285318ba5ffa1b97c883f734f1d1a1f5bcb,1ffd19f4f9ee03c3d5b8189154ffe58c,ee3a515e577cd1783d5d5aa3c4190a10,89,49
1690,18613,1715303493.896635,36,18615,2721,7.932107,ccc4e0cd2130d7b9e5a8599b35c2d2d2387492f4c2f5a50e8b7ae52136d95a4f,d48279b53282cb9927e2661baf2b6f89,dc10bab5d28a479db6393e5b1fa986c5,111,165
1694,18655,1715304020.942694,14,18657,5176,7.962486,00a1d2126fd2a8f24953197b46a4a65f62ec3dc789b0e68fa52b7f07e5afc7d8,1a6bfe1218656885e5dc8d073272adad,6217014537dc45060c9f35cee8262234,185,243
1695,18669,1715304125.716522,4,18671,3395,7.950737,edbef9b56bfeed90e7da1518c6f3db9af52ec04a4e19df047b205ed2894f67ec,c73b9fbfe99ce9b5fcf15e585b76358a,461a6ca5d127c7d550ceab8c065d851f,187,137
1697,18691,1715304248.149345,10,18693,1744,7.879517,97bb48d51c0bdaad39e2051c0e23845641fcfa1c37c751d69cde79a3e45dec99,505edf7585bf1463d093ec308bc247e9,97aad1e507f759a73416851872d95b89,228,132
1699,18711,1715304274.4554,3,18713,4888,7.969042,79d70cfed02b83c5ce663c4d4d3b5fabd8a47a5e842012074585a06d48c1a175,8c8230186aae4339a606bc14346987bb,768aa1774f8f6be2f7471a3aae19a97d,10,78
1703,18761,1715304507.461288,7,18763,2723,7.932901,4275b7cfcb73df48eb48ce91a6ae7b6178c7cf6b96e318035b3e6e12b446ab9e,1c45229d88c9e6f6658196bd4145f34a,c58232138ad18d82e3a3b7ef3b664d4e,149,11
1708,18812,1715304863.939828,38,18814,2847,7.933368,3b9535da1ea9f8352cb4b95c754594458cca9da04e248989aa15b3210cbca11f,331ad086fe12d06cfe914a9cc15554dd,f5aa5b17bf81009ad8b4c40c79c8fc6a,113,183
1711,18846,1715305240.417519,7,18848,2029,7.911842,cfc699bebd2bd22d1713978bd07150ad81338fdc5feb4b44b68e2ab409205e56,189164cb5aec692ad4154b3600ca380b,6f5304d3c7a04daba68af45b0289b3dd,226,2
1717,18906,1715305767.191264,10,18908,3110,7.943363,acbfe78f8c179c2693ac787f819e6011dacb4366699249c65324863ac2434cbc,1fdf55e1af24e550507a02cc06f37a79,c88cef3974ead89faf37c721ed19b0c2,87,13
1718,18916,1715305807.75382,36,18918,3680,7.949957,e40bae5bab733ae1cd33c48eae9d2a5907a1d1cbb03221219d4122df66d3200c,dd3adc852b15faf50ee082ebaab83261,762ce2e0c193cf4677dbbedde4e5a0c7,177,47
1719,18928,1715305860.037035,15,18930,3437,7.944374,6fa8de03084e06b1107cf02992692ba4529b523a1568f79b5dba2ab0af0f215b,678a1e7bb6c59f31e486d5836608bece,f63de156f4e53e3628f2a0cc7d1fc20c,82,240
1722,18960,1715306261.599494,40,18962,2892,7.940373,f08bb178d1731ba2cc7bf6ee528226c4959b56d0ed9f39e39a5c1cf2dd75da5e,2028555c7a7f40f68e31cb92467bb179,32a529da76ba718ec3271d599c184a7f,214,246
1723,18970,1715306322.4057,36,18972,1283,7.849482,1a6c3374da07b00f5bfb93892d1dd36b645509a349b0d9a6b8f6a9e3346eb591,d4dab88540c5da20a6fa464a4c5d4f39,51ec920a0071a200b49f9a4d7f415919,58,8
1725,18990,1715306489.525235,37,18992,2519,7.923472,bcfb1a1103370ff08feaf1a7ee1817918800b96df1e5721ecc403c098e5c43e9,5e7d1137b8028b056186fdfc22082117,ee34d122c8a908137812af86aabb834e,83,133
1726,19000,1715306515.463478,9,19002,2338,7.925486,82108348699498b442e45211de775813a62b78bd5de36dd41c94e3f3736c5ace,644a34b55320d949c854e0da54e27078,51063a7ffe556f4e6aecb01aa3827f8d,158,36
1728,19022,1715306643.48365,3,19024,4171,7.948779,293d46dedb4c53b8d8658d9389bf550b2641d248699700d64e306bfb1991c928,ced4ea7876419ad23190beec42686bed,b78086abefa19016f728496caecee0ec,61,75
1730,19042,1715306669.948415,32,19044,4530,7.960575,8aed27062d18097ea0a2d5f37c41b7555fe308a931188f220a8f4ac1a381e29a,24e4e1bdb60eeada6aa5ea99314359e0,f7533df77486aa7170a1a76c931c4897,6,206
1733,19080,1715306940.172827,5,19082,2668,7.933544,c4175d32387abac907f8a177fa026ce79adcce7f86dcfffa092478b728b7e554,310ade7914321e97ffac62068ace6e54,3490a1061f2dcc618108adc85e4d2381,206,106
1735,19102,1715307022.046678,2,19104,1271,7.847052,ea132c7fbc18ac3ab5779c7eb2aca669e6bfcd1e24bd5367d21bb04ff2649eee,d15ec9ef9b29381fb02ea1e2430263ad,ec17cf6f9651dcc82e16c6dbf6f7d2e8,163,201
1737,19122,1715307083.445952,2,19124,1500,7.885359,284c25bffd7f591ff2e3b9bbdfaef1344be2600eb7556fabb54bfacb239c56c4,c7bf8877184cfeacdf11e03140b18ea2,54416be197a70cb36502ccf4521da9bc,120,176
1744,19200,1715307718.654756,19,19202,3562,7.940479,4a6492996d7ccfcc4865b86590c4ce4ab68b7a222a2073695af879b5ef45ad4e,7be8608413e76d1b412e1ee22d4f9587,9676b7c65519f1004150597901bd4d3d,172,230
1745,19212,1715307767.661442,9,19214,4559,7.959711,780528cf769a31d0c445da4e5069d422f47a372ca89a98c326ea866814c2a524,d158c62bef56e85a4775483231ffa1ac,3b63f7346013bf2e93d0bce04eb08a82,73,209
1746,19222,1715307855.066503,15,19224,1472,7.853417,0fd6310003c108a79077e1519c8b489e430daf598baef44d40dc8bcfda5ca9f6,1d56ca9abaef4858fcdc10dc038227ec,705e524c34e7dda066049981fbec83b8,175,43
1748,19242,1715307958.928206,18,19244,2596,7.934751,39ae2f94c6c7b37f2b46f1af3d2f219359e4043cb6e2e75a696286c9d4bda51b,21408da0529df4f342f7f18485b42209,ec734e32dbfb15b6fba47b2757cd8d85,92,240
1749,19252,1715308046.386835,27,19254,4572,7.962378,efce518f27dceed243beb18fefd2d61865aa164c522d2086d8bda3a8d018aa0c,0d0ea201b25378a525cc815051a451c8,a853a3b95331f7a4a9d612e417a103d5,209,203
1752,19284,1715308336.76604,19,19286,4150,7.947067,8ec45e2d8820e19be18cf6991cad0fee56bf4b2bf4c00f9d7979cee0e28e3f45,9eedf0a44ba1e90690100d8c51fa40ba,0b5add03457de6b160e9c176f0a12d9d,61,3
1757,19334,1715308500.429831,9,19336,1236,7.83345,e7641f157a55d84825a76392a19aff42c54fd8feb1c038f28e54a75c378c9cff,03af47a4fbd36194bcd366c0567a516c,57ed6eeacfe7529cdb2b17d32bc9516c,210,148
1758,19344,1715308518.411874,34,19346,1868,7.916682,d0d2c1550e288f65526e8b2ffbea9c6cc8c2a6638247046e41d0c070ef56a21e,c63cc60c9180f801a51a76d5f5bab060,89289178158d445030b93fbf50c71cb9,186,202
1760,19364,1715308541.80846,4,19366,3656,7.952115,8af6e27285216f6ee2972294a1d0cee43ee36c25c5f2d2989ff8dfdf831c829e,6da96f9e0fa66a5b077ec64359851505,7ead40b0ef8eb64ec56b1ba0ac04ac1d,192,38
1764,19410,1715308870.225874,15,19412,3812,7.955695,d42c8a3906959f197f154f6ed9378bf0f8af265b95af5e593cf1d074aed7ed24,6574d87f5c88e5ef2516921ee7ed6eba,b381e5dde747473d9192fabe938b42d5,149,253
1774,19523,1715309424.142049,5,19525,4819,7.961126,76976eb528493a7baab8183415d4a3d8fadc58da52e284b350f9d4807dabf9d7,5f9cc8468d684c0d2a23fe583665e969,2fb37cf1bde8a0f181c64a576b936af6,241,135
1776,19543,1715309554.601216,5,19545,5350,7.965067,708aff70ba42791f0b74839df6d0c473f0b38c9583443c9c3b4c8c7d3cd8462e,77a9d44bcf82e07857b805751750259c,8f98a0a09f239379d81525710b726697,39,163
1777,19559,1715309830.448662,30,19561,2126,7.9232,3b29a5d1dc077ab3e1577865da61226febd2a2d6ed8e9346577ff6cfcb9c33fe,efcb68f7159f1b69399ec85727a2d6af,e082becfe9f14b0d0ee46ba14ea769a4,42,166
1782,19616,1715310164.568102,17,19618,4310,7.959175,e72d07abd86b4382e33ad6ec70df81818e6e6075c47c4a7693f93b1e44396a89,cfb3cd4ec06df3bf262ef2b587f39aee,086dbe24d981445599e40cc8a14c493f,83,25
1784,19638,1715310253.891411,7,19640,5235,7.960666,6ff5bf3bfff83ae5d3cef3b5a864593a7bcfc7b3a2171faa7e6be39ca7c17d6d,f0777dff82a1313f81a0afddae20a187,26c94f9af048db192ec4c1e54b113e46,116,120
1790,19704,1715310510.917663,3,19706,1952,7.904539,7cab163ff98a56bdea3decad723fa55a21dcdf10e4d767a69dba06651d34c2df,65a870bf24c67a2ec5f490ac97661e70,03caa0f457bdb55564769b7ca3db8bcf,194,232
1793,19738,1715310851.015117,3,19740,4586,7.956391,673b8980bfd39b27cb9c360ed45ae9cf60c8586dba44af49a386ff5d348884b0,971aebcf3e01948efc20ae15815433d1,a552fa9fc9e97683471c48638ed70522,57,147
1795,19760,1715311045.32312,11,19762,2320,7.926211,328a9f4babaecfb8d0700d18091eef26ba47cccb3bf2586beaafb38aef34092b,45c2da872caae609271c9db7e3ac85b2,9c19d111421b4729b0ee455821ef7c64,125,63
1798,19790,1715311332.764349,4,19792,2879,7.932674,c1263eb9d453d63179013e47f912da1c059ca3748623d98f9afbda232ccab84f,3730382c441dcf520b38f66365f29684,245f0c57b420a194c493e6a65c52f62c,213,77
1802,19834,1715311414.146354,32,19836,3960,7.952916,c4a53f68d19f9ade6eb7fe7953c8be3608aabafb1edce88491aa3cc6e97e36b3,e1c4468fde6642bc48d408c2b22059f8,f6769110e9b6c6155874757aa69fb9d7,64,42
1803,19844,1715311434.734991,16,19846,1669,7.890877,c65c365665e70ea4bfeeab555d5397fed835a40621fb757b1884dd513533b907,634058d8a8d428135a4a3473b816ebd8,5923cf089e7a037e1eddbf2c043cf3e8,1,129
1806,19876,1715311638.244284,38,19878,2827,7.939151,4d8694f1cce97c9a04e8f3737e754d8791ca1f59c92c54858f99cbe2d90a007d,959e52c893b8c1a347db4273fb3c12ee,4fe47cb2c84a69246b81ab047afdcb2f,223,77
1807,19886,1715311669.830976,19,19888,4318,7.948693,f09fc13c0a2749b36ba8f2950f18d02dbb0c58a8ecced8c0a9a5536cbdf6278f,2b87cdd0dc6ca85128346211d2e0a729,b15acd626e8278bf56ea627e33f93e60,15,145
1809,19899,1715311690.092012,28,19901,1593,7.904656,3dcbcbeee47219a3ad8dea3619a805b211bc6babb7d075addf065e7de418f186,029837272decf74c98b4b7c69b27ce20,7e206e20e2e71f2f36590749d70669b4,30,204
1811,19926,1715311855.653389,11,19928,1440,7.856423,d05983242b6fe19d2fa46eee8c89cbd3735b5104eff99efcd93440757929c754,fe40948ffe7c611ba87c39adfcc636fa,3187557edbbde87a1cc749996aeb89d1,133,71
1814,19956,1715312151.743587,23,19958,4138,7.951869,a4df0ea609da291ae4742ad5167a34fada1612d540aaa34cf1ae8b540fe63133,02946f48fa3202f63caa3dfe6feafef4,e445d9ba2cd313190349fe7bdb121549,237,203
1816,19976,1715312355.410776,11,19978,5287,7.961028,88625364f455a4e9342caada9b3c00aa3c1049fd3ae8ea655ea6b2751802dce7,d3380e62f1b8c7e6eebe5ef40a9b275d,bb25ad6b6aacfdb17973f3c332c349a2,204,106
1823,20048,1715312904.201602,2,20050,2645,7.919012,ac84179dc36d4eeeb6a710c3ab5e4eaa8b3b26dc41f3bbe740ff7b15d54405ff,b3d5d765010a0d482e0e565f8ebe599e,5a123eba8fbc733ef368e3d447d5edb4,16,78
1827,20090,1715313070.085999,9,20092,3043,7.937187,0a79f8f9e210758c82b31f3fe4b5f3e30213bd54b5f8a6ee202852d781ffcd40,0412a3b570639de8c14f570f90233821,617c818a7920127f43f190e6f1a955bf,66,120
1829,20110,1715313192.665264,31,20112,4874,7.965969,06432098a6a897b60b9809280fb7193113bea338dc94d04501e6110dfe022a5a,916da0edf67f0bd8817b316c31c222cc,aa952f68d03a18aec6b5d26c719cd467,173,145
1832,20140,1715313366.069623,22,20142,3461,7.956497,32c22ab7520a877433c350b1285565ebdee29946ab6a0fbd84d0ee09513b2794,db51e99ddbc36a6b500de5626615e850,6e7c4a383aa6b095b69458dd6217a8c5,226,28
1833,20152,1715313462.340347,5,20154,4206,7.956519,0e588bcd09cbb04b7741f9a2ce15a92b7bcd55bb58a104b72ed411b716781c7c,2ed36a1751b979893b1528bc0f0ba3e0,44e2bf89eadc319a81314e8c18a1018d,237,243
1834,20162,1715313529.81489,24,20164,5057,7.961239,138153db66e11d3cfc2960ec9cb542491f4f03fdef6dbb10aa652dcf5e240d3d,0256509d7c8f8f9fbf84e26abcd3f146,8778c6bda975a3f6129681b0903f7f0f,44,140
1835,20175,1715313578.721781,11,20177,2674,7.926089,efec8b692bcc7ce0a2f67a5fcf24c8a6313bcb140b73c385c4d6747b638dd81c,104623ce260655bd44de30ac79fbe0a2,6b4ae480713a99d125b892ede8770ac9,1,151
1838,20206,1715313631.135285,30,20208,4087,7.947008,b47052af9e400a613a611ca104bc6129faac97aafd0d1da68b97fb64bc7a49c2,79af185e9f5706a6fd56ff88b563ce2a,701b64cf1613e6ea39b4013ded625efa,61,67
1839,20234,1715313703.200206,16,20236,2281,7.927355,646d331b31a58264ff952dfbb7eef2a8ae81594f31670c5ac5e6b16f745b1e22,867943b98c78213d2e5f57b1d54f3225,cccc37d4cff7c16d771145af157cca7a,152,250
1844,20401,1715314197.127008,5,20403,2790,7.93758,6162793f7662206c99bc739e2d890a2e83e28957c88a1813f0d361120cdbc3da,f89402380d4abfd33ba363c26aebbe50,2ef8feb99979974d29052522b7c622dc,25,79
1849,20501,1715314454.526653,30,20503,1730,7.903335,4ee5a475a57dc7f79b390074ff4a47696ae79cd9457a05940ad90072ebe978ac,62b377b3d2eb3f4a223ed8c0257cd224,d916c22e48e17a4ca8201dd1dd96860a,158,72
1851,20521,1715314466.864304,32,20523,3536,7.951926,52aa3b9d814033925224a149fa1751cbe8d4f8bff6d63349baf30e3ca9e69805,46f026d5c4be315ff66cb103d9ff2c32,c00e3fc52abcae36c97d6f8e73ae4585,105,143
1853,20545,1715314521.736128,25,20547,3017,7.935891,ca5e7a74ac5e62d4f9cfbdaff984afb1c21688c8c21d966bee4aa46a3db77248,df1f338bf2f25e2ef585d992bfd4c738,c18e26be22a363a091910c4b0c75e973,74,16
1856,20577,1715314614.598134,9,20579,3255,7.933206,ee335d8e8437f307719b73710ab8aa60c8e072aabec2b4d96fe71854865ac62b,969738f07d26ca98f7e9e85fc565f4c3,342812bdbf07114ce1e0322a6e9d126e,1,145
1861,20640,1715315074.085077,19,20642,2477,7.914711,cafd9b486334930687cfa3d535279e39adb2a4a80247788d5cea65bfe0e74a02,a4c3c85253615666f8ebf7a3f653fb7c,f4371e34e66c49dfffe5f82b7027cae0,245,107
1862,20650,1715315077.344065,31,20652,3991,7.955904,8c307f248cdfe24d98b226d9bf471f17af90bb959b85c9fd7dd492f15aa1fd31,bdcd61484870fb9ddcc8f2b6db78889f,a9adbcf6f0b89f517686f22bf04fdadf,39,149
1863,20662,1715315083.056605,2,20664,3272,7.94387,58f4a8c77ff83f8016181d2ac1c71be3110d37c9caea90e5223468bb61e7593f,b872e066160cd72c227b7ae575e285da,abe76d8634013df6ac066182a5ee1ac0,133,25
1864,20672,1715315123.676741,25,20674,3582,7.951724,5d9db86fe94276c28d5f34430d2eeeba77790484bc511c3e4cd542c4e033ced9,3f9ffab02032330060ff16d1744b29c9,68202bf74fa3d137991757bc2d7acba4,194,48
1867,20704,1715315405.254871,27,20706,3730,7.948801,3b07b6246cfb3cc2b369efa3b9eacab7d79906adaab167584c9f76c52125f9c7,e40ea34b89ef9217cffe96180cdcf5a9,4d45f08db4aa89bd11fdc2f62e46ed78,237,211
1870,20735,1715315553.81865,20,20737,3522,7.940127,af4bc5cfc11cd0d65776b4de7143eb411f82c7363d28808bb34669e787e2c064,1e7cbbb99ad05d039dbd2166472c37b6,7f5f64c92b6f7ac78065c44f3124df63,202,100
1877,20805,1715315652.360152,17,20807,1812,7.876827,df86e691cb381ccbc57a35f5e93c4d3124544f1892baf560a49934c8413c3d89,66599bf24d7397419dc5f3e94014ff4d,7be35d0054adfdd982e8fc6702bcac89,79,235
1879,20831,1715315940.156417,21,20833,3346,7.943448,0f4871a6392df5a87cbb39855aad86d8ddd094f568ac260bc3da2b54a1eedd14,2fbb60365f33c65a8834a0d3ef0e4aef,75190fe19aac26de6e710d7c73dc3c79,128,66
1880,20841,1715315974.973399,15,20843,3202,7.931399,08ba5a47963f01e2fef82cb5b5a88b9778363b0fe694cb39319c010d60244357,ac58f93b0607fb6c8053a0c31c2b7181,aa461698ae69428a9cf412febbcee4ed,40,118
1881,20855,1715316094.797662,9,20857,1356,7.86598,fd1f027035a73d24d2d7ec40ab25ce89d031b3fe0688804e52524610aa496468,d928f024a9cb500a0579142f4db5b3d5,6dd5ac797bd2e9b8a2e7fa647d756c17,159,91
1882,20865,1715316170.370783,24,20867,2628,7.938931,3f01338d8e8435a5bbfabe5cdb4b1ba2936acd6c4c09a36fb5d39d04b9d95d78,419e3f2753ca45a3016d1febaebb55c1,a0e5bfcb2ac1576ad8ea7ca13fb65d36,215,255
1883,20876,1715316211.322051,13,20878,1277,7.847221,6387090f43d36a244ce689a1eedaab137327ee39f32e1ea606dcd0a8055d690e,619b740af039b56fcd1b3802111b0051,e21c5c1c8aec45bb890415a11a8043a5,151,231
1886,20910,1715316488.516467,16,20912,3207,7.949973,465c5efbe38777f72935eff987ffbdebb8454b63959e083e35ef00fe6bdc4142,602d93e664148dcf21e3278209b6bf5c,e8f82f022f658f9e3696fb938505b63b,13,31
1888,20932,1715316528.100685,14,20934,1484,7.880929,e95ef263e9fbc802b16fc5341059d38198f050e19843b2bb60c3f4d8d85549f4,de54f62424aab35a09b840eacecd416b,db5a40317505837daace5da55bf8b0d5,153,53
1891,20962,1715316632.564679,37,20964,2964,7.930523,ffccc6683670e603bffc0cdc92b3e2c2f8a8b4caff97b52de8713e59a47bd25c,d3d3dae7ccdaa96076869a1cf6df2649,f510f2ce3e775d1de26abba13c1f6b2a,152,140
1893,20988,1715316943.997334,7,20990,2870,7.931386,435bce9603e0b05b14d8705b0ab0603e06713eb3025ee11a00d6d54b60ef82a4,c132de3d9dd3a576d730ffbb54d8b895,7028a17316ddff4da1bebed5e519b00c,46,70
1894,20998,1715316980.986677,35,21000,3988,7.962039,c44b81368ace38cfeed2438a64dbd7fa52761b3638db1b700fb01318b7fd2c95,77a58e6e592a59aa43b4e141454c4c27,7d9b4149187972c221acfdb00a42d1be,213,33
1896,21018,1715317036.638979,14,21020,4564,7.958565,4780364a93fdfb633aa5e8b8257c07abeb38fbb737d71b8f30744250f6d9e489,3923a7afcc3f9352b40a4f19276ba622,72ffd60e7044c8af21ce4dcfc758b845,95,65
1897,21028,1715317058.274251,9,21030,4086,7.957015,614158616c2622667960a9a57e11046b6c6a849f80c334a641768e857c2f28d7,551c5d75b45fc6246627c615ba8100d6,0deee12b138aeb3dc01cab3bf4355700,153,167
1898,21040,1715317174.688694,34,21042,3305,7.93815,36efdce1d07f2001e04e0e604bbc773c52d33001097824df19ee1d29e6cc3c95,f40a937e9e01ff22559e9e415dcd4f65,e59fbc30e1ecc72c52598a4871e14ebe,18,220
1900,21062,1715317291.998986,40,21064,4953,7.962419,31c5c29c3120f4936866ce60fcea36d17d6d7dc5b155305f7a6652ec02642743,d0727c5d84327eb1a685e0a36823ee23,76dea94e0caef40d8239a7ec00b15cd1,56,236
1903,21096,1715317592.551003,29,21098,4037,7.945522,1166dd6c56988a094541dca7314d21bac93cf89aea1dc9fd098e1189567a0ede,f04e53e6673a314cdf91ee0988e9716b,1a7d98313c76cb01c1bea5e96fef7a3b,20,144
1904,21110,1715317681.869078,23,21112,5259,7.96353,67e7a3551ca61dd71658be73ab9dd32cc2032c0ca3dfe8512b5a631b719bee15,fdc9d482fd2eac010385db7e559c48c1,0309dbf1d4c8ea02cec17c677c4b8ac0,151,189
1906,21134,1715317917.805157,17,21136,4769,7.964249,91de6993e4ddf9ce47366fbc67746483ab5ca1ca4610506ae523d57975f2c97b,9d266b62efd8c049026ced61d86bd4bc,fb4d013a5fb3b2f9ad57d472890397c0,100,246
1913,21209,1715318558.003695,32,21211,2468,7.916728,a3abd3f47aba03aea104dae868bb4edb9b60fd77d0b7ad7d311272673046e8e3,5d84c78ccd1bc197f0eedbabcf9cc89e,1640b072c6bba8fbf00b29e0527e7433,218,44
1914,21219,1715318560.436463,12,21221,5486,7.968257,18a5eea3a48ae93d52c05bc01edc4f2d84c52834a850cbb2a1241e0f6dd5fa3e,be54e4386aab15d8cf183540d253129b,2babb3123104d215064740c1e1c94312,176,34
1915,21229,1715318562.752859,29,21231,2966,7.943822,7b912f6758c690e74caa22b4806efbf486296644356e5fbdb7ea534628ea55d0,7a868c25204be1fdb3ff97f3b6c12d55,eddd2578b0e510c9fa34b35c5b9ebecf,112,70
1917,21255,1715318919.87279,13,21257,1615,7.876151,98d35ef12abeb8670ebbc0db7d9deb5fe3dacacf2cd209ec792a812ba0c7eb93,3aac578be27968dd6c246e77499ec702,748a3fca216dcda6feaf43068b3a8af6,14,124
1918,21265,1715319048.267436,27,21267,2582,7.928288,cfeb9be5802f74bd92423adf9d006dde999a5c2d29a68f564f316d20e81418e2,7cc399fe95bc48f074abdd8ce3cb1f69,66bdf0a3128b7c88fcaebfa64ed0f881,110,168
1920,21285,1715319192.49812,36,21287,1597,7.879,dc5e198ba331e03a1577e00f2a40423d7389dc6dd87d5dc10c5393afe105c80c,2d83bf035a198e36e66974a35a7ad206,7834608ef03b19f13fe1805ed49312b8,113,175
1926,21353,1715319819.4224,23,21355,3976,7.94991,2c3cb5dbc6e916f90cfe293d71cb9b28ea7e10c4028a9c3590d4530e14b6a310,f9accb26f3019928fc3a0fa70d3f194c,50feea6d98bb92f7b795b1f7d50fc989,178,32
1928,21375,1715319919.094801,35,21377,5284,7.964958,8454de2a4d38d357df03e93791a20ae279c8d3cf9053c92652dbcb58dcf35942,b99467f2fd69175a4747c61e2b42a4eb,35aef1e6ac6a6c9ff45c1773a1f7d10f,164,180
1929,21387,1715319939.189586,2,21389,2221,7.908585,8b4551857deb85ff8e9191129c271bdb782fc415bf286be6a29ab0bf212908b6,7d019635ca0f11a23c50f2b5765362b2,7d1b20e3111d197f1d4ec18ee34a7997,33,191
1930,21401,1715320049.76937,19,21403,2852,7.919648,3294945e8c59e8c1affd5a3b5cb5fba888fc4fcf5c0a126b793d886cf96586c1,5897590ac433f81ade607c114ae2e272,41595b8abcf89fb62b3feebbc71dfdde,80,104
1931,21411,1715320159.855836,14,21413,4607,7.960189,139a47e975f35df908e153ecda2ef947a49750c65836d7f29b5c476eeb3f6fba,822238858b629ef6e8922f065b8348ed,747edaaab144c878c600ff1073e5b811,79,65
1934,21443,1715320332.064779,16,21445,2326,7.925804,6be940287cdd1f9b4bc94fd4bd38f00568a5a88944b4533bc12c1bead2bee4a9,2d297d792f5fbd6c8d3b181f536e8724,8c5f49ea83377450ef44a960055453ad,46,248
1936,21464,1715320507.075845,8,21466,4071,7.951968,551016f261af7fe6a137a84fd63f4c734387f2823ac3203630a7703b37547eba,2414deaad23d062d0c30b796a1545587,b684e70c5bc54f7ec0aa74f975483e7e,186,54
1937,21474,1715320607.191953,26,21476,2229,7.91028,8b6dfa357556d8c00a25019b1abc52da42b831e287b329e4f46a1c88e1f68679,0e0cd8438fbb3c6e15a3b99d37327291,cda0eb47d3af15ffc8d33e9819523024,215,185
1938,21486,1715320618.018615,38,21488,2918,7.942537,27078175fda2cc0496e8135842d4e3f7e41a55cd2493a0fac7bc3696d471c3b1,792b6d6857fdf418fa688b1ef5d5b06e,6d386841cef2c5130c2a2d05b3968d2d,237,1
1940,21508,1715320766.118615,40,21510,5307,7.964694,97d6d85a2c2de52a60f2372a92a3f11dfe4a7beaafd1fb33a7166ff643f8123a,1d5c45eb0ae10b86627177383c234b86,25651d4e4a4ca9b38d2e755ab3ac2920,104,16
1943,21538,1715320862.084641,35,21540,1784,7.901178,8bfe6aed485c6b03554a34d4e631f2abd7c7605c7f6c108609857ee2f5253442,85d85e9526e57aa2e883b2d15ba32f8c,1c0fe4b8380b5752c688efb7f2b88752,230,72
1947,21581,1715321381.546179,17,21583,5670,7.969751,da3b2c8748af933b117e6ef5f76510a50f923fd0ac70435326a63fc4c3b8d1a5,2d94ef2a3976bca69d05c905efab0fde,6b92ce08c94cce94a92cf68a9facfbc6,99,27
1950,21611,1715321520.604849,17,21613,1846,7.901921,70bbf77800dba6353b2a9f3e2bdf3dc4e2b5aeb2999556bb80f486910985603b,5dc756e7b47835830cf1b6028902c161,711add835e29b0d4e822e9c479deeb81,111,225
1954,21651,1715321723.646838,30,21653,4432,7.95906,4115f19593e18df8c1f30180fd4538a1f3f736e62040624da6c97ba7562fb9c0,39ff1ed2bb47f8781d5e922b85d9bc12,d04c905dad0b59accd6fe3444d1cfefb,230,206
1955,21665,1715321864.86968,11,21667,5444,7.969403,77239bc2de6e3458e54f3964c75cdda2f72bddddda801154b2c16b0c1e6aff96,4f28596c80bd82534923045280e57c11,4e2d44d58e60b0991021b94eba3bb3a8,34,96
1957,21685,1715321887.026937,17,21687,3007,7.934413,5c57e505d9bc1d0cf6d9c24976e00f0942671e6e5129ca0a6bbc138eaa63d26f,daaaf3636344684349dd0a8d4ba8d1a3,0bc5918b3503ffbab8bfc49e91cee78a,126,44
1958,21697,1715321974.130535,30,21699,5604,7.9628,25906a67b849828fa40f3403afb8a77541ac4aec326295bd2b65719d4bd92a43,05f0da8bde909cf2167d37c998bb0bf5,a84e70b263b7cdc303ef814419b253d8,29,53
1962,21741,1715322265.650619,37,21743,2300,7.918382,f7833a99d6c8c6f810a78562a81f4f6090a036501c6adf4144e9fffdb33549e3,cef5585f02afa03f627e888ec92ac47b,19a4150fd36c7555626dadda271c3906,54,126
1963,21751,1715322316.742454,40,21753,4946,7.965675,4d07b9435d3564983d0a375d457ace3302988ad64df847007d52ce4574289ed9,b7de2af52349979bff96abd788166061,54372746b71c3f4d78f62a5d8a53e2f7,217,97
1967,21793,1715322505.533157,39,21795,1994,7.906393,68ebb3f66e024bd9a34a6d8a1cdac652d53778b6b0f8b386ceb14d485ac396f7,429a7def461a9866f9dd85e35534f068,841f6162a6f81c5d899646e132e6a582,120,188
1969,21815,1715322547.761737,16,21817,3982,7.956863,70a4ddf54fc9197e7e1bd5d16fe7dbe2f13265f77f601ae0f4cf0b000aaf90bc,89a6a03e63b93393305477be3cce5155,2f1092e939c1c16d618d5b78284df35b,164,194
1973,21855,1715322691.822369,6,21857,3824,7.954868,50f8b07e4e930ec4b71b6363f420bf4fb0f3d1292625d28f09bb656337d8fc83,7edea86e0037ebc2e8c8aa8800d3456d,a57f0941d6347d93fb568a5f7a6605b4,173,241
1974,21865,1715322766.898612,6,21867,5532,7.962944,316f13e8213bca7f3c6ddcf4a70bedd94247cf7e4e442940ffe81245309c0607,009879b10264866ca5e73bf87b8d2bf3,6441960cc7f3f55124e8bde65897a947,254,66
1975,21875,1715322778.363072,27,21877,4945,7.960811,7697aa7c16e7d73914b1ab22c77aa538050092aa8e31262f56e0556c7a399f4f,49eb5dffdb079519150303e2a256fdc6,728ce88b0b504745d5c247c0647171c6,175,145
1976,21885,1715322785.730597,12,21887,4235,7.956762,4c37b1d2476471b2bf8ce76c37a56b1cea56bc0f2edb15c64f027bdfc29a61cd,33064c2f4fd8d9b879817d55a2547801,922fa93d0e62129cf5c05561990cf72f,102,118
1977,21895,1715322799.780818,27,21897,1453,7.873652,866a8546db0bc53a99861dee1e07c7fb177d01b8a87b0770f07b411f3439c78c,86fad087a6fbbe9810451ad26b5764b0,4fcc64359d3e847cfe22d72600629e53,222,46
1978,21905,1715322819.158497,37,21907,2445,7.930836,c630e8de26861542cfd17dc0e3f57935cff8c021223d172bb79dbac79a6d596e,e9f82269529b257459ee7c68ff299d03,323d2f929e45fc7d1491f140c72da501,12,168
1981,21937,1715322949.648129,27,21939,2093,7.912037,ff3bd83787611b1e1c0e14017b108edc617651cf9497228bb3eb863ddf9e69fd,740a1aea1f2cf06d2a50cea62fbd314a,19e1041010a1aee0cee1c8807385b464,98,120
1986,21991,1715323299.064783,23,21993,1900,7.913694,c6de47c83f6eedcc706105ee874d435e5a99fde1ce65681566f4b523796ffd09,e59b061db4696c8a54e7565b8d250c81,75cd369274f9a1571c71449d741b9041,102,28
1987,22003,1715323329.03205,21,22005,3501,7.948642,46c909139a8985f07a157881a6c7919b905743eb127f85dd690d83ebd4f6d242,c672ae1e04b5fe1d4181b8ff44195bf7,41e4273c83d8b25000795231cb271e75,231,63
1988,22013,1715323362.346153,10,22015,4069,7.94914,afe03ba8ed80735021bc37f3ec543d57daaf2a0cfdd966a4cab01f5d75ed0647,70989e48f4692f92f512f4405444f3f8,04beb39b35b5a193fa0cb6ba3f5a7042,181,61
1990,22033,1715323473.996626,20,22035,2835,7.927385,9c77cc4a1c3abc89e7af17f73b9789120e3826b366a43af5279f1f54ecdd3f8c,9bbe345dc3054fa6a16921dbe0a4b088,2012af8a25794bf451b606bca4f6d80a,76,248
1991,22043,1715323513.720098,27,22045,5116,7.968838,608727faabc5e0c542bf9a07779e3ecdbeed14752e8959d9da0498c84b4b1071,247a71a907d908036210df2f17293d9a,3bef4688ed9eed26015761038c0ca2b3,15,153
1993,22063,1715323569.704758,35,22065,3170,7.942905,950074779a173cae40919a97b68447707eaee0ebec29f875a3805801ed8e5deb,0b07281d06292d417ef82c85a04c3113,010af0970997bae9aec1ae514e31bb98,235,199
1998,22115,1715323921.286786,20,22117,4259,7.960009,0dcd86e86fd9c231b3fb456a79ae9267f55349de498d6f6b710feb8c3c5395a8,8ae67b98e79d13446b7df8626b9b3b15,4b800d0d6a3d11e5bc617323d71b672c,40,76
1999,22129,1715324051.151115,22,22131,3601,7.949294,d3446041ff0c26360a9cfec5a0544eea71670ab038f2b01d733531026aae073a,a2ae07ba6c0ea266f5f572b036d93a67,ac1f46db38dce38d2e54ed6196ccb1cb,195,83
2003,22175,1715324474.684605,34,22177,1479,7.8849,ec77d226be056cbb33f272cdcff5d80a97054902d35abd36c3ec70ddb866568b,c128df06e230212d84f08114d090dee0,4e8a32070cbf1b698cb5a6e07d308958,202,122
2004,22185,1715324518.074051,38,22187,1938,7.911153,28a341b2d81d411f86c2bad57e6323ebe986c296a70e490229f6329a46797440,47c85c1850df0819110b81d3ec5c98f6,34b82cd4dd0c640e15bd982f4209c9d2,5,117
2006,22208,1715324735.382118,11,22210,1396,7.835551,328b373cd667165c10862a39b6fd47aeedcc0114f5f6815a2ab41e62a1bea82f,3a2af34f2dbee816d225f016cf873dc6,512b02f1956fca65e244bc808430281d,140,220
2010,22259,1715325072.259165,8,22261,2278,7.920543,d14ed06fea89c5213a38956e06ab5fca302ff8bef4f3d82abbb201fb10df31b4,6994b94cf958f55626b16ea199939fa4,b04e99b41e4b0b71c00363035826f7d2,73,211
2011,22269,1715325110.018607,36,22271,2530,7.933128,97acdbfecd97f592a555ad915fd1bb9770efd510ed225578c6268a14eb90465f,7d63388d6da442661cceee40928dfb59,410df6a437a00326c6b3fe52668e66ee,237,25
2013,22289,1715325149.983033,28,22291,2669,7.931355,e097df5fbf67a20b8992ac4557d51deec87aeb21945a990600e58a6016cf90e9,74257606d6925b7d6c706c389187ba09,459aa7634b766a034e376f20f4f94721,16,36
2014,22301,1715325185.142634,7,22303,1940,7.906358,37f5f0ba4c8ece9099c381e61f903b2b04a14fc1583b5dffd591ca36ccb23343,c776a313cbc475f8ebd8d593da5df4b8,68a60c1792b4de75b3d016827e316605,166,98
2017,22331,1715325322.596932,12,22333,2951,7.937379,0875c33b718eba9974b61fcb9c32aa08627e35667bc67cc2314a176b10d551f7,09b6f67d7589927741ac32f4d102b295,385e5b89d65188a2bd855c3f277690c7,113,3
2018,22345,1715325464.29773,16,22347,3483,7.946683,06e4289ef0a51d1ebacfcbb3621b7ce8d7b72b70d3eb39c1ee162956a6c40b47,d9375e9d09f224666fca71847f2eb1c2,ecbf4eae96d41e140b856e698f3e44ce,27,21
2019,22355,1715325493.710409,35,22357,4458,7.957546,90c99a9d76ec93c60c2adf28330ad294befcc457476f2a8612cc4e51b83c02cf,8ae1fa3243c905495a075abfa8237f24,7b2ba7920d3a96325bc82f720371892b,32,222
2021,22377,1715325846.745911,34,22379,2541,7.930473,7931b4b0420a57592be51dd4411d1d2eecf5cd9f2ff632d35ff6cd63f04ac974,546eff357662d41107a8ebda3ea5c3db,4bede57879df120010431f3fea3f41af,86,170
2022,22387,1715325892.418958,23,22389,5624,7.965216,706fed84890790204e26c85577c78c2269d7cd4bfeaaaec43f98167add70a5aa,ea69aaf9db1fdce4ba70ec7f28903737,3d79dedc6488f26acfab2145fa4e0ecc,25,199
2027,22445,1715326503.22796,17,22447,5302,7.966911,df058183290ce48e03891c24b965795fc1c3c8bf5cad73d25fbe8623c3b88765,c8249aa8586d9c62b3b905755a8c8f08,e801af95857e1e863344d038b481ea38,13,97
2030,22475,1715326698.24608,12,22477,1641,7.884622,7277e3a4b6700dd01bdcae5899a90bacdffe3398ab6dc3ef83200a25d6d0403d,66682a665dfecde6ece869fe733b04d4,f9c7f40b568007ca32bef0156f981ba4,205,193
2031,22485,1715326746.792552,30,22487,3417,7.944326,393aac1c6d6bdf784f3669b7881e6833885c3331505a91cb3d620714f1952c2c,9bdc4386873ad1a48031b0f9ed93cbeb,09a5ef64260c924076a49f5f2a34bf5c,166,40
2032,22497,1715326984.049664,40,22499,1408,7.867267,9469755db4cc2026a57b003c4e3a73a97eea847211329ef68228cb8383bc5d12,8b5b870cdb2d69c9d715c797e84d3193,7b669ca4dafb8b57b78953459026b574,59,151
2033,22507,1715327059.020689,36,22509,1736,7.898022,eb1f072623c1970e1b3e43bb0dc64045da8f7e09361cce2551f6437dab761e4b,61b36ea9c8603a780c59bdc8ee7a8d04,e8208a25a28282fa9a69295d871c47fc,160,236
2035,22527,1715327104.951814,22,22529,4583,7.954776,0ac3d3e377f6950df583403007206f755f7a486b43ef0a728a4635669bac8a77,e09c830a36b038e693cb96f4f760ed95,b5cb03ef1525d0aa846efd482b60078e,121,163
2038,22557,1715327169.630035,14,22559,5608,7.968977,8de213f811139c6ea5a6065fe21028857fe03fa22075ad33621277f3e645af73,6f79d727890af1df01bb70a464c89439,c2a4a8300857a36ba73f804ca5d5fcf8,239,29
2040,22579,1715327378.20409,22,22581,4557,7.956347,e608e43e968e9a03d4c1ec525c0aba22e7945f5770c94f83e3bb9e3dcebe1952,7ae613735b9354d8d89aa0cffe12eb61,a25c9836a44d203536e447b672ba4358,72,218
2041,22589,1715327486.153951,13,22591,2669,7.93473,65fba57edfe8fd642d0dde598608788c102dd418f6f2b93925db0f025f365931,1d8ddda7220aa6bc7139c77f4afde483,9ad053b4cf5999c2e246eb3a64e9a389,105,187
2042,22599,1715327677.625008,23,22601,5450,7.967493,9bc6feb1c672f3dafa0a4da190018bac8d5df828df062f5d4b1a13af97732b21,994d6a2726e5a4121ef6823ffa8de4ec,50eb658778c28ce5ecb202b53c9d99e0,171,17
2043,22611,1715327818.680834,17,22613,2255,7.902334,da3b2d08c1f9d85ed035ae7a09a43516d41f151aa1a7cb2dd3022c3f943915b2,3468c16aa9c53499421a5fc03228a027,c09abca243b0e1b22008d0d7c96f0322,234,144
2044,22621,1715327915.929077,7,22623,4002,7.950128,a2346cb83c03b40270e092708f8b5854644998a3b0669185615041e31e5a66b2,0398b4134b173b42519c2d44da7ebcf0,6bc3ccee4450f5e3007180052e41d363,85,47
2045,22631,1715327963.67707,26,22633,4833,7.958127,8e70de3b04b8111d6e59fe2d7d6fb762768db117c74cedc257f86fefc227a141,d5067c3ee2fc5f8911c819967ebb10ca,aab656f6902ecfad0c61a56638c92bad,75,47
2048,22661,1715328154.669657,15,22663,2862,7.933658,934c2f782ce30d883acfaad58bb22abacd0b2aabcb940a9caf1c436c9c640239,d5f948e2dbdccf4fac3a1ccd1222ff0c,000b21ceb287ea445fcc9074d62576e2,166,202
2049,22671,1715328179.138256,3,22673,3058,7.946424,47f44ab90a5983c45b717866b64ebe1ff9aaaf21e3976b62d21fe78beb01ee8c,3dc6a54140cda6de8bad42bfa1d25a56,ae20ca63fc36593a669c477f9d40d216,107,81
2052,22704,1715328396.852268,14,22706,4111,7.955542,bc243c853d9ebd2e7faf5dbff3573b240b85eaddd2ce8232021311fb28a20ffc,d47680996671dead73231e6ce8a438a3,6c89f4b2a9236c77819b681d11334d6d,10,118
2054,22725,1715328503.215546,20,22727,1350,7.87908,e86b6b7e79699c16dac8d4c03a64afb8da082bb32ef5b4770a932794a30c9c25,bd195b2e89694f9a9001d05274c1af91,b92caf7045ee216a583fcebf92a2dc21,199,109
2056,22749,1715328771.479428,34,22751,4863,7.963386,98cfc11bf5994776a5397dfa7c9f89ce6d74fc0fdda37c293a39a1fd23e4cbf0,6bb32330f2a5a866b311a92ce9c7a8c9,6b21435076b9efe9e5f2242be0fa0e2e,129,235
2062,22811,1715328996.899893,28,22813,3102,7.937696,4373c4ceecf9c9c232d9b5f886a105e7e4105106be5dfec411bd829b9706d50b,94097a6181567cb66c185e116f838e57,a16a7456273f20f60a1e97cd3c72c36a,11,239
2064,22831,1715329300.616851,7,22833,5606,7.960734,6fd824d8877eda98b9e62cb2f764054e2ebc8fcfbcaf38aa84ac6488b9694044,fab8eace87dfdbf8d62382f4a8ad7b0f,726012d6de3b9045cb29273280585713,224,4
2065,22843,1715329373.409559,34,22845,3470,7.938414,4e29901df96a713e483b5058572789f3a7647543027f63ff171caf290b6a9d6d,882ba649f5da928a2dfca98566b08779,fb574fc2f6de13bd6b439494e4529953,171,103
2069,22888,1715329605.988652,10,22890,2084,7.925655,4640166dbbc1da05cba4b694ac0ada18245cef07864491d3287b2440030f8fed,7aa6135353f26b025815e151e4e8c46a,d2561f3e4bdd0d6e56a9af922f6e5fdf,102,190
2070,22900,1715329652.459947,14,22902,2223,7.918748,8fd077fe86b4259c052892b97f3ee9dbebffbb7c1a895f483beb269601f4723c,b0cc78e0f983d6ccb4bb9678138986d7,859ead3e2e42c141d5d29b08c624b2a3,148,118
2071,22910,1715329664.833978,8,22912,2761,7.934879,0b61ede73c77762eda07704df96bc750b6a7cbae43eb17739a0c85e62f86d3ce,0f1d1a465e236111567dd8360ae0e7fa,102566b1c9bc6e7c9db79d2268a77534,163,113
2072,22922,1715329804.393513,33,22924,4171,7.957467,34a27f111b9d9064df039b5daced9d24b0d7eaebe75bbfc2ddde932f3cbee10c,86039e36d80283927ccae3af2738d8c2,0251ec3ef21b838bad9491f0fe9bf498,208,0
2074,22946,1715329854.280656,31,22948,4538,7.962531,44cadf16f1f1ed243255cd4d3c8f13661ae856d26b263dcc9a68342c4230704d,31468bbec92730fe7b64e086815b1cff,53f78929dcdcdc8cbee03853ddf9dae6,28,48
2077,22978,1715330276.815165,25,22980,2268,7.919322,2bf8887fe36fe1a4907f88f4be40f174593108e79ee750675baf2f37302f7f39,fcf9859f595c11be758f63ebe707b99e,2b125cecbbf0fee9744f449f3a2d0c36,252,136
2078,22988,1715330296.939613,3,22990,4693,7.957514,a6c754df94da84dbd79378a4f10647420f0b44867289a9fda073ce6b04a6607f,99d2c6adaf2942e4098e84eda76e394e,dc59e58683ae57d54cb37fd9203b7664,48,34
2079,22998,1715330373.186028,27,23000,2709,7.932126,b575add9b3abc398b224c12ede80b1a22755ce827803f03013e0fc0343c733ae,713fbd3bb905b6feb0580efadc6de1c6,9f3603c78fec4d9657830c6418885c1f,29,57
2080,23008,1715330423.707942,19,23010,2519,7.929489,23687535445b928d8a970eac78d666ebae751f3b67c31144de826cea63ed12cb,8c504e73ac3781bcabf03abe6a61565b,86625a3a52fd12625bdfb35e6eb86fe6,25,55
2084,23048,1715330552.167667,16,23050,1661,7.890265,a2b555b59c576b08d63fffd449e46c47c0a67cf4b1eea64abd507e976d800257,baf911f5d385d0b8f0f17c41730ae6b6,359fef79c1a70a96d9c6655e240947bb,233,51
2085,23058,1715330591.715124,3,23060,4154,7.956576,54767f607ecab285855b44f0088a3b0db92d8360615b890b168cf01361d50b29,eacc2a199cb8a77063e30286fd3e6294,be9982c2492c32a46ccb2b226cfa9134,54,22
2087,23085,1715330945.530886,38,23087,2722,7.932519,5144f9657891785e0e0bab13f6cf807e78f4833dde47b033b1840050ce33f001,f0ecfa0ebbe79f68e30af85668084e8c,bd721faa733e84b1c1217150c4f4aba9,213,135
2092,23137,1715331227.589078,5,23139,2729,7.931965,6a924b8becb155c2d4f13605af6b1f8033b7a7f86f032b51aee14afcb7eb108e,47bdf74340052d2857bdcb8bd0d776cc,24961035215422eaebb7586c15dc0018,20,152
2093,23147,1715331454.113716,21,23149,2072,7.905798,1cc713ea9209a1416609d14ad504e921608bf633a55d4acbfce6d998885b9255,96c61dc0a48d7dea8e3884a02f5b97d7,70e2222e9c7131789483f968c7a6d242,29,165
2096,23179,1715331577.002933,18,23181,4868,7.958213,6da17f33690cf96a808aed12011292567ea1a54eee54da9272c522625633bb13,4f86a552cccf173947ee4db225ebde2f,dd2879a0c53ebc997c819554ea3ca8ea,20,206
2097,23189,1715331601.949565,8,23191,1282,7.827505,2ee2926a97e60a52ffbaeec8e3a8ade4b1145c6943ccbff06f2156ecbcba684b,c49c5cdb18cbef9db4a29c4d47f26c32,6e30b2faa3efb3dbd2c907dafb00278d,240,224
2102,23242,1715332020.298768,8,23244,5552,7.958703,b5f5873e15a23cf84561e73ffa216be81e503d8a4b4907e8a447405cf9b63b97,256449a59f1468a2a897c3e95278b8fa,8925bcbeb19c76b0988961b3a532bcd1,204,144
2106,23286,1715332491.221778,22,23288,4046,7.953833,b9fab77aec0c89306df99c0d7d44b45b93a125d6c3c770187b560836247c7adc,f99adef768dc9c1c4ecf458deb4adf9e,3bd00ea473f9d2322756d1d602caa626,24,4
2109,23318,1715332779.046999,15,23320,5486,7.969325,475c18c9d69ae6d0cab1a1bc2f1804ce490fc8d882d2e926e0aba06c4d893507,97b98858b606f8aba3ec63899d0f6d3e,00ba825362c694ff1674d65f9f5e6c80,44,124
2111,23338,1715332988.556907,27,23340,5673,7.96174,648f066b2190abaac1f2204463d37632a8c91e9a32a221b9c9c1671e6527ed35,3ebf68bc80e52728eae59ea73a639963,f3c5c5be141d9fa71a8be4fa269c4081,182,218
2113,23358,1715333032.132124,6,23360,4080,7.9527,6734e6823425682f795a355098352d2b8a88094acb9b53519a7ab1bdd87e9b90,8e390b1fe380d553d7f5b7e44b8a8d67,acfbe1754d225a239d626c6872c6d499,241,133
2115,23378,1715333168.738739,27,23380,1221,7.852951,cc91f5f65fc2f6b2548bec90cf1b7ec20776f013f4b0fd12a8d4a8d625c46235,c4f40608289ae2e438f8ad9640339e98,04bfac5d16eac1d098d949268e640f5c,111,19
2116,23388,1715333172.224904,2,23390,2784,7.93312,2458787081ab5d3dc1f2f30f136682c7a83240db46f2489c433f0626cfeaade7,4de7dbcb87e8871ec369bb3e19d9473d,ac8ce90397bbf0557cf25ed6619afa29,147,113
2117,23410,1715333442.09722,33,23412,2133,7.913192,87314547637ee5c962e6995ca5ac2f0a698bf97cecfabad29ff3c8c2c4362efc,0ea23ae11fd6891a7c5a8b11c9436ae7,79083b18201e1d691277b1857850748a,150,168
2118,23420,1715333494.358423,18,23422,4420,7.957249,3561f622a9da869afa1015d10ca83115e8708620140481a91bc2dea58256ee66,dc27ee444f78398e3b44d9afe563d646,ffae9709ec1e9f628b091dc849000bf7,239,83
2121,23454,1715333735.168056,1,23456,4842,7.956797,5b760006eebe1a017f42f02b689c7d6d4f028c830baef34c824a73a770418fde,0b13c53a88944721ae9ab00bf07bf616,378ef2a0fd571dd13cd7829055438c13,127,213
2122,23466,1715333785.276484,1,23468,5552,7.965622,d5014c963848f63bfb615743d8b327d2b062f559bfdf69464b913ae381a3a289,ac498a4a6760f2bc82ed6d68ed371930,927f5ba9c47c30571b1bf586200a9e73,135,117
2130,23549,1715334015.489875,13,23551,3897,7.951947,5fc400357cda0ffc8df4131e938e31149b2c01e57477d2d5a55d16d16b4d9615,ad3b38ef92e871725d313a85a55bd294,7d5365fb46cb83523ec9f54a4890f0a7,234,66
2131,23561,1715334176.455582,10,23563,2016,7.8992,a5ada3f289c0a9c714ad928b2226978b1f92fc43395e6614ba80eab783f8fe70,188267cf1571611270246c514f5cd43c,35b3114cb635fb66a233798e17c192b5,177,87
2133,23583,1715334287.543355,29,23585,2010,7.908865,6c7e13f6c7e1d464a39b7b83d6d4427ebcd76299167ceae007ff903e5b0451e6,b5be0ca178c73ccf76cf346766cf5972,028b9d8f4673444360fa28e2ac65aad7,213,249
2135,23603,1715334320.176508,9,23605,5473,7.971218,5552ae16a760aaf2b74ee83b4f196cb2d2244e162c0b6f9efa5081f957594455,d137292fdc7532fe477b20813633ec40,d88e68ba40a62148c6761e623660af9d,125,187
2142,23679,1715334798.59244,32,23681,4197,7.961312,d549951056202cfaf71b96f088bad42832344a5eea17fbcdbb01ffa8a0129444,680ab7d0f04478f51ddaa0b5943e2911,126e1dd3fe75a8cbf94ce18b7e1551be,117,161
2144,23701,1715334928.817569,9,23703,4355,7.953616,4fbdcdea15a494af6d44585f82227f6ad3e2ece6dcfe32d08693bcc2662d79ef,154e400de7a979b2a678bbc4d93f884a,beb2813ed293a93927dc1fae279678d4,167,15
2145,23713,1715335014.358894,20,23715,5106,7.969461,06b634f7a69f30d3fd76f4849e5c72aebab12cefd1eb8b1ef10d8b44a1ba147e,9e5bf60faa9d9b88353de77babb59979,677a6d93596269aade6255f8d9224a18,215,225
2147,23737,1715335203.285687,23,23739,5618,7.96572,6fecfdda4e81d64a69ce60bbf1c5a44040cca7eb5b9a1734bc5d7091e4b4553a,4dd33ad3958e7766f6efc75516853cc4,125aa86cd160719012d11f6e9cffbc8d,223,131
2148,23749,1715335272.029444,4,23751,1330,7.867626,e3176516711f0dba3066d02b0ebbbd5c7ee07d35bc8fe2898322117cc4d3ca0b,230cd8fa38e67e458c50cd02ae4a5ea9,36b969c67f26269569481bf42dc6570c,144,52
2152,23791,1715335439.107102,37,23793,4355,7.954824,c45fe3ce2ffc3593112e945b77deefa60c7bd2f27727fea7c1e08e4ed518f5f7,68f57dd9ffdc46c8d17f92489fc51f28,33cbfe84a2dbc03cc06fe97cb14d7678,79,79
2154,23811,1715335514.930735,35,23813,2843,7.929271,e3cb8a2e8ec30918f988122409eba2c31749dbbddf913706f39cbef8cf2b0677,29980db0cbb2ad2e8b835e24d0185fb1,c07605e5e90aee131b38ff91b59d267a,37,243
2158,23854,1715335942.977574,7,23856,5637,7.966521,e86daefb57b712180882fabbee7c27cb4a28f2ce9dfc19f8faa1db1b9623853a,abfeab7a9fbea4841d26d513cea697a6,6a0b2a51b39ec5acd3c0482f61cbe23b,72,154
2161,23886,1715336085.283033,13,23888,1227,7.843997,577505aac9fcb0b609d45242298976b3de6d7cdd2e9c0fb3dabd881839a8217f,87f3e0da2c83a0068aa0800e1424c6fc,d5efcd9a58e6a8558991b8bc039fc38c,196,48
2163,23908,1715336134.766073,28,23910,1463,7.877235,7dcb83d671baff25cbae7c32aa75780cc5df6fa43d4a886f75af39223e326dfe,d50ffc0d80dd63fc18fda77c8482aa79,e348d879a395376ab1644d19f0a393d9,245,105
2167,23950,1715336341.442732,2,23952,1570,7.886979,bf01b7ba212e8cb34f09476ed266bbada620b150bec084dbc15e254f75ec5346,1c3b62764fd977824a2d7e3840fd1153,a3b0d4ecc60157fe8c33f0ced3307413,250,6
2168,23960,1715336366.370878,1,23962,5233,7.965374,25d5255044bf626ea2b950f08acf04f3e24ae3140ab00c299d57bda47cbb2e25,b0f200672d59804100f90d0eae249e90,7bf3dea60b507e950d7c6b2a8902d954,244,8
2169,23970,1715336425.217039,8,23972,2095,7.90284,7d62bf1b7107407782cb845664dbf21a6cf859cf5a4e89862c44a5c51861cc34,2654a4b8cc4687cfbd72e7cdc8543684,7de78740fb8d3f569d799fd1567fe333,224,204
2170,23980,1715336538.24508,22,23982,4724,7.960833,422a237ef43ba9384de3573d16ee822951a15a732068f84a6077c267f54bbbf1,cb3a88ba3a54c6e40dd56f0893ac8e04,38c5df64c0431913bda2420cb4c3893e,197,27
2176,24046,1715336908.862656,19,24048,1972,7.907394,b82a5b61ad3f42b9cafb2d240df78c7f839f33530f643eb8ce014b47ba489f8d,5fb9437cc697c9e0019b9f7cf05bb3ce,c6bc5d7c97323b4cd3f3e8a0f021d264,58,2
2179,24076,1715336977.868229,27,24078,3788,7.956575,a8c62de1de0825a0cc4769466e620894b8aef35ef5b9daada284d15ac0e2509f,ce4df82e9212f666753b97ed9014ddbf,3481dd6f85edd4a3b62148055723b2fe,163,245
2180,24086,1715336994.623406,13,24088,2633,7.929055,8336e1354a3730e853dabe927dd13aa3bbe0f2ae816305a4e10e6f70e3098ad0,9327d38f8c413b9cf6c02126f793cab6,1445234cf3d4a6316b1a8b282f3fe7ed,26,20
2183,24116,1715337056.568455,37,24118,4932,7.962541,ccff700c796a88cfb6d76f633e695b1fc11f1ce2ee860674b2d5222c68ce4dc4,3098f10b544a8fa585e5bdc7be68745d,49f132624c49c944684cf57f6caceb17,155,71
2185,24140,1715337354.224567,30,24142,1976,7.902665,fde6b55e04af778c44b4a81f7d6fd98ad9fe2168a22987181efe91d77407e794,385b4060a725f87c7b99c938776780c9,c9e8def1e7b4e8c27c8bafc62a6c409b,215,253
2186,24150,1715337375.442861,20,24152,5398,7.963708,f4c9bf4bed849690fcd43348ae89109ebcdc7597bdb1d626c9a81be5dee82a05,9731d316ed53f8eaa07215f32e41ad46,ae08bfa812f1552f2adae460270e3365,30,122
2188,24170,1715337414.784605,27,24172,2678,7.941506,1d67792d94a0d3846ad78cdbdc82eb9ed86f01be6a400fd1e3ae9dec68fbfc3c,5852e999e74fd587c0c7bd050fc0f849,55b12402eb4772ba6dc39193b16536ea,246,172
2197,24264,1715337940.6336,23,24266,3524,7.948479,9dfaa942ad72993a110607e4b964673f4a11864d6bd7cafd394ed6d96b652167,b9814a01dc5d506defa29cab3c0b8168,37b51edf5860726cea998794d434604f,240,168
2198,24274,1715338115.461034,35,24276,4527,7.958654,d40192fd10d1f5195b8e78a2cc0f44a862e89c24caebe6a32f334d83530fa956,f56059816643ae26c6254333b6cf8191,54e91a5bc63231129393cd4fb5f39c4f,72,212
2199,24284,1715338194.581769,31,24286,2409,7.914368,38c2df8700f8aa50be73ab915c949737f316261506bb554ab435edfccd66e007,8a905f475e467ef06301a4f2fad4ca85,c8d663dd3e62e0d388c1575fc965e5d3,130,54
2206,24359,1715338657.105765,21,24361,5372,7.962766,83798afc1a8a33d35778889b95de7f7334703818c0a7c4ec4478407a9f0507b8,a6d3cb0b0b416c4bccf7cdc672adccbc,eccd84cc18eb8518768575a8d1a7a4c6,209,191
2208,24381,1715338703.549805,34,24383,2791,7.949689,fdcc1107fedfa0e7b59158b7aac147feb093455cea6c08cfe1ecdf7c25b30549,5d56f455cc98f7597e83959a95c27a1c,1d7d4db915489f71e8cb91cb720ad60f,63,41
2210,24403,1715338788.817823,20,24405,3498,7.947114,deb69b75787cde5df120e42ffd8dd601d72dd005b1e23162d369dc4f474b2621,57787e176ef3d43ab79b885886ddc41c,2cb7742b77b3e59fb8ccd3c433b71da1,87,71
2214,24447,1715339096.037375,19,24449,5139,7.962505,c2910613cacf1a601d54a1e270c07c94958b7a0c173b5f8defdf362cef7332f8,c1019632c3751a29371b76ee2f274c98,29a1304b4790c2bf815157b0f8ad2fde,39,245
2216,24468,1715339285.020537,38,24470,5021,7.962146,214f2ef195ee19ae5575e73a041a97fb30d9c554707094712b6af7e254defa34,088e5bd46a2709776646015d466b39ac,c51db4ed0e76594e9c1e4ba5640aec19,16,216
2217,24478,1715339289.823312,39,24480,1294,7.846748,5ce0b80f2e1f2fe333d18ac6b9e97b6229b22e902168e78db023c48925bd1543,5dc9f3a790ee07192bbcc9ca775825d4,2b372f24760e8ae3b7a1dd25b1192cc6,238,94
2218,24488,1715339351.814814,35,24490,4655,7.957902,570257113036946de2a15db165d87991d54b254f23f35fd763451e54431086b6,0eaa1804476f43fff6e8d06fb6b7329f,6649ab0084b71f14d5fce0f864a6d6d1,191,43
2219,24499,1715339599.610678,13,24501,2065,7.901898,fa26261e73f5dfcbdf8aa7e7fd8dcff1a0c8ee41e2412059100e675a2c32a812,c87fee8a530516b6768a2fbad7fa9c62,9cdc53675c022ec846e1408658056ce4,222,108
2228,24595,1715340116.117265,2,24597,1293,7.844847,58447c1b99bd04a76dcc683bace02e63e575a5b418f5be34152ded0324cbd24d,cbae58b43d2b94a1542e7c3881549628,8b3a65396d131effc4a2c9a4e0dca5fc,95,151
2230,24615,1715340476.037562,24,24617,4250,7.960126,862cf4383d7a7808091af51591a88985146fe2f58918e29d377334fceaac5e5a,094907072dacb746d3c36563241c0ad6,a87294e99130f9d3c293ed0c90366054,176,14
2231,24625,1715340483.117877,40,24627,1392,7.860854,91c5f14b898bb7167a1ad0ae70cc9601c5f29ac786f52065499ca573c44f0433,9e827a20d26a8b1914cd988ca3905faa,48a799346113377e8374f6cb6065a8cd,5,115
2232,24635,1715340487.611176,26,24637,3333,7.946379,7b746b3ebfc3b463376f07a86f8a65a30fdf9f8fb6f475805e00c432b16b59aa,2af415c9199baf4ebeafbada88c0838d,18bbf51f0f6f86b50c7b507c06663a2c,157,181
2234,24655,1715340798.701065,31,24657,5312,7.967418,0cdf75fac308631db4ed8208b8135fce560215c08c4ee73f3b8dbba85daa0039,bbae8f28dcb8b97871bc087a00fcebb0,4fede8fb1f524c2ae2cc1bfe6812db9f,69,23
2243,24749,1715341205.938865,1,24751,3634,7.943079,bd3cfb69d029a137164fe4a6efd848c217a627aeb56dcbe9fd2141c6120bbbfc,f1a537474e393d3bebd896dd2b886549,f88418077daf21e76ded811040e9c7f9,216,200
2244,24759,1715341227.24594,39,24761,5752,7.962422,216e7c478aa3ee4df8ade64e56b717ed0bd6b922f1b3ac2825651d7192c187e4,fd4213585eefdefd5bc4f221d0e0b92f,ca78118afc8694924fca162326136a74,39,57
2248,24805,1715341466.595146,8,24807,5663,7.972746,304c47dc897f848db77d73ad49f0a79eff5fed1f9dacc305730200ee9ebf0e27,976185256b7da29b43acd8df2e3e5a42,6067963145e2710af98641bfff61cabe,176,210
2251,24837,1715341533.130279,5,24839,1756,7.901064,a4e730e8a7dec178ce41ba1a4be84287c09069552abdc3884518eb98d28541c7,06b9d8580dd72fff9769afdb7d2a4d76,83d374a08059646fb26915d0fd269ccf,30,6
2252,24847,1715341545.541636,25,24849,1883,7.920297,6faaa4886d1b2fa7ee1dfc46aff705ae91c7e8cbe91a20a1c057289984527426,6ada230f5b314120e679feb79402db0a,74a0521dc850d37c450b37a8bd34ef7e,156,146
2253,24857,1715341582.360511,19,24859,3205,7.935821,8c82d881667b502685170f26aa8c6198bd96d64ff8f480dc26f2bf68fb078782,990565a1c726912444e53f6f0fc2b4dc,3a93417d8cba482a3acd05fc21e28d34,193,103
2254,24867,1715341682.273929,19,24869,4310,7.961381,268cc4ad3774c6267f37d5603371c514ec07e3eb353addfb95f12a9646aaaf34,e75e9215dfef9bd56c5aac65b2d83abb,f3e1dac1aef5813d104018be229a86c4,29,21
2255,24877,1715341685.089749,22,24879,2081,7.911671,659d17d5bb7a815d9404e8ddb08cb8a8ec3c2012beccf949ddfbdac61bf42e00,c30fb7f865448d2c36bdbbd05be074ed,1020b18d2a830dc0bab9bfce5e52b5c8,47,163
2256,24891,1715342055.784869,14,24893,3519,7.943954,452942fe392831830573765e9ab8fdc567de5b65009f91276677bf58da831e9a,e70a67bc85b97d8455f492c85d692aa2,18d936e7bdf3b752ca65598bd90fb183,41,171
2257,24901,1715342126.654678,19,24903,3496,7.935395,a51ebbe31159e45193a08247a27a9480a9317a884accd01c5153d6905b69f2bc,ae4672ed35c373c9809fe6b9d0e27df6,594a7853b71df37e8461b7dd62eeb969,116,144
2258,24911,1715342188.897227,10,24913,1473,7.868571,7e892a8917c6e826ab2cbf558e517e420b52c5090940f04fc621f4c938cbb8de,5800e203d4e2ec917d26744e3f20e9e3,474dded78040aa585d432e66fd487d66,12,142
2261,24941,1715342333.192079,25,24943,5698,7.968632,278b0dc89de5d97f8ad5db0c32cc1b2d8bbd4ed927f2606469222964e110207a,4f51b2d2eac72469d626534e9415c5b9,116071cb3becd73c746f343080affbdd,133,191
2262,24951,1715342350.957833,26,24953,5197,7.963872,6abebed999316abfc03bd5e15a29d5cc885062ae9b5192e6cb69e8bc48b7ac66,d9714e9073be3972e5a81c471d0f241c,0e04008f15c53229aec9380344b5e6bf,163,247
2263,24961,1715342369.75804,31,24963,2133,7.915373,9d3cbe1b8534ab7c9e7ee2a462abf3fae7362e7722439b3c696b8f057054f504,c5531cbb64cf5d67cadd397063adac77,f820f8b07d39b685892e94c490ccce67,140,40
2264,24974,1715342474.420861,8,24976,1308,7.86661,3321b90bfa082658f765cd2a4db1d5d4942cd869f1f484ba0bfb6d451822e696,2ac189b7618f4b8c078be9d89935b385,47d5a6b72246b7066df3c9e53994592a,111,117
2266,24996,1715342553.012032,22,24998,1857,7.90141,688d5dad0860ef51d605179f94040d7ec539b03ea4b92ef36bde587f09d7b89f,17616d62b9d1cfda2eabfdc0ea740502,9dc381351be2e2c7328e2efe9aa1e338,236,34
2267,25006,1715342587.609218,22,25008,1557,7.872035,66b1bb1deb4e5308a7021cb6907be6398201cb7043886dba843a38cad5b0f737,c39a8797411ebfba0d4c83aa15f012b5,b83677366d0c308941de72bf7fdf0bcd,42,16
2268,25016,1715342594.285885,28,25018,3853,7.953281,3698c9fb0e189c5d15cbc9a07b08e0e9453c41d69edb87a98609f45f24f7a0ef,f297c30d6b07f0eddb551621047e0ba9,8d0e2277a3153e634331123501d1f912,235,185
2269,25028,1715342755.79826,22,25030,5000,7.962785,0dd4dda1d2681ecbc8daa011675f11c5a222c5efeb23bcc45061eb1d3a139628,387b720da61a27b73c69fa62d461e412,08532a8324241cf4604a22b2d604de98,184,192
2273,25068,1715342993.316916,30,25070,1660,7.880276,c7cb7d752cb849f491b810c10b7f444d0183b1a869c55678654ac5b4ebed5fc0,4fc9dc3af5e8f7b63b1caee314633277,35bdaa1c1b200bbd2272801a174f9821,7,63
2277,25112,1715343243.032433,15,25114,1590,7.885064,ef814a4d631d52953017fa44509426f4135c488d3c655fb236f976e18ca441b5,171509fdb5d875132d6c2a4c330b2b57,656e7bca0b8487946169ea4ffaa992f3,194,88
2280,25144,1715343329.342242,23,25146,1932,7.895566,194175644a86f45c603a7403ab87e4e63db93042f77597cd9ca835340540703b,7456e5b7c9047d6fbae1674f69f490cc,0796f004070b9f35daeffb4ad1ec75cd,178,22
2287,25216,1715343549.206006,19,25218,4396,7.954652,9d7cd973236a75b6f3e9be307b7d0d8596c25ff0e48e2a3f89a14c8178431113,9510774bbe0b7408b2158879ed32061b,e7108ca18d108ea8ecc1e4f94d0eb041,127,179
2292,25271,1715344174.816076,36,25273,2932,7.936538,75b9c15605ebf20283f4392420d1fd2ac5b90581969c21cad846dc922688d5f8,e37de88e2ef8782164c8851d23c3f807,a14f8978029cd5cf78dc1238b5958199,1,77
2293,25283,1715344310.41247,21,25285,3486,7.943623,086dc1c4d1af3648517c81d4b86c7eb9d734fad9a12ae0eae6f0474b41fc10ce,b21dfa802aad5d04da711cb6fd0fae69,f9f82e0c83b63bda16af34f8f4578b35,46,156
2295,25303,1715344487.705704,8,25305,5718,7.969004,2470e02f1d78545e5d8fa9c968d95754b21dcd6942927a87081ba4907ec85351,04e46e09a5fe37cc6ae41042ca51e9b4,d79dbac684e3b3967a7915e88ffa63d9,173,143
2301,25365,1715344870.14614,9,25367,4753,7.957128,a8664ce8a63b3764b2d67571e512e378bf0c75ea7aaff55e80d0068d6ddd3a74,d3e5a60ef857203184b93c525771bf7d,3e8089141f731dfda1afed5a8e143f84,76,106
2302,25377,1715344892.183764,33,25379,5234,7.966124,216c42c1785a19eca9dd3bc626dd1cf3d6cfa15e76ca321cae357bf6676bd179,98a72b9bdad23662a673592bb9b57413,fca41d6432aec82576888dd4158427a2,20,52
2306,25423,1715345149.861207,4,25425,1377,7.84652,8d55ad913e6b0fe2c6fd21d6d7e4be4c7159a41ae33a046996c3cfaaa9ac0296,88ee455b68ab3dcfced70f999a065921,0c6dd9dc348deb9d2ba2090f6201e130,25,255
2307,25433,1715345215.37,14,25435,4821,7.965193,2b1b104187a550ba1e279803994e18687631d1de9078a8c0e81154eb3a64b9d2,f5adf6da96742f07bf7e556ee04a780d,68cd36c9a2fdc81da1918fce76d25411,26,104
2309,25453,1715345229.642929,29,25455,4786,7.962259,20633a5fbf2b67177cb5ec93c65937db7b12f8ba88369495516f608a0aef55ef,96891c89019ba8cb31478647668f93f1,bfb52647a0cd2ae1f6db8cfe45898c33,9,81
2310,25463,1715345242.447154,28,25465,1938,7.909083,6e3768f5f8dcf8271659489cd47e28f54dc421e2833536f3c155b5bf69e041fe,3239767bc4af184bf4568c4a50f147a9,02688fc9af07acd77edda3d274d9ef68,224,142
2311,25473,1715345266.926934,13,25475,2120,7.917044,02a5571649f7baeb478993e51f7f00c192e452bfb3028639ec41a4bb906f86e8,b2f69beb91b0c47091ef8e85044a2371,162988b57fb5f444f8af7bc1391fcf77,204,106
2312,25483,1715345268.365489,38,25485,5536,7.959465,8b53e25a5a5222eb63581629cec4dab1663c45750bf3330fbbb58fa857f7a5eb,f9ce18d8bedde22204d750ef43b7011a,a72ae478a6f7122bfec31d43d9e5e904,114,198
2322,25593,1715346152.869288,9,25595,4736,7.958321,d27dd097e15dd6bc4b39e0883bd07291c74a0f296fb744da26f021cc5c359f4a,155e1767af2057ae0429d2ecf16ca081,fa6343a7017e14c4cc5762e416f9e930,12,186
2324,25613,1715346250.828033,27,25615,1360,7.863356,b5c6bf1e012fff1fab927c949139e1acf8451e78842cbbef599d104630c3834d,b31c0bac3b56fe00d183bfbc63253b23,c1f9c80bcbdc309e406a055412fe32f9,100,110
2327,25646,1715346502.256649,25,25648,1611,7.880945,e1d11de8563defdaa5a977eacadf40efc18450a78b2e8aa3f45434a1dc6cd13b,3f1e327652b3efc8b9e51b01d4021b3b,ee557664e79747b2c9f94063e2727ee8,216,244
2330,25678,1715346571.859078,36,25680,4035,7.950935,506b2a748b55aa300d196d23254d85b3f9e5e555a4b35bb7b209f2c3203ef77c,303edf4256241ae60574d48c632c673f,9c0d8869606086df6ef9883d1f77d5f1,56,232
2334,25719,1715346796.036356,4,25721,3757,7.950367,65f40a7cb3ab3f60c727b5d55d865fa9c4e6cd20f1f7a115c21112b72c79553f,9513418b9a9f80cf3c79ed7bdbfdfecd,c7dcfbf4b81e2ff2ee6142453f7ac783,64,146
2335,25729,1715346843.564983,21,25731,3103,7.943108,665472c1e232b4a32d81dc16a2f25582ccf82ce63080d816c11f0a509f05ab89,c0c5736a188ea462e66894e475e2562f,e2fae01e7f34ca5c6a5110aa7f2e795d,144,152
2339,25773,1715347130.064509,14,25775,3387,7.94029,f7da9faf6ff4d5a5a30b424d33853ad6e65bafa39586b2bbedb327fb49bbfdf8,705f7901ee2476baa9c6660cdf5a8e1a,af76232a63108da542461967589ed515,127,19
2340,25783,1715347203.002617,38,25785,3643,7.943609,5375a206af5d2e70718399ce2fff837d99433d191a1951f3bd18219bf329e8d6,566fa1ece79ffd6889d7dc5d73c61d04,09716a159c4ca461f3863bd80fb5bd11,113,11
2342,25814,1715347538.189566,4,25816,5366,7.965439,c7f21174f9a073330f937331cf6303b43eeca6f17c429824930c0ceb8664da4a,b5fcc288926e248c1c57b18ce3ec673b,b8a23160a854ce7dbfb2ff43c29b3a18,123,255
2343,25826,1715347656.684363,6,25828,3524,7.951597,2d4057ef91826db2febb988fd9d58950afd7261610e08c97f280441fd6b4a5f5,814befe2a79833ae9ba7b95f41568cf5,605a69109fd6765fc1f0234ce6f5c876,15,45
2344,25838,1715347682.113949,17,25840,4941,7.967228,94b16b02d72445ee83dc3cccf1e66da242bc21dc777d511ee9a2f423926883a0,bc883ad82b8d0e4917a6279c3765b9f8,462e56c955310722ee07aa4fb6cb0bc2,129,61
2346,25858,1715347773.994037,32,25860,3131,7.941383,988f7fda79f8832574b73fd0f727922d531333242c483ba866b2aefb821fde1b,1087d96b8155e622b33146c5bcfd7414,37ae2be1ac35a6041fb8666f57c22eda,159,97
2348,25880,1715347898.485118,32,25882,2297,7.920555,25c08fcebd720b4cbaa8f3ad762a0462b0a918ed2a0cf719eae09358804af3cb,28d8d87303c08242377fe50a43746b7c,9e08d4f0d1904faf637e02168314d14a,42,40
2349,25890,1715347993.590739,25,25892,4002,7.951111,ead7033d3352905ac4f4732c5ae566fdc7ec8e66f49f6974d0a09e1c06b20639,25df2844e60bc9ba63beb3a807b6389c,2af10d1a662f9f723ca08ae6c40d50a5,52,26
2351,25912,1715348057.843118,39,25914,3521,7.955804,396b6fb616f624a52b965f23ed4c81afc92bccbd4f2a0071249e1b05611a0ef3,e9c846987b7837f7f5623a3be33717d4,1fb143c8bb275fdbee6d03cd8b42497b,217,11
2354,25951,1715348273.594482,17,25953,3981,7.952793,757749e5adbe9d01f5c6ef6b77dabaf640271a70b0541690b1065e35348cca06,b1a6f84584ee8a5c5e6d789d8d6a009b,363f4a9c243fbbb651c9df958e0872ca,239,149
2356,25974,1715348558.352299,35,25976,3455,7.94853,2fe7fc2c763cfe6f527bf6db6b5cac0181b17e4d884c0cfbdcfc5569ced71dee,25bd3a4743ff863b1001f82d55b8ac31,e9eeb08d4dd7df1794d8e37b0db6636a,107,97
2362,26038,1715349222.397919,37,26040,2056,7.907656,7945595b972ea194d98371fa47a66a2fcfdd39f7e0e46cda5033cb9f776e69d8,bcfa20a22dfac6b25ee21ed23d3d78e1,0ed2052857873a773728b1bae8cda04e,137,165
2364,26058,1715349448.956458,2,26060,3061,7.939473,7a18b778e40e4fb28243a6a4976839cf0c85cfaf29ad9b744e80e06db1a9d233,9a025c55f2c5a9f2007e95bd47c1f9f3,09d03d4271ecd17aadd362f4c3bf7d15,172,82
2365,26068,1715349482.239583,24,26070,5687,7.968011,755fac693a522e2e3f558b3225f11bd4baf7b14abb006c2e30dbb3ef06acde88,e9a35a18644d5bada07031c1266c5343,c3bf1cdf5c9d170041f29c7143609790,229,35
2366,26080,1715349609.231961,12,26082,5091,7.962972,c9a61efc706040177fa7b9fe753663a4c9315334cc50315cc0c811b5b466fadc,b5714ad37ba12b64792426983f9f4cbd,b95ce498db8ee7df0c9d580f0dabfcb1,123,51
2370,26126,1715350079.748939,1,26128,3325,7.937713,98276df2961eaec754f02c03a98855cd0bb1eee0e6f17976058ae376901d061f,ba5fdd2f9bf5268c89913ba20b7b2aae,c84b5b9b9c9252785a9f14f03495a0d0,102,214
2375,26178,1715350224.91338,8,26180,4975,7.960195,329eb570d602723fa9d1da50c35f18788ab73dc727b4c2309b4d3ff5d84fd433,658c1658d5df5edc7402139f85c4b314,4760786431fbb998b9eee4421f6b7006,24,230
2376,26190,1715350291.125114,9,26192,1755,7.884852,1727c4adde0cbd3c9e2a281c7b2bffec8d1b6fc6dce2c449a98b81ea38682555,60ba623e7b044a4d2f09088fddcbe7fb,9063f5ff65fde6f881827b3ee3e926f7,76,20
2383,26270,1715350921.143168,3,26272,1700,7.866508,149f4f09c2e05995f4bb2801deb4b6e661feb611d1710f2e04a2993ceffe5178,142724db1f994fffb5d8de6a2866286f,9cea381824ee7b2d25afe0817f783d33,161,221
2384,26284,1715351004.113144,30,26286,4014,7.951884,575f99b213ee47fc90306901297d670f2493ccea470fa3ffa1ce777bb891dbd4,64023f15f65b03633d3b0ea5d954cdab,aa262bca87c2ec7ffa15ad2bf0162f67,126,144
2386,26304,1715351078.999907,9,26306,4042,7.960977,7c58754cab3f0511a025c756560f7aa017d5633a8309bd4f7ff15cf42f74e982,e9c40532e5d7cf73faa705415624e824,1f034648c72ca66c5da7b14a2f8de2fc,218,76
2387,26316,1715351196.050445,17,26318,3093,7.942793,36ce1167420043438f4eba23b6e55f75826a74ecf3dafca3d28143c399b6fda1,a801dc231321d172df36feed14feaa3d,f8f1c18150a2c8463c7a2b05e9b89fe5,60,40
2388,26326,1715351212.949355,1,26328,1209,7.843236,f173874f29aa65bb5dda51283e60f0dcd877e8e288d5b57abcb23db642a53377,09037ca623293bc08c2fb5aab2075b4c,29ad251da66de8fad23b433a35f5ba44,173,155
2389,26336,1715351218.609646,28,26338,2944,7.944472,2daae89e760153627dd3d1047b46b8c5b450d02ef3bc41428c240da04450b83b,e9a40dcf5f8d3ed0c45392e3d0b726ef,66cb913a007fff49c68de7ad4f7610a8,88,42
2390,26346,1715351319.598803,12,26348,2539,7.912019,154427500d91267c84fce8953fcdae9f5cca1850873f7b09c61e0a9fe2c59ca4,10ce38137884088ef1627372383ca71f,5aa3f9673529401482f3dedf6a63720c,255,177
2391,26356,1715351368.914805,3,26358,3043,7.942586,09d2a224a491e06b00b19e3257589d513e63dd62868ab0f16212be6caf31050f,4684f2c9ab670e17ca00cdbae8b942bc,9db739f50f4f1e6094503b36589c40db,251,179
2392,26366,1715351529.150426,20,26368,3975,7.954291,7eb7216f48d98e20d8e3fe82b29619e51aa93e1b544e194133ae11441bb79bdc,180a649c741b4010ce77cb27e2368f79,4a3d061846ad2f75a9128eda9a938f67,9,33
2395,26396,1715351668.026541,6,26398,1300,7.857845,e8503079c0f3c0de8a274261aa395e2d61b0c0e956654802cb7e90170ec4bebb,c3f315a4b83ec305ac3c72ce2ee570fe,229d9c9d8a3317c2966ff812c07339eb,142,190
2397,26416,1715351789.315683,11,26418,1359,7.859342,fb640a34b0bae21fd1ec6625dd302435720f546f0881291cb62334efa1199307,61bb4115270573994290216e1e80cf7f,c96c0198970ee2b3067a6512993f0757,41,71
2399,26436,1715351931.742129,3,26438,2597,7.934577,fd3d4d66b1db74956581518a77b96483f8214013e30ab522f214932242bd7181,efe54ce8fd528cfdbd5a0da25686a8dc,1bbb71490336e5daf958afe2062b874d,128,244
2401,26460,1715352180.664588,29,26462,2442,7.919919,d2ee14d910f2b29ee780969bc07325e5b7915b329828853d04c3ff67df9faa21,28665883a0262f841d4527343209f4c4,dcf0b12889737ea77a2c4840fc2674f6,139,41
2402,26470,1715352200.80501,5,26472,3414,7.944475,ab509d228ee45a76444a07f8ba31454f9db4962ab1191ed4912650981c9a138a,42d2b5d309d85890076b601e4ee774fb,7ea62b2311a14c4747ef01a209438242,189,189
2403,26480,1715352210.546573,9,26482,3175,7.948337,0e12a58c3dd056cbf1f6509674c86d3aecc5f1f4296bec3385a538c151e0e3aa,ca25150b38a6e0ffb0bb2a793e06b225,d06d965184d93ff156386227073c3273,133,161
2405,26502,1715352407.117259,29,26504,5469,7.968185,b5af75eed62f96ed3c4d00c1cacb1f4d529a1cdee4a3de3452b00bbfe544030f,f3dad8b45e062ccd3c4cd50529050a72,f0b8ec7285db6e242964d0432f697e34,14,170
2407,26524,1715352461.77726,19,26526,2495,7.923582,07eedbd97a65d396924448fe723ea0c9c495036d83c2d9ad12bfde64510d53db,149c360cd9d05a3dea09f8774b0bc248,385e089f04cf5b2ab5dbbd58deba34c7,19,147
2409,26544,1715352583.675411,8,26546,3056,7.937099,780253c350b26d25f82c9fa3674886a3c169a66ddc3ba84e8299da9383692a0d,cd54871cf7ecca0463c881db4ee39f92,5eb583befc8c5ef684999b10fbe109e9,163,187
2412,26576,1715352719.1854,10,26578,4023,7.956118,0c7146692b892ab6e06b293ce600f0b9ca5dfb51ef83bea6a32be9b1500848cf,f8a94e397c38867acc41dd04e1f0a326,cf3fdb6be19a293ecf2e8857c7fdf211,137,235
2414,26596,1715352755.552615,26,26598,4570,7.959609,5f4f9153ffa70efa9d6413f080c47f28efff82ba94ecba3adc86eb9470e1c88e,e825af1de334f77602303744dfad7c1c,2f02d111abac2b1975e97bac29de67af,239,181
2418,26636,1715352879.402847,2,26638,1938,7.898903,9ea6113475e97de4ba2b9184e22176cd31e2e3acc0f8297334870d6c2f207ab6,ad389e167c70ead12d559b3dc802d758,f4736072865c927a0c2af327ff66d40b,67,19
2419,26646,1715352880.82233,17,26648,1573,7.864282,6cac84ac857996ad8eed62ad95f125338b1374196a607380c09e59eb591b64ca,b6aa4694a12c091be44e468297b0c5f1,7eadb6fb7c1f0faa2391cbc74f0ee998,172,200
2420,26656,1715352964.887045,13,26658,1345,7.859588,eabb4dcadae206b9ca95df77824d58ad44f225423989ada855a12d365c98f19d,28ef1df1542150831fa2bad6136cdd6a,d11af4134b8f1c92cd98488781d7d141,225,253
2421,26666,1715353025.716713,27,26668,1499,7.884438,1832d82d79e70cbb3a3f91a2417f4c77dadb0be0dfbe468bc79a7c360f74ec55,9a6f4898363c373c3fd650537cd16ab4,bd4a03a6ad03fe0445abfbdee8565048,72,96
2425,26708,1715353312.909037,2,26710,1632,7.904123,45aec698a780cc2530e7e51264106e840ee60ecde859dd63d6b1bc10fd09b308,67b524c51f9bbc2151e66b71e64df28b,2294c5ba104e964cc4780f685de4fd53,183,167
2426,26722,1715353460.52477,30,26724,2061,7.91094,29ac0755d715d8d0846b49443129de94bba580d2c5c5fc8cca62cd4f12cb2440,a0280420f6807fad88081c4a14787c34,7ed4b8143b1be04c2018f9a4296da0d1,87,245
2427,26732,1715353468.43184,27,26734,5425,7.96508,c82abe62d30259d3b29d51da8c4fb0b37c0d4884013fac4c9a2209894d00443d,22c5a2df2d3f8bb8f9da8f5933914fc3,cc3dd0b8e15aa8668c963aae7a9cc082,248,178
2431,26780,1715353788.182918,5,26782,2137,7.910662,16d65bcc9b38a13ab2f1c0858a17ddd7d0689a06cf63ea1b4a4bb0b339aac09e,7dd846a73cff8bbf2ff8fda956f5b09c,65b95a3366b2148882850b95267904e9,213,253
2432,26792,1715353974.281217,29,26794,4149,7.954284,470acfd1c8f55fb7edde75218df18a7b89ddb26752878cdeb91580ca1bd9aa88,8ebe047e26916f88ed83ebb0819f41a3,a3c880946e47dcf259c4a65ab80d8472,70,230
2436,26832,1715354217.142248,22,26834,5246,7.957951,571e10f898de27cec21587f993130c53bdac12b6f4d376b1888dc78ea2bfc565,0940be492dda05d5156f1884fe72f172,2ba288557dbce48b886f23281de0dfcc,122,14
2441,26886,1715354592.100329,14,26888,2832,7.932644,3c14c2d0b87709f8324e5cb2788e53b632a7bbcc003c70ad4e082d69f192049a,921e8b62adf16d24a64f4ed471bb103d,f8ac1359990aae87d478a9ed6e8beedc,82,168
2444,26918,1715354797.584757,22,26920,2470,7.9329,c426dc23bd524b25d521c07edced26d02bb7b294ef9535ba7828918f5468fbef,a6407a11b0647a510155792c4b605253,f57019a34045a8f00e82f8eefaef37c0,132,246
2453,27010,1715355411.918645,19,27012,5004,7.96333,62bf9c68ab61533d5aa23d5c9e95a5f29c97c5b1dbdba56cbcc776553e24983b,0ce122fa8c58ab7a42098a763e035eab,7279bd9bc17c1d30596424ff7f513f09,37,25
2455,27030,1715355441.028229,35,27032,3940,7.949774,128856d7286cf52fce93e6b0086907617623738ab43c1ec664f2df31a2836bb5,6c1b9587b04ea6bc235b1682aee0ea62,ec9c1722ce7d11e9b6a69c69da3377b9,134,114
2456,27040,1715355447.256372,19,27042,1715,7.899955,6f54e863e94151ac3ed2e438a3b816da9baed6036f596a5f9011b3c132808e00,12413022f8ec623189ccd98afbabed61,0c2c1c3ac30113e7e9e5002a3bd8bdf9,192,64
2460,27080,1715355664.029919,33,27082,4073,7.953048,a047d93cee1bba504de4b58be05da6a454b4316343d89b6389ee4efd73b6e01e,0f883e743f1be4d8c8e986b609bb585b,cdd914ce801f941876715d516b1b6e08,124,198
2461,27092,1715355812.732424,38,27094,1703,7.902088,bd4dcae009e563e43ae3e06e19341e09d98517e260c25531cf5be20f2525e332,47e95377e0c159ffa2c96f8a9a1e4381,2596a4df336473b0d79c6b6728507c3d,244,156
2464,27132,1715356148.493292,30,27134,4022,7.953672,e2f7be8c337b610cea9f4473c2c8b4bb88668184532ca15fd0113e44d6346246,aeac302a882d9cae4c59bca87ce1456f,443cf6354d349c2c33a12112d315f8ee,73,65
2466,27152,1715356211.469529,25,27154,5431,7.967146,bcfaf568f95a501a8646c690f5db31fd2a698c4cdda2ce19c91a0fe0c0077bfa,caac320bd748d0c279303e2de15cd71e,482c10fa6c51bfa1891daab7006ab2b1,68,86
2467,27162,1715356329.363922,13,27164,5002,7.962817,75f68b6f5665269106f613d81189bba05b4fb40c20a56aac19ab4d853ea67372,b807c35f157389f5c79a1787bf12a4bb,2af4c3e6bbbf01c66495f292144a2a84,202,142
2468,27172,1715356522.920035,35,27174,3256,7.940452,a4400d0bbaadff05c0234aef047c0ada8fe10087fbbcf0cbf1f0a9ecf7bf6199,1a9923f90034f970d527265360854ef8,5efbb4e821a01497d33402386b89bb25,217,5
2469,27182,1715356526.495647,14,27184,1911,7.900582,bdad9939c035e63cd8265332becd9c268ed53f5412f5cce5642c4bab66f9440e,dd56b1088ba38e7968df6dc3018da110,14ddcc0c97f6372a0abf4593bbd3c9e7,21,67
2470,27192,1715356570.398622,12,27194,3978,7.948682,fd0d1cbab16f1a966c7ff7e9342837504495c824787e4f3443f4d0ca9e685765,ecc1aaf4af7764b08be6e670052b1aaa,9304f3fd0d812f348f3996a2eee71c45,179,211
2474,27232,1715356852.539006,6,27234,4166,7.953251,ca4232b62e666cedc138bf3067c900a3d0f2237e0d271627bd0aa87652f06b00,f86e69ee972af8455e7a03312677ceed,7367aaae1382bd0bad37c8b983c59b58,163,11
2476,27252,1715356961.795122,25,27254,5555,7.963836,a17aba16bf1a096becdc1c0271732030253027ade53f03344e9cd917f65b2213,c4e57f4cad6d3bed4b4fabcb849c8a05,574160e4f0548b4ef99b19c10ded8e6b,240,184
2477,27262,1715356969.163485,17,27264,4523,7.961649,09342b675be84336cd5d02256b0d220e8c0d3446e897576b9a173f3c87231666,fadfea7d06ad8c6f0dc0b0e742f5e129,460c4bdf4bfffee96cbcbbbc5c31ef6e,231,63
2480,27294,1715357146.385155,9,27296,4332,7.955073,80218770b9d28a31f62c72ba0bf8a5b779094503d4de96d80afd9327d3e0c7cb,4d8529be62c31eb9200130eb66039329,702701c3a3a05081cdee3d270806306b,209,197
2481,27304,1715357249.102006,12,27306,5034,7.956445,a594e2a6029e70513a7c88f421fbc29362937e9d02eec8a80a1eab8fcd1776b2,fa8182ff7432543d6c0ff37b27114f6b,d64befe554ef7ee1c7d788ce932d622d,66,64
2482,27316,1715357292.645988,38,27318,1475,7.847649,88b3dccd95585e46151566654f505a77b86f967e7d9c0d85f0cd8da24cd8b14a,63836011da7ff161940f8c3a26f16c7a,156d99b55dc589ac68c85fbae82ff924,136,178
2484,27336,1715357354.70197,6,27338,3981,7.944302,40e65f93f3780b4a1bd8b40fcacd8799b92b74ce6cb4ec9d6202e90960d74107,d63ba0aff65882b4b43629aca78a2d15,e54058a1bcb37efc17579848b6858fd5,56,124
2485,27346,1715357371.069086,36,27348,4327,7.954391,3819941a136bbafd597a29f06d96641fa05a5e8932b9d1c5625fc862e6abeb73,fb9025d4079f2e23d1b333b3fe250a8a,04c4db237e9f097b06d0fb2118246d5b,27,15
2488,27380,1715357457.743667,23,27382,3465,7.946674,f8d7c34db4f3812c3dce16522c36e121c7ba57f65e3ac3492620ea392440632a,3fc5ba140200953ef945b1e668adb8a7,329b7c6491923b282de2a6efbba35ad3,82,92
2489,27390,1715357477.56891,14,27392,5795,7.970314,59ac65d1540eaa396036e8fbfd9a3afce21601c81cfad054ce898a4a0a679afe,0948d5618bed3396fa0acb759f59a92f,e22e37bed0ee4fd7bf6345d21940d5a5,71,205
2490,27400,1715357538.30835,40,27402,1691,7.894879,90815db14e6a7c014b4f7d8616aa38fa2289fdfadfd6f66bdec0ba62ef3e5a88,6a08f98a17578897ce2199c45d938359,ca316d48af9f476c8be0db82b7da5ee2,17,185
2491,27410,1715357591.141151,39,27412,5465,7.963234,5b429aea841d90cd81a520062403868ba3e6b239bce178765796098f2a30ebe9,a4fa597b6f7a33da54f4abde84c9012e,e4378dc5cb39ac61282b59881b58dbd0,166,74
2493,27431,1715357871.059457,32,27433,4109,7.949283,798e1f4497182b466794356c8304ba51697b4cfc63c4c31ccecdf7d51e069644,44d3f73b5fb141187fafb6fdc1ec2fcc,8517b210da8e6f9bcb574a73211f7e3f,84,250
2504,27549,1715358600.789543,3,27551,5379,7.967054,96c0a060af89299ac53bbed67cd1d2602b846d2e49297449d1241db3cf1cb7b9,3198d4dcbdb71430be97796a321084b4,11606f9ba2e9de39b81731b10a3ea7f5,12,34
2506,27571,1715358781.891578,4,27573,5391,7.965865,c1a2ac6d6fe8644f5e569048218b2280d87405fcd6181974447b2ee59233da8d,14aad01dcace848c4131c7375dd82ea0,d4de66125884b58c3b72922e19baff76,105,209
2508,27591,1715358791.623653,29,27593,5733,7.971114,19330189ce4400f9998bc2e1191c8c8161d982468b3d3c1b2c4c53851022cc51,7500abdbee7bd75e13647c49c0a04eb0,325e6f0054661b9c0ef76260952f73b9,58,128
2509,27601,1715358826.978911,10,27603,3545,7.949946,93ab35b0b441882a1c5c03dd5eacd4a3578a149f2ec2f4dbe3f928424d1101e9,ebe8a2408c835a6537053d8ee15f12aa,b77867a6ae305ee403689b05cbaed80e,93,19
2510,27614,1715358890.664549,38,27616,1379,7.856385,32dc03adaae56610c4f774a49e94b119d7746e6ca169a31d09fa4440f1726106,4cabdd536835f21ea198739bb4bc46f1,2f8043fff35e5e2383b6bd80076f26ac,181,135
2511,27624,1715358983.954765,38,27626,4699,7.960753,6a811673b3fdc1d90727ac9a7f0fcba10a70a898a9b1f0166645f7d3ea97b7bf,e6e9b8d23fb825032dbecadf89dba426,3484d3b0e9a9671ae76fb8fa80a23ddd,90,216
2512,27634,1715359071.247461,25,27636,3913,7.951411,98e9ec44061016633fbfa02ae09a55032ca09c1cfec75246b14dace37a6a6e28,2d6d27385fd251f02265085bc44f6ad1,6721d11731300882f6713c6a408ba51e,122,88
2515,27670,1715359474.120799,34,27672,1606,7.870467,c3c6ca7270f1330d1c1dbd26d65f53eaf8c7c3d02422658c55b83a6aa9c875a1,5fd92ef1f3eb1697abeae94c79e80308,6d66bd41ac4e684d049edfcae8aca65b,61,243
2518,27700,1715359530.945662,6,27702,5113,7.966998,02786f35502d343071b80a07ece6dbd478cb1532096f2713da2e9dfa824e8f6c,fcef8816f2f06470baa5570a3a993825,0bc74b3fa6fa52ff8fcbe14249d734de,169,79
2522,27742,1715359777.47133,12,27744,1428,7.880862,39e8f7fa1a6eb1c710e512f98ebcb75dc3c9f15700ad159cebdf2396439af377,6e66d2faf2c6017e564e3eb9523051e6,a036c445ca9f165c6c27a2dc3b11805e,140,148
2523,27752,1715359802.680441,35,27754,3219,7.947362,9025d47994c97dbe8f8c1155530e424f268a993760053ff0d99a4b97610b9253,9813ee164c2908ec67a8bb6124256382,1979413df187c97413978bbb38144db6,125,229
2527,27798,1715360448.99652,17,27800,1673,7.896948,2c0ad4ec7a7870209518efff21fd0fb6e8dca520929620b6861d9e19732d0236,c4e141bc224c3477c86c44ad7351b946,ebc353df5cea8a9e2d84cee3be92cd5c,35,51
2529,27818,1715360492.398423,26,27820,5007,7.962399,92bd31279ac3e5ecec0ad5a820484656ecd1cd052cca92dc067c99ce6a4e0098,a999129f41592733730b9dc2333265ac,1be14c952b3ce0a30b85487b792633f0,226,190
2532,27848,1715360547.026544,12,27850,3491,7.952201,30e916ea556d95b16cb881a758785a8b68823cfeaca9d5a472441b892be209ce,d534791cc3e07c61e4842d3132a31561,7e64bf7b97605fdb5c5ee22579a746e7,39,115
2534,27872,1715360746.888377,15,27874,1675,7.877188,bb9528adb091ab948ed2e3e423d12e5761d0baccbed5a082e842e7e2ca5a53d4,7677a05e8798052073f791bb3239478a,07e975fcf740545f83d4f8a8dae5cb1c,146,238
2536,27892,1715360873.370206,15,27894,2828,7.925188,5194e745af35a6e4a20fe347381bbe44b5dc71200faf15b1f4a43c88425a91c5,fcfb6d581ddcbc770a685059961948dd,5d26015b29c5ee6cf04283889be87cd0,111,77
2537,27902,1715360967.21176,4,27904,2944,7.94209,d1adf3058c668b6f5e597d1bb70b9fd8451f7d57f35d28b921a90acf11b06ca8,749bd0cdee79277330479982716a9d16,729b8cc8ea314940071ac257949eab19,119,255
2539,27924,1715361264.524097,1,27926,2077,7.920489,f8e9eeaec6130d83adb95b90978fe271e96309da0cd8044b20db827a4e14504c,3f7873a717ae08d54eb20a71be246128,6f27542da2aab1a37d138841063c1753,116,148
2541,27944,1715361327.866289,1,27946,1376,7.850382,9f33ffc948a0f569f7bbb704f44e0efca9acab5dd0860840a3ab98c593879868,59de32fd7aed38758e5fae6a86c90451,bb87fcc944294746fb95be5ee1aeb839,77,49
2542,27956,1715361391.573604,30,27958,4446,7.960307,318ea3416dde0c169be62dcb85a4a1b780dc01e3a2e750a629ba014f2e793232,d53d18ad70df3ea1bd7f202f2b51c1b3,ba4e5c55a82d07e0e6976088c6f707fa,126,136
2546,27996,1715361589.955544,36,27998,3780,7.953684,3bc774fbf446df58ba1e9b0f2cb2db7176c65ae38555026d56e1515380132a8e,d17ac16e4aeb6313eec0535529f64417,bea8c14bec81ed3d804c9f1589343f17,90,220
2551,28050,1715362041.031286,32,28052,2604,7.92998,32fcd3e7771960f3f69fb4f9b12b08a0f1cce1cf301b5c7f846e55347af0989e,43e7eea8e3bd5a660d7cdf4440610929,248994a5aaed42e113c4495ed882a69f,84,210
2558,28120,1715362375.115709,6,28126,2887,7.942481,0e565fb1d2fb10541e909388f7856da79e26879fc3f1804ee81ab3eebcc91fc1,f6aee246998d26f07df9d88a602ee452,3f5b1227a68d3c7cf008aad20e0f6fa5,244,82
2559,28125,1715362375.163617,19,28129,3619,7.94824,e61d4088f31faa6d34f872aeb6887bed08bbd48236b8ae4808e3d500ef27fb7a,9dd70ad359bc0f2e4422803e7db6f106,8a98d540d16f993c02c53cf47a528bd8,49,203
2560,28140,1715362414.458714,5,28142,5667,7.967045,f46c04faa1733ad5e09c383d20724375c7e3a79e2d91f926831bafa5b6e2add1,cf4e269ff972797e35e8eaf86d456698,a1161263460cda9e1def284463e48bce,127,157
2568,28222,1715362637.037404,27,28224,5468,7.970012,dbea0f3f2e328bf544c6ad5212d372c27a3df30b467eb03c543232cd9944e576,f1087fc869a688afa01947ead7042e49,8ef7ec194e674b3aacd3fed24c2d43b1,142,70
2569,28232,1715362679.255186,14,28234,5408,7.959446,c2b729a3c2781cd2374ece0df0e3330d0eea54048c1b07eb3c2c5d22e9a22517,556bfa303a5a20ed54a90f0a9978eb34,da4d14901124c19ea5135739a114fcb8,105,139
2570,28242,1715362688.821467,6,28244,1247,7.847575,3ad47aec006e26cb9016dbb750a5178d71efb01b108afc631e54c85e42251cfa,6b387a351cdb8ee4a15b3dd86953f993,9900cb442718448f40237e4dd099f57f,88,106
2571,28252,1715362725.14353,36,28254,2956,7.936578,5bc29a6a1c0bc539d871a550025fb3abdab56f28279556e0a3fd51a6c44e42f4,8a04bf3eaff0308d9e400d8f6f56a272,92d3fca27339b9d1b085cf203da5dd72,180,26
2573,28276,1715363122.359675,15,28278,4129,7.958258,2a69ccb3fdc2a47b65ccc0126075cc9755e238e9af93f20802a70e60286401c8,c323cad0bb8af411e5d82a8981b1e6f8,60fc8ea643143dee54e1c121db8fc240,127,185
2574,28290,1715363169.267126,4,28292,3942,7.949147,0316b1df2de8df167ca0387a5dcabe6262ca3196554da3418c3eebb95e857db5,c39be81dcfa09bd020849a5390ae47a1,b02e4d6e6b2fc0ecd30dabbcba5f5949,37,233
2576,28310,1715363178.427325,19,28312,1605,7.874739,e0653c1d0642ed67ee3f895d4bf095281b2171857c27f4efad78cf473cec8b2d,1f4f74efe85681f29802bf1643d44add,930170572b093497c0a56f643d5c1857,247,55
2579,28340,1715363218.018275,13,28342,3262,7.938478,f7fc9a7f00b5b3fbb54ed79bf05a557c821f6a67cad82c6087dc0360202cc73e,77bee3825fd80bbcf6452bee6d9e6b68,d2b935ac4fce4c649bf64bd3a0e52dd1,142,96
2583,28388,1715363618.677307,20,28390,3925,7.953862,69c7c88751eca181ad52902eadb3b871dd8e7a9a59726524f962cfb1f164cec0,c26fba6634a6a3d14d0d1cfa11a5ce04,9e79e3748700537c074658d857d1a34b,228,132
2584,28398,1715363631.237885,38,28400,1507,7.884805,efcbafa1c2b4f5636fbccb047a8035692ef2ce034a0da2ba2f790c6cf83a0405,30e0095f3af4f7c1943a7881d7e2fb5c,50326af31d51168a35dda4b68483c18e,3,5
2585,28408,1715363641.227082,24,28410,1533,7.883355,bab773b2c17944d1bcfdf9faae7dc16d4775364f4790a5382a107e2b9e5394a6,7a3aa0d4dbc6fc092152a5a0b85b161d,5f11c4ba4236ce8fe97f8045ab154610,130,126
2586,28418,1715363645.206574,12,28420,3583,7.953067,3bcb6ac696bbac0bf42fdaa4d00499d078c1e0d7f005bfe72a8961a1792272ed,e1203573e1b4a75e049c008130ec911c,2dfa7cbc4801d480595f2d0e6575d17c,185,147
2591,28474,1715364213.24573,31,28476,1626,7.90207,b2fd45e466f5cda6d60393d01331874a29474ae1eb871b0506204b161ff33374,64251f8ad1daf8a74039eef8ee0fbc47,8c4a6b3741890a123ca23ea86787ceab,135,145
2594,28506,1715364471.69632,19,28508,3687,7.955234,87511afeb0f286a4f51117973e28574b87c212b5734ed88749f9b5ec08ef9dc1,2207a07f86516433c8073a59f660b11a,b3de2bc3562be26c38acd6569ecf1483,249,89
2598,28547,1715364758.424621,27,28549,3364,7.942365,a832a5e65551b895e939adcb5a7cdb898a04e8a6d26f212a5b09f0211ddb7c4f,879fc9c7b6aafebc655a5704b22c1d2d,7f3a2aeb9a2ded1c8268bbd8df272e09,207,19
2600,28567,1715364829.319973,2,28569,3319,7.937711,8825083640b93627c3c77b82851ab233269d50e812e83be741b4984062f01ae3,3d0bc42dd4f92943b57c20c3421b80a3,ee0222b7d897d940351bd3c033b92e1c,100,230
2605,28627,1715365333.562876,23,28629,4706,7.959451,0bb5d4c4f1fd6815d29ca381457a007d097d48b9f5ba5278e9bcaf3ec1219398,d0ed982b06c10e1d47038bc97531bf5c,ebb587e1ce45b20b916383fb538ffe08,1,147
2606,28637,1715365356.182961,14,28639,4621,7.958179,7a9b3a768ae4794ae8305b3eda3c1b63bcfcdc50fea03b1e785b8f7cf5c40a19,b486394c3bb16a8b9a354e4d623c9de5,e322462e3e7d8ba7f422ef38a0ee731a,24,142
2607,28647,1715365377.630918,25,28649,4829,7.955977,796b1d3ce252bfed94f55fd3466178a321d8a19ff8a07f36388548202cb52d14,d1c176deb1368721bb19f12a668f762e,c61ac40f838486281ea52c01e6f7094f,92,56
2608,28659,1715365574.368395,32,28661,4538,7.964754,19a977d9f4f458625d869c687d974fb5947a37108e6e7c5b17a1bd829a95e8e8,3e5b01e587456fbd7ed708b7f3ddba18,2be9895fe43de5b6b8569ee1ea704cc1,252,32
2611,28691,1715365871.958407,39,28693,3882,7.953481,c5d25421309abf50466187d2406d9ec94ee3535b168bcf0599407cca24ff9068,c4c60732c6eece1f69809bf776715d91,9d280aadca5a4f400586a8751e39f1e8,76,128
2614,28725,1715366134.340399,39,28727,5733,7.966916,cdabda345faeab84bd56411c3c243ba89bb61bf687687782af4ba34f2dbe4e9b,883fb4eae259f36f2378259d4647e253,55b26fc922e942866446bb49bf91b868,197,17
2616,28745,1715366194.008639,13,28747,1333,7.835227,9764427ff464ec5f17b00b3922d64f226a1a9c121b8b0ad61224300cffdde1c1,540168425c96bce081eeabab12888051,db5d4b667f18e614f29f8bedc76c564c,87,129
2617,28755,1715366252.145944,38,28757,4461,7.958786,b01de511ddea255b9342c713956e6ed82d7b5f52ebf9cccf813ce9bd8c90fb85,c7022596fb313bcfa14eff41093f5be4,227b101ba7f9f4a96ea96e32532c9a12,81,47
2618,28767,1715366316.799784,38,28769,2207,7.905922,889165667ba81e95a1d9ed347908bc276c7112695d72f994e8465962fe7e989b,e93a0fa6607ba22552470d025e9b18da,7b72d5aceca76e9457b0c7742d2771fe,174,146
2619,28777,1715366447.795072,28,28779,3213,7.941337,e8edeefe775321c2e591167b866c8b1881c98b469a31be726b883292f0841ae7,d473b9a0bf4400400f7c71a64d38786c,1eefca0037dbed74d3fb7254ae461477,123,35
2620,28791,1715366524.686776,8,28793,2290,7.90934,f0c8d95956f9f0f648a88e1ebf5a54a8447e86ffd182c3ad8204661a168c4ba3,1a0f3cbd038cf0730072506f6412ec77,a190afc01c61479baa41b9c78ef950a8,117,111
2622,28811,1715366617.393697,35,28813,5040,7.959817,832ede9d524d8ecb0509c194d88553115e181da9f8c779494268962a425b78f1,f17593e4d2f4bc62134dc1960a36b669,e624de393e6cf71558237666add2afaa,185,223
2627,28867,1715366921.537323,4,28869,2310,7.914917,541e8a3aaf5a6a808ffb84839cb42fbf3223f1182308e5575277344c335fe3cc,8b58a5f0a24dad1f00c2c57f73b7e53b,f4ac1ba9c7c8628ba20619e175ee0501,120,40
2628,28879,1715367038.953663,27,28881,5337,7.964754,405bacf6de6f9d3f8c61dd7b3536148931a980e10cca0fca82ef6c14d04f35d4,5ee9bc731ab0190188714ee9c8d1da69,6f84edcb92068146554bb4b022af8747,94,150
2634,28947,1715367496.237157,36,28949,4610,7.964297,3ea4415b451e3b00ab793f6a77a217775bb7ef6dc244bf0706c41de30bed139c,093f88caf2687e0c0ad9f7a4d71c30c2,88717e9830f123243258a11e2a2c24c2,146,172
2635,28957,1715367566.698116,1,28959,5597,7.965291,9528fd5f112c21fb929d38dd8c25ed000fd91ccf0e94f83a25642f8491325009,1cb749d02cef5fa1782290a741dbb2cd,b34ad2a7268741ab6f50a9c08ffebd2f,47,187
2637,28983,1715367734.215195,3,28985,2214,7.917885,80194585ef08bd7013ec5a6703b9c1abad391458daa54def2656fdf7064c5e4d,fe26c7a23cefada5a65d9895056afb9e,79388ab59b626a00454f10bde5f2ccc3,66,38
2641,29043,1715368494.535915,20,29045,5542,7.965849,90cf3be77414e669fdd031d85d99bb574532206d3a9cd2ae054c17330d905d71,c937b6d0db1651ee2621062630177219,569121306225e2319b9744fc1723a7d0,16,200
2642,29053,1715368525.808105,10,29055,2498,7.940543,5d4b71e409affe63734ab846ccc282b7466029b43367acea3d4e4f75476e98b7,1c3b60aed4f69a32ee90ccb9fc5be5af,8b6cd00a60d1d64c248aff920d7013ed,164,64
2643,29063,1715368628.184733,30,29065,4101,7.951858,55c38383fbd7da9df73147dfefc339e4c091180658b1605824773dd707fe9630,975c246d4601f5091f320df758952291,f841731c0aadeced6d6f0f10a41e68b2,148,232
2644,29073,1715368664.048661,10,29075,4151,7.953107,f9234c1acddde2f8342e2d1546664a0cb3b43ad2dfdc7f339175f1be896dae2e,7ead8f599c45f26b29d36da28e3963c4,f6326d98f1d0958a48b0699f34ac0861,201,35
2650,29135,1715368999.729745,35,29137,3207,7.934959,52dd31c9ceec47cca56a79c2cddb03b9aca60f5ec78b170a2d771f1959a5c227,e6dd8dbcfe122f7fc4777e857b63293d,beb1f703e5d32467a88df97d98978d56,137,115
2651,29145,1715369030.519629,8,29147,2380,7.928119,0285c5c339e88cd356eb8b3b1a08ac2b980eb2d071d1cd5b68ac144ad8ee6beb,09e78f6043fe50440b8787cab00f8fc9,8427aeb487df8e37271ddd245ef12e01,206,14
2652,29157,1715369108.92186,39,29159,3068,7.935282,4666ed73019dd7597dd951e1d83f03241b32c4882a0ca7b4e5bdb78f257a6ac7,d94ebd536b55a6d31bd1259cdbcd4cf4,6c5ba798541e7cf1de823a5bc6618504,149,235
2653,29167,1715369176.270755,2,29169,5540,7.960448,c3789f8b9e416189e930ad4d8d0f9b56df7e2baf508a9c020ed61359ff1298cc,2f7727f4785f13a8a831966dfa6dd97a,b5f62f26ffcd4639e3cf4bb33ae16687,101,117
2660,29245,1715369497.441045,25,29247,4167,7.95781,6784ee55b07ea608ee7c4e5a365aaa4288bff4a5f82e8419a3fc8b385eac8c3d,e3f7763426bcef3cf8dc62e560df190e,3115968fb9d0064b22073f013a2e9d6f,191,179
2663,29279,1715369693.434008,20,29281,2650,7.923143,05a63e0ee3cb8d7487b3255a7ce29b5f75ddb21be088e114299e1efce4b20ddc,ec9c8b99892dfeb339f8505707536c33,6c9a649edccd01a60463485c53cdb26d,101,239
2666,29309,1715369789.890567,19,29311,4478,7.959368,4f4fda8d6421a845687d620482689a357fd90d4ff86836d160821ef0a0a3cbbf,f531c60b40af31f70adb28233f27649a,68e885019c4cd337a12d425b2c098bc0,4,212
2667,29319,1715369813.53912,34,29321,2461,7.921313,830233cc17d11dda61d3e429556382d5f1d398d6154b573c4fa6ca38f3a8a982,24f2f27c30fbbdd6d3f60f6188ddc3eb,afde9eb9798ae6c14f5435c877008293,197,239
2668,29329,1715369827.59842,39,29331,1446,7.874699,06961e7c7f94574eb5d24f00f8db9e4bd6af70e3ff87875a7394e74c42be9791,2df1c2893c7f3fcfef2dcc22a51304a2,4180e81fa68121c852302e4fb8926c54,174,128
2670,29349,1715370034.19216,10,29351,2746,7.926343,91152f9f52f10a0897104e7f5b7fe926807e4379d2fc44240b4b29ee36d0a1fd,3ae4a2b670d5ff80f56da8a2c10fb971,be0b5f05bad5521316748b5b5d7ddcb0,166,162
2673,29385,1715370372.113303,10,29387,2552,7.910577,17c820de86337fb64ad0aa3cfd6c89ad3e74bd21539e9b8db1cb3656c568b2a1,4173f9b3463a5cae698504898d83c9ff,f3c4d43b5b2e5c79993a96a064955582,140,82
2674,29395,1715370393.996333,9,29397,5294,7.964451,79a87207e040f60776f1cd828f3cc0ba847a144a4df51fdc031959f73ffca825,d69200bc606a2bd488dd144b04b73542,6474da29bf3d150df2395c6bdad277b4,80,208
2677,29425,1715370497.989254,12,29427,2456,7.918159,e6f39596d0bd236c03257d8ace934881fcf4024b3ce02132fec3b0c3690f28be,8b7af61fafde9fb7ec10fbbe153a2cbd,12a90062935a732a24a6152851141ea3,159,9
2679,29447,1715370915.333071,2,29449,1829,7.894539,f605a2a90d1a1a6711e6a6ef677e9b3232c26a255daf2343fd095f97bdb4fc4f,1961caba7de3d6ba59919ca63243fb78,bad22b740caa11a895922007be2ac307,214,234
2685,29509,1715371341.172795,2,29511,5359,7.966275,ef140ae01883536aceecb18f810dacde26cd165113baece0d1ae474cdb986a26,b419722e11d360320be6fc3c50603e0a,a9620cdcbc508bbc5af5a52603e4142d,221,83
2686,29519,1715371453.612327,36,29521,1276,7.830266,0380394e79307727fc0a9a68208db5a7fb1f38f349ecf8e6b3cb1d60d456f262,8c621c5ede297f8d2212f53c6fdf464e,095420001d77d65f689acca05daff01d,31,205
2687,29529,1715371487.779606,8,29531,2518,7.944188,94f770513aa2418b660800d1570feb4f7bed8e7292d0b8611cc4ee7c293c0683,cdb41ea3840e98e10584e33283d1d3e0,1579b2699fbc1c210e519d4765769053,54,150
2689,29555,1715371851.132657,28,29557,2288,7.922051,5cca51a895d12b0fbf094bdcb558069e37b9b2d2ea31be4c02480ae0837f6e09,ca078b033a720eedc85c4f97d0c3e5e5,3f68a4f97e2ddc5d35b553591237f610,45,93
2690,29565,1715371895.391202,20,29567,2077,7.92343,dc644a81582bc7d0a0d7ce7db3122350864d886a18b2aaf6b31447786f40e14b,52742fa3978a228abf480eb9c9fb1bf1,2a06c82b834231bf40ce6e8e49410fc0,209,21
2692,29587,1715371950.595747,28,29589,4574,7.956386,00065d885ffe1359ab18b5b552a46d5bc284959e2f33ea27ca2c47c45d7baa0a,3310fc59d517b314d0339d67cfe5c0f9,c5927d5f1cb36b9f3dca00e142760c17,20,114
2694,29609,1715371999.424379,29,29611,3366,7.94273,87cb06f00616029a3ab8487e34115dc26a936ed61aeafcabd6b9168b5d2ef2c4,e9a266c4f0cee8c414f5d0274af179ee,0a4b0b63788f636ccedb348671fe5901,79,15
2695,29621,1715372062.67673,11,29623,4102,7.951077,181bc4195c506ec65d6aa84687cbba89b4a89011f1b0f8f1730b55d4a620aa1d,7a55db3a3c821fe4a0ad2d5e7765b110,842956e5df03541e49ac0f9903a09e9b,214,184
2700,29671,1715372277.354115,22,29673,3967,7.953327,3732419d1cdb9c69681c560d1ce9c39477993cdbefcf4813afadddab7100cdbc,50cedfe2eead620a6841f7565577844a,e6f39b9ca1bb0d5dd8dc62b2219215c7,193,145
2702,29691,1715372471.469826,12,29693,4571,7.96173,4cdb881e0cfa9c80018ee174fc3791216ec2480f3c86588d24b9bd606d1fbd1e,18c79993d3ce897d385ab83a5d142ffc,58bd840e0bdf0e90658b82b8a91657b1,145,43
2703,29701,1715372521.713741,3,29703,1569,7.891064,99bd6ea2102c1e9fc160e2e99b17ef9d454f2364b232e7b19b4d7fc6da4af907,ec96d8370215cf18c5e1b9debc67f01e,6335445740d822c93d9001599be73017,240,66
2705,29721,1715372696.621075,34,29723,3003,7.934426,68e4e4ad2f03db39281425d05dfa6fb5a6ad3bd947451c887b5b947d4afa47d2,7a6102fa87ed2b4175846c17c9e7b457,e44bcc9529a42c55ff80d6e0279aa10b,58,72
2711,29785,1715373203.364526,28,29787,4696,7.959134,2e940900c406ef0f33011ec714e1587a5f9d9bdee5d0b7c3b30d85a9f50747a5,642847adb49f9cd63c78b396374b2246,4a8815be71f68084ca600a06a37ca216,50,50
2716,29837,1715373356.080841,25,29839,2183,7.917209,6ea2ee949626695fd63c3f18582efcfec94608cb3534f72927c4f7aef2fe6839,220905097f2756b7b692ad36d7932023,f8ce308840bd369e28f89f319f1dcffb,14,94
2718,29859,1715373421.91204,18,29861,3751,7.948402,0ee86d81f0afab7c978d66073a6e6bd1cc3ee507bcd4c3b1b1b4ac967c2dc540,5262b10de57defabdb7a73c62b15ceeb,1471267f66f389548de34efe1b0e5520,247,195
2719,29869,1715373459.709827,8,29871,2821,7.925239,ff2ea79ac16b3477b8e87fbadcec16228166f300cb4b4e3ee52dc1fa062bac1b,61709a89993c3d778433ba0581239e88,5f00060abc922df0b87ebe16dca75218,214,118
2721,29893,1715373560.903481,1,29895,2499,7.923442,f80521cb87ed038a4186a5183c64e3a5ec1927cba524cbb9181f23bb82ca95c0,8b3a01e1c67f74b60544d3474801c9dc,cbfd509fddbc0f83e9513977bdb18a24,127,141
2723,29913,1715373845.153789,14,29915,2195,7.908437,27ee331ff4bdeb62e4945d4eb07b2d2ef8fc8622a36db6eecb27e6b866870667,9043c21eaded1af1cfc5b0779117b44c,558b3c6c6f9774d72b19c5247c2e1b05,103,55
2724,29923,1715373973.023984,39,29925,3629,7.948496,aa680b71368425caf3e749a387e8b6d5d4647de608149e9c2fee1ad94c383713,36481cfb028cce385ecf6aa7b54c35fa,ca4bd07a59326edccff59a01e3adb6c4,48,10
2728,29965,1715374304.902473,37,29967,3477,7.943573,b82ca11b7d8789eec42e12311034deba028e65898b325c3e4a11d1b38d871096,10fef02a99d9a311121495ef612364be,6ded43b3c1e2f304df6a1085187046b4,201,49
2730,29987,1715374550.374062,8,29989,3546,7.949966,fb54ddf46263d359dfcfb8659420dd3ab3c2610e81e4083b105c8418ed5afbed,d844c528b66fd2ce0244a08dd8952e1f,c27170214177db17d47d45c4dcf7f36d,64,252
2737,30064,1715375007.245765,6,30066,2479,7.929542,2801d52b266b928fc44dd6bab8f00ae3df816bcfac4155c85a787cfe2ea19003,09ddf0d0bfd87d226632840b37331a90,50f213e0e9dac3898757ce29ef641f82,250,164
2738,30076,1715375173.616634,13,30078,1270,7.839259,2382d1b8e09b4721d369ca92cea7c583e028fe3263756f0c3818f490550d78a8,668498d50c743b79e2773a0d5a9c6fbc,a5c9e865aba7e646fe51563968cc44e3,176,60
2746,30160,1715375702.181017,32,30162,1206,7.841358,223aa55e8232bc800bdf876de772cd5614466b0d96fc701f95010c3e77330cfe,c2fe746c7c3a36fcd0cf348d947a8c25,9d3131520edbc6e195e97c8497a77601,86,18
2749,30190,1715375796.778678,33,30192,3712,7.956573,5bd7cafa8bcf69d01854adfe3e738ffdcd06682078d374988caf39b54cf74d92,86a3910c6034c036700b38cdfcfbb5c0,f5907c07e25aa42edec2e61d74512240,121,97
2750,30200,1715376033.422223,29,30202,2427,7.915278,eac32bae044aa568921ec75725e0280102670262f68fe24dc7bfcc310f9ec1d0,5acdc04ae98dbd12fe44c6e819721467,028ab58fa96dba6341e7d3d8d27c8c85,250,106
2751,30210,1715376034.547088,14,30212,2998,7.932443,05b841e2b2db2fdb67547e0f320b701eafec62f1dadf8e04f58d93a41f4e106a,54e9a474a008dcfd9bb14348df0ba048,c77dede5b22e2b32dcc3c7c71f45f63a,112,98
2755,30254,1715376241.298058,13,30256,2120,7.897106,f6a48db27c114855e61cc712f09a05515c91cc27b48d6a19b07172f6b0ca39c7,419ff340bffe730ac66aae11754bf12d,6721db17aca722c3b123b6ce7a24857b,227,127
2758,30288,1715376423.371795,13,30290,1713,7.88407,28836346c40ddc7d295ea36f1afc9f538069c68dee3a77bdb3ecbb2a99c54df9,d205e439b94b6a9a01fd4e16d46aae79,2299a0c798aa94dfd795a9c22a03e1ad,219,71
2761,30322,1715376687.411007,36,30324,1445,7.856859,2bf164f46efcda622317cc97aa6791e2f0718d7e3f787c4393a8b958522a1cc8,b95d2f8bd20154bfcb0381c26f309585,fc10600b7c6ed27d6c2714d7c4ec7cd1,159,163
2762,30334,1715376763.238563,33,30336,3600,7.948887,af9602af45d493a3d3645e0e48c3dd8a401a987c24f64431d58413487902b111,3138c94e25bb05424a394ad378602f33,e806d3c343bb7e9b5de20a60f218de95,203,215
2764,30354,1715376785.273189,12,30356,4148,7.957675,02f817982cf24a36cda5a1a695ac81bd08b9030bdd702796f5ba716f1181408c,e83fe1ffa3d714a4fe798c1eb067d26a,4bc731e32d4acbdb49a87ea4eefa3aab,209,25
2765,30364,1715377268.559886,27,30366,1665,7.893977,a304fdbae8612094658fb310cda1facef0113be49716dc81e0ad51bdcc68c6d8,48bbde164a957e0adb29f0bbc3f1e44d,cb60a0259193569b590784acff40fc9b,63,143
2766,30374,1715377342.460584,4,30376,3561,7.954362,8c2ed5805a59dd57086d32096a77de4fc754898f2fa4ea78237a82e11adf3b26,c7baf653f305d6c9532f8abbf66a9b47,f258469952d4507d17280d906a74a01c,124,142
2773,30445,1715377687.162226,24,30447,2139,7.931098,c8f3463c573492fd0999f9070010bf12888893f5efa13f327f15a978cc1476d3,52443345aef0da7c981bce1e7291336e,26cd132532124b32dd6aaaf60bd6959d,122,114
2776,30479,1715377829.074013,32,30481,1760,7.887871,10590bc97e375d5e4ca7d7c83669dc05e38bd6bd213e851f1b921a410f1bf8ca,4cb046de9478a3af27208c8097a6dcc6,ec4fb2c50a6f52b42686c53e4f39e2d8,99,101
2779,30511,1715378095.671053,23,30513,2150,7.912554,e9a0be2e6252173d7bb53bf9d8bef012603e877a11c79a22135c0940f2e89648,7090ee245216cf7e2cda2d2a5efe004c,8f00cd8d3df9dba4befb1bcd094ab57f,123,237
2783,30553,1715378344.338017,33,30555,4949,7.958173,835e7f85b16b931689cd76c0d2fe45c1097e978c71a2a9dee9cf750053967b42,f083641c49f823b9f6c5ff67155cd018,a5eb7fc3d0ec95680d1b96bc869115a0,114,208
2785,30573,1715378706.942063,13,30575,2759,7.927783,bfeb739e07ff264405e23640c11a2e1ae1f00ea6a924e8ec29d8cf407d5d5014,6e71d7f863bdb605dcbbd0f2479a7558,2bc6733205f3095613ad8a9be518ba75,220,178
2788,30603,1715378982.427216,24,30605,4293,7.962811,5e685e3680877301e40db0b9ecdc8c2a48157b13d1f6ec2510ba98170d8b8f7a,3f0a0f096b880a31e02f717859cf5c66,30fa68c366adde0da5a02d0b19166860,44,178
2792,30645,1715379302.56521,15,30647,3222,7.934802,ebaafd8218077fe680675cb20bf84f7fb50c50af78e5c8db8c453a28fab0c906,b69680eece0347ce6fd64cfe190d03b8,dd07ba84a174dd9fc05cc584543fc42d,139,175
2797,30699,1715379600.946439,6,30701,2953,7.942331,1005d2e7a71ce31e428233b2ce842fd42227e1eacfb267c875b8e9993c34d2c3,70dcccab5c712175a887ae446f735cc1,1b05ec67fc28286c539b2207ecf3c60d,200,106
2798,30709,1715379666.480249,3,30711,1366,7.866482,da3bfad757c2cc5240e06b30a7facdbe184debda51026edb56b6b59b16009195,890cf6c813e9ab30954b9bb790d99e58,7f43558ddc4911d8e241fc025d6ad00c,165,145
2801,30739,1715379820.879099,18,30741,4539,7.966632,92543459782f86895887ee94293a628f8c50fb8b8c42e9d623fa298c14de2c42,ac1c26ac8879a636e7ff5c1fae3caaec,d2b4f6ca192d097988f8b1f5e2b2c6f2,227,243
2804,30771,1715380060.304581,12,30773,5562,7.965956,d25e31e3614374df7b71a3227ff4ca3c5bb27d0a9752d322ff79b6fc11e850f5,f0a27ff6890c841c0046c882453f5b67,a80737fd68531ce7a4b9c2796a826255,84,224
2806,30797,1715380237.67528,22,30799,2871,7.943208,148e128ef9889cad480791a0837e235df71a8cd3425128f89c9e28e88faa890e,672571effbf8f6b605686b82ffde3923,6ff3a04078a25269220a78fad49d7161,174,168
2807,30807,1715380253.771955,33,30809,5702,7.970423,e70e4f79773ad6933db029086d67c1f9be632844c737672ced463058b26b436b,2f0c73b9f68459ee4e61640f63398dc6,6e82ca9f1d8718ecc3d4a7d1b400910c,27,145
2815,30893,1715380813.817868,20,30895,1978,7.910131,53e3a12ff2c070199efe481f85d7da1d55cd2750430d8a3f51b7c7f5855d9f06,0ad7997f2b0e206b20eeace28c5d4ad1,0524636b796bc01cbb3b7764cfbeeb8e,183,101
2817,30913,1715380894.6607,3,30915,3187,7.949576,cf96c24cb2938986665ef2f4327935d197b5385efdab97973f13d956103fd9cd,3ccc7cd911274394a904ce773c6f9ed2,8eaa41b7595921b6ca9b502a8686a2ac,27,167
2824,30992,1715381286.467434,17,30994,5374,7.970405,cc87660ed0c40ab1f968d9cab2068078988bda4c858e4a78ef9a90078f3872a2,d6660ada5f86acdc6f616f3b634fa2e1,3dad18106d397d70589446dcf0c72f1d,147,199
2826,31012,1715381313.322958,35,31014,1968,7.9096,a0e47d0fb73b743a9a17642928d729105026f61f61db703e7124f8b3c462984a,fbdbd808605f2450c8e57ee0200d648e,885595ce00bcfdbcfe0418cd8576f27b,219,215
2828,31034,1715381437.671988,8,31036,4396,7.955641,5b183f95f66fcf3cd79e82d46d9cd94de78b25a0ceccbdd327ee5bb8780105af,2827261997c29ec32232fbcc99c0311d,1b373a6646dbc2c58e4e81bc08e8f7fd,143,239
2830,31054,1715381456.444974,31,31056,4232,7.954464,a19376f5584cf4225f21758097a1ce66052e32233140cd3bca20c2458b167c5f,c9b5df7a5bfb6b2ecf0abfc4bcfe610b,b879a549799bffe879ee5e826d6527eb,213,189
2833,31086,1715381612.446029,27,31088,2237,7.923353,b6de695225750dbb26d456d9e11a9e33b87ee77a3cdae88a9025c55a39cf3bc5,3ed22d51c9185c23d991d0d3b17d6d92,f5823f36c08404533fb332cc4f42fb81,220,226
2835,31114,1715381973.325655,5,31116,1314,7.853093,9bc41e831c0705d6e8e8304aa215741cd74e2d87fca5ae044c4cd95df3ed376d,2b2b4fb24c288c80f8587b3e2fdcce77,18a4a820f3a19c4274cd30b93b5cc87c,160,0
2843,31202,1715382387.252173,19,31204,1565,7.884536,7881d63040771825635ef7d327c5e35e8f597a6d4ab1d696ff3378567a9c1a35,3598773b12ca066a3e6c04c3d52a66b9,cc2ec915fa2400f46b2c7b2e8b61dd5f,18,30
2848,31254,1715382662.595437,12,31256,3524,7.941633,9776c1974f5df036490ec3dc9d711dba97d4366539bc949d4a33b4932cbe93f9,f86ff8802280d4b2af54aa18a873ab05,22ece6f36a3d7d0f41c31d9584a97dca,141,5
2849,31267,1715382819.281095,22,31269,4435,7.962107,5e08095ef3afebaff7ff55613d97b94d9ddb13ad07b35eb17e91b1d1329da563,ecb113270eb0a626650fc43505bc465b,ca47d13d10e05ecb2e6d4b8aece14525,51,15
2853,31312,1715383170.095189,39,31314,4696,7.964686,59574c6e4add6038d8c11dd2fee983fe06e5518ba9a776cc0eff704e806c37d5,18377565b124aa53e9c09122c6ba8329,3866a9a03f6df48ebf24c85183c51c74,115,11
2857,31354,1715383408.42708,27,31356,1361,7.854306,5bc64423bdf1813f38dba2a2130b9207bb3c4299a0066788eb1493dbda8c72ed,7f005bccbff59624fa1825d9b21c8a37,6aafd32a361386f12960f744a1e492bf,106,124
2858,31364,1715383428.907461,5,31366,4847,7.960081,defedf8916533d8bef9b851c111b397e68b0381016811364f920ab23d4a3ee5e,13aed8090e222783babaf6a9496a295f,5dd40c872406c25b53486499b9617399,136,250
2859,31374,1715383497.236787,27,31376,2545,7.919492,ea9b08ba88eb9c085298099d6439b69fe0211f8e8043b8e6961b32be4beddd05,16a52de455267e567092e80c35b89fda,3a38993b18714b3e5db890411e4296a4,149,17
2860,31388,1715383575.363993,12,31390,3684,7.945213,cde07549302dcca8074632e0355fe1e9a4e7556bdb3b3dd2521d6c5b79232072,50956819b09ee717dad19d254d41513c,a6ab953da56efea89ad7333ca4871850,155,139
2865,31440,1715383974.375259,15,31442,5559,7.972826,b52582bb16841ba5e0ee9745d27b9e66ca52bf72485c07fe83da705f57c1ab40,8935a68d7adf38e2b71941934676c10a,c3388c081e020e6d903364498b9eee31,68,170
2866,31450,1715383988.094496,33,31452,3221,7.944615,f7a7923dc2c7d4a95c891833436e26214f711c466f2a386af210db5ca60d56d1,452de2b9d06d27588f7e7bdb68d9337c,3dccc84cd20eb0564a73d4c6b94db4e7,155,225
2867,31462,1715384084.319603,9,31464,1936,7.905646,16b8ff2a225e62535ac210195e6b40c3199ddf21fd2ad5d5208cd357e6a1e4eb,8511ab45edf98ba6a3ddb6a3883ee386,70a7671c3221659b2b72fdb419a0ed20,180,150
2870,31495,1715384462.120148,23,31497,5580,7.962999,175a075213728a9bc7e592e47a1e226ef0517d5600ce933977fded591cbc6e8b,98079a5ab97bf6404bc9b959e86c8e11,f1e41f6e16e76f52463cd3c1c27e8135,67,143
2871,31505,1715384563.236637,32,31507,5612,7.967594,ff7c276257b5eda7dbf215305cf90fa34114e44ae140030c37cee73706d12ead,423d724dc7cdd55c4cdb5f826a8b0602,082fdf9e4f1b47f77d8f0248f6ac99d8,241,193
2874,31537,1715384858.466073,26,31539,3713,7.955355,ab0a6267dc184e10866334db4f41d88de8c44f5f707ad71009466234a00d3750,137b4e19c8a6156aaa7018605159e629,be3f9974f3c4658eb8172b5a2fc51732,236,154
2875,31549,1715384941.258447,33,31551,2519,7.930428,560eaf79d324f960b7124ac622745bc24d32b990b9d21ced8bd4a2b56ccacacc,4b53a625c7244a4ee68c115101d12661,78684e42a57e67a8f1cd0029e9137c24,241,241
2880,31605,1715385299.510775,13,31607,5297,7.963721,611c54f83e81a8389a97470a5abbda4466cd36ee20ca979e78058b61b8755f1e,850226175f789028da1f693ac0a1f2ad,03756a7cd5f78f9f72e7f595bd866b99,78,78
2885,31655,1715385632.508134,10,31657,4795,7.964411,c02abd0d1245f196657b142bbd93688d2d96fc774fbff30dfab6bee283ec122d,abe10d93a90dcdd2b395a0a63b14b368,d46c1010dcb7acbc181505695ec65b0d,134,152
2886,31669,1715385687.987667,15,31671,4495,7.962666,df2155a049f6a516d92335f2043b7d160b4ca32f9dcfda98d95a0f8fb91ac72a,6839711d77701788741c2b96f0504a7c,903fd7671201aae6098847ced2dbc8e1,193,57
2888,31691,1715385795.826294,31,31693,4484,7.954546,5f77ae5d7a66f2be999f61fd30201e5898bfda9497accfa2b6fd8bc16d791f20,637baad5c556ad6697dc8e6eed5f1d18,bdf8c2ab5e9dff74472354cc715818db,111,183
2894,31751,1715386385.29711,6,31753,1642,7.874405,1c6163d85551fc6309043081034f0cfcf9b88de811f8ac56f91ffff20fadfef9,af11d8c9e82f24ed50dcb8e9c9f7d068,8890979b645a2e2048203fca6b005d8a,26,106
2895,31761,1715386404.434274,16,31763,4989,7.964855,9002e34c2162a2ad76b2a59017c155f8cc0c0b93993d45805dc5d1314408d270,535c01824f7b0e71825a4f9cdc45f3a0,be117cfb7eddbcec18eb4c8e23f47fb7,9,37
2896,31771,1715386512.964118,17,31773,4877,7.965287,f61112d229815f4a3d4d25f96fa5fe41bcc66dc984e34166e1a481d5968349a7,51c26b2ea292df05d3f825c1b1a51d4d,9d94ba688d7c19189b7566413fbbe076,42,244
2900,31813,1715386665.621635,26,31815,1979,7.8908,cb23c9f854bedb6880b334aa462e6bb990d57da6da98cdd3e94befa3e9aac8b3,c829d3aad3e2554370ea710d26e3762a,50e1b796d73eda8b41f94f345783f6f4,25,25
2903,31845,1715386750.678155,35,31847,1353,7.848504,22572371faf41757245eb47efab2193ade2b2342eb857880828707e32c59001b,ac38b90a30df66d9cdaf5d77436ad5b6,8493568780e0100d0d6d34f67e5bb6c3,196,252
2904,31855,1715386791.39338,15,31857,2455,7.927242,38196ff7a2c5aa9b8137385bc8f4df7397c88a6c5b4615526d8f2b671a1bd88f,c5afa52663351aafad05272f60e6bfaf,6c2320274418d84548aec89e37edef32,204,2
2907,31885,1715386841.738347,33,31887,4191,7.952251,eee61b04562c5c0bf6c6a25f7776acd13710f985b46377fdb6a7f14054ce3bf6,965f36bd57cfdcddf92cf8659e8d9251,99553ffb05638e98c3b439ef816900eb,106,136
2911,31929,1715387213.712898,39,31931,4575,7.959662,1bbef47a9fc5bf1e2c2d2a20511fae8fae481cc74e665fa735c391a6aee64263,a9a6a47d55ce5d5b9495533d43c4ec37,a365032d520feec2796b17bf72d5187d,171,53
2912,31939,1715387264.53282,23,31941,3114,7.937621,dcbd5ede02ead1852a46528efae171c5fc3c6a399894e4cde4df09bb1d8bd69a,d1940cb0bb8b621b4027037bfa570588,bb5d10a45e5f1eb3826e977d01822ed8,37,93
2914,31959,1715387341.106652,19,31961,2051,7.903917,ab3edb864dd90e58ed01d280a4318696c801d1aeed310800d2c9d1ec53644268,32ecf7290d0c3d4d96eb8c254db71299,3b7c2989ca09278ce9ca2c50bb67443c,228,254
2915,31969,1715387428.8011,6,31971,5289,7.962888,fdf03c31202fc9b7a1ed23941875e6bf208779a1d96926050b1f8d0f8538ff63,5333226ae48f9ca7e0b8de6511b23d69,2eb185879052075a3e8c21221950066a,6,10
2916,31979,1715387437.724609,24,31981,3284,7.944495,59e2c4000a0422fb54c9d09e0acdf854afdcdebd760fda564609767dc8fb146d,c01bb67b6a97df1b61b216f213d1d2a1,5b72b124bcbfe32e34c3c3822ee04f38,79,199
2917,31991,1715387512.94535,18,31993,5229,7.968111,72fce92d64a15164b3d18351f572aa5437632562b3f3525906b4accbc39a10ed,b7d20dcdd6e9c3dafb53b108606982bb,3ae3d1d667a4ad01d8a6cb15b55386ca,56,144
2918,32001,1715387543.135763,10,32003,5721,7.964105,b38c7ceff89be1091c21f3a401395771871e8df1eb27b7b4c7f2234578b1d651,1c09a3c4c1cbb1fd6e2e199db3a87b9c,c580af28efe18550f622256364a11b77,49,105
2923,32059,1715388305.800603,17,32061,3740,7.953576,a6a55d0d97f7461ebb55ffaa219cf395e8e89401ec186f025d8cddc75395dbb9,1bfcbfe9d5c5cb433c2658cad8fe4904,40975f8845179323e928d2bfb2d4a85b,3,51
2926,32091,1715388708.902035,28,32093,5324,7.963155,89f48e0cfa44aea4dc810aa12d99fb8d55ad522643a9d860dc7c7f6f7289c79a,fd59be056d965007b08a9e88e6b17497,610d66d77215680de19b037534e3a7f7,84,194
2930,32137,1715388954.249901,9,32139,1727,7.911902,21170e422f73765ad546bd6f91a6034a64842b5b481378447a43c84eb7531f20,72d6b33e83bdcf733eb3cda72a77a23b,312becfe053d5f8a6df55e887c41eb71,14,56
2932,32159,1715389074.057659,3,32161,2727,7.935736,952d4e529e1a9ab0ab238745926ca8c1cb8aee9e9cdd2d627271fb422b08e4c0,3d3e63dbb35d90787e2f9b2bc7cc0eee,affb864caef2342209242e7776049bac,74,74
2937,32211,1715389151.127481,3,32213,4770,7.960846,02ac2c9a3ccd1629f9c3386414c07de43aeb09a13047f2946ddc7b6d2e1a5fe5,e7e00c56a9eab6508541caf033d5ac47,4c9fc902a8d00447c36b45d9324d516f,24,158
2938,32221,1715389218.989044,15,32223,5229,7.969482,d1643b3233d69d737a140a064d98863ea5788dec39b682eb822b8bd1f11cc268,e08cb7f3a13bd237fff43f17c45a6c66,d40828712b1cd1381f6cb29be31d41e3,203,25
2940,32241,1715389269.425648,13,32243,2327,7.922767,88813bc77f65f75d96992eaebf32fe757831559b80b374cc505a069fd641dad7,256e44c09dde21719044e22c713d66c6,dd0e3a1e8fbdccfc83b02bdf9cf27575,49,93
2941,32251,1715389336.618904,28,32253,2227,7.932947,81a5a252b82420a9ef1b7c52cc095f324aab93bec5f28b2ab6df8bdb2391edbd,d71629182cf0ca4a1a1941075a85e09f,edfca362576aae3e2dfbb71974ef4ce1,84,198
2942,32261,1715389418.828626,26,32263,2226,7.925201,9a9daf79ad232db342ebbe23e1fdf4a10c7144171a882e601aeb1933545b96ac,acb63bb65e8815ede52e454d9bb01fb9,14e4e89d49c78ffccef37d96ec482380,69,153
2943,32271,1715389461.110047,8,32273,5332,7.966151,8959203debd33e65cfbc33bf8bc5b25e337720fd6e9dda1a78f8c92a8c914e5f,284d4713f12a832e6522f7b69551f120,aa98cdfbb70d1b5a059135fd2b5cf0e8,48,136
2951,32351,1715389865.158083,35,32353,2831,7.934107,d21333884e7748af32dd08982a7d2497aa5d22544dd5c3f255d03c8e017c7b82,409a6a9c6b0835dcaa6424c4db87cda1,c17818a6c3d72897e075db26f3363957,203,141
2954,32381,1715390078.411708,29,32383,4214,7.957977,b7670919fae3fd3e8f82221e516818d3bf3a45f2ea90f58f2007b9628492b94a,2e58c46e81a5999d593019e8d5d68780,8a4e4ab0b4b4c82c4eab2095d0d49770,212,64
2957,32411,1715390458.527059,1,32413,5061,7.959841,6dd1a35f325b60c1437e22395240f60955a8842e60b1a8b03beb5aeb34623fe7,e8216f21ad3727e2157e0bf9eb23ca3f,9d703380e7b00101bce2bbf61cb74df2,116,18
2958,32423,1715390578.339105,15,32425,5519,7.969488,664f8bcf726a5266af26d4538e7f790e591687168370b2982ee00d09b72af11f,22896408c6c22bd77cee29e896fca1cb,1f6fd004abba069aba8717d032394099,254,162
2959,32441,1715390814.032348,11,32443,3503,7.9433,d35bcb08fd98573ea87ba3e28958f0ab4b1d1520db61831782c593ef3a8a2693,c661ec7458e6ac2f886c9262bd23e284,da331ab84c5b2668db020002ab5af855,235,233
2960,32455,1715391002.378762,29,32457,3536,7.949242,a23f377484cf84f7a859d7f33d29f74353e93dc15f0e8f31d570a2b512d6e48b,0c656127a7fb873313c0521a564cf395,093e519e267a877a203849e7c16e924f,17,29
2962,32475,1715391165.234709,28,32477,2322,7.932277,0401156fe0bb30c6777fd0ee8d2f6b9ab1406c83c503154938652657634742d2,e0b162749140fb6aad0ebb56aead5d02,b5e6f0be34f5cab32b3f3f2dbde1283f,247,249
2963,32485,1715391242.481794,29,32487,4304,7.959408,3e845c3f6f8393ac58fe53f3f50286b29c1487f4f61d9cd6fe180dc7d9b6282e,2f0c9d68808c39d4f06115aa5cdffeff,523558de17c95e9cbd2efebda874078e,113,33
2970,32559,1715391690.724302,35,32561,2038,7.914045,c07302fdb47dab3a5ebd5ac11d75dd139d4aa14e9118eeb8d56518d19a75b69e,c95abd18974c3d61e77c45b7eabead51,266ccfa415b6fcca6dd4d50a4a6690e9,174,102
2972,32575,1715391739.000202,11,32580,3121,7.941604,364c2d05c4dacede47af28e056ab7001ac0750703bc799fdc2be8da53c8f79a7,189d2fcb56167b438dd751a00f356599,d52702530ba55c6ff2a419d08df9f36f,218,120
2976,32624,1715392005.979495,22,32626,4724,7.96134,549d453d8d28f98e9c636d17f294b95ac8dc7d06f9a0ea6a149eae3c76d6ee4e,7674383f94c5e13a2f9d6d2f64d87b03,bacddb1922f61532b86fdefe046bd3fd,8,10
2978,32646,1715392298.900171,10,32648,1301,7.851194,eda7e7838efc84f9262fa6d42bda47b2e71d442f727460afc1b6d30f6c75e633,d0bdf12b93e6758fa8a54b4e2430ae90,8eb5ce39d070817926ba6deca0f1c6c6,184,200
2982,32688,1715392525.276296,6,32690,5239,7.963706,dda2c500e83d79525d1910b4a40e1f5d759c477bc3cab50416e59b73ab21c417,3dbbe7e3ec04b1d0e4eb03f05aaaae34,5e6d2db392d68d18ba3ccf298d756e1b,178,76
2983,32700,1715392674.077792,20,32702,1211,7.818762,1bdd5a896a3672d110bdff7fb3a665e881c5c9ac1f656bbe85af118812dabd91,8eb55cdda3ba6a8447fc53025b51e138,a589394c214d53e8de57dfd6c638dc33,247,237
2985,32720,1715392713.982522,23,32722,5323,7.964314,e23995aa0f90877c69ba00812b7b8112718c4f11d30f35df72cb4096d510d122,0408284876941d601fc8881c5fcbd036,b1ead03c5a1c97712de32ee5cb95782e,90,104
2986,32732,1715392724.192181,21,32734,2925,7.919535,5b5439bfd5f13f62c15addf3ba991484a99006ad3c09575dd41c7cb5b3586ed2,ba60bb9893ed20bc2e819c84220d5369,ce4ddb787aa1c8011e13244834aefa73,93,75
2987,32742,1715392735.316551,29,32744,1919,7.894019,4fd7a180842cf8518e669da60c589cdd3394ac7a10c946358447358e00496d21,1c42e75275b9e92f5a1bf157b90c5fdf,6bd9c49c9064fa4decd086bf779cea3a,159,5
2993,32804,1715393055.187247,39,32806,5511,7.97153,2f6e78852d4c7f6cf855f7de4b33d0bb0399677e991f024e67f275788c0591ba,f6a647e6cddb98f8d61dd105d980fcfa,e52c530b4edbd3c3b114c973c0cdb1e2,34,148
2995,32826,1715393130.599336,13,32828,5051,7.963841,48ad4e305d66d9b7d93f0a63119bbb9ddd1a087f60042754cd5c0bd968cc1ea2,608c0ef79e7df6ebe7b87f6710add4e4,4d20042ac5826415db27cdea7b6af46d,242,146
2996,32836,1715393136.020156,39,32838,2549,7.929145,b23cc317b0c0d0338626899d92dfa5bbe9b116b0d3e2edeb693f5d88f7cc9edf,71b7f75522b76a35c398dafd89249b42,43fdd348447726f49cc2839eb52427c0,179,119
3000,32880,1715393414.901099,17,32882,1631,7.90628,69709cf75d79a014d357e95c9ce9cb4993ab5888d027401fcd35e82d8de23154,e3bfe12979f68c59f6a7129590b8af82,71edf15cfde6bf9d7db0d4efc78e59f3,185,185
3001,32890,1715393434.615782,5,32892,2780,7.926758,f41a8a1c11a0a9a0a180dd75237d25b56d7a64301d869fa6ab1f3ab5ee8109a7,bff6713618224be3e40d597d606bcadd,19a26ee95927c9d489f680e218eefde2,207,73
3003,32910,1715393663.364818,2,32912,1674,7.872362,b3510dc339dfe5b4a49a12b5f7f6bd95fa3b09bf5f7d12a80e78e1fb413767ef,3bcb613a9784473dee5dd2023acd9441,fa0e9bcca32dc917420529749ecb28af,8,188
3004,32924,1715393820.066223,24,32926,3060,7.943178,da2020c46723b28d45973bf9b3be4f4618dbfbb6414080851252ae2399d7302a,c4ff3b05593283c49f2f2321719038c0,bc9d379687465857ef0509a77d376d21,23,77
3007,32958,1715394044.557837,7,32960,5392,7.96458,9dc346e78f0854d4a88ace525b35c8ea9c9d06ff9dc11f655f65bde1f3a4d6d1,3f85cb419f9a1c6d2c20b007138201d9,a87efaf3dd7dae829e68e10f56c3e217,224,84
3008,32968,1715394045.255507,23,32970,1692,7.891565,b5c3b45a43956faa2c571f4a148fdb0f9ebdf367b1ef49d753ee4dfba3ac96e8,36e0d32c79416b537eb42940a37aeb89,b8f21d3a754ce6f4581b060f5a17316e,141,211
3009,32978,1715394177.25605,26,32980,3342,7.944059,bf9dc3f07a1aa4c0fb36065ad4118e63e7a3d0b65761d8e10a58934c327375b6,0bec4fde74b128524c087885a7cfa459,5a2e9511e991add7018f4f4dc65366c2,19,73
3010,32994,1715394348.415696,29,32996,4350,7.954405,35a31a2d38b9dc39b3bcd8ca940d97ad0004e465866ab449714e3febd7f0d8ac,7a4049b43d3c4df6217e68b737bc7323,64bebc4d18c1b2ba55fb446ab5a53589,113,1
3011,33008,1715394890.182343,36,33010,2710,7.922131,2c0db42178e1a064fad5a520a3eebf0043eeaf212b450536a767d729cf6aba71,323182af650baa8090b8fc019464ab50,55c3d278435c191e08c7df886d67ab3b,204,212
3012,33020,1715394992.231701,26,33022,4626,7.960484,3d4e8be7e9e748b66c314a61063e65ba60c662efd8d06778f3232c11f6780338,067fcc2581fb1a23c796e6e2f15012f1,d2d77973ab4b7278faf86f293a71c61e,242,36
3013,33030,1715395012.006474,32,33032,3850,7.951992,af90394cdd538939bdb46a91f4f83e8b54d1a62bf13d035dc55e0ef722928a3d,1801099d5bdbc61662be221664cfa5f3,b9a954e398f72d258c5b913fd6b03ce1,143,225
3015,33052,1715395188.229753,31,33054,3817,7.951153,70697be98b3c1fdadce736b2d12ccdb174aead843a63d045ee8e130bdb7a468e,2a76e1de5fb01e3f8ecb1cf8b2073ac4,28deef6f0ecc5eb630baaf8163b7cbd7,247,91
3016,33062,1715395227.293228,26,33064,1288,7.845719,4f6d3b2a96581df30b005d369c27187cedf06ce8b40b8beae249b2ca22f98cfe,34743c8c4768a77bd62b7063b963b13e,abaeafddad4ef4147f30d33f5b6a0464,214,224
3017,33072,1715395245.210651,7,33074,4521,7.956216,28eaace24b78e23bbb6e4dacb21784fdf9ac6d89627c59c8653559d40f751fd0,741d4da36dbafe5224eb7ac777e338fb,c402eab4f2c364a5e653b94afd2e9681,192,176
3019,33094,1715395346.563131,26,33096,3481,7.947473,6ca2760740433e53a1926cca45660fa108f2e60f3b99701fc5104f0a3b74c7dc,b3d6eceb5a7e796a6cc55a187a8f20fa,394d812775fea5d91dd8bc8bbeff101e,127,83
3027,33183,1715396043.251251,30,33185,2171,7.924907,53c41e4265b5d90f6e45b45ce37448dd556fc96e88aa94441d587b2fc07524fe,1e4e58afb81c619eab29d9027c335857,7c2799bfc945b01e785c74f50f09505f,188,136
3028,33193,1715396068.385243,4,33195,1480,7.871212,be266ea9463a6b3c289e499bfb17436aaa46937897bb7793cdb6fcba9c701e2a,cf1feced0d5ac9cc934ce50e9cdd7983,2e7e5d9b5a04ea5709c079468aa12689,162,64
3029,33203,1715396083.311496,21,33205,5497,7.967352,967499f696b8f35f610c4dfd4c68fdfb09ecb384c698eb43cb90bf8ee49d9360,240bc07fb4b1bce7f2f56e7f1c742714,0e0d0de1148bc53901dc1d648eca7c50,248,186
3032,33235,1715396295.760937,22,33237,5430,7.962722,a3d65b42b70d46bc446fd738453df617e547e559ef0a9330f41c5e3e82b7e388,d08810cf4300749965ff7036d8eb6394,07e5ee8bc6b36e121a3afd9c175acdde,190,144
3035,33267,1715396628.489535,6,33269,2101,7.900132,2bb7228482f735cf2b529833a038509ed2c82d30fd07f1b08f440060bdfbcdcb,a22bdb6348d57a346123ef90fd186489,52c5952cc1f8fd835a0af6bb22009151,228,22
3039,33312,1715396879.611191,32,33314,3684,7.953981,e00a7580af56e16e8e5b668f143de8d5cfe80e3f5623b3ea016f7b8dba855777,a5b33978bf2603e4d3e691f8c4166488,d4e7694a150e9313af980477e54ec9b7,67,69
3042,33342,1715397077.206349,19,33344,1362,7.866038,2a0fee1c813c0ba95bf7c98063bffd33e61f86e3bd63822e7b1e0f6b121099a9,2196aa34c4b41efe98bdf41fa49363e4,18b9d77a021ec8a71a098eeec7d4b507,111,243
3043,33354,1715397160.327581,13,33356,4490,7.959575,9c199aad8e66b52f17bb23180d77b8f46aab57a137f4ecd45aac27a1226876ad,0ef0f1c5c7ba7380297300135b4011b8,3dd0a6271e4da5bc3fe24e6ee66736b2,246,184
3045,33374,1715397402.980539,39,33376,2974,7.934327,17e2563c0d4c56750e3d4d8bf15c0c14b83e741b000d9dc08a533517162bd1e2,d8b5e856c8e524948a60ea5146925acb,baa385d72a989d5722ebee9656fbfc6c,104,8
3047,33396,1715397538.4273,3,33398,1793,7.873533,d51faca7e55d02916f902dd7e9c6f0c07f7e7e30c0796b9fe13b582b2adea4ca,a958987a6e1ecd0117535cfe7a54318a,1e223381961696f7dd7fb2954405aae1,136,0
3048,33408,1715397569.916225,27,33410,1702,7.882292,450ac1a79456a206c4544ad7146a506c1f2031efeca58a0f345914a824326b81,1816f37d4bb09a355e76a329eab29862,e64d9e120a839461bfe7611a4018cdbc,152,138
3054,33472,1715398092.456196,18,33474,2473,7.91604,f2e88556ba8563290a770511667c47988089eace03922875f9822ede164ce749,26c4338a4079a00bfee1e8d7a6126244,f7db92e987dbed0d4e752b83be779f45,61,155
3055,33483,1715398233.769446,38,33485,2312,7.927646,e7d84b46b72ca0099e51c15a26d00d84b3819ee12c985bd008b46c840e7c8353,9c0f32d68ed7553ba5279b4b579984c6,2d1398e2e3b587fbfe3a22486af07d06,167,191
3056,33493,1715398334.314649,28,33495,2540,7.929983,3a323e74474a46bbf6ae0dfc90cac6d89d00fb6008f0ffc67b30420ec33a3c51,16c0081d72b0992ab4e4b915ee8e7e43,5024e59c6b55c8175f7310d49f28ef01,243,117
3057,33503,1715398334.464115,29,33505,3196,7.943892,9fe7fa085da86a96ea851d29c85b8c60f2995081e81a42115396910fe6697ebe,57c1b66e1cf1308f571f8381bbae6ea4,c29755a771250f2398d25d5fe23397db,7,193
3058,33513,1715398336.329942,13,33515,3154,7.939461,699bc33eef5556aa1568bf221f2f43493b1df9d5fca62e886b1c02d7d5968074,2656345969bdea9d8eea3d37c005d187,cc56a21bda436cf13f526bb03fdb7e6c,231,229
3059,33523,1715398341.403461,40,33525,2143,7.914725,684fdf819a5310b659efe69df1f542717b2339d957e165bbf6e5c3bb08e3a334,80aa4636ef741a43d243501248bfc38a,4b82ef59e7b08799a34a44d64a2c1654,210,176
3060,33533,1715398387.713896,31,33535,1679,7.881418,537f214ce2c4a5256f409da36ee1fefacbd8b741f77292729e54f0208ceb6930,5dade5da851416da162f1ccc7891c840,b8413627c43ffd8552a6491697eda7b4,254,156
3061,33543,1715398416.291842,19,33545,4616,7.952582,a08f931b4bb7118b0f2b7b7cbcf86033a3886249661a1c0b4c7006d63361a413,e545319ec8a71cb8b889ab5f419289e2,a5a16000a972e9714d0ed0920c99799d,33,87
3064,33577,1715398519.779009,36,33579,2293,7.915164,84e0d9da5167288264f36227c914a585624aa999d31aeb64ac6af4121b3e890d,19df86f19d7fbfc988a17943a6bc7c7f,8fc44da52852e377b4cd30fc6e890fae,72,166
3065,33587,1715398589.251147,34,33589,2810,7.936869,e1dea912d606650e2904da848fd7b97e877b9810c2c7a0c9d6cba5f01acae089,a47b25a1b28e36f11f2d422fec384196,8a382af514df665fd9b92c909ff6b1d7,93,7
3067,33607,1715398718.539903,4,33609,2475,7.918284,267b07000c08e280cecc99e37fde378db2045de5f3554313aa9a7cd3e3f63ef6,908e7f4bc98b20db0bff91c388f2d3b4,40b9dd528931bfefecca6b7eb663862a,18,6
3076,33701,1715399565.089406,13,33703,3862,7.944772,01643d12da28ba85c5aaa2f3d2292887eb97a0cfe68b50a285ca22ae35737753,9cffb18832b4818539ba8acd70bfc650,16070e28bd6eb654c045d8f788608e2e,232,160
3077,33717,1715399714.663319,9,33719,2191,7.91524,df7a0f276e5c26ab2babef69ed761f90c0315b541d889f2030f07e4a590b1397,c1144681fcd78bc683ce0e42f0586765,ddba6f357a19b105b1a43fc2e7983f8b,172,16
3078,33727,1715399785.092408,25,33729,2887,7.937757,9e0aa41162add0f7e1e4e212558a7cb2bdafdf99a10c6529dc9d993d1561d5d3,8aca47f02191cd99b568a4a4ad5d8fc3,84d7b41ddad51840113e6c3e9a098cf3,248,6
3079,33737,1715399846.090227,23,33739,2975,7.946182,70bf7ece839574861c6cc575babdee47c0e9518ed7238cc6d851f9ecc0603692,48d4dfef99070418054267476bead9df,deecbb72b3fe2248da37aff2344f027e,91,53
3082,33771,1715400131.482858,36,33773,2319,7.925603,065b6e8041c1bc96578450c1caac49b4693e23af23d76755f3ccde5f2be89e82,67ee740606013b6c01a9ac1fb7d3f84c,3d51ac7ed8501cc0d4c92ca0937a5687,22,214
3084,33795,1715400330.819683,11,33797,4711,7.956694,7de4e472f35efe9911a0da1d08e2f1756c6e1afb320ff72490b56265bd69a9ef,78fc2cf02dd3414fda90aa39548e4365,0ea9a376431a8c11f7174f9fb9c06c87,196,62
3085,33805,1715400332.176361,10,33807,4054,7.954441,0a6d6eeb46189ff93d1685123260efb4dc04d5ef0f65d6e5b9ea9b66b75ec625,07d285d8d54f6d851bf68fa70e4ccc55,38576f8ef3f1500c5a29254d26bc05b1,93,37
3087,33827,1715400431.652847,8,33829,5382,7.966317,89aa6eaa564f0dec854df98d93a44fe1e49ab7bd7ba7a2055e15efc6855b49d0,78713769fb5f2751afda9d8cdb712a77,b9dd470b3a0e2dd9eda7f46a73e14ae9,227,35
3093,33888,1715400741.733719,24,33890,4749,7.962852,2af298da57d8cbed2cb3a0235ecbc0e7bad931fdd45670f82e53ee6b37e296a9,591c2dae56ba1dbaac0387c02705fc31,00a02659145f849937098c32bf0137f6,84,12
3095,33908,1715400821.675853,8,33910,2835,7.936632,49f1d86cc35a9907c2e15e9298b8e6000843a7022336eb4536479e4d2516a842,68929cc2a8a902606ec2aac2200f3451,4c61c931038ceecc42d3ece2d94b07e2,99,171
3096,33918,1715400866.720805,31,33920,5113,7.96538,631f52a6b3632d435af16bc29cce88d31cfa6e7b0367dabe0abf321ccd05dfdb,c1b5a5db19defd9234ccd42f66442758,ba7ae7e4386cd72341f73d95f76dd5ab,151,221
3102,33982,1715401333.049142,37,33984,1921,7.900546,dfa309c888203b111001c7e46ce3ae35c89c6752d44b9dc81c045b2164512916,3925078013924b82291fef1a0f4b786d,4cc1021dab883e54655966c8b7f71a77,166,202
3104,34005,1715401403.995154,39,34007,3232,7.935956,0401cbd70979f98d2c2e439b6c36af5ea1986d546e01ee2eaa13b390c625ab22,11ef1c2466922b37e72a0c143e8fb6c4,cd73044c912e1b8369a23d02479fc820,156,108
3107,34037,1715401619.463122,5,34039,3724,7.950376,172634a4319df72626dea775a655e4b14860f335fd52473da7a1e03ebc8cd3d7,04a7a446760a63392e7d07f5db2535fb,455fb7b61733883e78b4a3271483270b,7,125
3108,34047,1715401625.264797,5,34049,2983,7.94352,fe4965150b9b4c19c75643c0617113e630ce44c9155af817e1acfe1bc337c40a,1554f2d2395bf0a4871feac7fa407219,1a3f4df708dd46ef1e40ec8d0d6dd0dd,20,42
3109,34057,1715401695.787766,11,34059,4553,7.959798,11f48cf3f806652247146ff5b1601b9e5d5752ebc31b52d05530c49f12d97514,55e75e686eb09784d08a8d2056202a45,18d12e0049ad5a919c5971206cb4db96,26,104
3110,34069,1715401758.826726,4,34071,4534,7.954647,51fa72ac71d67358848db20524add8e2bc9e1be62027e30eecd8c14cb9bf3a8d,d90ddebb9bbb187a463a4cf68d2cb2ff,f9f9f8bd5f2f67e940cdbce0da67c3ab,225,229
3114,34109,1715401896.925747,35,34111,5488,7.962545,0ff1699f7057aa890d1367895bc3e8534381305f894bf9349868d4bf33e1ac54,3b9bef22f7987fde19d6d9fc3f5336b2,1e48db695016e73464b6c7c69dd54427,188,184
3115,34119,1715401902.653619,9,34121,4902,7.960588,304451cda56c68a46edfa885ac609591969520bae36ac3228ac878eee4597cbf,396b802f8bc9f548f9e87d2327e2dffc,3f0d8c30cc03a93b87cd051363e48133,204,250
3118,34149,1715402141.65936,31,34151,5169,7.966357,383ef6055a9505fa242086ac1dd0baed600edca6853733fd17cdf9b41b812535,5b59234fa2df5ad95b980172bfbce645,a5156bb0e139e425bd9ccdb72d899802,225,13
3119,34159,1715402164.266447,25,34161,4961,7.960059,950a61526c65779bb0df3dc785f9aad9a06d7305953a950d14bc6c256a199179,6456c9049df17069559cc4fb1c9b3106,ef4158a15d9984e494fdc2b7b46f14e1,98,186
3121,34183,1715402224.030283,12,34185,2498,7.925767,56f0f3147b0bdbab6a87b88ad83a2de42ba4cda42808c867eb94f77c5540c616,ef70c067f548428aa4146dad0d96014c,b1a325c279b1ebc34a4b2311e9fcf1b8,240,106
3122,34193,1715402274.712929,7,34195,3415,7.944098,6a87fb7e84bca0233cf39f6170f3c6cbad200630565ab8ec2bfdee73c5ac0ece,0301d2944542d3e1963d97557e921da4,be5e397a12dfc9ea57024dbc99ba3596,30,102
3125,34225,1715402519.053156,13,34227,1398,7.868851,3a83a473a37efb21c8fbe999550eeddeb0645e01f25cad9bdaf6aed21c6441fd,69f81e099b6d13fa2396c11266fc32ae,cf6b5caac83c08bb64d49e28b538b6b3,102,6
3126,34235,1715402659.989238,5,34237,2405,7.914687,ef29d479b89f2ff92275e7bb366d6aa4a37c6a7cefe5e5ef064e85d87c549935,356af3d54704d16e74e49ae23c0c06db,3913da05117697b27f2d533b33082634,34,174
3127,34245,1715402666.145433,31,34247,4308,7.957342,9dbbb40d42df2269b23e7374aa8aae4917ab581be29b2abc7b6727be57bf1b74,f254d520003be360e6eb57cd2391cb3f,152816e728754838c3461bbd2e75fe61,153,199
3128,34255,1715402730.496907,33,34257,5433,7.967943,0d9f0741db05ef9f400cdeacd7d15214737814e61044234f87108a4ceccfa4c0,47270fc722225a679cfe12e8ddd5720f,47bda7cde53a1f65c050762edefd4198,55,211
3132,34306,1715403114.985894,9,34308,5475,7.958294,6a5ec9813084c95028e913a4559ebcc20e10e6d1d457481d83879482f5fbda0c,be02d3199f917b5dc9bc1fe12572864f,75c49a490d79ad45c9380d116f4135e9,173,33
3133,34316,1715403162.213524,39,34318,4944,7.962457,dbf05b8b30bba04b3aa7a61eaa7ea521a05e5ddef945211ce391e8030f78074e,ab1e118be5e6140fa98f7e598046cf9d,de899585b42efe45dafbb388ba3e49d7,42,196
3134,34326,1715403190.501267,21,34328,3802,7.949863,cc0e39abf2ef9c176da6411931601b170c00e2980aae46692c39143c0d3095ac,a867408329c7b4269ebed95f727ea1f6,bd0fb6daf47edae0217bb7750b62e31c,194,94
3136,34346,1715403283.026458,39,34348,3835,7.954515,a350da68070aa0b586774ef156d2f0c511ca41924cf1f7ce83a92fcbe0f5e728,aa5362f7d95081b8d8f583b4c96f4fc8,e5f137b5ac9bc1aaa64b030e5cfb539c,193,227
3137,34360,1715403405.067487,40,34362,1500,7.877989,cb84da5c3e4bf874c3818ccc1504fe3694c1a09225adff9ed06b92b950bd96f0,fb60d8eff1fa974d3f4babcd6542680b,42f5b218f07ca816784918abbaae2a90,33,25
3138,34370,1715403489.62068,37,34372,5648,7.974393,3926e60e660bc1b17dea2ae16e21b166da70416669b5e4d8807439dc2a45b70b,306cdaf8137f533a4b029427233a2b4b,61d04f2c293a4e3f0f8af89ac2695661,24,12
3139,34380,1715403566.492604,12,34382,4907,7.963834,5d25a884f233de2394ec94a8f544498485b39803f2ae04d3205f534f1acaefd3,7e2f5ad7dfba3232675ead4203d2568f,863606e8b9de607428a1d7a5ae149e6d,169,69
3141,34404,1715403758.3104,37,34406,2410,7.916481,91d169504506564ff11f7b0782956194f79a6cca1d2364a11dae006c65615afa,3e55c11eda8d044adef4e10183320630,cec5fbbe5dd6847669e32fa7f9d0e211,204,144
3147,34466,1715404067.192279,23,34468,2354,7.926498,4a1b2c6992795636453f56d2bc23150ffff7f92d7b7eb8c1cec50647732b2f09,b9397c0e2c93bc4faff3e4d4a3ac0a75,77c6fbbe99a128281d5e6382e17b8317,135,225
3153,34536,1715404688.411283,33,34538,2817,7.945279,1e699e04baf726104558e2ca83006330ef3c8b719400c1a7b04d81787e915146,448791deebac9883e9cf22dea6183320,f73040124e5af38223c1702cf5d138fd,22,84
3154,34546,1715404736.34171,12,34548,3161,7.937972,84c181b10216c3c2e9f07774641acaa8134b7127ce1dafac42072697e8cfb3d7,c207fe51afffa27d1604b845807a73ee,c91eb4fd796f82aa64b7bc972a7e8a8f,90,234
3155,34556,1715404795.904877,34,34558,3417,7.951867,4b8fc50206c275c1ed50db3a23505bc6d381d148196ec166fb39dca1c83fff37,ad435af85ee38ad28345830d3ab95da8,ba07b0cd6e7e7db85542bc9adb3f61fe,156,168
3157,34578,1715404920.587185,29,34580,2234,7.917625,4b33704625c1b54db7a9e6bed437af13cab2aa8ead2f93ee145522746146ad6d,1bd1505e486b4691c6f9293f0861704a,915baa6cb9bbd86331c791fda174655d,121,15
3159,34602,1715404963.808703,22,34604,2598,7.928714,5445e85f4f6ddebaa6d8f514855103b2f0d564844222f71dd12f0aa6e56830ac,364ca132306506804fb48be3120b637f,ea809e22db21df60e39607dbdd2524dc,123,177
3160,34612,1715405079.274065,13,34614,4389,7.965583,51434a17d47da0c8b723e4b0612223df79beba4ba1f60fde22daa9c53fb319eb,d404ae52b77a152d711b5260faaa41fe,5bfbc889f5e0af46057846d4542b8b09,142,76
3163,34642,1715405325.707009,21,34644,1901,7.914912,451d05f889ea884387248fe25725846772342f1705b2228788c49476f3a2d9e9,bc5ec0bb2849bd8bdb7dd7b0b2bdee90,aff1d3b0dacd7c69aad87e881e39a539,156,128
3166,34674,1715405427.77137,27,34676,3159,7.936579,b48c889e6032abdc53e9ca9cad7f334dd6c1347d3ab408cc6317027d80b50c42,cf8a8e708e1ea5f7fcff0c8cab419209,040a1c25be226d702b9f80e9e48562c1,78,176
3167,34684,1715405468.407192,21,34686,3405,7.937213,f6f5921d77b10670821e61cdb6e31aa4941e9f08488906893ba8b64c4213e773,35b33b039e38f9c8c3be04ffea89926f,d949911776f9d4f6cd98faf97158b466,241,95
3168,34694,1715405517.152041,18,34696,5577,7.964637,4523f3d75d71b6ff0cc23192ce10e78ddf764d4660eed503409cca0bad5d1a94,314857838a000477a7e0ff96061c48ce,9852277f51bf897a0cfa2e4285b076e8,162,172
3169,34704,1715405538.919808,4,34706,3662,7.954899,65a846156f3a998dda26d657592291613fc53152fd9aba1b337815c0af06dcaa,b3cfb5e29625da117ce8a5980d3319a4,5f27fc8d887c34d80c4f0193605ed36a,168,242
3174,34758,1715405673.64306,12,34760,4860,7.962,7c3cdcc1aae14ee130049f9e1e99270a5cb212b596edd7cf3081b30e75dd83ac,8fdd33ac38a85c6c44ff24717ca60eab,d28dc97d1638a9bdc6c66c5fb4f4d4d5,80,16
3175,34768,1715405689.760322,21,34770,2100,7.919059,62cbd9ce58c3daf7eecfb347688ba74d72deea120c66c0f61e960dd47c6f018b,6d0942f7fb5f762fb273de1d544b7d31,58ae0a3af883e3ca515b4db51919d370,57,233
3177,34788,1715405809.296165,21,34790,2312,7.931877,be4a8a6e310b1ecbb7694debd036b8d7aff154e5789a1903ca8de33e000cf909,d3969cd0f122c80e7a87ae1ebbe93052,173f8211423f5ce2d5109ed575bc19c6,240,76
3178,34798,1715405816.142783,12,34800,4375,7.954968,ce8dbc20640555c12c01b16c09b6d7d5cdd49aa4e832b532b90e9afd98d4adb1,a4a59e776d54c91930f0b8d31bb3bf78,798c43d9e529990c40b4e30eac1efaf4,0,94
3179,34808,1715405834.557966,25,34810,4378,7.949284,0b20d63d8462120217dd4bc6fd712d7948a83136591a52f9e9c7f5476d4c87ec,30222a623c9e6f7fb01c6119711b68d5,7821497e1075bf4c3d5495d2c6bcb30d,14,84
3181,34830,1715405924.3878,31,34832,1485,7.883104,185b090d7a77bfacc7121223473d730eabfd8d260c328d6208246461f2fbbdb9,74ec14a5d842c709d1bf3ac8d9c4a115,c1bef6adc1b909d59e4e391bf702b93c,244,14
3182,34842,1715406069.194715,30,34844,3790,7.952547,f95705756f85e0cc382765e5f87e5810c51d5aa7e1d3f8f2eb7f678fc9e7e43c,9f9e325b9b5280f5146826cb602b2b82,a67f0dcd02ee2d4e198f43f41024472e,162,246
3183,34854,1715406120.735948,21,34856,5353,7.962794,7807f853a770adbaffaeb401608574da97e27f830880cb5cf6919b9ce4d510e2,e6f4a883016117041d6ba63bca67bdd9,62c554c5e8387b3e1a028964d2c36ea6,160,2
3185,34874,1715406271.200205,19,34876,2018,7.90082,32850b8418380c15e49543b2056ae727ca3c89b648863cbf6715ab32233fe391,e6771924e9491320fabe83f6bbae0aef,d4d431bbbe267bb124e89f901c3ebd64,4,226
3186,34886,1715406403.512943,24,34888,1664,7.876301,aa701c6268d8e4f4c83c64f5b27ea08499c36500f53ecd1977f30421bc68b031,0ee5f887f68aa7337e65adeb6f8fa94d,e9053f8fd33c15a0c610a5b657225ec2,94,210
3188,34908,1715406452.650097,3,34910,2188,7.927437,efffd627f010e23cf9e4c1485df1e7cbe6fb69760b5a2a54e4bcdcfb2a8191f0,9a7430773ebe23a01f400a8dce9a9b66,04c90193d14ee1bd21ff55c3d8467220,165,63
3191,34938,1715406582.412894,16,34940,1328,7.871286,bfa9d34db2ae68fcde15045c7090fe8c7cff17e871f0ff69ac112ad66695b4ff,c3bf86ef11683589519a301649fde598,ef01e9b2fe4d7d90b9daa26ed00a2c9a,138,244
3194,34971,1715406826.184335,14,34973,2244,7.913174,e0955b2a14f6e13d965cd50f201dedc727684d6808dbae608a0002da08609c8e,9629c55a8cb1249859f1e046fb9b46e7,a361f2bf7bc304ae1f4b1009f843b0d4,157,77
3195,34981,1715406832.784867,2,34983,3539,7.947935,f18858af005be14ff39100f31e0119f06498c4dc9af2f44b3f5513439c77341c,2ecece812ddeda2d2d5f435522496dcb,89898503ba29ee5f84b38dad8e422b68,210,222
3196,34991,1715406861.083561,17,34993,2022,7.904111,de1702a367aa80dd0c2b6bcd73ca4200803e29bfe644530ab4aa366e97db49b6,777749caa03fbacc4d4b6a7e1f3de59a,8ca805cbfd3086bebd7003e9a7dbf696,36,180
3200,35036,1715407060.377593,6,35038,2373,7.927127,814e1ff91669c98cf23255654d279212e7a9a031508235f775c7dda0ce278437,a47deaac69b72cf39a3edf618305feb4,a7279294ccba2d24d1f7280fb4a94091,179,39
3202,35060,1715407148.7106,20,35062,1268,7.815199,33fa1895892c98b41c8434f030a8762da4f591ec542c2f35a07abec2001a727f,3e38bf6cd9d2e39285bb6024c09eecb0,e4598258d63df8aa2be2b039ed39958d,150,118
3206,35102,1715407415.502095,28,35104,1940,7.901541,4caeb73e56a0a4cc18e513bfa82c397fb4d3e9403fb7d2005f63f35e285de027,6dcb4cfaaae267f0b2044a4b04c99d33,ebb1922fd01234deee844d3274f6dac1,42,206
3210,35144,1715407580.53546,14,35146,3251,7.944345,bf225646220bbb650e11d8b567e6acbb00c1d940156884fe805a2db9725bd293,dd99852059f1c500f90395b141626a02,a9ae1fd0bd1b15308fa92959fa82f7e9,160,86
3212,35166,1715407675.772573,7,35168,1276,7.839879,5b47ec3c82668e908a3a024128a35a871a76a313d74bd2fc404d9a06535961e1,3283fb20265c6048818a2431beebf746,1ed587d5b74d0550d154acc76e7f1707,14,204
3213,35176,1715407682.666997,8,35178,5423,7.961964,f1db51b4037528632af42f2d9a9e550a3aabf2ba36da9139b68925bd6d6b0f7a,927644afb0bd7c081adc4bb5fa085aa2,a7f2089e62e88fe1c0bde1cd7aefa14f,75,25
3214,35189,1715407988.067026,10,35191,3964,7.955033,3fcb4413d4184c3fefb45061ba6627ea0ca75db8cbe98e07c85f26f39193d188,4c39ec54b953e94a69187190184f1e04,127babfb35e02ea71d50fa2507a4bdf4,194,118
3215,35199,1715408004.264293,22,35201,4499,7.954271,9d7d7ad3addba1c54a09e779e09591505cfe5c585df1c0c2c8ee58452af4a28d,6cc50abb2ffac23a618bf95ed80eecad,802efcee2038f841dc90541f1b615f34,124,104
3217,35219,1715408021.069682,19,35221,2920,7.938085,be62a8e81858d60da1e57530ff7c864b1122705226b1f7f920e9c2b9ad2256ec,38b626b8f4c3f3f83a65ed22cb975041,f4a4c627cab4d570949cfbab452d9043,120,170
3218,35229,1715408028.84853,38,35231,1398,7.873111,012141e5dfeb99ccf04984e9401ea749facbdf42628b79fd74ae3b17f84b5c2f,58f0c50c11ce4ce66f4f1c60a10abae6,16b3f13749e89e83a03de025f62cf1d2,14,194
3219,35243,1715408219.859748,15,35245,2940,7.936112,221cdb5880b1871d2ec71e7259387983ced0e1f62d93a7c0c66f46842d759ef9,85d12cab5723a4fd0cf48115da963888,2fd88aac52e2e447b4fee2c2d0730d6c,158,206
3221,35265,1715408428.353323,22,35267,3098,7.937684,f8988bcf677f1cf27e6655f06d9af81254096eadb383e30e40fbf0532ad45a6b,d1992d0246fc4e3d3d7d1c204234a214,bb6093f31a601aa36d2ad150c17b7bec,205,133
3222,35275,1715408456.613616,10,35277,4739,7.963882,ac57316f4cafd8c3f52222a7625a1255d6aa4dda8ef6196095417d3c3f6c5915,0aa84bae7cded218c9fceffced5f68c2,0778a9e1d8d6646168b20fc304e2f1a7,131,173
3223,35285,1715408487.164369,3,35287,1742,7.890083,8d236a806f80a0432e3379943fdb75b02ea32d646bc3b3ec72bd40fff0f8fbaa,14ba8263aaf96a4209bb2bae0537b464,b368a7b6bdaf98a2463c30d3319e6d3d,105,31
3224,35295,1715408516.026155,19,35297,4382,7.962625,a33505827d1aa7676f453d36782035d1d93f43bf0f9484451ac03cd14b6d6172,865806284636a837816f0dcf3287fc4b,7f72a418b2d5418fb1f7f39c9d229894,234,40
3225,35305,1715408594.807868,27,35307,3406,7.942712,55125765104dc955a9948c750660678113ad24e22d918ed7f7de181639218de0,9ff41e5fbaa43ccede2644c1a4eb4dcd,becc34ec4c71e40b6f724274eb586519,196,186
3226,35317,1715408684.526551,35,35319,1356,7.876544,7b220640a4d967c47fda0cac22840fa0d42683bba1f18608d34dfd0b5b5e4f3f,a3dfc40442c41bc6e909532d92a3a5fd,990588b9a15b74d379d846e3ed7085f9,136,58
3229,35350,1715408882.903858,26,35352,5708,7.970553,34fb7cb7614ab038c676b4b61ae24fea5ac4ee02e57fe7e4d4fade16976f3e09,b28645b4f5f04ceb0b65987337c813b5,71451bd95633ccc335ed6c1c127ff765,161,11
3231,35370,1715408967.753577,2,35372,5538,7.967653,175a952bccddf370b27c156cd768b5f5332fe461904fc096a2efea861806d795,c0e4917d34488ff7ed52027cff276d53,1cdb2eefcd5b95ba088ea946b0ca896f,192,0
3232,35380,1715408996.032572,14,35382,5006,7.964141,5d08cc97bb47a9b952509b97d6816a7bb05d3cbaf613decd86a9993376d362f1,345a41e61d8b2952aaf21a0c73c4dc5d,cf7d2e321a20163305c11bf23fa076b1,152,214
3233,35390,1715409012.244322,5,35392,2027,7.905394,1280acfe6fa1ff86595c2aa9b59e3a8fe2b93f800430084da8ffe9a0706e7255,1f3097c6218330a0ab20333c66fc7745,02d4a254fa57fe3aa26184cff6d371a3,97,1
3235,35414,1715409156.341935,7,35416,4447,7.959915,3c8cb4afc23c040904814fde5b471c2c6303da3f44eef9c68ca37d37fbf9fad6,bfb53e2177b13cc6e18b3555728f61a9,9e8bdd7a7b5f089395d05e9eb8a1b8a8,242,68
3237,35436,1715409229.329923,35,35438,4182,7.959342,ba76b5d74c018488dcde1f856e0deb8bc7d997c107253959d9246320c2ed5c2c,d1aa39da4ee30a713ee5adbaa7dc6382,bf7be96ad76dc28c11f235f2a9306bb6,134,116
3239,35464,1715409516.05161,35,35466,2334,7.92479,197b74b1e53d3aa912f4190cc3f75dbedd65d2a50dc6e0cfc19d20b2ef099fae,213f2fa7a6518bda7e7071943edb4ae9,729112fca920aa5e5b942b54400fba9f,13,17
3243,35506,1715410051.802904,39,35508,5629,7.966709,55733b23cf065651dc1784d20883af1b649977460b0d9e6969a1dc38a7fc7a30,c00701f000c49d407693ccb52c4a70bd,1f249f5a2d0eb9d73d703796e024bfa2,121,121
3245,35526,1715410211.95046,40,35528,1866,7.891257,a238cd3e77cf994aaa9603278a05bd86d379d0173a5b238c4910e13e7e4f82db,4b0ebebec8c550f98772b658ce12e25b,6317b06c1f2c902c78eed4169aab5e40,66,140
3246,35536,1715410240.950736,39,35538,4654,7.963657,ac2508e71b917f993ad5023bcdfcce4cefdd2b7f02c1742860d3c9a04be00fb1,d095d4b02e7d1e74446d1b0ae4965ad0,3fc2c7fc9e3b5dd7848397ac9f72258b,165,153
3247,35546,1715410249.971631,1,35548,1323,7.851027,6a226e7d2c5ce5f20fc36bb49a6d28cbfebe73d4f06003ab5f06aa8b57e8eaac,24fca7e409a90e681b7035cd88eba615,21f7dcab1f8a1cfe7bf331eb665befb2,69,251
3249,35568,1715410348.982019,25,35570,3362,7.94979,8068e60c2322c597d12e4c3c7cf1720f95cb04dd4e3ff229a952048b674d9bd9,d4c1fb1551c2d39af7398980914e65c0,d3588408da453765d575fdead51c37b7,218,112
3250,35580,1715410443.923441,27,35582,2301,7.932896,06bc133b1a28b493b2be18f620f7a1444f197a8322d55730c67772ace725f313,44e1176feb4b0b13c7bf0ab4aa4663c9,67fd0f4abe7b46705e1ae09c463341d2,166,114
3251,35590,1715410482.591781,33,35592,5698,7.970311,1816f90d48df3fd05588c5cd52cedef9b5873adf8e453b3a36e0fb4e6d5705e5,d5fc717c4c9b9e132fd6611393067a23,cb090f406b55ffc9b17fb01f8b77e32f,220,12
3253,35610,1715410536.628315,21,35612,3359,7.951599,0c5f0803d0d4f368b7f1dab7239cd786d9985a4a3b6c087d16b3b39ea00c8303,3ae12fcaf5a705b95ef72abea9c6c882,06d5f2fdabf2b85cecea176f5fc54dae,83,239
3255,35633,1715410725.196882,24,35635,1697,7.89308,7927b6c1f0d89e5e11ed90115a9d13d9fe0cba704481669dd560793d8f0f7015,2a48210a4ff07346463e220fa58ecdbe,335134a69df586501c9e6dff7480f24f,186,180
3259,35675,1715411041.466657,39,35677,4547,7.956055,a7b42f5eca9720d053e823bcf6e64896cc38e3a91de61588cb9a18418e2aafaf,cd09ce8e98a9fcd946e30571d021881a,291e9bb806cac55355a85ff32d9f2bcb,131,11
3267,35763,1715411421.379542,31,35765,4764,7.965026,ecc28d5695732381dd964adf19a700fd8333831aa958f4189f7cca5e616d02c6,c6a08e0fd2a5cc3f5a33193e054714eb,35db07072691f9f451396401795c687e,161,149
3268,35773,1715411503.427463,17,35775,5186,7.968116,42c9fb9514e87683bad213fa743759a93e43813b51b3272b3ecfec28efc3c19f,75ab7de9930e62735caca979328acd4f,e3458cce629e10c13938b366b151cf3e,246,172
3269,35783,1715411546.749943,21,35785,3833,7.94858,4fa090fafc14b15b90d52cad3b48d617ba9a3e96fad278569a652b36bfa81150,49e39b3e83716ede88667393df792ed3,a051465653865f64e2a51f9a3d9b9a59,145,153
3271,35803,1715411664.442009,11,35805,1249,7.840168,7dd5c00df02477ed2f9433528d287b3ba18ef10cb3b8edebcc306583c994e781,7c9dfe3bf5461770bfbe4f39929a7b0d,638f9710a7110c14b16622f8329702c3,107,185
3276,35859,1715412354.517364,37,35861,2584,7.928217,6762a063f79027e04009f4dd903d922f96936067454f18ffc47fa5e22cfbd28d,f4806797094446d1e5a95513dc75f341,05530a0f87c32fa5e1beaf262a585df8,111,253
3277,35869,1715412382.420409,12,35871,5175,7.964124,40fe188c6c3a2cdeaadf146bd1302a4e2e6e5b04462234b294564d082b84ef78,164462fd2a8dfbe136ac6c0e12c97cba,6b02814fc5723a7f2a5ce0f95158cf7c,223,145
3278,35879,1715412570.125977,30,35881,4083,7.95265,20a227414afa00b69d14f8c4051c9ff3e1734216dc55cb49e7c9d9690acd0c69,e106f1ade6a32d802f33cb02fce8d3cf,4d4f0ee6553d269b2caf41910dd41648,178,226
3282,35920,1715412761.400474,22,35922,3671,7.955907,ad557771457d0096099634385e5b22258e0d7104cf9f415a44b4eaedd62801c7,b4ebd0de1034379771bc31cd9b53712d,ce637fa515b56a52d5401a5882423836,71,185
3286,35964,1715412880.883954,11,35966,4435,7.954033,62bfac35f5124590451d9c9154480dda5e9baad71adf28b8d5c7c58bd1347a4b,4de8ed8f3fe1a058c22d23aa360a0c71,5e30bbb293b2da6d41291432d3e4bb69,192,84
3287,35976,1715412927.637697,36,35978,1532,7.89266,e32ead02a23782c935d9e1072ca493c5a9eef8259f1ac368b1e5c9a311bdd2b3,dd4ca3e996d44f89c97b847096410d90,ba469949bf780f6f9d12fe3b7cc5e5a4,26,244
3288,35986,1715413060.406936,36,35988,1829,7.899851,49c56a7885e9df597cd787e1800d6ed5a45819c7b528debe9828f0c60fa6707f,6f7c424d5d1af51bc9f4739137ed5ff1,e84902263883fe1c2cd4830023fb02a7,253,145
3289,35996,1715413140.09845,7,35998,5519,7.966658,15fd59f1c6fbb14df564b86404a8b5e5e6a156560aebebd15e881a7a60ff71dd,249a60c589382ac7e1b172f0abd8009a,4a2798a77a5f2ef62d8a0d2967b49837,106,6
3290,36008,1715413451.662265,35,36010,5700,7.966322,fa6d6ada30ca5d7f531c8a73c3d559227894e2d705db44b9d8337e1067124766,a887d82ed7f8b41b00e1f3402537a2e5,7ae598a615dd1de8c9f363ed06e04ba5,213,131
3291,36018,1715413454.909884,24,36020,4471,7.957406,eeb48998dac080d63b653e77bf30ad011e3fc5dd3e78fcde58ba00d79c826536,94db7a3a508ebb9129b8384a23342dd1,9e6e86084558821e23099cd91cc3287a,120,10
3299,36106,1715413888.316463,2,36108,5224,7.958714,f3cfd4d88779ff3082689c59ee513898bc9a69db6da0eee410e777bcf08b3c23,d4ec53e45b3e730e4d4c86b06c6015ae,9a731342991e63f98768a847a4fb156f,38,30
3300,36118,1715414032.054636,31,36120,2017,7.8832,069f4b53faccb6daa480846a9dfa1e2d548f3ca7620ea8d41544d5d4d995bbed,9f2eb2a45a9dc5e8864681b8e66f8324,4280780aaef12308837a59ac546ca29b,137,63
3302,36144,1715414382.677845,1,36146,2630,7.928265,370d0bac4ffc104f52c63d4c290dbf031c40bfcd6737c8657c40b4880ee3d5e7,fca890196854f4e3ec7843b561e58c5d,fde6f74d0f1b63a94754968ee2282cc5,249,53
3306,36188,1715414677.7468,23,36190,3066,7.939568,b5a571fcbac94f5422d8280aca1645393657756807edce1093d1ec10d82311e0,1dcc76197a328c06931e59147749c89e,5fe0a153f2138d2b592266ecffdd9ede,194,180
3308,36210,1715414862.014669,12,36212,2734,7.934523,2ceef59d4ae943c7cf40d903458c09f90b19d1977e414034b2f74bad41c142e5,6c3c41f8c24ca520fb5464a775fffccc,90d5c980f52b5fc602f316a9803ae646,55,159
3309,36220,1715414874.230774,37,36222,4415,7.957173,334111e05d441ee124afc2371a94b83b87284d181d49fcf5c281c10d5128c2d6,f984c1c75c598d00af69d8e218849c38,3002ca2179443251b59b2544c21c5650,67,155
3310,36230,1715414972.801137,30,36232,3499,7.95123,a4d6b5177fb2d893c3ad9bd0f1befb643fe8cfee6a7d3d7a00862319d67fb226,7e56aefe2585c2abe818057e3dbedf57,a806f39818bd434bb2583b5388648534,165,93
3311,36240,1715414977.464553,8,36242,1384,7.867481,91576d04868d872b3c24c710a0a2147beede24b9c3cd1df95edda43b49d0fc98,95468909901aec53584dbab018be9771,0aa4768d5d2bff9ba34e08cf2e8d8988,155,19
3312,36251,1715415055.394899,10,36253,3100,7.94904,4f4951af749b8506d324e7f3c7d0cb708ab869c9880c42a0b1a06b5c4558b8f2,2eb846aae87d75ec882a9f2a6a947dbb,6c4cb54323db9765c100ed42c4d65673,65,159
3314,36273,1715415285.394249,5,36275,2140,7.903912,33f9e3c0797b23d2b3e19f5f78524dfe96ae34536be78385eaa9b3182fdd5f82,dc402d3c51d9c19d74b09f54969ddba4,41e60805044c67e367149d9ec620cac9,246,20
3316,36293,1715415360.653594,6,36295,2120,7.912127,732d526dadc9c5043bf3fd0237b840303f45325ea2ecb7030d16342f4af2906f,f50e82870e2af09cc116c31b426a1710,12eaaa9b10209189362959a533346b2b,25,165
3317,36303,1715415525.334295,20,36305,1658,7.880566,12d663a1a8767b8ab172ec1435adda5be6d7a159808026858eafe79406f90c3d,b142f0c9ca22f52a4aef2e79b4fcef88,48e87fd08a6172f3a8b8c1816d10f749,160,186
3320,36342,1715415966.396458,35,36344,3644,7.956287,b91e6153be3be2b6df226e63833a5c8c1d7025b7c85c6986c589160520247715,ca357f1d9241af12c9183e848eb21b20,88bc55415b21e4d904739cd8c790dc97,107,117
3329,36436,1715416624.511649,35,36438,5537,7.957361,9f768492bbc1afd2adfb874db13c0f23e3fad74caa0c6873e579e60a1d27b588,8d00eb0aeb787755de4e13d0dcfa89ec,8f44127b368fad8d4631d6bce3f4069b,222,226
3339,36549,1715417498.475642,3,36551,4381,7.95434,7daaf5bb601ff5283fffcaf8c40ddc1a098288a806479273c2336dd13197d3fa,f4d149dd7e0739fd05e91d83ada59325,0dcacfd007cd0809df590fe65f39530d,237,169
3340,36564,1715417549.002963,30,36566,4285,7.967107,b21d416ae6abfceb17ba3441f349d484e663fef599762248d247b2806154b67c,ca9c460f45c73fe90ad37503ced24465,e203a778e9cc16617c472c4b4493811b,68,138
3346,36626,1715417835.47391,17,36628,1288,7.848802,8bba15e1275cd6c51be3ea51e0cf01c29c0c4570d7f4b0cf44ddb51a9b10b0b1,247b4014d91680a9dff61ec3366df6b5,b782e89afc84b610693d946e55e18c87,12,32
3348,36646,1715417976.840374,17,36648,3951,7.95023,dff5dd4f268de5e5c1ca7d9eaf75317bdc53768b2c5ea79cbc46bbca680a2703,c2c801d20bb0dd93166fcc44a414c7c4,75eb21667e18d368abde92ce1e92f8be,232,20
3349,36656,1715418013.430632,25,36658,3110,7.945846,b8bbe8ca6a0a184fdb96ab5b41a4d572198499da142878129e22363bbd8e7df7,47f6812a4850cc10a925bf08ce0ec544,f94352020ea924d92444bdd021c1295f,166,254
3351,36678,1715418084.006583,6,36680,4356,7.955233,158ed1a7307e518288b90aebfb24136edbef27e8239e7362aea00330c16f83d5,4f56e0723eb113ebefd4d80241a0a237,3403c306fa0713c946cbcb9fecb9b98f,223,245
3353,36698,1715418100.189158,15,36700,3649,7.947185,d242bce49ced2a36b5ea3aa55f23a53412741b903413a2f4dedda47e327f361e,6a2a6a62740d8857bee5d213d633f518,99baa43f684bccbe8014bc7a86688f0d,248,208
3354,36708,1715418144.56151,28,36710,2438,7.917633,155f792e9c3f92276ae9f954e6f9de5998b9cf6f26c216c60e800de821d89df5,e3b1386d1b66071e7240484fd0a5a4b0,c25a5b01949ff755ff5294348bf6bc45,101,65
3356,36730,1715418192.530781,16,36732,5739,7.967166,043384dbf28b95969bcba515d00be6b8095e278db2a574ebc2391289a115bf1a,b0f16dd91c3dedf53950dd56cd1a0d4a,05f74ea15821c937d0102c68b8335c5a,148,112
3357,36742,1715418416.24834,22,36744,4324,7.950241,5e29b86f96a63423104b85d8f40b48f30dce8ae905a10cf7e3c6faf2ec24d022,e790b6240e96c1aa7f3aa9131fa6aba3,77b2a5bcd692bc89408b49b9d9b7c54a,109,169
3358,36752,1715418604.754146,21,36754,2475,7.926658,d76995a71b61e2f6ad23e9b9f355943af339c5bd6450e72668f97f17f1a01907,3fe84c83ab537ba53ed05df3920ff045,4e17a3b225f97016ac7863cde876dadb,244,18
3364,36813,1715418713.32651,16,36815,4127,7.955084,de393b84d40cdbc97038bf0d35163534ee54db3b79862ef809b33ede82d2aaea,da52db32da3a2554bed6f240d15362cc,ba323cbb916a028c195fcdfe4f97a918,233,95
3368,36857,1715419008.915095,24,36859,5723,7.967119,ec688696d8d052f4f5d4b293f15f438fa7938674277c52ad2f400d444574ccf7,09a30607208e43b24bc6ddbdbb4851ad,51eaf30554db38f0e4a2d969e7b26ab9,109,33
3376,36947,1715419761.318378,37,36949,4894,7.962555,218b1a8e7344a601f552768d5cc7d0b8856c18568d012633756d6e42dbafb32b,cc327936a618850f9b1261af6ccb3d7e,f8d39a134c89bf771cc8832e5478ff48,26,40
3380,36993,1715419967.618088,4,36995,4690,7.95972,0f843f3da79d3a1cb0e89d0126090e2e56bc2457db7a853fdd172f8534fe706f,1612e531e80d99922c2d0fdd6a8ed502,57045c6f58476d1f7c422834265071ae,79,179
3384,37033,1715420316.038654,30,37035,4537,7.956123,86adf5ae718b5dd82c2749531bc6a0880886af24685f1aad78c5881c070b6dd2,be792e0d9119a68571aeb319f35c9fb0,b7e8afb828377b831cfb2b32163fa430,210,198
3389,37083,1715420614.898377,36,37085,2389,7.915002,8d50329a8dd2148fd0bc0e8b435200522ffaaabad9252423b5a46b7840d82a48,211a71d53f3c4acdd9340dfd484d4c9b,ff93541719ee36542c8334b208f2e4be,106,206
3395,37148,1715421134.883058,4,37150,3004,7.923501,1b89828ae7b1aedd985306146f75ee0492891af5f9cd50ebaa6f4664c614721f,31059e05f3a86d8f9b4daf71791c6f9e,264c39aa6e7d30524eefd1fd2176ab0e,5,243
3396,37161,1715421383.971562,40,37163,4339,7.959943,c7482990395c2d41c63df80276adc6153bbf248451305b95491440354dbb7438,fc424391034a9ecec0668eec7fc34a07,5a9595fac1f76b06c28d89565d1279b0,7,89
3397,37171,1715421506.99188,11,37173,4314,7.956495,381a0ae5d72d0ee85f0fd40544b4f3fa29784abd50fb96be3991204553186025,efcefd72590e708595b47d43625cc818,a3b1bbc7fd32397aee8686488fac8a54,178,232
3399,37199,1715421909.41361,29,37201,1418,7.86736,61d70cfd6c80d65986a0b9113579fa69f3fd70a6378c1da08364e959a03ee6fb,f1224de69eb167afaf69b94380fe0e8f,8c0e2c41c17e885361412c29509f29d7,186,232
3400,37209,1715421934.707461,27,37211,5797,7.965597,88f254052cb2120336c211a56b0e993dcd581c9da1648ecc98e1f65784275d32,3afe14e2dcab08d94f5cd322f484a7a5,66f32f23e23fde65c21939bb976f3242,38,202
3407,37288,1715422737.254777,38,37290,4957,7.966948,18ebe7b5b3bc008eb504b271d4b2169c45974bfe655e45f4bbaf91c671e2613e,a46350d3ef3bd8f5e5218e7ac596bc84,bd61f882709ff7ae02292bc4ac1e258c,103,9
3408,37298,1715422740.493809,38,37300,2476,7.925159,37ac629dd67fe12af2002b00a46e5330b5bffd75470dc3bf88cf41de49e5a6f4,c480efdafb008aa0298e6213c7b9d2c9,2562766341b527945c1fdadf8510c23e,27,119
3410,37320,1715422897.280055,3,37322,5593,7.966257,cf346136082ac96f95537cb3bd7195b03d2f1f3aa97e4b0f2179be0d09f6c13b,cfcb03757d8ee288e8ff351d3cf387dd,ebfe0cbb68d3849bdd823cbe8f52322b,114,16
3414,37364,1715423420.511667,25,37366,5772,7.970412,83ae8eeea572f8c844af5ff5c433a04beec548d6ca64f2b0df65aa1ab3570516,d7b6c96eaf8d325def48400d6231c27f,04efe125f9909b5f89db6630e09f237e,166,156
3418,37408,1715423551.014997,30,37410,3722,7.946091,7aca3186a451362e4992a144e3aed8db97f57ade1ff589751a8562d81f19d77e,b0318e97bc8a0f68d996333c915804e9,3a80cf809a0003659b4c0cc7b9f7ebe9,254,176
3420,37430,1715423734.504774,17,37432,4825,7.95885,f1691f33d7ad189828158ada7739b046d6565c6918737f113c31e968ef624f30,c7e4e26ac92b1a4ad1eba9a6df937036,b61ef93994d80c9473edb117d1f5b98c,120,172
3421,37440,1715423781.693177,37,37442,4413,7.95692,da2c6580b9fbff244ef3c740c301b04b9a631425a3f503e975a4c21d2041ce44,038953716df17044eaab133c704b66a5,37f5b1530eafc8feeb5c9ade6232e030,106,186
3426,37494,1715423991.33165,25,37496,4058,7.958755,3590a13d3aae6cbb94e28fa7a19552025735bcba2f1e5a950bad7f90882ffc06,274f0413b7333312375b8b693c2b5f68,3e56c0d156fe94562646017ebe00dca1,223,163
3428,37518,1715424338.33137,40,37520,2062,7.912998,05e044c9a2191cdf05622a6450454dc6d8d254ac6631d9236f4a5c86a65416a5,78f5ce20d579428ac094dd4bad0fd655,abfad1507ddb756ce5dfad4af22a4231,43,145
3431,37548,1715424460.312444,12,37550,5031,7.966586,b80509d28f7f84255db1f9b2128fd8ec1893f9ffa4d8ad22cde419e02242e909,3675f4cf575c50cbc3cd525849e18f18,7c9301cbb5fa514f1950e1c1efdfb893,82,30
3432,37558,1715424465.677138,29,37560,4390,7.955062,67d7eb821d8054e7de7d53eca23c1d0bfe647bf07c7096f820a1f4bc69f9f1db,4566453a2c07f0144bdd823b271f8255,c8ab31ada98d4072b0f446f96cbc554b,32,134
3435,37588,1715424589.673254,8,37590,2219,7.915998,c555a3da0e473c5e4d7cb5373a3aa991caf1f95174a4ba67da502e834f5deddc,7034bfb7cbf8fb090d01e9bc3eb87726,9353c7a6077d2bc062027f53af2dec82,185,33
3437,37610,1715424730.01463,33,37612,1588,7.87829,43c8c1dba5948d3fe020c0d66ba76453aea18f467d37bcfd64b790c04b98b9ac,50a81119ada87721fac3547bd18139fa,fc3ccccdd9b5b68897f3bba2da8fa6d7,36,190
3442,37669,1715425360.447498,14,37671,5781,7.96356,f9e05f262474b49e1339eb7d14e40bebba3e032e8b371cfc1f4532a95f197a7b,6264252b36c67f31c51845bf20d714ff,3da201e37c2017ca514236ac7cd7f380,64,222
3444,37689,1715425469.267239,13,37691,2650,7.923942,8cd86914ef666c587e8813f6070e5684e8006a028bbb4771fb8fe6bfbffb572a,264ba4ffcf7ed57e4e9742ce1ba23b70,d9952acebb582ecef16cdc89a4cf66e4,206,58
3449,37739,1715425837.16342,40,37741,1550,7.881274,a20823bd3984d0677059debcff28e9f2d04a171bba928769f8c3c598bbf834f2,e2906beff4335898323a81a25e5a5279,02db6547dbc104e9f556324c653fcdd4,135,51
3450,37751,1715425889.323062,39,37753,1412,7.864754,4c07afa2d0d130c0638a93ff6cfd52d04844ba33c7ea1acc29628e1d23ab1b06,1cfc60a6a97225fc0a0b0c89b6f1e9dd,ba2d69a2ba08745bb644eacc8df80a1b,179,143
3452,37777,1715426070.835477,40,37779,2973,7.936534,2a49e914f1a4b6feb5e74d5a007c1147f487e88067ab727adb3954c3611eac89,edcc90a2879fd1e0629801311a265bf5,6a25a2901f6f5fab7eded64fea2ee5a7,194,138
3456,37819,1715426285.877847,38,37821,3100,7.939157,69c0265e751023f21cd75e4672169980646e95d47fd61640b5d435c25b3b2b7b,22b82ca6c786e7145066374742ee0d05,518d746263306d3d5a3b943e8d9c98ef,148,36
3458,37839,1715426389.80197,21,37841,5595,7.963699,7f3cf16bcfba943e4bc0a2c68f7760bce61b9dde3d0c185e17a2b1869ed68145,fcab0843bf3905f4adf8bcdb4c9f3d0d,bab3e9fc011053cd3cebe46fb5e626f0,24,224
3465,37916,1715426770.26057,4,37918,3474,7.955197,5a63ea33d2388fe73d337d4fdd151854eba3fa8dca36a132fd7becd935159502,bddc8462f8f2e19ca8bd09a9d5a07907,c049868a68009bf968e3723cf9613b28,229,245
3466,37926,1715426791.905483,4,37928,3169,7.946269,d7e47d863216521affb16b225e0aaea36b5ab58b2a59c0612aee08edcfdde070,19f5969860b420fcd98bba0a369271db,47065d39515e145f2c6f2387f372c6b0,11,233
3467,37936,1715426803.386891,15,37938,4561,7.960128,360dedec002b7c5565d75fecf1bf106a443f41cdf822acbf86ff1723e2c93cb1,fd11228313835343831acad63ecc1b21,660e4b469010d9546c6703ea6d4ec5fd,110,238
3468,37948,1715427005.765175,23,37950,3359,7.942369,1e794a44404b468ed922b301c7da9dfaa2402c6dc41b725f9f79a43ac6f16ea8,0fb5fb864328f0e168945550c35c185d,43da42306c2f0e97e8fe9d34bdf22cda,216,50
3470,37968,1715427135.004387,12,37970,3902,7.952807,77c62ec3c5fd5e213fc5c0c46b9603c027ce139ddf5e34ec6bdc5d5236ac51a6,31b706582b61c8e54486c02c90e7d38b,d68fb8be80c8e1b95f1298d75a0bd837,140,114
3471,37982,1715427247.300811,32,37984,4353,7.957335,49637d839053a7dc70080a7e02b7dfd6161b266f06069517195687faaf68cf6f,02e0af01b20212d7a0b00ae620e685d3,fea38325186d32bd0b737da8d28f3a6d,55,165
3472,37992,1715427265.930046,21,37994,3262,7.943065,bdf6367b055d23526b514493eddb0b26edfc1d34e14d72936e0783b344eae751,78de7da95cb80c117b5c779c41ef4ffd,e852cf86e6d145fa2a1947e15a6d7a5d,94,178
3473,38002,1715427320.085813,39,38004,3183,7.93394,af9d0bd2371b88152dcfb88c0ca74b72daf93c13eb74267b5951f20bf872dec8,f3a1d9446b9458bcc54ad30fd295e027,0b60b62623a9748de071b5e4c7defed1,159,17
3475,38024,1715427615.861737,14,38026,5315,7.96229,936c6c7a09fb5111afe729feea0d1a7f0176debfe8f076167a316656228a9561,d8d41f2b7e79d135c56bb49ae000d11b,1e6e190f622f68ae7b9997337b66e076,87,149
3476,38034,1715427628.609331,1,38036,5519,7.963934,7b67c5be1e90a716b555e23e02d60cf444c3f4b41a65e55303aad3607a09d268,bbc85e5e0c9ced6ffb2014da7d2b4ce9,2f7048dbcf7bb8e24edff69e1d3dbd8e,133,177
3477,38044,1715427663.795021,26,38046,4040,7.958812,9714322b34fffb6360f5146f34ddb24dff1a698af0458dd32440e9b5e356b3d3,fe5b24e78900c451dbba14645b00ed70,c624534d2bf392fc2a6eb2d0eaac917b,69,221
3478,38054,1715427693.71685,6,38056,5177,7.963485,80c7d0cc17f114c0f78e50c34972ca5df40d70ac7837d5bd7901bb478748cdce,46a92a9686d2b46bf425a8c268d5afd9,6136cfa5d20a641900c817904b007820,126,32
3485,38126,1715427972.675055,30,38128,4672,7.9642,03b4614031e8df6fb9b2e9507b77dce2902035e046dcb0ffa7b1eb6098e54a2c,8ba1f0476a5507e03739f3708086ce0a,225a7e189b85bb800ce4de601a7be6fc,141,199
3486,38136,1715428072.017411,9,38138,3103,7.939185,fbdce762b442bde8916f48b3b7b6df436c5995cc5645db0559ee802da496fea3,f81baf06777ffc8792934a022d241deb,355ad7deb02e6c168bc7114da2c9950e,85,37
3490,38180,1715428631.477386,11,38182,4398,7.958218,71b4f30b80ea373f370cb9bdcd98e3385abb87f4a98e0a238ec7cf07d6d56ebf,e45483b7911e3a84bb67bd377c3f2735,dc924e55a1655c62cd98fa2a67c8e59c,191,69
3491,38190,1715428668.94996,24,38192,5519,7.971993,11d65c21a6b7bf4abfc3debc94ddd8b2daf6287b3bf3719c4574450374ca7349,62a799a4d5b51890ea6f50913c2476cd,c4d3dc97f0e2e4ec404e60da6ad7b2d1,231,177
3494,38220,1715428855.961294,36,38222,4355,7.953943,df8eb707afd53e5d9ba178ffe6f5c78c16b5642b5b43884a7752e93547fcfed1,28e78d6266d0074a43f156b98ae3c9ff,9247759e6b6a76f19eb6be9b7771ad07,22,178
3495,38234,1715428998.545136,20,38236,5144,7.963811,9d3d6d8a70860e6689f7a2bdeaf2e7fc37653e6e1681d98c06224f81627be376,0c9558b9e8df81b8e1ee116adbc5d2dc,3b59fadb7bae32ec4949290d53b68ad5,59,157
3496,38244,1715429008.73467,38,38246,1675,7.879277,63a77f35ae82e97fc870d698f251136e71829bcbc5b3f38b7de8674cdf78397e,17447f43f17dd239e7aa39b6a54dd65a,6ddf4ab135a2dcf7483c53a9c132218f,122,184
3497,38254,1715429029.37982,38,38256,4341,7.950953,fbceca2eda9861fc9452b3cb2ea7ba209b0a72afe04c80fc7a585641400500da,d7ee4e9fe7ac23310888d4f3b78d5736,81ee335f00cde65c548a5e64aaf01400,240,158
3498,38264,1715429061.145179,27,38266,5213,7.967743,d7ef09c9b0cebf4b0327690708e8cd971b3342dcbc2d74077c077c39eb0f1828,4b0702ba91e2a801610973170b03fba8,bf8e6229b72b3d2d37029f4fd44b8c7d,172,72
3499,38274,1715429124.18652,29,38276,5387,7.966424,37915a610a94e893439d36c61c1d828a40c27655d30863d000eb0042a9eff0d3,7b11504937effd1e4a40c08ade877695,f1d6d152ac4a01a454ef91f5e09f2bf1,24,68
3505,38341,1715429598.121257,13,38343,3569,7.959663,964adeb0a4fd48a38babd6c5445e549f5e761c5e587a43e972de6241c2e0fa40,a7165dd0eb38957986567d38601703eb,30d2a5e615497d6401e43d1a6c99472b,72,122
3507,38361,1715429743.6857,19,38363,5749,7.97206,49b65105842445ded7fac2ed6cb6e818443586f25abb3e2b591169e686332c98,bf75620bebccadc5c2111966796aedfa,bbe566bcd8d4d7687feb945ecbf58f57,70,158
3511,38405,1715430053.892476,10,38407,5015,7.957819,3e83cafbb8daf5affb5fa95b41b344de29a2a9ed75c175e4df8a72c2e7ec413b,3503dbd45fabb7a0f9f668e1ff5ae566,bd6e277e2d588309e17e9643794aa022,28,186
3512,38415,1715430089.712347,28,38417,2475,7.922731,7107b600d64ea3ec6b77798ca072fac6fd761dc9daf04b3d8494461849201693,00fa374e65b1128085ffb449fe3c694f,b210e7f6462941c44cd999cf69d4a741,247,229
3515,38447,1715430360.982066,28,38449,3168,7.943565,4ab59a2d0551af2521d59bea149eb105e50f5b1cc066d0cc87178552f407e5ba,084e58bc75754de996eeaf5f685b089c,ccde5c88312c94f1cbc373ca7cdaa19e,93,245
3516,38457,1715430381.614096,3,38459,4658,7.958185,73b820d6f0123e7adc56fee8651c1830e1068056eca42aea393b49020a8ecdbd,62f2b535c649ff741fdd46a9d248fedc,c1951c698118d0c1b88c72ce3cf172b0,252,90
3518,38477,1715430437.852589,33,38479,4695,7.960126,c69409400bfc45e63a9b621d851aeedc95a41e6374ea0ea2d55c0ad1bd3972ca,d29af195a17c77b1aca65bff56a3623e,494f66fbbc05f0c98e627607c2002c5f,229,67
3520,38509,1715430955.851812,36,38511,1452,7.850859,93931e5b5595d51aa721e9538d932f772c59fef51007e6c626b9688b41d5f166,f8acdbd2dd4c75037aae98cd643c19b6,18831335c4c2408e623332be7489a616,125,73
3525,38569,1715431420.42936,26,38571,4511,7.957466,8b7914c46702abe2723dfa62d004526cef7d6b30e6783ce55d4007f3575393a4,58ecc7a6919868e4c54e538003182905,e7d5b6cc61fc898f90ce2adbab3e9b2d,151,131
3528,38601,1715431834.724619,2,38603,2759,7.920318,9836d7b7f32a24ec9c935061f47f87a4d12d0e893bc47815dbb872e04fdc04cd,f5ce2fb6f3c422fa3b11bead57ec03cd,fee08a3bfc89311dbce312420cd14180,232,86
3529,38611,1715431849.98071,10,38613,2463,7.91213,faae80b3c4b38eafc667a1bcf1aa8a2de7e1107b8177ae3434c3eb1e22c121c5,77116b20548fe095a97720bb8949cf9a,3065cb4da70d1e988b2a71456d52c1d5,46,76
3530,38623,1715431990.48825,31,38625,2521,7.915985,a43c5329ccc9a254510afa83fd54b427af2527f89f1ce767eac01f7c6702b470,1a54f6a1d8ad9c1dd8eabb8915e7b03f,49b7b4ee7874d1a3efcd6746ef5a322a,118,60
3531,38633,1715432178.081934,32,38635,2621,7.915893,d4b726f3404a31026a0f6d171f168e7a1855694aea04fc88f263ec8168a81f42,4f3fe2b8e017aa1cb1e3d8fb31ff08fc,21d2a7075ea9d8eb476702309e3cae29,110,190
3532,38643,1715432186.76607,35,38645,4761,7.960573,e763f6a5cc5af9bc73ca00422e8742afb70d40e57fdce58f49a4c1e5bd03cce5,7a4dae4a14f006153ce69bfb02d750f4,c0c81a1b5150d8545e98f132ba40cbbd,43,103
3533,38653,1715432295.329073,24,38655,5170,7.962105,d26d411e8174157d1c9d5cc5f58b6ac408b2e5937f379b206a25a315dfa8023c,7f284fd68c3950761bc3650f2e08ca1a,a4895c8ea6583612de09b40e4991cca6,83,21
3540,38729,1715432872.140938,40,38731,4468,7.958936,4098a385a29724c5174ed0a24f27de0ad3491a4f06eee108347007cd349b787d,dc2e16d9468481fe9a5373eaabc6b79d,2e2449675f6460762c02591ce7c2e2e9,42,72
3541,38739,1715432881.928008,34,38741,3222,7.937834,48698c4ee0de63890b8e2eca3e20d5a210e78154ff034ead3d8e3d50b7e2d13f,639b57b22e69af906ce8337105d9773e,45b093a3ec81ca9c9a33a17b942b56e6,48,162
3542,38749,1715432882.748392,15,38751,4255,7.958703,56bc75baa1aca98c36f38288cf61e19e6521395138566f3470e74f6bc80c9b9c,ea4708f0571f87dd13e5b9e94a65e1c5,7151c288b3dea449730912e02418af38,15,159
3543,38761,1715432999.289525,25,38763,2952,7.942076,32b3d72cc6fcff15ba2b22253f98b5b5f351cc7a6539f44efea49ecabd746431,1bbfdc43160ee8440ababb8ad21f399e,a74cdad535e1890a0fb744f4e14f99f4,85,71
3546,38791,1715433090.605684,11,38793,5611,7.972071,f373efd5a9ee30e9308211d0d903a3abb1fef032dadb386a97b67f13ecace993,c3dd23a1d94e309bc4ad289673e51d7a,049b5bee44407c7a1b677eb32d439e74,10,18
3547,38801,1715433186.321034,26,38803,1956,7.898373,9e62fa4ba16334ab576898f17fbaa1d4d413346e1bc9edf000a3a72f5813392c,75690d95bcf0ce8883b811ca17008d7c,fa9caceb5054a8c301bab920c8ad78e1,150,158
3548,38813,1715433315.965732,21,38815,3039,7.94486,450f9c1cf898969f89bf25deffafd20e7a500884c164674d3da532416b1424a0,8f38b4f159bf12a636595d8da9e0b47f,de01bc7a2e04ecb3f6090bf73d60e189,101,131
3552,38854,1715433507.42614,30,38856,3786,7.951354,093fceaf1bd838a90606b6ea7f5476598a7de89ec81c1fc0d0f3e7b68122f18a,497e11325ecf5e4cdb3215cf83e1db24,3fbbd4f4d7ad5793b9f6e127aa4d9d47,149,219
3553,38864,1715433526.053068,1,38866,5291,7.969874,cad1d9b206bb7ad7b52d7af31e7648dd3e61193b4fc569f32d87de2801f4ff3a,9ec892d871256102cfb6a075627cbca0,1a099f0785754109e7b774289aa4bf34,58,220
3554,38874,1715433567.85478,21,38876,1910,7.893545,19be79339d41ce35d9f7e0607c5691972715c88178eecfdeabdc6b02b8b1680f,340eb8dc10fe401ea7c2aa4ed8a9308f,5fb39b4b58d9436fb039206330fe8b5f,133,229
3555,38884,1715433575.158099,15,38886,3060,7.933834,7eaba3e430f813c660c1b03f1d021b4d03a7313e6ea859161fe78d986c81f424,3afe4a47e6c362e7ad04e53613339f03,46ff25902e2c3d6d97841c7911d41014,116,212
3556,38894,1715433607.223025,17,38896,4215,7.952664,700f9938d90555595517842b70555c8b4f5369a92577e62a42e82b132810dc85,1eb6ff633d355056e9c40f019a75cae8,e510b05bb7231faba0daec84f2f8446f,3,31
3560,38934,1715433727.408736,7,38936,4313,7.956549,ddf03a10b872b444dbca37e0d5378f2901fcd70bb1f64c5355cb9a79900fb25c,4054e5f9712ede24885268b951fd4111,62b9cbc40a6d735945c5b527c275404a,35,77
3567,39010,1715434075.785227,20,39012,2048,7.910578,1a93208fe92c7b6944651e88c6a73640bc83115036aabab264fc24c11d83c8d6,c419ee1617b862ab76674b7b1aaaebeb,7d4312babdd8a2ab931fba055f89714d,19,1
3569,39032,1715434301.329463,18,39034,4058,7.952565,4e1fd6efbe9aad21c80f394c76c780cb71b85d44dd5e3360eda6cee0c196d58c,6ae7eefd00d011c23ee561db28951a3c,d56aab52e1f1cc9fbfa803670be7e5df,164,96
3570,39042,1715434377.728706,33,39044,1371,7.847579,d4ff5b30ea2628617ca89f25b4e4da0594e1bf93259d094a27646f0d58aee786,703bf90758547f9c9fd5fc0306603159,34fcc614ef39cf8326ef77edd50f7cd4,152,152
3571,39052,1715434531.454722,38,39054,4192,7.960264,0449f6ce02ee7e9d267e599a8f169fd17ff1620e217d08008c758a2b47d892aa,c3cb508c52a53a332df4323729fea5a9,04b70a1e4216c577e8005770369a340f,43,195
3573,39072,1715434639.545515,20,39074,3524,7.949189,81cc33445c9e5e7ac144ba9490af6e4d57463d768042007ddf73c85471b382b1,b438c5672a82a25249a3aa263c2de354,b70839804a521ead236b3a6adf30c65c,114,180
3577,39112,1715434796.097649,16,39114,4624,7.960929,1a95e318a9229555c92bde03f26a177e2a695b396809ae0cab573d43cd81edba,bd0387ada836877700980fbad2bbda64,82f8c17d259a3c2f14a742de5aff1726,155,183
3578,39122,1715434822.630296,36,39124,3702,7.948713,5d1051c1da1dfcff5c841cfee79ceeacd689ed049492890d45219caf95f5e59d,4fc3c229c573add9ab973ccad0f56448,86d3693f0fab90c8ebb567a07d8c2a5c,56,8
3580,39146,1715435085.980682,33,39148,2140,7.907461,8bddc7e7d8f957e88632d57fe3f4cf2e9c00d32c7ba348d5f5bf5a7f59cb2b48,bb7e194f06dfc670a1fea882cde8d4e1,5f280a22883c93a26f015856449b74e1,111,53
3584,39187,1715435247.64069,21,39189,4626,7.959622,e83916824d2c40ff1e09dee1a5b0b713abdaec2566f0a65eafd9762f2cd7ad13,9d266150ed4be6eb1333c0a23fd5e59a,5e7f08f713eec71254291a39e092acbd,25,61
3585,39197,1715435260.866615,25,39199,3770,7.946871,bd84d8634f7713be9007bb55d1e83205c478a16d0dd7158306d8ca8ff47aa9a6,3f368258e6bba883136e6225043257d4,9d025047d719bc00818f0761bbcc56ac,30,198
3586,39207,1715435269.550179,32,39209,4315,7.959256,17406ac6f1270be4ad841172648607b2170b62e9a39d373334da713cbf1c2ab7,44b6a7dd191a7150ea64fd64b07e3998,714e5293dca38cf06ed692dc7c7d3ba3,52,168
3587,39217,1715435291.917471,36,39219,4384,7.957677,dc7cb5395afd1887272e84e8c54b0bb2805abf10cc29df8ac0d833bc2b24a773,3408a87f99586cd5d5a038e177c4c606,8a870fa36312cf74f38adf8a76d557bc,255,203
3588,39227,1715435356.372772,33,39229,1559,7.878722,192b6ecd16f60e218e43d3588c45afff8e3aaf8af756080b28ca5aa7b71db4de,3ee838568e0e3878c079447a23d3a191,65b10711dbada57e14933211b9de3f24,229,125
3593,39289,1715435967.461647,32,39291,2811,7.928899,2d04a5289b68720801aa21227f712499f838f386d53acc04be23bed747c87912,20d48f81876c19ff9195cd15450b9ddb,240fbf3661a97beec08140e8d0319f15,12,192
3594,39299,1715435987.387264,10,39301,4749,7.957682,d737f6d16ea01bde9f975c3eb4d4f211faf31d5d56a787dd9ad8ac54f168dd05,b0d53dbb01875bbf732d79fc48da44af,f8c64afb6f90c98d8bae76f0ea516c3a,169,217
3595,39311,1715436054.506067,12,39313,2557,7.92485,4e4315b07ae1a084f54982ac687995bd0179735be914e9cccb3cf26f0c152e79,85ef157d453de86b5a4048f46be8c89f,7c591668e04854cceb090b673162ed50,158,74
3599,39353,1715436285.768888,6,39355,3919,7.94921,b9a601bd5ddce5e33592b83830eea7ffc1756d2fe4223c8478e5b217d3eccdf1,b5be4a004f70a2313d1d468c7af891d3,5b3da62f4ef16be2ac3b34e31e5ce6fa,123,209
3603,39395,1715436396.925831,7,39397,4115,7.951679,bb191fcbde08805f648e3935f750843ef01c8cfcb85f784e53651bea5b2fc580,7bb44700d92b67f9bb647ddf431b30c9,7af31ab4c94c037ab32b04c3fc621d50,82,168
3604,39405,1715436465.428205,8,39407,5511,7.970333,7282b39ad26d81e5f714ec6cd909c09ce9221125f243425cebf9e7189629a272,3fcf239f463790b757091cb4253b2dcb,f541a3568f20367764b53a272aac0609,186,154
3606,39431,1715436686.769528,27,39433,1203,7.832463,559b3e7e23788143c80bbf203eeec14117328008dccb30a5553bfe89bcb77762,2ec77bde41e4d5c11c7ab19a405b488f,84f76373af137ad3a55c1221aaca9463,183,209
3608,39453,1715436738.068639,38,39455,4612,7.96278,9a0385c0c234d03405f3360972de25810565d02db8a4b5d73e2dda813638352a,4c71bb140ada8c81ac1506cccbf5c0ca,5ea160a457571f8515d087d359774dc1,159,7
3611,39485,1715436855.053332,20,39487,1771,7.889686,7f3aad974d75857f792c2a2a1d2ff4e4fc130764376f34ab84d754a2e2857c84,683f56fd2eb110594acbfcff2a3a7991,784d9a8364b7662d891f44a957adc4a2,166,166
3613,39509,1715436959.204243,5,39511,1887,7.903433,6ea4a48644d412adcb52115e59412b56ff2021ed461ee9d52640d00315d868a5,ed0ee6a930ce3a4a30790d26c3b7e4da,79fbf3b56b0d30df457e8bc502b3bad1,96,252
3617,39549,1715437093.500588,2,39551,4446,7.959236,3023125c4ea763527d3021e2ccdf5a6a1019d3b04d6c6d61c9ba18d1a4008a7b,d325b5197c5cf2aa1c87991daeefa90b,22784ebc6d15453b62dedb54263d2090,40,24
3620,39579,1715437109.499825,28,39581,1453,7.87471,dae4b00ae603c653a038bd38c72ba3073849cb2dfaa7c403ab258361a37bd303,2ab8edc84491bc5fc3162488a7067d42,9f90dd11a6bb898db2cef1d1a00e681e,12,48
3621,39589,1715437121.32309,10,39591,3907,7.954358,2402c8372e697171863b9acd457074b5b43d41ec14fea8c856b2c59b82231db4,d1a72ac6fa3bcab78626b74338c97d5d,3f7366aa3d2fc5da02e94be10266f2e9,186,190
3624,39619,1715437393.790334,38,39621,5074,7.952603,6609d3328f5bbaf2c56238ff194cb6b8faf58749f8bda1e24f48ea22b63d66e9,38809aa8ce45b4ea36d06e6e4da32ac9,7fffb2da3b613d17138566bb13bad6ec,211,239
3625,39630,1715437480.258561,6,39632,3909,7.955579,671291f2dee5cce7e7abd356e59333928a38a6eebf8ed6ac1c3489dcb12b086b,97123774a9dde130b20d8d367740b37e,05e992e55c08bea23ae665196dd40bec,47,113
3628,39664,1715437544.971692,25,39666,1420,7.857365,ed129b73da357ae90ef16e2730fc6b25d58e6a574fce01b99b35aa3987ca1499,4d18043a3c58ca1fac7ce4687c30ef19,37a3b9d0e583440b821f24da658bedf0,173,201
3633,39718,1715437777.9119,6,39720,3982,7.954372,7cd1c0d5a5cad288e02d39e997130d5a3637565b14382e9bebe165a21483e09d,677da243cf962a470ab65f79184ae2ba,a1fb8ff09d7192e5ac7f4ddc8f688e1a,70,180
3634,39730,1715437952.307756,14,39732,3738,7.959589,4338b0095b194e503c6bfbc707db2e88cff26a46492b677847dbd2dc5e12e78b,78926f5f0f7f834d6ea22159e26c0fc4,390e208441330347c0719f9248d0a6e2,154,94
3636,39750,1715438043.465801,30,39752,2247,7.918001,60935ffe302e13db85867ff4efb7125a25137a37b5c829076f05b7e08d02b74e,5c5cd742116cc78a3ca181b24691c7e1,f9ffaefd396642381a9785269beb054b,201,85
3637,39762,1715438317.82545,4,39764,1657,7.88268,848e883f06bfe7fb3dc20687c2bb7c99d1be653cae614dea5538c9ff13a07cdd,390d037f38053f8712a964bdbf651656,ef4241d9f4ac1498b741e71fe850ffda,137,195
3641,39807,1715438623.962039,8,39809,2127,7.89085,99bfa94b16bc74c8b9c54b3f5ffdd666d61ff01decddf59ae4965548bc3a5afc,71e3d0c2374b2575eeba29a85d48a85a,c58186242a46f6f2354558b75808949e,228,176
3647,39871,1715438917.750077,24,39873,2824,7.938655,e117370feded9fb16e67d84e63ac36da4af35ad3213eadd12cd3a8f122c8ed94,a1647303eeb557179e12e6f061920025,79ec741189f2ee2696108fb88a2eef14,212,106
3648,39881,1715438967.009207,35,39883,3941,7.958802,ea1387a00673e79192e4dc53c39fc2a9ae93a89a1adf80e5260779a629fd9d86,b48741a73d46a8b88147274b3adf9e63,7c03e1007061994a9fec4d667aa5dc9a,41,105
3649,39891,1715439024.749888,33,39893,1449,7.882931,6db359e864e138f0f81e2709396701d5bfffe160b9460d03883926b896615f48,fd46d2bd0ef27838440202eca3b3565c,897d9f902375ed4950959e4a206c527b,171,201
3652,39925,1715439147.485628,25,39927,5366,7.965084,b5dbd750e7699704ae41c9eecd5cc745af98405d28fc106b3c0ec6d65b0de2cf,6b0df4d77c96c80a0586cc8bf5dc3b22,b2d00ae1f3a7c91b44a511750d3ce8fd,223,233
3655,39955,1715439198.612253,34,39957,1269,7.867889,cad27b843cd2497e91532f0e9c16f1bb1cd0e07f517da26c3bd5c20be0624415,2442d60d161914d3b46ba39d5c95bde8,139d045c317380c5509b0c49f02dc492,12,244
3658,39978,1715439312.526333,38,39982,2569,7.932402,c76841e3e75405c0d3275ba3c1b29540bcc1c9dbaaa47e1c6b7ebe825a71f863,71537242f7768606738a36e204557d17,c893ad1fd2767945c959cf76cc091768,72,184
3657,39979,1715439312.53676,32,39983,5323,7.964158,082ee6c98599efbb51661366d12d1c28cd120e3387c0ca24e372860620173b0e,971e6b1db0552abdda9a6237b1bb58ec,5b53590fa69102d9c7dd8c3c9ef5897b,179,205
3660,40007,1715439663.216883,37,40009,5511,7.965484,7e3ee0fc2f7931561c6cfcdc134ea234fd6a03c7ed8cfe4e81ae5525b8c28aa3,51f5813d2ac72d644dc77017285bbf5b,e08d077ed2c75fe93dce93ef8d4ea29c,213,31
3661,40017,1715439717.060548,3,40019,1657,7.893004,6fa0e75e42fbff0b015509c4e5f79aa2fec2aba78841af968fc2c4f701bdb65e,e0a484b8747dbe08617dc5a312652569,c7cf19258f91277778a146c7fe330086,144,90
3663,40037,1715439776.429483,5,40039,4831,7.963551,db740a04102cc3353d3a077c0b890f438fa059ef591bc84330b372562ef1dac6,717af03a4edac3eedd0460efcdcdd13b,27ba40e10b10092116fd1f746ad6e3a9,167,155
3664,40047,1715439805.931718,18,40049,2720,7.912343,021870d939eba2d9b17ffe4cb760da2bfc412875a8859bc3c7a9ee9f50776fcd,d75e8aeed8589fe41f861729e35d97e5,3951f43fcfc5e81d1df72dfd35f4374d,27,119
3665,40059,1715439869.029633,31,40061,1589,7.882993,064c16021ac9d42c521059d793560b33d881b45f181d01bc2c20b72a6132b0b4,287e953ba6c087c4f001c702b0ac3a90,f37c654f4a5cce67b7940d0c66e6deb5,110,0
3672,40135,1715440471.932539,22,40137,2145,7.899393,f99f20f5bb4b651808d505d281ea6b04e774b9a8919e80532ee53e449a287e8d,10041f514c3c1443420df23eab0fa0fd,f3d887b3df77ee74af72c322efb20943,174,92
3673,40147,1715440586.528803,16,40149,1382,7.817214,61829c9eb3bd35c2dcc849e25f75056a2e5053df8ecd657331bc6283410b6c2a,253ab9a6339f7759803b61d7b85454ce,5f320d924894212294faf55fcc1c9395,199,13
3678,40199,1715440666.314071,1,40201,3340,7.94,7205b761f3f710c19f38222bc07aa5a5c0df20a27575293449c1a420ca5a53f1,303c528c1e7a931a795d25970c340120,28cfa6e699d850c9de293a43d18c01fc,43,223
3681,40229,1715440745.981852,29,40231,5233,7.967111,fdada304e6ad94e32fc6e84944f61e7baffb24a7836803318923c83219589f81,760e5f158caf45ee0c62d463d41dd9ef,d6e90941e5946d2f59d0442580be7445,219,197
3684,40262,1715440970.38726,25,40264,3598,7.948355,23a60a3f8454164fa9475b2175a0b73f2e8f58cd11b34dedac2b6dfd5d3a586d,894c331af62575660cad44c99311130d,b8cdaef03d94a2d92819d1aaa3db1b06,114,200
3687,40292,1715441137.567283,22,40294,3043,7.935403,394ddc9887ee7e77fc43f0490116677c04bd2aa973e5b8da9eccaaf0b6975ebf,9aa8c2176f93d370cc9bcb82ada00842,b952b39b38312bb26afd6a52433630a9,98,126
3689,40312,1715441315.498357,33,40314,4073,7.953786,0878fd46a2093b9e58e0e47fecbbb8e72afb08edb1357807c97840c0f7f61a81,3ed50dfaa8bfaa3f9947a27259b45243,482e5e13fea8047cc04e110651b571ea,129,213
3692,40342,1715441339.84358,31,40344,2073,7.915454,831e18ca7a67347a04c795e4e588384fca48f13fe5f0173c8bad4942219d68fa,ec79035684f765b9407e3d55a7445b54,3158de3ebb4b238a8b953a26bdf591b9,49,59
3694,40365,1715441489.575511,8,40367,4234,7.963118,e524d60e06af2b8e461adb4ef39106b774f40bffdc5081fa61bf0e9bcb0dddec,f193106ac7c4f2ea285ff80fa938d07a,e5b943a04bc21421f2359347a92ddb8b,161,67
3696,40387,1715441652.247771,22,40389,4084,7.956374,cdc88df19a5976212d3ee6b8f6583b19d53c833a11e5fef7b204da064d7c449f,dc455f3553d16c9170c78514496c986a,92e9cce7934980f77a0722c2f63f0cff,80,0
3702,40447,1715441885.86248,28,40449,3184,7.944579,b43416a497ab1b638b23f7524d7bcc572ad64029f9c8dbb3635c0be3ab6965bf,a9bf4f72043c8b8a98a5e58def3bff66,a25ced3e88fbe60140ca35357023ef98,77,123
3709,40521,1715442114.518192,28,40523,2837,7.93666,8e2dd1a50a50873a8e2472eeb9472bf2c1a9acd0404ca4f0fb96169b38238344,12cb74427edeadbc372eb209bd1c900a,a8aaea1616bb72b932b069a568135275,84,20
3712,40551,1715442304.640255,36,40553,1765,7.895382,203888957e8cfcebea0cc517b89a720c35f9f8b6ad16e5da7d55d1f825046d07,bf959c7ec507c692487d21a11fab3588,3502f3b7ba1a6ab3645cb5b90f81f505,234,150
3715,40582,1715442566.896469,28,40584,4203,7.949407,432013409e305472d5b4e761eb0f36d28a6cd26e50ba4c3da8f3cd251ed8bc24,56fd1393b344ee17f76ee45146606544,eaf8854b6013c318017fb08b985d667b,167,189
3719,40622,1715442650.827279,17,40624,5283,7.967139,aa5033b011fbe916fa1165d02698ffd8786740f44e89a66393f6520d7c5825e6,a20c0c5c45b6e9b28851c7393d5aac79,ddd18211d890282ef63f7faff5612b94,70,234
3720,40632,1715442725.211305,34,40634,5195,7.968019,da6bc7c2f131838743a2814ee324ffa11faab699c4b24492ea67b922404c3181,3f884b5016a310a4ec32ea10cbe30dbd,e45688d34b230a5d2ee0ccc038d79021,124,234
3724,40672,1715442959.536773,11,40674,3579,7.948599,621501cf36db681dd7c325a1cba07c2040e1e16635140281a0816d363278054f,208454ef1efaa677cfe5ada43746ddbf,d7f99846a922434f9e1bd12ddc5b8a3d,57,73
3726,40692,1715443001.657315,15,40694,5529,7.960046,cebef6a341cf4a8716cee91651b52e0c820319dd12e06badef60f44aefd3b049,734960a20b0fb4983f52b36bc45f7b89,15fc446a6553c1a475c303312a9321a6,59,59
3728,40719,1715443193.801032,38,40721,2606,7.932068,0622abb738806377f5291d91a8dc82f7dfc178587fbe3b88e1f4adf9a51645e0,cf594d54e034edc50f74c48000121849,733ba6c3ad58e89998d1a03dc1d7222b,14,142
3730,40740,1715443341.138646,1,40742,2059,7.901718,97813e9656c33bc501c28634009ae09d1bba1254cd8bd868ea4ebb7ece57abaa,1d6fb8994cbd614f3e57ddc00262bff0,676b8cc8cb5a3daf430c1977de693f24,159,29
3733,40772,1715443622.432293,30,40774,3718,7.955279,2a739b1c84f92d84cbda9d55ed4519435eed16a34b3139b59abbc259f16aa55a,4fcf0a981835fc89c708b4c5d2b76a26,ee6ac545c5612c0a55ad3516c77eb951,86,146
3734,40784,1715443687.503503,18,40786,4014,7.953671,a0d4aaba6998ff9a4fbfa311a10fd13342a1cc5f517b250cdac513ca44e6332b,1064249cd73d2dc4e928cb02c34f4718,d43443f94f29bb6e3fbdd06b31fd24b2,243,141
3735,40794,1715443719.571557,12,40796,4627,7.95552,06fabd7bc6c2ea951df2bbf64f00dfbdd035ade9a5139d087d95f72dfd9da842,63f86381dea642beb5499587682d09a6,a41e168a19252cb5bff54b1d3c5c222a,14,28
3737,40814,1715443740.397831,26,40816,2949,7.922628,859f9c71eca665eaf8b13f5fc9aff443cb6617daf851df46a5adbccfcb38110b,e140ceabf766e1e3775e09f188e007c1,0d8de88dcaeb370b22bd271df3617292,97,139
3739,40834,1715443803.86093,34,40836,1728,7.877023,b964c70de15b8b0c46c591913208d609045a4f3514e76ea39f44143d32f48a01,8180dba1a8739d568dff6227296f93d6,b2edb294c6eb8d5fd6984ddbc89c32ab,216,154
3744,40888,1715443947.279549,1,40890,5214,7.962262,d73c4ce9bbbb9d8e0f4e3531bdf528af384f4be3b1e01fab164e8ed02e127a15,d6c082c68426d6d6e687a2b94b994c93,71e4570a723785dc44b4aa1a3702db4e,237,219
3745,40906,1715444368.28762,33,40908,1205,7.839334,24ab9d198bc87847864a73c4919de75e0093877bcedb08532483780f7de9fca8,4b88a99f226a474876b2c48f1f42f09b,a6e2e7d9cb668720766791789191ee41,26,36
3746,40916,1715444386.364907,22,40918,4851,7.962119,58578509528ace1dde0c45f57c34cf5f787de557ce20dc6f177cde3a086267af,b60950e22e62795fea423a2df0a5a17a,1e773d713aaf01e959425683b3940b3c,25,177
3751,40972,1715444665.00752,32,40974,4901,7.965469,e7e585d72e6ccea1f9978c5a1cb79a94e75e234a4f183efdafd6d403e82d4a52,eada8b8ee2d31edc54cc9f8217738549,92cb10d6073581609104fb8146f371f2,127,153
3752,40984,1715444786.462648,18,40986,1824,7.899579,ca3e724f36df244a8618bcb2c4daf29e75b676ec2696d8960137f2c51d3fb807,472372c75e87067b57cc3e96d40c8fda,e4fe6b8f067334af89cb716e36ce4e19,94,124
3753,40996,1715444818.137469,24,40998,4423,7.960776,91236eac61784ec1db32c78d4cb7407045e7c92ff21e356d924506bae3f8fecc,9fd0fb75ce96a6b69d187bae1b6b5577,8cce9f4f75e625cf885c60aa28b89b8d,73,141
3754,41009,1715445098.973068,7,41011,5617,7.967049,85575dd8556bd7b6faf90be2b99df76388a2200098fc99e43085c3d23ae3591e,13c5df9c38add1f44b9b326ae8e9cd0d,d96163809c61e25c3f5cfe27752648db,132,156
3762,41099,1715445764.209498,9,41101,5139,7.963225,496a726b496f3b25cf697391c7c0b778d6c3a2f70ed7c3f82de4ceb67ca36bf1,c2b1d05ed3017f7fba662449354f1fff,f436ed8e6688e66a8aabfd9d7c244a32,147,59
3763,41109,1715445860.638129,9,41111,3217,7.947188,4dc860b55bfd6b42ff42ffa2a81a4b7c068f7989fc690990466501aac1f8f6ee,38f2a5a8139eca010a40ad366a42b277,a33830934dff7d4365424424767e6530,230,0
3766,41141,1715446125.863568,24,41143,4221,7.955459,97542e4f8f39745e21d23fc3c6dbf510f56ea52b10d2672ba6a2f9077b7006fe,08df3ecd944e4c3ffb20d9cb38b91c3d,f9a11bfaa60fc55b4c6efe780f9d154c,237,249
3767,41153,1715446365.693598,31,41155,3795,7.947025,184221730ced7f46a394d8890f987833bf48484cc4566c4a17f0bc44657fa6f0,c1f015ae66bad06f5bf87908c53f8059,ab1edb31d87b509188f2e1e300180bcc,81,169
3768,41163,1715446409.273432,34,41165,5483,7.968963,45ecb83b63802735fb70de1b6fddce704e81db7d79d74172bd69a878e4d7037b,b8220013bace9a81b5e471fe27d6c148,7b516e1a5cb828efb1390eddbcb59872,88,248
3769,41173,1715446502.624305,19,41175,1907,7.900639,1e57b6806d988714e826ad77c752a492a1201950c59ac080d5708117f6aa60db,a8a6881161b0931b6ebc798dc70115c4,9e36aafbe6382040c42487fffb52da57,44,168
3770,41183,1715446518.045399,22,41185,1940,7.891621,f35e8b20cd9e55d423566d069c3eec11ddaea5aa7ee5e5bb47af11616ea8c141,6b7c5529d03559229b5bdc9f871febf8,52a40df8a3e1ffa0f6610d7eac028179,255,211
3771,41193,1715446565.157096,32,41195,3432,7.937786,f554838256c343b194d1c66a20feac2e1054fbe5d3e98d286684319abcf1f32c,1c3d75dcf095b548c07baa80481cf501,a856d55a8a5edd703d9eb54289ed0643,182,218
3773,41217,1715446634.231655,6,41219,4049,7.95299,2f8777d56bc3d89545ccc8c9f074debaa4d4c9ebaea1b705e624a4d7cd8afbc8,bdf020937adaac75b6db2f7c319c75b7,c1cb6dcec9934c63d291431390a128fa,180,174
3774,41227,1715446649.59841,20,41229,2605,7.932618,ec54230f7e3eba849a6e6ffc2d2321ce2941738927594fed6f25af750d407dd1,9c2c2f712abb6bb1706189792e784f0a,e34600d4a63dc5cdb0960b78bb6b85e8,25,21
3776,41247,1715446702.109376,27,41249,2186,7.908508,37ffdcf67d21e007226447d4ac6dcb28473936be324888bea4d755823f48aba8,23689a104ee0f5b16a96f3c37d5a90dd,5142a6d164c1f0537bb89879c98113af,214,212
3777,41257,1715446714.224954,19,41259,1829,7.88287,030260b615ba59afc8fa8ab056cd869c21238e64cfba2edcd65d14b29997da9f,c6e173304a82682b8632e2e5e977d296,e8cce6cf9cd508a1d17ded7080739118,108,78
3778,41273,1715446860.375903,20,41275,2351,7.917517,db8eddec3a03ae5003edb28d1bc7e5b51e9a9ebfabbb282ce602e166753e50e4,4e4fa9d116ed0f0b95ba6b2073d28559,958bb681469111f67108089a0df52e1a,244,146
3784,41335,1715447180.651376,31,41337,3596,7.952301,03cb77d53f73823fe0da7d6df950a111c4e88b085708b80b3c0ca2924a6db706,e59451fa0c27c90626ea3e3917ad1c5a,79dcf2bb56932dc09654aa9834bd5412,100,82
3787,41365,1715447243.902169,27,41367,4271,7.955624,43b5f9388d710da3c229e19e695bb97923b6d20de7c8c27ff9a5fa9bb88080cc,bac99fbc4d1154a129c72dc13ce70838,b91f9c26bfc23c27118309524388b5c1,150,226
3788,41375,1715447387.805965,7,41377,5740,7.966982,4c9a79b8e4ecd95709cf439726f6d620cc0ccb6e9e1242b53a682b37ecdfb6c5,d7d0b6561399c300bf785ea1366546cd,1dc345b5c00d656f41d6d118d3ece700,48,246
3789,41386,1715447479.714287,6,41388,1889,7.911641,7750ad35ea532c614a567364b926938be2f04c6d5529623e8946bd11dc324f76,9f360bbdabe073a37148828eac9e3a01,d7de491a91b07a515f58e607c30ccc4a,70,234
3794,41444,1715447747.844349,35,41446,5101,7.96273,a3f47edb13ff0f2316e11bb8c950c03fa8b0ed36003e9f1b723ab2858d5c239c,8e06d4aebcbc49ce63094bb4c5c07c3e,c9e7ac0bb5b572649c317c65793dbf47,112,152
3795,41457,1715448155.694421,10,41459,5276,7.963405,f8bb0968207f41e08cceaf554548e88d855ede697c5d5bbd3dbbe8d4490548a0,84436583c672171895e114a08fd4a12e,2537adc8a88fd75ea203211573df5f34,213,235
3797,41479,1715448233.121399,31,41481,1789,7.899978,ae15c49eb74b0ae320b6b6e4b355a97bb97d6e02a93de14d7a8748bec20e227a,918cb5af00a7cdf032bdccd3e706db16,8faf5d5547c52388d0d2813fda9cf3e1,130,222
3800,41509,1715448307.338499,14,41511,2845,7.925351,62154ddec39d72f2514eca823dba1fb02566e4fdba1b3a0730d4930e69c9da3b,46cd4675c7243e363d5843a8271feb3f,34dbfaa8cb923ab5e92f4723b2775df3,224,44
3802,41531,1715448548.614161,40,41533,2598,7.919089,61603e797ee1b3b2316ebb89c234c44ea9d5412891c284d4b97641e8415cd4f8,0be12ced622ec8b758e1ec06d3a08472,4fc135310ee60848dac91ea8cc263867,93,61
3803,41541,1715448577.802706,23,41543,1714,7.898721,119c27a14a9134425afe5ee31495091502332f5856e5a0752740608704edb0d1,0ef3d6b9119625b71506a7f808d36569,6fe67082a84cae010fe098af6a0554e7,132,138
3805,41561,1715448840.958009,16,41563,4347,7.954206,636e41a88f57dbaf938d84203759d454b76c3f0c245d1fc2dd1190ec576bd3c7,80fc39dcefcef10822e8a40f213e7aae,7183c744fbc466d1608378bbe57b6f02,54,118
3817,41695,1715450074.739583,19,41697,1274,7.852298,f10f7e8b4c0bf7de310f6513efd021b1ab7a171e49177aab13f28ea098a1237b,c8a24e38e349eb2979280b70acd48c3d,7ad88dd404325eac2ae91640a2a8b6a6,247,53
3820,41725,1715450223.265852,24,41727,1716,7.892147,715728fb82ef5a23a7c4f677ce808eaea4b2473bb4081f522323b83c3f50e6b3,d7b61a285d09bc9609413ca4b07a73fe,26ea15b4941eaffedf0f633d98b18f2a,166,0
3821,41735,1715450258.369125,32,41737,5020,7.965055,eb885d7bb42ac2ef39d24046a73f0882151b2f8861122e947d2fb6a3ed0cbaa8,bf98be9065df8ae69c96fc1f65069bbe,19f30035c48ab1cdbc1ed3f3d0a7c899,103,173
3823,41759,1715450445.451401,37,41761,4818,7.959171,0b73ae14e262515f89bb8c4593b27b950f654fb4e4216a6a045390a66cbee23a,a2be5c4971b12bd92d2e87e623a0a615,f19dc9f0729ecbbe5b5aff05b7c01467,230,148
3826,41789,1715450628.399446,23,41791,1756,7.89162,9528ad3dcaf2da665085b857a83bd4a1cb4261f84e4d8ba2095302f8ff82e70e,0b0f87ca4390d9df6f7fb65f2433aa3b,564a8ea3f46aa3c744e7fa0942e0e239,3,147
3828,41813,1715450757.561693,2,41815,1465,7.835827,309307c3749a6ffbd3c69f9a9822a30766e50fff490b8e6dcbe6b0f7bc4a45ce,dc9bdd5df14d56a6d3d4bc9ed920aaf3,c12534c78cc41b633810926d951911a8,215,101
3829,41823,1715450829.659759,13,41825,3461,7.949283,2020d2935d8b68a68214d6f4ced16554976d0be08ab13d6807865266ea8ee6fa,1c75c3bf858f56e15c0d5dc81040fa6d,14ba02bd87a09c1974cf3bce8e95ee52,68,36
3831,41843,1715450858.666029,31,41845,1897,7.914882,c5bfd29f85dc9792ea2be501b7746b2760394d4faf43b431b8b00fd30a029021,0b2bc63961e72a228012a30de067d256,c67d1995e56fc9115a95b0b82a4a859d,79,15
3832,41853,1715450904.375437,37,41855,4810,7.959068,e1096c3c5e346b7978e6b6ff5c9abb0eff4d6f31505d0d5248f840eeb951e329,07c8d3aaf1046fd5625db1e2f098f432,e635627c63800dafb0f3f0793bbe9986,236,178
3836,41901,1715451346.741417,15,41903,5516,7.971022,bc85ea18f599dc4d589e568b5e9b4c2d33e58bf93f6be547c90f92bcb2c60e81,4f7874eddbca8a8f1f547ebd579d82cd,e771cb3bff1b87e5e264e0cd6ec6956f,197,141
3837,41911,1715451421.260525,3,41913,2771,7.933119,6836240a71398d66052a2d4f912514c3ccdc2b4fff6a12b49696b10a7d8781ce,b297457b2ad4d606148d1f5f42256748,eb7ef71af8039d8ac117d002fdbabbf2,86,104
3839,41931,1715451554.948633,27,41933,4189,7.956543,4c148ea19b8b276b5db9c98612ca087de94692672f417de8373b11525f45bb73,e85ed0dae53747e4a9e28d4f105d1566,0a36e6251d36be07d7693c99fed2d8fc,92,8
3840,41943,1715451638.086106,34,41945,5308,7.964379,dd8053036e758c0e298a159baa03febb9da4b7d4f837f3823defe08de1e7d6fd,4dd67e3433faaa1f273e5ce020c1623e,6350df6de1b721be0defec05c1810033,133,79
3841,41953,1715451658.643151,33,41955,1582,7.882503,6215a19ad2bef5d467f775f7d7577cf327df08ad0d98a56f3752e0c8bd7e3a2f,9a54bb05e4a432cbf51173e4efb9b2ae,c2b595fd1a7702b3b8ba25588f672e6e,193,15
3843,41973,1715451699.776001,37,41975,4782,7.961408,ac6fc66565f1e5cb7b7ac8187e835430a32677a2dd741b088723455779a93971,68693825bb002280cba3cf3bde82bc65,69fd07dabca63c5df083ebf50a847751,98,148
3849,42035,1715452012.974356,27,42037,3414,7.950558,296d7c9706572976b67fcd77d14b705e1551b10630d28a7431fd73f4bacdff08,006ef2666b66b566324484b8cda2851c,99f067fe165cf88f99000ba440545664,30,148
3853,42077,1715452231.034902,37,42079,3942,7.954586,cc241326f570e62554956b099908dcd4002fa3974df8fd8fab8b10978b8970a0,39725a315066ee565b82e65cd97c365f,0d643f690034a037964dc04c0dc3b094,253,165
3857,42125,1715452740.811306,35,42127,5707,7.965349,ef3dc0285cdd60955d3f8bed0908d0214689a568476e97345c9ffbcd1e6042c6,94c49251fa8597293de8fbf30545eeed,9996ebfcc0844987de9501f121a80d79,195,195
3858,42136,1715452744.775109,39,42138,4575,7.959031,7cbca6ed9e701de995a1cb6407ba9dbf747c120f0e0b4c3d47ed583467053760,a5df194d5bcf17860b3fc245a02b9f8f,d54761176c76b68d99f1c93f4aa7fe4c,193,103
3859,42148,1715452790.154599,18,42150,2441,7.91981,d98bbe03e77f7538e7197490392650a6253ee43a504b51f0c56ebe2c3d1eca7f,b5946e75ad160fbab5ebd00905283df7,12b2dab0771c452cf4335830587cead4,103,183
3864,42198,1715453042.276769,10,42200,4933,7.962644,31dda561cf110b99f82f8a934345330cadf45074a48f414e3b60cb7bdf39e06d,0a7a529a7f359a70ab740c8fffd8ec06,83bc01f76e123e6e8c46a0abb6da148b,42,34
3865,42214,1715453163.141667,14,42216,5695,7.964166,440cdeafa6bc4d8a5b7a12e2bccc060860db45202ef13ec42e56b405ffaa9fb0,84d0947c6580a510ab0b58324c95bb78,1785bdb52f8c38c7240dabf88467e3da,120,170
3866,42224,1715453189.992704,6,42226,2241,7.910563,ee3f7a96d56e85d7b83e948466f2bef4f1b019ec6d18de665d764317b6f1ac0a,7e3938773ae1a25d38138717cba0693f,cae6eb72467225332196458f6c9c944e,199,219
3868,42244,1715453218.061382,13,42246,3515,7.937603,a36fc81ebcd9de740d12cd77c691067349b543c53f3dc243e13354f836a47715,d41566994d353ec0ecd23cc699db51c4,c89de99ade410e3b437f650eba892a3e,221,171
3869,42254,1715453229.488823,27,42256,5305,7.964401,20fe1f187ab1312e202b7e208ad6a3127de8d43916fb6496db8711b02d750c80,ded53c56d97504701107df47fb378b1a,532794202cfc2784bc300ffc5e1374fe,85,127
3872,42286,1715453384.095526,17,42288,2928,7.943907,250ac75b7352bd99a421975b10d66cfd20378eeb2e9d635a52c7d0f88d69f90e,bef1804cfde07113efeb9eb1c0c90588,798aaabf13650c34754ed850aed25219,77,153
3874,42308,1715453497.062911,3,42310,3408,7.94843,39e1cfbbec94bd7e86951c187d92dc1b5b6165db2b0b5196ad4af50ee93de4e3,7ba7dc2f8470bd29d65e5551222e9b08,f39423eba75edfe7dfc6892c4652a04f,28,208
3875,42318,1715453584.509299,39,42320,1540,7.878172,cb6f52b0f6458466cedb716bc0c4ed7f5c877ac99ffaf75440de431711f31652,813d1fc24bf365fc24a5c0b439c569c3,62c3698aee17aca79b8ce6b0837c77ea,67,179
3877,42338,1715453642.097746,25,42340,3925,7.951882,fb20561e9169d71de1d37c5ae08a581fa1967076068657dd1582970d76b8cdb2,fe8deaa92d418f52117575c168ca7a20,982fbada86f827458df4ae8d14f06841,192,190
3880,42373,1715453907.715333,34,42375,1341,7.841342,1be9f30884f66e0483bcb8ff3aa5e100b0e79f883098482efae72816c17e9b8b,9f8dc3ad4c00abb7dc9b4c7002062ed7,b307c48971822dcc2731a4ee02e98f12,30,234
3884,42415,1715454149.650701,11,42417,1935,7.911269,18e4a5bac812734b8915f9edf45f704adbd71718442fb96ebd6cf3d26b943fa9,5bc9dd4f6baa878e94835cd8eca5b208,a413fe55b11bda73c05f0d772628b02d,159,103
3886,42437,1715454257.010875,12,42439,1924,7.893325,1c2098bf0312aaed14ebe6dc9504e7434b5a27f84c7490b228e5b7766813623c,e799c5a0ac6662ce6a381b2d8b4de8d4,476aadfdf73fd98b254cfa2b97312f45,55,37
3888,42461,1715454487.266507,12,42463,5491,7.972197,af2fb256e63a37f274a79e590bd06ef9b0cfe239e4b607dc5857c8fc73be7301,ae2d28cc4f2a175f3b5390913027a77e,4266850c642620f64a3b849ecb31aa6c,102,68
3889,42472,1715454524.285675,27,42474,1978,7.911245,eb46021d3cfccd43490a8bd6f2955f6a002b440f2273f6f5d58198f54dcd753d,a0bf556d9c3fadffe39a0df19cad1a04,a3371995db92384b08a557712ba2713c,128,164
3890,42486,1715454765.609019,10,42488,2891,7.934749,823c264db15167736db4171238078d274a92b4a5609419a81cbb9d8381b1f390,499197c5a0a2b57288e9c164315e0549,2b5d4719c8ff04c5630909387007fa02,45,119
3895,42542,1715455086.700484,37,42544,2931,7.941804,7359a84b7e488534f968b48dc616ce9e94353f86679461353e8d138c15bfeeae,ef75f9851b064bfb6876973cfc1f36a1,cd886744a7fc0de50c184145a622eef9,102,0
3896,42552,1715455120.234385,23,42554,1885,7.906608,869f0f36c114acc03d87ad1578eb0d5975650e43eb6264c9dd1cfdbbf23d090c,082d8203e9244108c047f864bd52695f,2908d662e653b8201d8239294ad15b9a,178,218
3897,42562,1715455151.434963,39,42564,1314,7.836496,a2d3b8185d006fdd7fd25f78fdf94e30e4d28ebb0a9ae7145bad23f3489e6291,472cf5a0c3433874c314d75dc69b8592,45019f1abca9111894d05fa85f8cf7d4,77,231
3901,42606,1715455546.25513,29,42608,4765,7.962825,2baac86f1d9960b03ac3cc8d8b9005764ee13a0ab5cc6ebabdbf91037412bdd2,dccd4a9514062b754698ed6b672c6b88,faa35a89796ac5fd6f24e81c41ae79cb,14,198
3903,42626,1715455589.889781,26,42628,1516,7.881058,55480cf330f2f09bd838254110f5c1cf0827f6730c6d0eeb100a6334e584aa61,2373a14db66591171f671fd5a1eea8c0,47b047182e2ac203af2ebae1802c69e7,160,4
3904,42636,1715455646.334039,19,42638,3478,7.948629,8655399248475e2568690506136d89c5b4fa7fc7ecbdca34ead25b329259bdc3,a6a2b5d26431b31e212c50bd30dbc4ff,b5d39364a5386ade40b43bafcc6b2c3a,79,209
3907,42670,1715455948.998398,4,42672,1601,7.882617,2d94bbc962dba197d6afaa8c879c0582c86db94e0452546f50b17be451a15a4e,0c933f1e280b13de613fe6fe3101e39e,10cafb13b90588c8fd86123d6288550a,205,247
3909,42690,1715456143.507726,25,42692,2612,7.926726,ecf2d9560ece06acd67aaf45baddfcdbcbb0229ecb5f8b9ad6c3114243076cf9,8766012a76c44880146e667d7fde245d,ac8183a27b1b7584243c949758a6efb4,252,228
3914,42744,1715456542.518461,32,42746,5543,7.966253,5974c541e45cfad8f1376cbaf5079179f5daa614e7b7b85d19fc164369587e10,d0f21e91b04f0e19fc3e7d7cf24a9bb3,6661122eec1e311aa6b400ba8174581a,166,236
3915,42754,1715456555.594276,32,42756,1740,7.89069,d2c2e07f69e9b03c0d4c45dcb371098fd6c9cef4bbf72f6c8a509a0e1a448aed,f78db38de2b41349f4ab1158e2d35d77,17d06a23476812e74f70cc63f0d2e067,189,159
3916,42764,1715456584.449329,14,42766,4770,7.960516,659f2fd105fc693d0b65ed946d0a7d64f0c4b7ece6e1883a18ee0aa44702bd0d,c7ea97ad859759c2ff888f96a6475676,56396c5d417fabb4de76756b6b2e23ae,239,27
3918,42786,1715456708.896995,18,42788,4924,7.955969,91944bef43ed18db5f280644b9960f9f69a5adb2d568ccacf4303452aa5e0ad0,1851ad8c18315663350098393e38e37c,054604892c1ac87296e41ae41f4cbd29,218,134
3921,42820,1715456912.409886,9,42822,5267,7.966714,780328ad30040b5683e5c09660213e94b9b8353cdb818f9e344d60cffeea9f14,0ad155f95a20d5e609410ea3c13ac99a,5cf52b8e48730a4ce621f3e96194d35a,135,227
3922,42832,1715457210.234537,19,42834,5775,7.967269,2bd62e4ff759ef1042ebbf66032275a25c40f1396c0e69efcae2747778209003,de66d639ccd22af1d1aef06fac0fb03b,347bd61ec9cfdc450b4b80abfbe5e1d2,124,176
3923,42842,1715457273.059844,21,42844,3477,7.943644,f38497576fd0ed7456189efc7dd68e2c0fc5d6e3186880cf79b29d3428872471,421cb55f35bcb3250300a16d410215e8,a3726c6eafa2b40ac3d0a97b9c1c9a4c,119,37
3924,42852,1715457278.125267,14,42854,3140,7.933459,b14400184bd395531413df234ef24b26ccd68d276a01b48c0bc4b3177f6cc85b,7c60ee18c230d8a7debbea75d947bde9,b19086bec16a84664ecb215029f3afb8,31,99
3927,42886,1715457470.747824,39,42888,5746,7.971609,fea3db1401ca1231e063ecdf97a525cd2ca953db0f5f1f149a2a3346f69b7bdc,844496c53cf14081b973d10006c407b8,8e2953dab7c7be1e02c91a1760661572,70,50
3930,42923,1715457611.550876,36,42925,5320,7.967406,b00855563c9f03d3cb1f068c480d2935fac651203738806676371b7e8f1f47b4,f4981f5aa69545221ffce58a64ee8cc7,b493f5a5cd9f8c39f2872cf11ed3547a,56,46
3933,42953,1715457769.714683,24,42955,1684,7.880486,37d7ac8bbd33a67560b37118823240e17446acf37e61b9adb79c01a4e21cb0e2,f2aba9e4f5c1b29754c325a8d8233994,5ec3ddcace96a3cf5b463b5f16eb0454,38,104
3940,43030,1715458321.862426,25,43032,3996,7.945127,a443ba271892b134f7f72e28b49b30600f10db53bfe78ffb499043d3427d4462,34a08c427526634957d18de59871843d,b792643bb66ba2e407f52a6dcdedd8f9,62,118
3941,43040,1715458367.645772,16,43042,3011,7.936375,05bd0412b744cdd762592d8416bd99b8ef5d9e1553b3cc01165080cedbba85f3,bab772e2da959673401e23cd22e0f91b,fb20cc3e93260be8f984b2bb3b4409d7,134,234
3942,43050,1715458432.944803,8,43052,2107,7.913482,b9788ee5c8196a4a123398d73d1c01526c616ac1a143af6a5ad570c1e298b483,d235d10f469f035016d78aa891f11760,31e9d6cfbe4234c9b05bd6b8487d0d84,176,74
3945,43086,1715458606.030719,20,43088,3971,7.949981,4bd53f778a06aa154c5ff708b796511e8755e47fe199cf96afea63a945c38775,8abb3b81749bed37a23d1a018a7246fa,9c3285715bcb4d7141c125bcecb687e5,252,236
3947,43106,1715458684.44458,29,43108,5427,7.962773,473b05028ef3dd7ac3fe4a20e5d7da6f8ba764ed99edb0fe1bfb04d9c645dd66,5eb699bb21566360af41cb1e6e05a312,40b4995b6da002a7fcd78226df273adb,209,77
3948,43118,1715458719.263888,39,43120,2548,7.920639,312ab573b317568f15e84d7406a934e7815d928b5064aa3d744dd0259889a2c3,24e75877428611f5c0350486c5703093,495d42c3da6bfe4a94d74bec9f43ac1f,207,137
3950,43144,1715459000.357731,21,43146,2170,7.908657,a457802f2bf1a88be3000879522daf424021f09ecbfd43ba1f3a547e03e38b3e,03f34f75892e4f914e9b54bb9338f304,689343e49ae6dce7ed986e2f0eddb8a0,242,184
3951,43154,1715459072.789002,36,43156,3588,7.946333,165c18eb87d400b8644bb78809374b5ec593dc3218ce0490f38c7aca8ad29784,7bbb725a9bcc82a53878fb7bc8b13b30,7df32d7019cbbc93be3da892848710eb,224,248
3960,43246,1715460027.66929,24,43248,3909,7.94619,7cd367eb0065bc1df3abac7b27c1c2b862c6b4033baf8438f92f7203e98cc8dc,e7ebf879019f255c47e1254c73c3c811,310cbc4274649375412bcdf54430e80d,89,133
3963,43278,1715460279.955865,35,43280,2303,7.915352,1654050cfefd24f1deca3d0c63d9220b2dbaa5f8f0d1ad01ee407fe22f859361,89b6cbf52e879ed9f37fe04153ad4521,e6a564c4fb3b7d4aef5b8e16d5a4ebf9,52,70
3968,43328,1715460749.320723,26,43330,3929,7.948252,7b4e82f6529bdb2482f6c23582e2019daa42647de4f79e4faa7fc984a0ec3f8e,071aded6c8be412ecaa4332e2a018b39,572ea9d5f8b6e13d5998585bd7d74f82,167,81
3973,43382,1715461140.797927,6,43384,1683,7.875949,973e9336ae2b851d4aee11878c7bb4bece73bc09c8f64314b86b84c976597332,d89ec0168f93834785d0673a5d4dcc04,0a278c6bab925301301cf081a90db8db,2,36
3977,43428,1715461778.898843,31,43430,2409,7.923269,cd08fa4d50e0c3efcd445c79b8e5031b00c9275ff0080f21b9a0601807dc5f47,39d77658c7027fc3fb974e59d39359e5,cb29932b6e5ca497cc63639c66fe40ca,60,130
3978,43438,1715461813.164547,33,43440,4969,7.966457,1fa50b4e8ed34662b0f769b0df59d735aee7ac59e283da46c5ae1dafd55b9228,9232fe14e252cd07dd83a537c30475ba,656f79a7644dca613aa7ee8abcc57ae2,86,76
3985,43508,1715462156.644953,27,43510,2733,7.931442,f9d4b9dc0c8f46c34fe8fb256ff9739d62b47a37cb82c57f646df29cf73af4d0,3104f50e6142deb2045f565c3b23c61a,869450c13de866475a012ded83cde778,124,16
3986,43518,1715462186.413505,25,43520,3800,7.950302,349499bc40ad3d93cb1537af556672a0c426e4aef29dd972dd353a218084102c,c7c367ee0d50fb1d7f6afbdd303eb7b1,292a417421eb346c1396b5cf17a36562,158,146
3989,43550,1715462365.022929,40,43552,5647,7.966558,92a1ce61e8f62622f3e8b6ae022e74a409834b1ced5bae6de95e99fe896fe756,d7660b235c4b3cb34a7657593e5ef1b2,82c49dc5b95f2b5ad0b2f9e62923c646,175,69
3991,43581,1715462519.328912,34,43583,1440,7.869601,6f2cd7affd9b6daebe18b19b4eb8a4562f9fce2fc74b7f56f70be678246bd58b,77f485775d3c3d619dd4bc724b980d4a,8ea6da8bb4a55e56d86688a522d77761,112,200
3993,43601,1715462672.941021,26,43603,1872,7.902126,d20016f03c26dabd8e65065f7e75f804685f6f03388db1b2a831f8adcfa0df16,449f8c514f4c64735c62d1500f78e0bc,0ebd5f820ad3b0078a3531bf00129e98,76,78
3994,43613,1715462747.233797,24,43615,1909,7.90038,3e19618236ed2c01a93c57527d27094f6b84a8a4325387c0d531a362811c7281,3d8c175c11a3b82142397c83953b22e0,e3bc0979d32d3f51938982f182e2bb70,241,67
3995,43624,1715462797.343258,4,43626,2577,7.924327,66fdf5c1fbcf9b8f9cf84f088b7c99e68d46ad074bba28132fb048ce633974c6,37e9b75874b9be00def45430baddc70a,7ec3c3836b122fdfc0f51e942cc0da25,58,28
3996,43634,1715462801.594584,23,43636,5385,7.959511,df0edbb5df5180831850018ee49636a87ecb15eba1d977bfb9949098f7118fc9,1c99e3164208d8182b4f500741942830,0452b82d3ab9b03c21c4d88f5d214602,222,60
3999,43665,1715463010.992128,15,43667,4495,7.953624,5122e86774d0d385b4c6ee1e9658857475a2dc5f239033da956915f8639c1adc,efb01d86554472a6a3f916a0fa1d81cf,ba4c4212d20103e8f5deaea8ddbdb8ed,127,39
4000,43677,1715463097.636292,37,43679,3202,7.94439,ed4f93dcc03b76efaf586c8b920a4d190e1c0b61c1f8de3ea59b7dfcc120efdf,4ca9566422b2f7ad8f4f1844c985430a,e094285b2e631babed82110306bceb23,113,15
4003,43709,1715463275.834114,10,43711,3300,7.942364,42312ab806246f635cba580a15592d9a728dda4ed2c1c616656a492bad949ba2,f595288c0fa0160cba269b72a17e147f,e7597259fc782a38da44e7fa936cf4ed,15,43
4004,43721,1715463339.319161,9,43723,5569,7.966003,d5f993cca8c5cee483ed596f4b144680aa556ceae1ba1bae0e3ab1e0464067dd,bfb592dcbe7a661477fdb14a7e80d445,781865741be8bad27ebd9b3d85bfb34d,131,37
4007,43753,1715463468.522315,18,43755,3690,7.952802,6aceee691b737a9853e76d570f7f1ec137792fd3f2bafde6bcc0619ac4ab73cb,fefe49a7c8bc4863bebb9e4391a09ea3,37e192dc2f912369f61e536ab3f9542c,194,236
4008,43763,1715463494.960531,22,43765,3465,7.938961,e0740d8d4928fbf4d978d6750bd1b208e71df784b7c22745877869995e723164,476fc56b62eebb811cb9a9cfce5434ee,0db4301b007781e1124bda6a4c9bc28e,198,20
4012,43803,1715463583.624738,7,43805,1376,7.853914,904f04d22ee9d048bf1d2e8e063b65937360af39fa3dfd1fe7f07c70000670b8,be5ce3c8ebf35799e3aed748236ddafb,650fdbff8a94c34a6a61870b4f8a25de,54,84
4017,43856,1715463934.808753,1,43858,2843,7.938497,c7be6ad555d60500ea73cf802bd065e7fcd51de144198e4278fb99aa5d449ea8,8a1a9bf2222ca824d4d719df4a7dac75,a4b7e434fb8a3a9fde48cf4884a2b3b8,137,65
4024,43938,1715464584.519266,36,43940,2412,7.907928,a82eba05635007de062239474a4c610e0681aea9f17e2d92ece489b6ea9f5f68,426680546d3727c887cc3af13350fa04,448ab043e64dedd3b71535d79957c9d4,247,81
4025,43948,1715464620.139444,18,43950,3950,7.95355,bbb5ab27f7b5be0e276c09e6e88d6e81bc4032c52ade01e3109dad704cb98d67,67e01a909663f4821096b4dab4c2e6a5,0b552c80f764556cef9e8de30fff23bd,181,17
4027,43968,1715464878.966299,17,43970,2536,7.92396,1cd6a0794f39bf3cceab8e82a82807434f64fbf6b8db7fa9244b6f2cf7e7f31a,89d0f72bf8f92b60e598f47ef7de821b,8ac4694144ad9e5649127977b0a96748,137,215
4029,43988,1715465006.295079,37,43990,3110,7.934834,efd75808507091f1f4db734b97352215c97ff62c075785c5febc7e7725b507f2,d1b54304e1ce41d3f35477ccf57dee45,6a43d76c4657d359c52de075e8ee1c92,207,197
4030,43998,1715465024.068399,23,44000,4483,7.965095,7e6c8b07ccd069ff635406bba738db7e094bc2b0d842fa4507835254282ad0d4,375bcd466532a485f5ce5b20eb4ec525,c5dfb3f0f0b6f93cb7c0565ff16ffc2c,86,138
4032,44018,1715465074.455964,30,44020,4277,7.953663,5331c2b3c4feca2ca81019d63f83fd7a2eac27201697fd0630941079748f7c6e,3a16c006cab07fa8892c7791ffdf26d9,0e8dc49243ab213bebbc5ba3af66c29c,170,10
4036,44060,1715465347.808541,29,44062,3722,7.94524,c71faf6be80bc7745638835660b8c5b20d20f4238ae1812a11aa8ef6d5028fd5,887c297c14c755ce30ac90dc4e959287,5cbe9f9d413844c440533e6065b772bb,102,162
4037,44070,1715465360.671652,38,44072,3138,7.935248,ed0f8ceb6305012687b4720cc4a4422c1f05dea98e480c0dfe46d50047021c36,35de7582635830c2649bf6c70af4f425,1f3d721c74cc70f9c1358dd7fc61d722,224,146
4039,44090,1715465424.832755,12,44092,2356,7.9256,a098dc1bf848c8651fc4ffe0cdc9af9b129bb32ad7f5e7cd441c7887bc50f042,30ca13787108461a261cc31cb3b22bb8,137f553e6d2fb6f43cc869bf80144951,11,151
4040,44100,1715465516.582341,1,44102,1580,7.885799,89c56cfd214a60b55299f885349b9f14062add051be6cfc133e78eace969a2ca,d68563301773814bbe8697e5213428b4,1825948c1cdf5a5546f6c18f22cf3428,211,147
4042,44120,1715465550.745133,22,44122,2328,7.930871,6d7aabfe173d8bcc6731ee12ff36077f0ba4b2a8c4ddbad6f8315b98301b1646,7cb891e2c4d060f69518ef4d18584aea,254b2b2ce2787d0c398555539dbb3849,150,214
4046,44160,1715465813.376354,9,44162,3874,7.949684,abc09b12308db2dafb2ce0d21c71ede2bace08d6973044b401113b21623fc5f0,12c1a922df3d8435c37eb8e94c5ab87b,dfa100389712d777cf16c7f496373cf4,76,130
4047,44174,1715465871.287371,10,44176,3828,7.956866,bff5b55ae0c2a2258b710f2b1d7b24c087d1f79ca029ab8350c2943f83966e3f,e0f2e0ae81f7b964ffe46d5a3a097ea2,080afabb791d0f09e2a0e9561e3f42cb,33,195
4050,44204,1715465977.755437,15,44206,2319,7.92502,ef725ce8b1789271f001e80dca58856553219b61911e118fe9c5333c2d14b64d,234c453839c98766b0bde031f94c16ee,4f342296e4c84f1504c04fa51274017d,47,139
4052,44224,1715466058.278019,37,44226,2582,7.927589,6e68ef166884e8c924bbc448a4bb76c0381ff0fd94289395377e992be6573d51,0034a9718c8d9325b6d95ee8a0e82e77,1fbd6db547b8d204a15c8b4eafe6a9a0,179,119
4053,44236,1715466122.34852,38,44238,3182,7.940639,2e531c26499556577e87bcd0256b13ab356479a27eea409bf7c0a6c4cbd6374e,7d21920ce0b8713bc0c50678efc54684,872d19fa28119c9934f503fd96227969,86,184
4057,44287,1715466575.214715,32,44289,4483,7.960589,264348f3e5fce2de9e7cd90372fcdddc1bc55a57603cd6ba6ebb664433b94b24,9fa0fbafeefda5379f92d59ea2e1f4c8,e08cd66811490a896aa9586004dff255,77,79
4059,44312,1715466668.493032,35,44314,2981,7.929436,bed3440d142e9810b6df73b10752c1fb58e6fda2ce5a413416a923b4a638dbc0,e6ddd9672620558872211b79f1f11fdb,655cc87ac17d3050cd9f0ceea7772b34,86,228
4061,44332,1715466757.464694,28,44334,2184,7.910527,81b24c1c7dccd7be476b1650b975ea5510122a92fdf5a19b8d138277108e4f81,0771ea6d8198a0c79d11f81dda52abae,872d659d7e44998078da875f91f2e7f2,152,76
4063,44354,1715466837.32906,21,44356,4003,7.953363,0bf1de231f9bc617502c627c2f95799eb13b07eae93f042ecb8a1a063e4f6ded,dee9b4cf45e58f93e81e3019345ee543,4ee204e969eb14619b9ff60d2e3ff2a1,11,65
4066,44386,1715466975.445179,39,44388,1622,7.883713,7d8691c410295bbd3fe7bdc0bc8b37bbd9d2098bf3ce3ad1ddee8ed04e665c58,00a917ff69dc20aa8406f1faadeea7d8,3e5072c266d6dc08fef782ced2c3eaf9,96,212
4070,44434,1715467400.477127,26,44436,3785,7.957407,4aca029d693abbb8d2eea085a0265ed4e207ad1d91573f3cfee98e6eff5b7067,c0319dc8f91eb8e1403c02afc1a34d21,e42e49822d42993b077e583092175e2e,215,55
4074,44478,1715467568.731697,5,44480,3133,7.943012,ad000f1b22afb529fff0f8c79cdd64dc1322689d56b1a7d200462d5d2344d8bf,dbf6a52edd701ffe74336661d04b5714,1a9957a63dae882deafd6c07e6374f0b,69,81
4076,44498,1715467607.338516,1,44500,1475,7.885544,cc480bdd39291fe222f3645c8bab3e341874aa6edc16978e78bf3216b6983e55,8bf8d98544d1024adf2d28592fcde3bb,88f40013b866f168c66d96be8383d08c,59,57
4078,44518,1715467760.311872,35,44520,5075,7.963759,9bfe30d8dd4282aa267defc42fff0b3147d69b1a7646927159792609f03b9b18,da097c73a7673ef07fc9a67b41e3e781,c2e3a9b75a96fb3f48e6517f5ac2168e,141,23
4082,44558,1715468126.744554,20,44560,2695,7.924303,a1324073ce35746ab78e35f04685b29ba1de4c372c7c1c4765e722fab97ebf3b,dd7b975b51fc9ac8ef4ce4425c956abb,3b4e56efa17ec9da5db15c9625286310,217,99
4089,44632,1715468425.890718,30,44634,1712,7.907244,119a9b38aa80c7366174dee7cdee1795591a45f292c3ec706b2c595101e23cda,1dd9ffd915911ad57f0d5b06aa2ba8a3,722892aa086ef522d75276aa0374bab4,56,20
4091,44652,1715468471.551529,40,44654,2335,7.919001,499a8fce1bd9df94530cbadfcef0641b3ce5654f6fce42a305a000bacc959b33,0ba215deb977654d715f5e53821ae214,85c528c80398c14aaacc1a9bd35ffb41,21,193
4095,44698,1715468818.991238,18,44700,4005,7.950046,5704bcb16613dd405a5858c9cd2cb6377dd7341e0ce9c51f9bfdf94f5e52ffe6,21d209e1d76dc5a5d5ef967f7b6be960,a45b3073702e5a1206c035e2f9fa9318,181,121
4096,44710,1715468922.751102,39,44712,2942,7.93507,3b64c092b90b1c5bd4bd2681203d2a8e2a50c54025b340c6d9a3e0b2c356d733,138455a2401f6ac2fd08372e580da4d0,faea4823a813ee7003d0d84fcec03eef,228,226
4099,44746,1715469291.622983,13,44748,5398,7.968432,2b99f1b8dca41b54c6369aa41a07118ec2beebbf63e2a76e8dafe52a3d0acd45,274e5618857ab273ada03f374e25e9a7,3f61843d1246cb1276e89f7143f99ebe,86,50
4101,44768,1715469356.911244,5,44770,5511,7.96979,4897a1af141ef7dfaff171c3263265531cb9ebb28e36c83bd58baa17d0809d8b,4975944b5a37e5206ad5f8e7fb8eea1f,d86a9107aa2ad89874698118599108da,94,218
4102,44780,1715469389.32765,14,44782,2166,7.907859,1a5d2f718079eb1721f2b563cc8834e97d071dcc66f6db66bfe9ff2e85d4aa32,2eaa61008b4cb5a8d1b35b2a88c90d3b,3b477dbce85d0cd3f7ffd1886bde5a4d,19,51
4106,44822,1715469664.826812,13,44824,3003,7.92921,e7fef30e4ed5c997c8835a46311b9398bfe3dbd887d08b8c1ad192148dc06ce2,bdd9f94a5aaec2b24f9c61e06f13a765,0e6c279d611c977e97aea259ca20923f,129,213
4107,44832,1715469710.658739,26,44834,3645,7.945247,d1d4a822425ef0cb0ecc26edb0f791b899eb98bdf6abb9ceb49d81dbf7796005,ee41a480e8a2727bca96025943b92022,3c33f79cac194243ec457d97b686ae73,76,6
4109,44852,1715469735.69741,3,44854,4614,7.960292,3871f0d968d43a3347dc4542727c0e42b2fbdae9d7d73b10b2231a4ac736c8fc,3ec37e10b194675a1cc69c72bd258d8d,d37b98c410ff12a3b883535cfe2c79e8,102,98
4110,44866,1715469854.556859,9,44868,4300,7.960036,6df0c23cd16e603cd1e5c6465bcc871ec6958ce1149afcf4af3b0d485bbdb5e6,20acfa187a8270dece171d405e549586,0a51078652a6c02e5fafb789617c3901,46,186
4111,44876,1715469869.387069,32,44878,4163,7.958801,d9c66ae1bfe0df188ea5c37f39444f6a957d6b9600a157ce554be2b282e1329f,aeb692da7f2636d8b452e2fcacd3f2ed,709bedc160ed9ba86e45562631769220,51,51
4121,44986,1715470284.804753,24,44988,1704,7.882783,282e7d62f0dfaf768445dd9a2f072d1051a4945eb3720c84907200b9c00c7bfd,a339af12feb10fb2c706677ad7cfa4d3,b77678771be02a2f2b6682acac7fd7b3,8,242
4125,45028,1715470643.249687,11,45030,4522,7.959311,faf9c9790f2274f1b1a9ff519f3d9442094e732c4dd6e731532831ce183f896e,c8e906936a25befc7e918abd117161db,1725f964f40035eff7b41629edfc1345,176,22
4126,45040,1715470751.909893,24,45042,1236,7.847255,5731f4f5deb0bd39e97af4b2fc5c01cae66dc44aac08f99944e109f08863ceb8,6663ff9a48ef00f4ee042b27a890e804,cd60e2b6fc1f3ff9ee168879c3169add,55,43
4128,45060,1715470799.592994,34,45062,5074,7.963055,80095cc8e92f3f91d2e7b365975eaf508ba99d79fe8c88122cdc623fef11d01f,888468f0a637a7541304dc74c1cfb7b6,7e11352ae3f1d961bd6ff5ffc8f4c99c,44,120
4133,45110,1715471092.079667,28,45112,4494,7.954561,0999488d95fd99b95bcb9edd35a218bf1cce198cbc765aedfd3a93dc5fd98ab2,c4294f9641ca4d8607eed5b217aea02e,06d9acca4f9c3afbada9640c38a6147d,46,162
4135,45132,1715471347.679941,7,45134,5408,7.972749,53bb71a1f7c1a4f5e626d9b1eb9014514ea7f0026abe8086fcf31c73c76b09d9,68b2e0e07e530bf29cbdc382da06e32a,975327ea4a277e2f118cdd88f993b745,145,179
4136,45142,1715471399.030389,16,45144,2431,7.938167,df78f37127f501b9cb2350fe6eb4adde35d0abb24394cd91e2998ade397d0826,cc9c5875932ed4db6c0b00bba16e0a45,1842036c2d410794ba5ca495961884e8,221,57
4143,45221,1715471847.255852,40,45223,3809,7.956336,b36c105e8a9f6e377b3b183d6d5f24977fe9cfda45d163d52987a8e0875a9279,c9accc11f9a41e715af1de8b64211baa,86653ee425a6af0a9e786f58f6656ae2,115,173
4152,45317,1715472291.923958,5,45319,1823,7.872464,244ffef337d4baf241b99ae29926361c7e7e6cfd4c348608dfecbb9c093572a8,a88458d51b220cbd4878d01195258767,82ced5e9de0c30acd416a4e628db478a,144,26
4154,45337,1715472390.410951,39,45339,2590,7.937925,8d42e90ae807416f80e6e4daaa922848761ff596efebc48a3958ab773dccf886,9418a0f280fae4cb69c2a8b43b029e7b,fa0f552e1d95c814521c55e6537430a5,188,144
4156,45357,1715472443.828836,26,45359,3241,7.946018,fb354d2624f7af1fb2415eebc1f87182762447a4fb591b6a0adab6147fcd2077,5daa66778787485fd90df50282ff1978,52ddf82db607625a2d772f5d1348d965,84,48
4160,45397,1715472567.478249,13,45399,4797,7.962557,863ac0eec91c640b36282def3549c4eb3e2849ee7176734c988832e320045db2,38998ebce738c38da6f70c0e28916ffe,96d47f98041ab3f60dd72b97039ce928,147,227
4162,45417,1715472630.151388,7,45419,3930,7.957883,6fc4094d7ac4a22b35dbacf6a28c9d80951873623b7a0b351c8b8e4d085bbf8b,cafd60865d49523e4ceecb6d657f38d4,596ab727e45aff9cd777bc7d9e28c43c,13,1
4165,45451,1715472819.960209,36,45453,2130,7.902206,3c2ee0179194ed2142a2963c071779290ce8fc810292522adf20b7fde4347e5d,6890a3271600e647b98de0bbcdb54ce0,e0624d935e8132b825f1b95b3448de11,134,124
4166,45461,1715472922.690889,39,45463,4260,7.948455,94156b026b37140c6398ee30e40c03a158c5a9fe819a0838260e47e671ccd5be,24410664e14d0400f51fe3d90bc671b6,b21be235ff21dd8829b1faabfeabc275,111,185
4168,45481,1715472950.917076,36,45483,4632,7.959815,7851848c2b11f8fa594765929d64f60b60a82acb7e67375e33f036ddea68ecc3,b31710d38477f6430a444e9264f846fa,3c0495e9b15b01047de06021bc12635e,168,214
4170,45503,1715473125.438807,23,45505,5467,7.959748,269966b50bae4643276339c74bf17e59f3300fabe7bd17f006ed4948e55bf50b,e9cf6dfd6b85e3951508868c43f96cea,2fab87522772ff0e27235e915b929e4d,99,243
4176,45567,1715473680.33207,28,45569,3958,7.950141,e826583cee83bc267d5dd22da13aaf39600015395e00059c948f74b7b14491c8,0c78208d72b47fca2300896e0fbc4a50,b90b9bbd1c154158c0dee519979ec3c4,33,21
4177,45579,1715473734.279336,6,45581,5492,7.960403,3ae78fec1aa4dccac6f4eaf13cb8aa646bc2049e6114787dfa7ff89d6e032d0a,afea27c1f5586b876063687128043a68,8e51df63aa9b9967fe1550773de8f39d,50,204
4181,45626,1715474171.954161,40,45628,1471,7.888584,1eb2dbe928d4492d89f5a74e02aee231e59a2978f488bed8d100621938258ca3,3955cb415fc614edea1c0d3ad83c34ff,727657c9c4643254966bb22791a5d0cf,209,171
4184,45658,1715474312.929438,29,45660,2140,7.913402,d73fd3cca6f6471ee60d75d7edfc5ea415e778bfd18b0f78599aed3d856e0a7d,9b97cc348671cec041fffdd76ef68fc3,6d7ef295de6a7e8dc50b3400227a4672,69,181
4186,45678,1715474411.015207,38,45680,3622,7.94517,de0f618e0c0d50bbba8a2f3d7a354e76bd0ca57a28a0874193b0dd11f2675c0e,9bd1d30937465577719e37c8dc1e6dbc,62d8acb0afbc5a2e522c5938d5111335,238,208
4189,45710,1715474546.899139,29,45712,2367,7.918401,99367b3d58f92f7194dde2497a6e86ba11d7e0a8df171b847c103cafe6956f54,d825a254768a208e5a5e86b97b84a2ad,ae8ad177a7707f81317b08f5a857d868,87,225
4191,45730,1715474615.094923,8,45732,4622,7.958339,543c8f3e5d7023b75206a771caf98695a07b26b872c652f98a536fc6361c5f67,f34a0b03e9ebc46b08841894073e5dbb,55cb95cdab42d48e09533dfc8bc3e632,57,193
4201,45836,1715475382.446114,6,45838,3605,7.948871,6b3e13c4a83bda4d2c1ae9619fa9a9f9840eb413b1d36e4bf7c3daf2bcb7a48c,9ce0a9761576416355ddfe4f4d4b8999,7c32552a2a89a1dcc3c9d832000c2734,208,182
4203,45862,1715475763.393092,38,45864,2920,7.929238,afaf875637667b85a6cd7065b2392c19bde7afe1f8de7a763f871d061f97b7cb,3a783b2d64269115cd6b5090e53e35e4,d299699ba1862be43f1429218304fe24,183,213
4206,45894,1715475895.324105,3,45896,1600,7.888723,4425f7f97ce2722464d83eef371254c3eee3a6826878f797d91a1a7cc335c1e6,44216898e8cde9c77a98cdcbbbb2cdab,a3ea0e9364d29a240b374d82920b42aa,115,15
4207,45908,1715475960.535277,5,45910,4370,7.957979,82efba0ecc9d6fe517be232cf0f51f13ac2fe165dfda2b4bf7b1d6014bcdf5b1,1c5972d06c67f67da160194b1847dbac,53798c5e37608ef33b616baa9a613f0d,155,17
4213,45976,1715476436.676562,30,45978,4601,7.958123,f7657913ff833bbda7c99b43b75d3d6a2abf005e596f0214cc2801f38c8fd475,30d7b3a149a5ac95a24ead6a5e61d11c,572c100e17fa1fe2cc9ef23107cc5b5f,255,93
4214,45988,1715476662.638018,8,45990,2619,7.93505,307819e6e1158e1ce4ec22411de00bea7d82307de469278bdba3904e910bece4,0729f96b812e28e476346f0e65e1a2bd,aa93dec0c832ab4b6f617a5115f1dc3a,231,139
4216,46008,1715476792.136054,23,46010,5508,7.968217,b70465309d24622e0ffdbc6590a3f5a76a8c6331ad4e0c10032b464afdc4676a,a3417b8dd704c315b25992125fd608c1,5d0d78d071019717f5d98b71c29dc1b1,244,106
4221,46062,1715477203.417904,18,46064,2647,7.93497,12589501d335cc4f5ca021f58122451ca03722f5815b9c117969a7e61651ca1e,e58dd041e2fb66eaef811ba331958e9b,060bcd78a0cd04c6099c0e952dadaa59,148,182
4222,46072,1715477230.449481,35,46074,5576,7.968162,26f12e52ed32cbe6944f96667600d7c377f96bfe00b0933df63038630c69a2a6,c8bb665f9c2c00a0e1e097e41c70d3d9,bb6878dd7b75fe62837befa502e1baa9,72,18
4223,46082,1715477281.373985,4,46084,1602,7.871483,e70c0aad01947a27b4982f50862b56addfbc6fd45ee6dd9403b9d039596f1299,d7506d99cdcb25c848869162ae25ad12,5d048cce24b36e09c0e565c3e648d849,53,89
4225,46104,1715477588.804702,27,46106,5131,7.963932,7249afa3377ac2ae207860cc6b51fa78957c364b650cc37853df84279eb50563,25002f3bb947ec49b50b0264e1e13695,bc6153761d5715f038e0f35f87f290a4,20,200
4226,46120,1715477746.223727,22,46122,2531,7.928531,0e0e8428061d81dcb815459b44fa29e52e4df1e8732582645dfdc4f95ffd2987,01adeae3709ba5ca034ad264c9a2665a,2eb9d5da64a7d9428f038b9847b151ee,244,142
4229,46154,1715477985.455233,11,46156,3846,7.954486,1d7f34eff18757edb0839f32b2fe33551a331627b0b9e635e56ca1400fcf754b,085a4211abd367a9b5822fa9c6c63201,8c45bdfc874a21cdf9ce7a3824cabb28,219,185
4232,46190,1715478287.10537,17,46192,1943,7.903181,bf7884689f743889ae3a95aaad9ceb254588e428a354e6aded598d0b3a7ef8c1,b3b0565f3e34167e37040fe370deb47a,2f528339728cb02d681f839b1b832965,78,98
4234,46212,1715478488.894482,19,46214,1873,7.889826,8c187bdd5bbb857cbe08cd68e3b2b0cd7c1f82f9819238a8e2e6d7a69205fb19,a996e198998eb17b106a67c3c99ffd37,4d1363ea46dd0171c7fbf8b0e8ca472a,73,23
4240,46274,1715479056.541962,37,46276,3586,7.942042,48e2aea1e64aee09e82870c0687da29437b69f14db868486dcfb242ca884b9c7,457db4641cb68c3206f65515072150d5,5a922c1da48c20a2cee0eca2dd797f06,79,181
4242,46296,1715479131.186335,16,46298,2267,7.90875,b7ecd7863488a8a1e681c0451abef2b3ba55a74363033d7cd190138138d09d36,cadbe15d8af097f211f1bacfa510e77f,ed84a9fcdf4ca366fe5c2b2a9ce4a9c8,18,46
4245,46328,1715479262.932977,2,46330,3681,7.949271,0a7fa47779f400941503b3157ee73f846021c149b55502b091ac2909e14a6901,9ff2058a6672c17be75d69e749e9c939,ed16d11379e24c274a9b79c2eba2e79d,167,149
4247,46348,1715479330.023132,21,46350,4374,7.957675,3de7aa603f694efbc33e44f3c6c65d7d58bf60ccf03160befc01762326f53683,cd968c2d736929f27489e17d8667b785,ede95e43e5da8118769d94a515ce5b18,35,73
4259,46472,1715480057.836695,23,46474,2609,7.924785,e7f1e5d522047149a22ff0c5701c2fc615419cfaee88ec8e145cb165be86b63b,f9de63121082c2b1965efb306a5494c4,6cb972f109f60bc00bc6856c4189f0a4,11,105
4261,46494,1715480392.540249,30,46496,4866,7.959544,89c796b7ff2e22173f8dc1af82dfa3ca288748367bcdbbadfd2895935f8d6bdc,a62101a9e7f58bc7a352e096f24d166d,217c9cad2d176a2cae42e87bea45081c,99,171
4262,46504,1715480396.464289,3,46506,4916,7.9615,d273646744421fdf9d10a22221e168cb0b55761392add4e668c1084fa5598f7f,4c69acdf809dd061c1ae74fe7e23b0c7,b348ad631f4572a145a98baba36ca03e,7,139
4263,46519,1715480647.114621,7,46521,2065,7.908589,e483253879197b8eb8a8f113a08c204a6ea8470dd9f0e4d6a644dc31eed2f20f,54a896aca9e0eb7ec8364e3b6b1144b2,7d6705e061b04c3d31b0243a1e2d4493,236,102
4264,46533,1715480851.263012,12,46535,2762,7.929269,d376d8856b19b7776186a3dc4b009d3258bad41e84ec0f32e52fbf38665bbbca,cf53f209c0d818c06fe230dc331bed47,7fadb83df17c608014398a706ac1da67,89,231
4266,46553,1715481291.16712,24,46555,3590,7.945044,7452906a9fae3bebbf3aeadacb6ecfe6dd2b7361688b85899b2368eacac9b957,25b257621f14d7f3c98f2039a7e03540,276a5641eeb2c45fbdbb1ca4a8c7575e,126,86
4267,46563,1715481328.284178,14,46565,3773,7.948546,c8d061a13f01545199b169a8e961575dc4e8f8296792ef4c98732492f2843030,2590fb916cd5bcbd4856e4f6f9e1d1a2,35f80fefe442cdbd8fcaaaa24d20e7fd,54,46
4268,46573,1715481405.678003,31,46575,3684,7.946185,a58f21a76a65812dff47677d658972aff282240a5aa540ad1cca0d55ee580036,837787f22ebd67c2e089596a7ad04230,7d3494d0f66da71fdefc6b48af6b9add,177,243
4269,46585,1715481710.355285,21,46587,4612,7.959196,f20ff5de9f7f5391733e81736566a0baa16f229c2befc05a24e960f669637ff8,de2cfdd44c31a2c59ab79cc112d63981,67718e2efd3179e04b602f59c2868bd3,92,100
4270,46599,1715482063.747397,15,46601,3505,7.94655,19dc499cd6e9ebb1e736bd110b17362fd2ffc37ebc694ab5c22bd0e0b41937aa,7a3389a576390732598db99244eb9357,dcb910501c3d34baf95a442aa4aabf7a,214,178
4271,46611,1715482114.260761,29,46613,5681,7.963417,0f6f63229839880e0e594e41a5e2e63954e1e08e4b1f5805c715272609638532,fad6f46b7d93ad9a511dd0711df1812e,89e16184bb4bf6a93b6e90828a641fdc,143,21
4272,46623,1715482329.637548,40,46625,5308,7.967005,08cc2050b83dd1bbfe2ba5cc58da11b41d1d108639b16c6d26f2327a725b2b62,2e938a90af445d3bb19ac335959d52f1,aa2c1331f7ae67eefa382dba75b37c95,218,204
4273,46635,1715482386.431395,8,46637,2446,7.922989,19ca8c82b8cb48abd4915922baad4bbf07f075f09e37e2d0332aa574761d87a6,e7f533e36b2381e6d3081af48f5eef94,534bcf0eae15810484a48595a52b4d72,208,14
4274,46645,1715482393.383236,27,46647,4700,7.95352,48e653a3a7a1131352377c48d28fca9c95ee011ba9b1b3edae01de8f645af859,6ad02be903714b187cc43cccb59e65ca,d907594aad93d7d2de02f7edac519627,70,148
4275,46659,1715482774.312471,27,46661,3102,7.93529,a2c9f8329d6bf8220ccd690480f2d3f70045ab550ec098eea6fb1748d7d9d47c,eb57c03f5c0d85ff2ceb648b1f351644,858f0e0cbf6cf6d9c048d96c867697aa,238,84
4276,46669,1715483008.922899,13,46671,2538,7.930775,c3bc84c9f8b725182cd7b9ebe04b05e26158c97b77b86413e58b2158334d889d,9473f249373a969fe014ec33ad7ffa1c,31c7537510b7ff1ed3a2e3ccba140206,215,145
4277,46679,1715483045.742835,14,46681,1815,7.902703,c658b32ed92754d40dfa36da8ee65574ddfc8f542b4751c5079b70139f89ff97,3e1756617d9e43a8b5adcd4ea39fb616,da67ccbacba45ed87113d8caf7c2854d,239,45
4278,46693,1715483919.496267,12,46695,3928,7.953348,62088f6224aa7bab622867c1d3d6359381d1d519378fd20271f69873527dac0d,d443e39041d326032954b3ff01baccbb,d278018da1c0994fab7ee82c046cfa51,33,211
4279,46704,1715484357.346006,1,46706,5684,7.965513,2c6c21fff1c5fe8c686ddcae3f081e132fcf41215d8d2fed77b6ff8ed58b651d,bd8a00a9c654a86249212b33a68d7390,f2a7bf064524b4b0f96eb09845357a6f,206,202
4280,46714,1715484524.09167,15,46716,2220,7.916645,d80986cc1d2d525dacfc103b24c698dc1cb0fbeb6aa8b1a9f1f9572fcdef3d27,51c3c3898d18e489cd797ce5e9e65ac2,1d407a188e0b57ca9ea977fcff9f3014,92,32
4281,46725,1715484650.258629,12,46727,5205,7.964589,d0981239b6c809ca315af54994b775f70d9eb88d70943e72e7be53c0c0b96f37,2243f51ed85c92a88cc69c8faa47d7de,e66ce0bd0015db100bde992a1d88ea81,15,69
4282,46735,1715484778.116899,36,46737,4031,7.954586,02ead783d5394ab630a0e61ebb3da8cf412d0458f63592d4bb434b782e5bd90a,c73d8b8e0fb782dd98c97c4c8593a670,ddcc286b8ae1f00f682315855870baaf,97,113
4283,46745,1715484881.279076,35,46747,4867,7.959169,b510b742b7381b50ae1334386ad2262c318d258cf56581515a79d8d82e73579f,f210756c8e73f93a2b13bcf6af440dff,067a7e665c679b52e2214f2077780596,199,97
4284,46755,1715485053.461945,27,46757,5445,7.962885,4d765fbd57588563edb2336d68090174b363deba55cd9bacef819210d169ba1b,43d85440669412fae0d4734008662a1a,00f1d5ebbfced6eba5465cd29966df7a,91,255
4285,46765,1715485157.450218,14,46767,1817,7.916524,b05dd42b54cebbc90aa891bbe9cf7470b00d52d7ff5aea8e88b513c1f0e2f89c,35f433c86fb6186271404e83baa12b3b,52df13d9c104d9dc173647b7fca9e1da,152,16
4286,46776,1715485350.327249,16,46778,2060,7.91678,b9b2b0aec221691ef1b8210d4abfd891b1d0182af63f8d4e90e4a9076a5b7efe,9222342f09a52c24d45875e5b4189970,9e4577fbab6747903e076d32e540cdaf,84,74
4287,46786,1715485378.961507,9,46788,5700,7.969177,8ced3598e7979a6098fbc3c2c179fe681f25789c977b17888be4c0a7ca8e548c,a64d3503219313f83be9db7d1dc57727,9f204ee74c542aa3d3574371ceb4a557,251,167
4288,46796,1715485427.515904,26,46798,2485,7.92761,912e5afd9acd2ea217d3ccda08141bad0087c831d27f75e41a79d73647f54974,b6f0db286bad356d3cefb56f5d844ad8,14f01e613995213f238c43b2fd2b5e52,116,198
4289,46806,1715485433.313649,26,46808,3163,7.946395,15d096abd4787113942d554e4d66deab2caa099e09426d1318a1e35e24294f64,1cb2e853f190c052828480d70e3f04f9,789f9963f6ead5df0fe0661a3df4907a,84,200
4290,46816,1715485434.610474,36,46818,5667,7.965201,5c2351bd065f586373d67ec83f2ea39cb0b018691bc30b4366f9d3975934934c,946c3076899d913f21e4544a04822ce4,03ba5a445d143ff7bca3f61b15e1f94a,56,238
4291,46827,1715485598.968107,39,46829,4488,7.963739,e25c335b511daa2f487330d6f31d1d512ac5b98ce3963a96f4f911f97da3adc7,30faf50b0d50e5d9f555d5398da82674,bb632cc6a112481ee29f341b125168e5,29,53
4292,46839,1715485879.475975,7,46841,2754,7.929626,3deac7ed0155cbfe3806fa728e8419391d7e34be2bf9388aef9e4286c36db5ac,26b3cc798078e294d4e28a2d903cc19e,5afd4971669ad4bc5e0c61e5efb590e6,135,201
4293,46849,1715486003.693065,24,46851,2505,7.928266,e525287dc0830e8f8cc1db36f3d4bbdd28fafe326ee198f63f1cc59e7a68f963,3456e9804e903049a68e70b54835a359,6e3357c0d9d3e5c7b5fd19e4f2519b21,17,121
4294,46859,1715486014.393077,22,46861,3364,7.951939,462d5cf5f8308d70e17fd2fac9d57b7f766fa82011e7a357b1ba7831077e04cb,406322bc68224de2b7414647d8ace65b,bc930eefb0f51c13b81f8e498870a689,73,89
4295,46871,1715486401.603644,4,46873,1474,7.861419,f9d418a0bf54ea5abf0cd43f8469b039e1b6b11108d2e81665a507d0c879b042,3fe9fd39e48f8bfd2df66b1bdb35d104,4c208889ca6af25e6c220dd95bcb3953,104,118
4296,46881,1715486531.6459,34,46883,1817,7.89973,44ddeffe07f8116948eccadf1a67644fa40a457f208b0919b13564492f90f313,59315f3913e23b4e6d0adaf7569d9b85,27dbeaf5d8310841346992132fd56dac,47,217
4297,46891,1715486636.968734,26,46893,3470,7.948338,f78d991f1fdd50e5662b36ef8886e0a9a75ba657ad96eafe3806ef14a0f88c0b,d8803fe28afe4fe62f28a56b9ea139bb,114f2ea83b0fa695322cef941f85dcac,82,240
4298,46901,1715486690.361651,9,46903,3704,7.947147,215af13a7a8cb913002146d3e3b189975e4cada0992e76dc7412ad9a00c6b382,1a5cdaab565f359003e6bde7582f58b0,ce99951e42667523df30f4f35d0d6b13,243,57
4299,46911,1715487180.556539,18,46913,5701,7.964816,7c31ba9bcc2bd5391835900569552dd2ebfaa751ae4d3633adcb4aefb7764f18,4c2b3bc7769b10bea1a720fa7c0a0813,700ad5be8dc21efd089da6b56f2b1d5f,167,101
4300,46921,1715487204.397059,30,46923,2132,7.921628,c3b37e3932ca00200a8d6f0b5ecd71789e293ec57af734632bbeb23f59ae598a,745cdc8b7927cdde1d5dfa98871f5716,8283440e503331cd7517eb0372e909aa,237,95
4301,46931,1715487205.688252,39,46933,4384,7.954192,f67707ed2af9ff382669c7fb2f5f2cbd9b1b724da966f940130e24604f2baa23,d11f8d11362043a2d95bd84b579abcd8,3a23ce5cffb36d00a4f58378224468a7,228,188
4302,46941,1715487372.47215,4,46943,3075,7.937426,7ac72fdf3d0b75e432b52d928d8c99929415d8febfc9aa90397bd9426787c9f5,d618f7f7072f9b78a7989925f30daadd,532ab9c86cf4eaf69b12c9f02b29d664,3,169
4303,46951,1715487657.851905,34,46953,5752,7.966917,dea6941fa79b2051cfa7bf99561bf05168940448f16dda09b09515026913f77a,8b8572d4e5babe63c7bbe770c9b0b166,6d9bc6aed547ce2c7f9f651d346c520d,95,165
4304,46961,1715488103.879436,38,46963,3765,7.956216,60331a0862a5b614aa2a5fea5e3831dec8929befafe4ff9f133f1109d16f07b6,764fd5ab491990ea4b19fff2dbbdc50b,f929d2c1554aded8c5c16fafa9c5b2e0,229,221
4305,46971,1715488177.691971,3,46973,4195,7.957254,f98f9ab168a913f015b6891dff3d799538857a680769ee937fed809689da3b71,2bd414b433867b67433679a8eeca8e9c,cb8954260f3021b3b2ff9d659685e78f,70,222
4306,46981,1715488340.057599,21,46983,2848,7.934133,89643327893b4e2db1b0afb2847eb3842308ad29ada16ab8cc3de8cd9af8233d,7101a5fa729213da2827db4f8639dde6,4878cffa9de4f19a1f49003200eb8310,145,203
4307,46991,1715488434.623713,19,46993,4757,7.959109,11810a1e30051e0dc838822792aa5f9b7d9d8cd542e0c3bae450cdab1afedeea,ac72e914b28c7820f7dc263f4de53769,40029a9cee69b105e5944dd96f5e232a,22,162
4308,47001,1715488461.197278,14,47003,2723,7.945857,212f26fc051dc2055aca67660839059f3ccf5385e57ea4e91cb84ab1f8145cc5,45a4399089a62c1b49ce0ff5b06030d7,7a6693fbddd05c6f157cbc71be1718f3,219,23
4309,47013,1715488650.624637,30,47015,3835,7.951171,c39bd8b51cfcf9edd480c3dc79cddf23ffec97e18bbc4e7f1dbf2b1f938ad000,963b191736f549f4f20b85946edc96c4,bc9b8298bca3ee3ae11b00df9676fcdd,230,70
4310,47023,1715488958.877578,34,47025,3599,7.945346,db959bdd24077c0f887346d085e5a95b3b0cef55722db039024f67c03995f4cb,fdbdefd00e8b5f1565e47761111af22c,e05334d20081ab9c5c8d6443d86f1d69,35,35
4311,47035,1715489174.073784,31,47037,5536,7.96041,c750c3956f646b45c8cff06c168396018cb3717e92eb2fa7a9683480a6473546,20e1d480c94fc669888122ad189dcee3,1baf1ccb1b1e743c88af0ac60f2d058f,169,149
4312,47045,1715489278.563165,37,47047,2755,7.947475,99ec0aff20e3572e2cc153221bceef404cf448ea157efd349782ef530d62bd1e,0eb2417f141d71d6f8f2d66f2af3edfa,3e56939a11d1e236a61a958082ce512b,247,111
4313,47055,1715489286.978286,30,47057,4332,7.956213,0eb65c91cdd3eacf46885234a9d4bce6d481a8ca599d23ada84c9aa034ec8cff,e4cff4c4a8049f6f9dc3aee7d472766a,6432eb21ce749361ab47b2bd9a891e7f,76,8
4314,47065,1715489517.137675,19,47067,5436,7.968077,e9b86ede671235743d6b089c4e33e8ab37ad23571da31d9bacbc7b5c313d24a2,498ef247018bcf090383b09de595f9ce,6b6442b4cc31002f2963b0197dbcf38f,208,178
4315,47077,1715489816.889147,28,47079,3415,7.934397,4426e7fc86d553134bfe7f3a1114f8d9ad0b4db9c321d86a89c40cec9f9f84d1,563df6540ff93fb5da415844601df5cd,abac5f0463f0ab2326b5779ba3462e43,108,62
4316,47087,1715489821.704204,33,47089,4375,7.960681,d25a79572248a1f95e392337d43bcec2618f9c45b7409bc4e3def0b4c8340cc4,7434602ebd66acf4e7811d6bf4b02291,2eff5a061ce29352ae82eebb2c01e2d1,163,105
4317,47097,1715489823.695784,5,47099,3544,7.941066,f4a6fa4b5b723e4b7b078ad968f3a581b1eba235942d7659a56da3f2a63406bc,b59abb636aff9b7b58cdf2c9e0f03189,629f4d6f24873a2b94268f0b6357640c,255,247
4318,47107,1715489959.591838,1,47109,2768,7.918088,705ec5ca67cb9657b52b8f954b6fe22990d605c750a3f8d40f56b2fe74d0de3f,aa4a56019923a075e659944b89a4c74f,baaec7274f3b3624e7ed8ea5e0475610,80,108
4319,47117,1715490294.297023,40,47119,3227,7.940084,d41d76bc2cb73df2d5cee74baade1af82138a516fbde54e24d3d80fd870cc377,af427a5e14d8e78c71203de38869528c,1e63c692f976d939418e3a3406b08186,210,86
4320,47129,1715490777.278737,12,47131,3284,7.938663,84ddcd51eb0703038511c10c64c5f140f024ed44999ea105f9da00d28468c27c,0abd4fac10de2166e2b67e534c32628e,483228373fc537eb589763439c6ab75f,202,168
4321,47139,1715490842.02028,35,47141,4792,7.961514,96570542db3b42108ef9352f02052d2a3d1417cbfe0999322fa3d5243bd3be8f,cd5b48ecfdd85a64bb6da09dc0163c12,4da8d7cd0728c681c05a076715983e1f,247,175
4322,47149,1715490879.773375,8,47151,1345,7.848989,cb9ffefe7437e2fdc4c08d003a40ced82a14938551551e016e97404fe2ca8600,d68a9a6e289e2f7b25cc925fd5ee9004,667d1deca4b77240fab8238f9c5f6c09,197,81
4323,47159,1715490912.679757,13,47161,3184,7.939047,dce1fac680ad8695907e03df4ae4574d9317965689dd8006e31b27f7239859a8,af7e6b6e29bafc822cb3a68dd67ad730,fa21f17c7c533a2d8771b500a9582229,248,148
4324,47169,1715490950.4577,36,47171,4267,7.955842,1a192c994e9aaf39b64ae25aba45797e09eb4eda9609eaf858a1f5f524c868fc,c3df42dc884b7770d6386d568de0bb8c,3f7ff163a68071a090367613fcec3bcb,61,81
4325,47179,1715490974.784477,28,47181,4954,7.960451,cc18770f3a28788da40049df4a7e7a8778700c28dcd935e9559a0d4a9dfb3abc,a1650442712d25b56ff121629d78e877,8f22379b485385a5c464eda1b987704d,24,132
4326,47190,1715491169.802469,3,47192,4701,7.963976,2d4f2d16ac32c51cb5eed971b696f4a81c1c5848e5f529379cb821e2954fc44f,9dbbe214072b9d039579d7a0a73f68a1,d6a3b155f93ca36335113d94ab76b22c,73,243
4327,47204,1715491401.631724,10,47206,2624,7.941505,a3ef6cc7bf73c76b3da5bc3f5c546d649543931a11c8123326beecaf3de0cd7d,0fffff3ec78d983d85a4fc5bbe912750,aaad63f3c1e27d7896b142efac7800e4,177,41
4328,47214,1715491525.0679,11,47216,2099,7.904263,0a56a2280e792ef5926e2c8ea471087e16cf55f5d0696bb7134c132d997d8451,2f19b5f24cec35bbcd18d4ce94133962,7304bf1f62875ed51e89e7682d4bbf98,239,167
4329,47224,1715491584.05037,16,47226,4852,7.955924,f3201327452373a59d4d3668031d1c5582bfba9192c71377f467f8a505dbe4a2,5187c74c6de1c1c8b704a77e53001956,a3bc2fb65168a275c14a8aa0746f9622,218,226
4330,47234,1715491623.145349,1,47236,1398,7.853811,07416e48b5302c74e585f67841e8786a1c4e795cf468800d83fe7eb6e45019b2,b9930d586daa6d2834177a1ea21b78f7,bf93847bcb46d8b2c63cfb8b058efc33,158,70
4331,47244,1715491768.983939,14,47246,5071,7.964658,83096e388f6557e7d262c2cf27b858340aec2f7852d8fe9f6c2393890454a9df,7df60162be70245f1c4216c376243458,418d9e7bebe7da16ce94ddd077ce6589,52,182
4332,47254,1715491899.629997,2,47256,1679,7.894952,84d74a27987302d509bada5a29637fb8ba5d65ce3aa941abad48aea71517a38f,fc959848eaa9f97ed2c40e032ce84af8,7df64fadaca6531b14d78c78ca67a8b2,208,144
4333,47264,1715491901.438208,13,47266,5579,7.968556,0bc0d4efea6f91a3eaffcfd98a7eefa3bc5c14cd8e4a7bebfdb7edd1d983da7f,2dddf93ee042a26b9da3a33bc2a96df3,1457747197b15cd7798e82d24b8eb8a4,181,179
4334,47276,1715492034.774252,32,47278,4577,7.955361,f72ccd9ce37b287552b4a9e8dde74ab89d2577da1c7f569dd6fb87aeee4daee1,7375b812edab8da75f207f324f971bc8,8cdc489d05e4038c933a23a0d90b1db7,13,225
4335,47286,1715492072.717457,25,47288,1790,7.887055,76bef86465791b87e168842ce5afb5c5b6dc64981e964a861a107df79add8f10,14f209f5552e9b79e091e38652e339f7,69f563674383a372e6c07bb117e25afe,8,204
4336,47296,1715492089.57384,7,47298,4593,7.955958,c2b424b1966a3142faa85f5ef5db57a0af444fa2c1c630aec778ead369138ddc,b91c4198ec5018ae6c47ecff11f40fcc,d434fc2a4ce89848a4745f052fcf8c7a,99,169
4337,47308,1715492262.306987,6,47310,5199,7.966216,aa2a4d2d6969f1c5cf2a270305f21fdbe136a2b7d0200f9d92161e67284e5d2c,597715b62741f87d0798820400c177c7,0fe8d4f96c6a4968e6f4909a3ccd7773,11,175
4338,47320,1715492631.850811,1,47322,3971,7.95313,799e2707ad393c7c6bdd1c7bfd1e15dc30f713ca2eaf70efd88ee36855500454,c8536d4afabd7d66d5aec4757f5c5b63,86a3d0d936731a647a4055269b3fe334,84,154
4339,47330,1715492633.453631,19,47332,5080,7.961328,5222f454e207c98c32f34e7235ec290b76435ca7a72b8eee0c1ffdb15df48df4,fda34465b78d1f1a9af86770fadc7a57,bd5ba031b77cb006150f01c2975ef57a,179,115
4340,47340,1715492706.931891,11,47342,1362,7.868578,7b736a7e4f5fb8341984c4b809a43ce9b8522bd6d2ef29fe5e60bd71b92f881a,5b85731c7ea0d593e3a0a10b855ab32e,5e0820e363aa63d8173aa25e6b59de6e,154,78
4341,47350,1715492944.299942,26,47352,2970,7.936884,5ffd35867d31620f5324bf4c1cb6b97778e5fd7eeb6942ac7079761053ac580c,8f60204e36813fb661c911e14db8c3b5,572c59e30d5114399bfff94bb2048a95,155,199
4342,47360,1715492946.225963,27,47362,3031,7.941845,c213b7a6dcd47820ba1f5e5eed5dcf0a4e018e31a3e7f7c9ae58fec45377cb2f,aa5cf58b3b1a0daf1e428f97431cdde3,e0d51240b3fba3332bed9712a7467cc9,46,30
4343,47370,1715493489.782375,2,47372,4661,7.965543,24f089825872df839f3d9aa633bd6895c9f07c62d8db8c0986df89934743389c,ae7e7f2db968078ba9fbe65810c263f9,376012a9c965fbcb2b9e594d22bf2997,189,151
4344,47382,1715493828.628572,39,47384,3217,7.941055,a0e967fdda4dbeb772460c438b9972a0dd9afaef5c69af1553f5e19dfb5521ad,f5b7b9015a222b3b64a2c3fab18def88,512d461c971f4e22602554178ddf5742,9,131
4345,47392,1715493886.736052,20,47394,4082,7.952665,cfd953bba499b86b3c5e8c314659afd264a1b6ce634e5f147b7cf5fd43019f71,b28e31a53e04c461172491c3113443e0,921620bdb786a45435faa30d2a581716,63,121
4346,47403,1715494119.694283,32,47405,4409,7.953319,3e6198bdb3ede428c8b095e184cc278bc060d2b6dea2582c4d1b5225db786ead,dfbd2b8cbefa03923e0d9581f08d0d85,eb2a75a2774dc3190730f99cc42c570c,0,146
4347,47413,1715494210.057247,6,47415,3780,7.95592,4518a6ce53d12922eb3d49ad1f6a332b34bc9c9d5cced13ee8d4ab142e03998a,d90314c7519e3c7fb006f8583750ca8c,1bc938fa6e7ed21c95e77465c04f77a2,74,160
4348,47427,1715494411.515291,27,47429,4932,7.967289,a6610039f167c3669e118e1cf7287ac79a4c6f85e1155166aa3b1ac987aad710,d9ec63011176464d177d62a8cadee410,233a8ee262f5a16845c1a2a931f6b742,229,85
4349,47442,1715495053.006199,7,47444,3368,7.94772,0f47e31282b2bb721154140ca0f0d479239deeb842dbb71f22f537531f62cc31,f389e31d29cb44386cc8d8ab54da5bd7,f3e58b5ffa685c51efba9d19ae931457,114,128
4350,47452,1715495289.711538,13,47454,3502,7.949427,43b8d7d7e29431485399c02a1dd945208e3a69ac6047f4d43e54b5fd8114116c,c3c98bebe8d82ee54192ac0e6e6bdb0e,96e3108ba5354b74bcf039a047b81f77,14,222
4351,47463,1715495604.806456,15,47465,5452,7.964456,8995abb1e80d41591190018a191b11751bf755de32e7b6c799a686a4eb0b7bfd,75c3f00f76a2bb5f70f7de562d9cbea1,f2ade10d0ed2c674748ce526070032bf,63,165
4352,47476,1715495917.037663,5,47478,3203,7.94445,5f419ce3fdececf44c59ae38c0b78241efc07aef5ed4ea46fd120233d053ad5b,897fe1bbe05e1b12cab6770b286d3a79,51a3de7e4c2701fc41ed4eb71e7a51da,27,99
4353,47486,1715495965.901711,33,47488,5166,7.965072,f5d73560a876c5911a56a9805e5fcc3793e814e6dc81fc5bf338dcfbe7c86d2c,e44405b2325e4f2c6947a73018c951bf,5ea0c29f76de9fc82e0f301df4442ebd,49,207
4354,47496,1715496081.706143,19,47498,5044,7.96326,12a09e493c185da3af8698721301f69eb192d0175c5c3525521fe9bd3606d752,5c44c7e9b0f494d17f118ca43e9bc7f0,01251f28af10830471dd73dffbecd06f,46,76
4355,47506,1715496161.574641,39,47508,2099,7.898634,162907d00f4955624353669b4dbe78e20eb4bf7dfdadfc35b5ca25288519fb32,5618681abc6392434160b7501775e511,cc0a4f427acc12082558d43b5aebf590,83,91
4356,47516,1715496229.658869,24,47518,1966,7.910756,13603ca8c2e05fa8522c37151d980c1d998f210331ecd8ec1d1b09071514ea9f,2a4fb541eeba5216e294a277a6309027,823ad86a0a4f3817382c6d2e07eb1458,225,249
4357,47526,1715496239.159633,27,47528,5196,7.96552,97f1ad6106d0c5791a0da95e162c5a3070b9cafd5593eb6d4214d09d80cad8ad,d879b00bb77f9ae234aaa701b7069d56,e2db671f7a3ee623b7aae99d3cfc7f5a,230,84
4358,47536,1715496309.509366,16,47538,1531,7.872162,03c0038d99691f7361312762f54fe3101a3811711e209fcf4f393c2aabfdd6cf,218dcc47809f93d95e5f28ebeec17857,bdba2c09858f7bf096bc5b1edf178ffc,65,113
4359,47546,1715496341.54615,1,47548,3916,7.956511,04a3acad7a82c9a04a69c8440cb360979ca5090a0ccfaa6e066beb298c803db3,fa443abee9fb48fa7c81e7e15a946275,b338699e2c69cca5c0a1cc0f17771004,129,247
4360,47559,1715496488.861391,39,47563,5263,7.960735,bebd593afd9a1989331290c11e8129758eaefbaec2a162dfdfaa83831379aa9b,fb2d360be8521105152554c90d3f34ab,1bf051090b83a29506942dbba0838c61,6,148
4361,47561,1715496488.885674,12,47565,1849,7.891727,6a33c7608b9f856a255b7e770f0a6746cff57b758fae64a4d53d266577dc0f67,a93d00aafa927eee8e960b9b5f2fef49,d821416c52a0737610809af22ce55f18,6,14
4362,47578,1715496806.375795,30,47580,3643,7.943391,1234a59b168e9219778f34403bc26b6f7f5a5126cc9c6a47f579c5fa634a0163,47350d94fd376be3b06c365003da9783,0a9c2b00ed49939ebcf73eab0a172732,126,6
4363,47588,1715496913.242877,40,47590,5275,7.960178,fc496924fab044ba14b8d475c043bef7a77b88aef26ceceea5291396d33cc9eb,4f37c2fe6163d63ca500825fae9c7660,f0a0602a09e6a8d27a13e873a1ea8b89,195,131
4364,47598,1715497039.918044,11,47600,5346,7.962753,04ea2a803124f7f049efa85868fcdacdbf3e7a595ea8d1e059b4030eb115f8f3,5d914ad6dc1da81b9470ed09486d500a,e0797914f6d375c4464d5ce1bbde96e7,49,147
4365,47608,1715497173.2054,28,47610,1418,7.867031,f26e810ea29bab97718867f15cce9140ce17c261d415905903e3ac020544b4b9,7067b851e36923c4de7a6910ca71eabe,f1a6dc0826da0bce01b2ce190bf02cfc,125,151
4366,47618,1715497234.704164,32,47620,4079,7.956354,951b038a2b4f97640a49abfe639a385510387ca84850575cbdd2f4623ba4794d,49db3b9435e2686792a561fc7f0b7f9b,1b8b95c45dc0c3b0699b683e655bc9dc,69,65
4367,47628,1715497265.877059,10,47630,2985,7.931161,b06356d89caef652ce2908ef975d0a50c8a18c39d84df7695b8b7ba61b24fe05,a19ffae02b44447e0cf795bf382fb098,199c9ff179f619d31457afcb3287c22c,154,22
4368,47638,1715497307.554393,17,47640,5071,7.962427,c215e20bfbafeb6b240d80f9b988bd84e523e2278b2e334fc8de34a266714d76,f9348925c2bb1d649517e14ebf2f27ca,76d58e0d2a0f8aa263adb716da74bb1c,8,142
4369,47648,1715497328.470365,25,47650,4547,7.959078,6ff98d293192f2245fb2fcdb00aa6b3f72815c136840ec84c4db3136f1fff3d7,bc4f5b01f605e65de9486854e2b578b0,3865ec7081466afa1cede5513683978f,153,141
4370,47658,1715497497.175193,12,47660,4731,7.963205,34d64aec01b212cf01dea81636e143937202ff51006abcf7c892635bcb5e7715,3ecd8a88fcf3b0ce76e886d3cf0f457c,47de558fcc4017f2752ed6ef1c68b269,109,121
4371,47669,1715497675.136586,6,47671,1832,7.881967,30f17604c289b56b3a85af91463e4cfc7422115cde3396d879252029b2c613fb,e482b76a0cab9743660c75479dad5224,dd2f5420005d8145b1834c0552d9d15b,133,153
4372,47681,1715498109.094568,11,47683,4877,7.969408,3a558e32052e5b0d2b0af266aaf3c6797ac0fd7960fc57a3cdb570429d683712,7b762033c3ac063b37aae5f22bd9694b,731390035f734385b6dcdb4f829d33e3,11,53
4373,47691,1715498346.255983,26,47693,5596,7.969962,6fde39c6ccd1fdbbaa30a798b9c5f2339025d97b29723f5437f0c09f7641d25c,c65f4acd2ee7065df647ddba791a9da2,e2d6a14fee00496e0d1dcc918f86839f,193,39
4374,47701,1715498380.794059,26,47703,2765,7.93272,99122e1358c1b91ca91c7bbd1c05c65302c4ddea813f9fc1a663b8af1f88ebb6,9f5047c0a1abdb5cf85657d1fc2ad65c,73b14f0fd8d195657ded160120ecc078,6,240
4375,47713,1715498674.034663,31,47715,1897,7.900526,d8ebb8ba43dfbe4aa5e0f8dcff745db89f68998f3b7428488bb4667bb116dc7a,ff355be2c42f8c0145c36fa2aced1f35,0a17a22e560e51752927453813087769,208,32
4376,47723,1715498774.755076,38,47725,4026,7.952771,f1a2bec05d9d27541b54a2998a371d2c40d5d6e895bc666eef94a9ff7fd56792,1bb077e4114d0b75f9ea6f1872540baa,1da44229d799926158a976af6fe7b3ee,237,125
4377,47733,1715499243.259884,3,47735,2275,7.913924,2c4df7e2f6110299af0adc0775ff359f392e7d7b32804076fd26d01557d1b7a5,1367212d6e9baede039bfc91babce568,28f83bc603e2ed517c067fd9037190e5,138,96
4378,47744,1715499367.23675,26,47746,2230,7.918693,6f409d0957bcd2ef040e249fdb1a3449df2451eb0c418442cbfad482986078ab,a5dcf68b05c823393137c1562254eeb1,dadc0fb7c50db1a2fe9bba5cd60d937f,11,137
4379,47754,1715499442.715003,23,47756,5661,7.96686,1730ec2c13a8ec5c6ec8d8b7c6879e1b6676d54d8b8902964a6028f4ae6acd07,8217274edb090c6e33e2233ca4c188a7,efdb74f59d8a02c779c459d62b0bebe8,141,195
4380,47764,1715499613.22428,19,47766,2101,7.900473,d508761a2c48e8f807a3317cc041796a3f844be2eeab2773ad9690328cbdaef5,47888791ac03a8180ac2908284fde830,758982b6c67fc23c5111d8a463ea8c1b,118,44
4381,47774,1715499631.059323,17,47776,4592,7.962347,5c2dbb104a9562d657236f5705b295a32cf2d75aef2cbffd048a964e78b5755c,7e44f3b5332d88f464a86182c0dc23aa,305ace0cbcf650ee0aa79903288c6813,214,220
4382,47784,1715499713.254589,5,47786,5624,7.970526,cf7bf870f7a7b763e0f56ca8bc8dd2fa0b00e97ad2071333e8419194a225327a,8a779f742353c17b29ba603ecf5d3d57,bb773b4cac3238cd1697fc50bf37601c,24,170
4383,47798,1715499995.819516,3,47800,2861,7.93832,381cfbb0fb31f1725dcbba78b06f6ce95e708f32d09ef8542b05da369c6ac65c,b30f5ac3d238f58ff768565b56a83443,9d8c42b00d8ec3296cfdefc30cdbaf16,124,48
4384,47810,1715500416.532242,28,47812,1536,7.871179,1f76835603fab232bfa9bdc8c3b0361bcfe2d606548df6f2f771a374ff355b04,b9b1ba2937ab8cc0d4e3b0ffb5f301f3,9e2221aec0c0bc0b68dbb9d40c7a8949,54,56
4385,47820,1715500536.078143,4,47822,1880,7.912451,5fd3f1ba8f4858b6998e16119425ff98b54984810e7e7c0f49ed7770ebb389aa,78c6f02c71935d4caac6129b2d197398,0d4c79a3eecdc4edbfaeed63d2ff5e11,7,195
4386,47832,1715500576.270329,21,47834,5467,7.967793,7ecd62be9896e17ada3e440f35f3c58e92ab2234419fee362ac1e63a3ca0b331,fb7e15771a930301b9e7371533657388,e20bf17f781bc1859ba87583cbac3b05,119,235
4387,47842,1715500738.084641,34,47844,2458,7.923367,435592cba90bf1e1e80a488e8128eef8676d4ed601cf27ab9dcc1df5c7763f18,7113880bb03a113d448d8a84acb08b4d,1b6d18379b1868208c814563a3c126fd,21,179
4388,47852,1715500752.943153,9,47854,3771,7.951624,489ec741a68cb4320c2971ba03a7b29cd16e963e4c0c53e4488fb2a8c094ba08,1162c68e87fa4bdf972fbbd9e6ab4190,d89092085f3d2069a9dbcd9f4139059c,169,203
4389,47862,1715500768.805952,16,47864,3847,7.941547,5303988eb396dd71d69f86ef4068dce77887f89d99f6390b405b3c9ea6027361,ac1535807a00c6af0276fc4d9830e4d1,73727081ce9dfb7dbda1ca2e71d103de,56,126
4390,47872,1715501051.959188,28,47874,1209,7.844812,cc531305557adeead8bd6fc341d786ea2327f3ab6aa49cbd83eb77d9e5af1a08,71068a6850a60c2013dc8a268278003d,40a37ac8682561918845a25d5e4c530c,144,8
4391,47882,1715501952.595127,15,47884,5365,7.967167,2b8ffcaaae8dbe77059ce81ed5bdd186e866f940d0eba1f1b4ad6d7ef28e5dd7,b6e9a43e14d11a1b66f81b4fdf89c7b1,231885eae8fb00864d70907e719a0a23,166,90
4392,47893,1715502282.887301,11,47895,5488,7.968272,f779d694e55adb271d661764db2d6d72084a9df3d9a0bb143c3b842cde93d3c8,30476680c21ba97c8216a4728c696d1d,fec672c53a115c68663a54b8bbfce95f,71,249
4393,47903,1715502398.296851,1,47905,2280,7.919962,e55ac276100e3fd653027dbfbf3a54c06d1587406039ab821bc81ac3c0e2f32d,2f22110c185f5c69e86d3ec322ca38b8,d2122a46a5baff2726dd65c3b875bd9f,225,125
4394,47913,1715502402.355728,21,47915,4790,7.961942,7e27d3a175f4a025765b11e229a2353178e2578e49b25371512bffaabc337151,b3f0c5b3f624ae046fe4f3beab7b145b,a6a108ed61935bfdd6ba8a11d956c7b6,2,124
4395,47925,1715503221.787639,6,47927,2192,7.91519,02da9082a021a7c0186aa32a6852fa39d1c391de75554c9d6068991946e9ada5,5613625fe142055c23227303eb5b7ff1,17bd81b6a9d5fbe5e45f505dd4d9b5f0,73,21
4396,47939,1715503525.297632,21,47941,3702,7.951481,c71ae178346fe950ebdb87b2f80fca055d6c38728cd97705b657fdb7ba9d1eb5,56312a2267777b655f61f322d04993f1,f4c4488baf691030c6562eebd6a5997d,254,42
4397,47949,1715503532.430377,33,47951,3889,7.951264,795fec5320c8225ba37ecb2895962407889c67f11ca314c2c5f181f55a6de8da,681d6e20413559600fc2a888486e96a4,e7898c894a0feb2b851b7ab6e0fdeabd,85,229
4398,47959,1715503566.584037,22,47961,3863,7.959569,2b13c88db9e1a1c6e9238fdd71b951158fc46d77e6106b81bba8418870688dc1,e82c64c4596a781f9d16d85eec98b588,c871610b2a05f8874c14a2bc67274fd1,76,112
4399,47969,1715503799.245511,16,47971,4478,7.955872,86cd6da33f8fae398dc5f7f95cc1a4ad2aa22405377b462afd2e4af23ecc5f4c,e900a91dc48935ef4b11caa12a0e2561,ee5806942df58c815f3fec91fbc57fa0,199,153
4400,47979,1715504421.356047,36,47981,1355,7.868207,f804d7f0be97bef52babec3b63b1c326d056cbb21fecd5510bb0a028b7f7f5eb,35e05064203a9ce1707fc450b7132f35,f7958a9562fc95eeabaa05c2aa77a6d5,19,251
4401,47989,1715504504.390672,22,47991,5312,7.964407,fb4ffe984cd041d46bbf4a91071692355cf74cf6f49ec46cf678578430948e53,8f9aedf79810216bbf9a413353b2c7f5,248ebf2f8448f46bf8dcac80dc45b24e,250,92
4402,47999,1715504560.5494,35,48001,1899,7.892974,b06dcc93c120e970cb556107fc4256ce9fff6625fa19560ade726fa714994f25,fdecdd906b8b171c72b4cf20aab19e68,434432d3e6d4bc2e299e43d1c8b04c1c,107,161
4403,48009,1715504679.501939,3,48011,4241,7.958651,73c85cb7b57325d4150716338243be8a3edfa4117161a688d56b45faaab7a598,3e61cf0cf0d2065a12fafd6dbc7e1f8a,41c524434e78d42ace88fcd636feb0ee,49,29
4404,48019,1715504762.49508,28,48021,3909,7.955168,329354ee7f329f8abb6a7d71eb162dd164fdc2d1de63302df5ba922ca7df9f58,2dfcf03429bb2ca492e63e2e32df082e,6467dee5479909fde42e51dd1d96af57,193,161
4405,48029,1715505288.869963,21,48031,2240,7.919357,3b5effd1989878326f3c8fffb2823419384d747f2ff826a7dca39c17d8f830ec,6f8c8cb991857f163235e06e37b8f456,daf06eb1f4bbdccd0c4603143d024ddf,126,4
4406,48041,1715505591.635015,23,48043,1427,7.893382,45d4ced5b3a9e4d1287a5ea28229ea30b8f1ee0814b63b20dbd9a335dbff8da5,0fb7023573503fff37d43715bcc441ae,c2d52f5206ec583d44a3f68dbd60efd5,156,124
4407,48053,1715506023.43036,36,48055,5150,7.959437,847d2cc4870799ad79055056a98a58b42b7b285026eb2651d50961fc94fc022e,13ae7a31f8588728e6d9841548bc839a,721dc1492aae05584afcf46e30ec7575,25,3
4408,48063,1715506135.709003,14,48065,3208,7.943848,d3dcec95e22c934348bffdde0d9e25f42953f5fca08c33060387bde1338d7f48,749b3935d92f1159dfd52d453f196479,c6b8a7a371118499fd84b10b54a87743,192,156
4409,48075,1715506249.879616,7,48077,5492,7.966324,9cd4e9f8dbe38890251bd12f0a96eb6b784aba97d7962ad392523c549821acd1,cf894b77b933aef80e329fa31e1c7e9a,d69ef9627041c6542b530d1109c237e0,84,14
4410,48085,1715506362.289657,11,48087,2171,7.923566,fb33472b1d4751ba177327a5dff7fa98050fa431b9fe2186514d3f9f53332ac3,edfd5a3b440e4b5ed2d535276bc0e84a,fe991ce9ef6837b4cf8d79c5a8ef7c80,181,191
4411,48097,1715506751.450712,10,48099,2754,7.934292,ea179b14d36aed98e5abd447320c6c8e5841580316de5e2bd0ff5eb9822f4806,7c9b45be0aee545dc53111389650f1e2,866ca566eb26d0b4986433db9787eab0,188,134
4412,48107,1715506825.919594,26,48109,3084,7.945223,4183381023ba874ab7cef99fed6facc813b29dadcd69c07ea4ea4abba080bff3,4c5ddab44b318ac624b1bdf896a06512,0179cf441ec1debf3898735531133876,147,7
4413,48119,1715507141.078413,23,48121,4488,7.956595,e4f1fe6a4fb52e0fb794aaa04c7957f707190234a0220fc495aa2933ec081e0e,81d3992a9d6520207519d9d6a95929bd,a953f480e94e087e5e6299891118b99c,217,205
4414,48129,1715507588.851315,34,48131,3584,7.949246,70559cbc4ddd0ab9941d7c12f2695e985f9e657f02908c2d7142c772b949126f,8470284454adf862e5d666bbe1f0485b,2acbb931f05333f3d4967737c7ba2557,169,71
4415,48139,1715507590.681933,14,48141,5415,7.964483,9ec5d814115d11f3db1514c573643d250ab50bcd8cb28cf2b116229baac1333a,2460a09eecc06b169f5e149e2fe39102,b657f8851c780a9d6301fb1d275c7e2b,11,191
4416,48149,1715507632.463763,28,48151,3883,7.948424,ef4a4ce4c1a221427dd6287b8792ea0a33ce719ab2f29099b4100a9323ce3699,5d8eda15d8afe6f0d2f40385532ecf84,d4fb4bbf0717579f8fb87f30bff25835,136,4
4417,48159,1715507658.062891,33,48161,1511,7.874305,18d5726e6ce4377e0468fcdae64a57875075f873f0816b63fba07adfc07e9225,cb1e14822a1a4616e18f3959da9b53cb,635dbea9c2c94f78c010d658d49faabe,128,226
4418,48171,1715507895.038825,1,48173,3751,7.955596,891e89a9ab97ffb0ae702778c7f5487129919965155b7603841a9c457474db81,f357ba2ec202af39cd4c055867d1046b,de9d82e26b4e070eb93c0bfad5ebbd39,89,111
4419,48181,1715507916.961618,35,48183,1823,7.899655,08954bd9d303af72b23d4ddc121e1232de5cfc283a93d7bf61676d41bbb53f85,1740f3f927d3c9d39a5db9b85afde8f3,478af966d522fd28b3170ca0a5a96d77,21,255
4420,48191,1715507917.77753,21,48193,4982,7.96454,676dd8d98b50c75bdc7166677a4240d43bd4d6db0b16f3ca46092bf03523ce42,5cadfe73843b25d417e416dea9e7f7d1,033196e04b738f0e3950291c9db625a1,68,104
4421,48201,1715508356.85172,21,48203,5023,7.962923,c1c0d83c8cd55c370f26abe1397a75c21df7f33b8da25f5f7e580256cab69fec,6c630b22b16b80780c95877379a421f8,e8015b0f88e382f04089ee6ff6faefda,201,165
4422,48211,1715508434.916825,22,48213,2600,7.925056,11d5bb9d6f1d2fb595e5efb078daeb47ea96c09399e0f6a98d2ccb1828e9488f,9bff2ce220c83743876461f350a74fa9,95bae26ca6f8a68271af140b44c038e2,26,248
4423,48221,1715508442.847395,15,48223,5540,7.967752,1b89e44854d2bd135bf03c707b3189a6d02667dc871dd5b475f6dea8c5dc2347,a41456bdca11747210d549c30a5824a2,e0fbface100cf90fbbbd20e3aa54259b,226,172
4424,48231,1715508561.629906,31,48233,4684,7.956741,860b5f87310fdbc07049a852a78d9c217203ed2cb3b23e42e2f45ae2b1504989,fd520434857a5e91b3231acd3463d5d3,cf5fca90884d860b8c2d628679dedae3,101,61
4425,48241,1715508878.152403,3,48243,1332,7.869298,9ebdef26a2e8dff01ca71f5ea52e71afd34184ed571b8cef23b6364a91b1b811,e4ed42c8d6a699c385aa6bf015d315ba,7daa0a4051b3e398b53f1f06f1c9f8a6,40,72
4426,48251,1715508885.633522,20,48253,1810,7.889768,ef7579571da3f08027edd4ffed7904d3b2f6a9be2028a2e58b454a25dff60b65,e1c6b8080971045def010821defff4bd,34472241b1b087ea2413a1d208db5354,129,123
4427,48261,1715509055.694193,1,48263,2547,7.916536,665212dfe9e16b7a9e26e1e24e651906c244bf060c9ab2821edc42b4b2cea2f7,484f3a9a265518eef2667fd0bf83eaf4,dd880262685568fb6064da8ccdd63c85,0,214
4428,48271,1715509141.563818,13,48273,2598,7.935093,2df6fa6ec723bd1cf7837711efb0e42cefdff47517336707f0983da33ab28360,ddf5c69bb6090552af4649c8f2c4b29b,82e865272a731b20dbf43abd1e06c0c4,122,224
4429,48281,1715509184.952374,34,48283,4618,7.955995,73067461c0f3f0722cedd567cb7914ff3c55402e0fe1a0be6d652266ff483609,59b986c0e3c8ab1a39c5df71a7773248,2d671a44b2d8f764be15417e8a5799b1,154,56
4430,48293,1715509330.319518,19,48295,4756,7.962474,11ef374af6967e24fa4cd417204e8b834f382ea5a146eed41e05755dc64e3ecd,4fa6c53be031e5a106eca55c327f63e9,0e4408cf60fc2dd337931dd90ba92b52,78,130
4431,48303,1715509345.086215,30,48305,3153,7.936852,7f6f7544df4b51ee1ce6b35203784227faa567b7cca8661cd9940d1fd6b111fd,56e1271efc022ea55b9205a05dd92947,de968c407bf0540e7ca21fb6804d4cf8,98,254
4432,48313,1715509369.050661,21,48315,3337,7.942971,f9e2555556b0a8f8ba0320b62dbb34a295393809c7b3350df129f7f0542daa71,68925f133b543041933d3b2c2a84872d,6b3055484245020bea9985f314d83ada,19,187
4433,48323,1715509406.738443,5,48325,2660,7.9342,50dc30858d82a5fc0d61b9a4cea3d85de863138272221da4ab1b10013752c75a,c3632ee676008a33165d012af0427fd3,fc7721716aec53fe21fec8208c7ab6c5,248,18
4434,48333,1715509414.596855,39,48335,3174,7.94264,352aed483675857252fe81e76c836906612308812d0c75b3dd4549a1575fca38,0f5c5846114cbe34c1944b6f452e2aa1,060dd15ac6ff4c91caafc1dbbbc69569,155,61
4435,48343,1715509449.123749,33,48345,4308,7.954348,76167c7d0180e526771f6776042c13efc2a930a6b9367aaa8e28e1388201df42,d724a83ac0165127f9977f655b22a6d5,5862973d97d21dc0f68e7deff7c1d47a,85,81
4436,48353,1715509527.883611,34,48355,3375,7.947384,e1032334af1058691f93899d383089c49f4be1baef4b8f0baafd178ab4808c80,5d60074bb4fd8e7c93f489c9866f2a4d,dde1ca0ab4173f32a87b5b052107bddf,250,76
4437,48363,1715509663.154325,3,48365,2229,7.919604,63afffb86e96f2477175f94d319f887d5183198eb6484c53518f2f7aac21147b,4587be7a2cb95f496506ec9f3a81b96f,bbb1fecedf589ffcb8582db1206da0dd,2,68
4438,48373,1715509686.188847,38,48375,3291,7.933276,cb00848376643389af75071fa7271b65080a23d0da6aec9fcca3ce5b42ed548a,826e462e6f30e718837618b63e7e53c8,61d3b58c64cb657c6249bafdf120250d,121,163
4439,48383,1715509742.380715,18,48385,4136,7.958513,0f4325c352834791c2592b30a66b50b715cfe7109f5250eec0d3ea83188c7aa1,7544531464ef10ddfd71926a7ba3b514,bc648f368fa05410e858cad531e11261,124,68
4440,48396,1715510261.481917,4,48398,3523,7.942554,5ddcd1a0b3a8541cea26d451ae77f63b7c51dd3be111d58fdb55d5faf0aaa6f8,f68cea661529cca35e4256931850aa16,643403511502ba17055a1779e6f6c92a,212,132
4441,48408,1715510888.12909,27,48410,4276,7.958306,9f2bea9fd659d32c97d4c6e77cb2efbbc9fba04e31ab6606e4d400aae33cabab,85ab718ba8f4affae0234fc301874b39,a0c3f1988652330eb92ddf52d30a6209,117,69
4442,48418,1715510971.084459,21,48420,2772,7.927458,d7834b33d4d8317010b8cc642b08e61efac4c4673080f45fc0eeb51c86929a74,2d751599b8cc932d4362b131c587323e,f3bda53574c1722361850005811cf398,177,69
4443,48428,1715510976.41161,6,48430,3824,7.946404,b51bbe8fdfd90300e1c164676e327f3245f5703fef3ca408751f9f91726ef341,6c3152be97b9cd6316273e0ba1a6b504,13b824d2177145abedfc46066d005e1a,94,76
4444,48442,1715511282.737467,10,48444,5739,7.959645,59c335f5b2eba43611a1ef1dc77b4c88b0c8635b93da1b439d01bdc69b239d66,d809e8e1d0371fac29158336f3670829,6a2485eb93a7fb778af1b4fbb1d91262,102,224
4445,48452,1715511344.417557,29,48454,3862,7.951237,7ba3a0d4a81ed726550bc6b99de12240322ec4ba43726afc6747fc5a1eb6b852,b8e564993411dea5d891d9afd83a7780,fd4544f60c7aaaadf57ce73ce952a92e,147,247
4446,48463,1715511611.294488,18,48465,3277,7.944528,d0beefe4cb08fe4329035c85bffc20ec3729494816a2c6bfbc1b61b8343ec683,b039c5160b36be89a73febc49b76548a,07b8d6a2bab7781a14259fc7c617f8b4,121,57
4447,48473,1715511706.953786,23,48475,2599,7.931882,5911efb58514bcb331cd6e7ad14410345880c1421253fa2e95eb174b71556d96,7bb52925eb7db51d0d1f908bcf2c15a0,5e74a71796944052459bf8079bb05617,33,155
4448,48483,1715511893.745861,31,48485,1269,7.848772,aa87ac2d591ec088d89358929278b8a941a5009736c29221ba7bb47f41888ae7,e60d3740189c3f37f556ef1bb27d1d4c,216176fd84481b1c22fb80ad0e31b900,211,247
4449,48493,1715512371.258352,22,48495,4769,7.963274,0d07d3285f796f7ebfc66bd941207d306e2c4d86cc29efa2c95fe1bee711efca,c3715fb45c059428705a32c1a033a694,2b60b52bd01b8c64889cff16de811160,48,146
4450,48503,1715512558.875374,13,48505,4084,7.950434,b42409bf1de4e1449d81ab32ad2f843f35923ef3fcdafe9a1d69302875b192f9,4e81e23f880a29739322bc5adf95c4a0,b5bfa445b1f9431737d3ed4677235274,202,154
4451,48513,1715512597.821577,39,48515,1997,7.918748,b6161c30aa988c1e995285c0b10dfef90ee33da4f2667a76eb5e8a48b90b8229,12ae01f517f2a472524b481e2c21a7b0,26aa9266017e47a5cc09b0dcaa72c30e,162,54
4452,48523,1715512755.395376,29,48525,3873,7.953479,0f645fbcff18ff1c7183beddbab903aa3fc7a77ae9060c6b41510b85063dcf28,8f1a297aae58c9c24b2dc563352e4731,37f15f3c8e12b941cb431b829edb65d5,60,42
4453,48533,1715513066.136093,9,48535,3896,7.954117,19be676d347875915f5af0d48efe6570a4d15fef5250c1880e556b922f0dd094,bdc803d752939f1c66906bf464ca9e4f,ae1f6c91ce569e4ffba287d7ba064d1d,168,24
4454,48543,1715513116.785347,29,48545,4747,7.959561,a1cdecd2fdf9a5b1a56028439d85882d803867573ed7a3ee7f9057c398712a41,e22973bbe7d86b4c1d4cba0985c99e17,fd1ee75b540a3a1225505bd75d80648e,132,34
4455,48553,1715513123.510357,36,48555,1943,7.902885,12abec150d034b26de0dfb8efb38c5e34ab69238d564553bcd4465302f1d21a4,41d5386614df5410e698fc1bcafaad5b,a5320d4772619ea5bc3d913a40104b42,100,54
4456,48563,1715513195.763816,35,48565,3202,7.942889,a9a16b778a850959773d557504d63e49867f12f6b5be6a9ccd5c2446485f87c3,711c65b863400eb1d5f9ed68b4fc3e69,97a2ae966878de924cc22e9c7d483106,249,205
4457,48575,1715513239.16393,14,48577,4601,7.962462,7c5e27df71a53600550deb4f5e1296bac0ec6f1277fd8c89639f675b404b3fbf,1959fdd6a92e5f14bab9d9731a99bd94,0296a3adb8bcfd8fcfd385d4f5b42e97,206,210
4458,48587,1715513785.514236,18,48589,3424,7.947278,a4609c5b6619bacb76b4fa8f8c5ed0b11d49f38d5a5fe5f346d3b8bdf45dbd2e,ff6d81dea5523ef15c190899680182c2,737a67c9d321d2aa1160b6ddc3bf666a,195,255
4459,48597,1715514023.641388,27,48599,5015,7.961796,81bed8c8ea53861fde582c6b175bd2c0b414d99fc912f00450e225527c5b78cf,6e17569d58f2cd19197cbf8466d1780e,004a8b3fe5cc92587097c43fcfe3c21a,176,154
4460,48607,1715514167.868751,13,48609,3650,7.956261,1720175ff39cba2aa86afbde15c08aa786d5db8cb84a91006b3ad6213c697819,057e9b19bd474a95be5a9029c23c4cf0,a4bd2b6312e11af58e598a125f752633,15,179
4461,48619,1715514594.930454,16,48621,4029,7.956171,fde1e114857658ff95290353bed12c600ccdbceacf5ab61350aa0ed97e9d02a8,bfb744fb03eaa4c081f8628078555a57,dc3a484fb26305327db49a4a344f5991,209,101
4462,48629,1715514648.368551,1,48631,1545,7.867649,fe1d9183cbfcad6030c2a3cd775325e7a9d89544eb5f08ad1b494b017e05b6e3,871e477b2e9ac87a82b6b2c78ca01a9e,6abb1e3396f6357c9bbd494e185f93ab,120,142
4463,48639,1715514704.912354,40,48641,5472,7.968892,1c59125446cffccd53d547b86be70905ac166c3bbd557e4ef7d7d42176756bd8,47e897b77bfd840107cdbd123814a19a,8ac15238ec12e534735a8c9bf6a36e2f,10,144
4464,48649,1715515027.17394,34,48651,2254,7.90454,eb518d14ac5111e04b902ce72ff63b7ec0885dd3193bead00a5a618b7b14218a,0482ee6ae2ae21145f66a16519d9863e,aabe6ba9469aa0600442fd8f1e8cfef7,226,58
4465,48659,1715515366.779792,1,48661,3900,7.948607,bd365ba2e67a0cf4ab68a6baf392dfa5fea34f9cb9ba611dfd7e36b107c16f93,ade6d2d88977789f37367254a530dac5,7410a0b4fea771e23b772df5b1faa77a,14,22
4466,48671,1715515417.762864,20,48673,5271,7.967156,2bbff79eea03abb4c2dc6e291fd93945638ff799b7af9b87ca6c51e62e2ff99e,b4f8fa9f5e7450967d8cff6a4f5f3b01,bfe2cfcd32da58f610c45deb66a74f52,9,77
4467,48681,1715515436.873185,27,48683,1392,7.84684,487ed7f8dc891ebfcef7ea27e830ab5c862fc7cb505ec3ad19cf8437989a1760,e1f6f7c1f801e80e1ddcab94c6e64b33,5732766c05b7fbf75bc6c3b350cb4597,134,120
4468,48693,1715515708.83095,34,48695,1208,7.831024,2569e06a887bdd6eb6b25756ed996269ffb1667551ca5956af0e71911a0d3c52,2a0dbb86e6d75c2d1b3af3f8441709a5,ea60098a97e4c7ee7680eeb512a668a5,88,122
4469,48703,1715515764.130561,20,48705,4498,7.963159,9289eebe6c0d38e850a04643e0284f71aafe41f2d6f7f5299b6fa96fde916cf1,95f993b19e057517deb24866b1addcdc,56a284cf20b1fb4a7d6b2f662dd68e7b,220,68
4470,48714,1715516099.589814,5,48716,5641,7.970073,efec4c84cfd7d7e93dde74c3eae23d008cd1c183000a17171b195e8716ad2aa4,de8d07f18c66e7369efb1b41be6c088f,dcd74d0b2afef013136be201f101fce2,112,230
4471,48724,1715516153.770063,29,48726,4447,7.964771,6ec987a9e570e179a2e43dedcf077f9caa86b57f834977d45010a8c4f117d33c,aa3e620a3833c9537bc8f84af7272f6c,601014055f263284353a6da896f9d6b8,24,162
4472,48734,1715516329.868448,25,48736,1444,7.874487,6d348d92eb78ed668c53067f4524ef3b1e85bd9b2375b301eb834db01c28a9f1,726612e5a2204e2b22c4058d8ceaa743,04cbd0eff2517b8bd4bdb571ee65d830,141,59
4473,48744,1715516337.296362,7,48746,2906,7.939936,db511a8cf532b17cc9d329f7aa9991d13400e24014918c104203f039fed00612,927708c3e80d1e07404ac273d185fe0f,d895586077d9430c7114563bd6f543b7,195,243
4474,48754,1715516340.949456,23,48756,5109,7.961729,2ab9598b0dbc1dc94a46015a1b918783d6a14293a14dee127474998848318c87,5c5a0d3e53fdebb03efda44ce48283c4,7773f4e52c6c531c8dafc25fc3e61abc,12,16
4475,48764,1715516352.177758,2,48766,5019,7.963028,eb22903c5e5ba46e54d2104d68274a721df7321f2eabef1bc8ba1c0b4c3c9bb8,aca3b45e1b344f9d96c725fc38e20dc7,ac641bc52177faf05c509c4b95617cc7,207,121
4476,48774,1715516491.147499,21,48776,1579,7.842938,1eb4650d0b941a3b84fe56f31d6971e3cbf68084a6aab2deb787b5c5da3a50e7,4264ed7d8e7ae2bd70af5473c6fe5dca,5ef059e726f3e3ffc798bec88481aaa8,176,218
4477,48784,1715516492.075524,22,48786,4939,7.961879,af43f507345863ead7b568a25076aa1e38780d9a17d2e752ead4a89761e5c2c8,528f6e29568f60bcd104a24f86b6625a,5aad91ef1fe48ffb808e090c36d4fc89,181,13
4478,48796,1715516694.398885,3,48798,2038,7.900251,04dbc3c868027363b686dc5c819f9c8ffd639cf6d8e1ec3a09cb70592c69552b,0b2d997c3de447949a6da2b79b04869b,c0d132a04d8bac20aeaf9ae0ffd7c593,229,145
4479,48807,1715516755.833055,26,48809,2258,7.934261,30187c4df74bef825cabc62360dd2ab3c74d9eace33d8a42a1167f260a994456,67c9d4b7b729fa66f968bb56db36d20e,347dfcab825326386a1ac369bf74f9f7,75,167
4480,48817,1715517077.950884,8,48819,1325,7.85628,9727366de830840605684b5509f7535282a2bf9c7bec864645265cfb0483579e,594c108059c4c7308d8e5751584310c2,d46f55573133b11a3360da95a3c00733,194,74
4481,48827,1715517115.43767,18,48829,1311,7.845657,3078c22073e878e2babab4ad1daef5e49cfb56c84a48fad30b34fa47189e753a,215b33b6ac2cbe41ec01a0b9d27eeaec,063ef56f7cb8817d7bb3ee966a6edff0,63,39
4482,48837,1715517224.344022,39,48839,3100,7.923608,03b98b32475d17a532363c3dff94b7909fde94eac17365fd8eba3b2daae29c97,bdb92b71cd1f298a0059f518601ce635,3b357cb7b19e0daed150358066c0e49f,91,253
4483,48847,1715517393.782586,29,48849,5746,7.968967,0a44d4fd25685eed9727bfa0d4e1c4bb4a45f116241061d90b654dfd892db245,681dd99d657ff1d46ac9eba2c060f82b,c23d4eb656ea79ccb40486b3236c5615,93,57
4484,48857,1715517616.371725,22,48859,2991,7.948705,c092d23796e481c43a64bd7a73032cfef99177a922a595a7aca98742e3f77817,cf1f6cb0b3d1647d6e7b31e3e45ada06,b09108321e7097923fd339df38c32d14,145,49
4485,48870,1715518350.111158,30,48872,2170,7.910183,b478f63ffa449c7173a4987667b8e32b56df5fed1e9c681cf24b19b5196291e7,0f7cb56632c41fd4f68fbf410933fd36,49468970e5edb763452dd402bb85a275,162,30
4486,48880,1715518399.032648,28,48882,2042,7.921362,86277c39b176409e574764758a4025762c97e93c3b876adf1fd659cdc83dd97a,061f533a4b4b4f00b8307eb84e195b4b,9a3ac18d3707fbaebdfcf54251e3aee7,21,107
4487,48890,1715518500.920484,17,48892,4251,7.959575,2f2816e4b8734ee579168b812464a47ded1517826058ece0a28a09685c9b1807,38fff7d2a938a0d0b834ac51b759a949,2dad8e771dac20cdb6b54bf885d1d1d9,179,13
4488,48900,1715518617.550092,32,48902,2791,7.928344,2c672afa052b7827fce38978b8c2e53c5c406cf82799043707fb25a2a9da8065,b6a14dd20822badf5d7a90accbb1673a,cf1bfbd32ee608f45fa126a877c23854,201,67
4489,48910,1715518643.985085,25,48912,1504,7.874505,ac3bfb467eaefdd834a6e1edce907ec5388c128cdacdff5093cabb7045a2039c,21f359af07b0dc4f63876956e976c0e6,d4793f9b882121aa4297646368981246,94,110
4490,48922,1715519055.402836,34,48924,3988,7.949281,b93860a039b3c5a8d0dd7b8f70f2db15396cbf3d7c89dac2b6265ee5d233e190,5f732e9afa551d43578d99cab6df58ae,9a65b2e154ece66d27198f2973c32194,81,181
4491,48932,1715519066.700727,37,48934,3636,7.944161,84a69eb1ed9346801944438772b08c25d359c0af2b6c8cde0b79d11214a23da1,c34b517318334cd4d755b8f8e0ad2d6e,d1e8fb50166121c307eb7bdfc822a200,75,101
4492,48942,1715519152.196936,14,48944,4542,7.963321,21543e99ddbee50706af83b2d77cdbc1a6ab6d95cec5ea05634de6821b2d967c,48ceac5ddd6652295c941aa6b3fcc275,a06ec9ddcc30afb396a3e0a4f4463638,11,181
4493,48952,1715519441.199513,10,48954,2460,7.926777,21bf2ff93dd8532165a8c41b9e39b417b250ebfb04990bae1d655981f9d6cbdb,d24cbfa96b005159225b9c5e68060e8a,6fe0c87b6e1cc332a6f8951f4804fab6,115,235
4494,48964,1715519934.135863,30,48966,5544,7.96609,9a8c1b261d4698b6335ef74dd33856b2ada9d247629179e935ea915fc8b6bd4a,300b5ceb553ee802c62ac4ee158226be,3d6fb4689716ef06f1093ed30202dd78,196,142
4495,48974,1715519940.438777,9,48976,4662,7.952889,b30095bd6bebb7a32246e4645a2c3667e7d1b6e432b733c19ab97453ccfcbfa5,5dbd10820195887c5aabd6a13aa56749,3c9eed0cea2109d8f0e2315fff1d1388,102,166
4496,48984,1715520003.712946,14,48986,2694,7.932505,4a9ffbdefba9f0de95d24380be64283c87254374373faf08a2093c072e609ba1,39c7147272116d2208663d0cb928432d,06378c3b7029d4721bf4e3807004f452,15,205
4497,48996,1715520198.733927,17,48998,5145,7.963922,8214f87a60abac335365c875787492bfaca3f8cfc62fbcbedf1d448528ed69a5,38bd1da530b89e8c44aa832a7261a9ec,4cdcb6ca74a124809ab9f53fcf993d7b,149,217
4498,49006,1715520324.158699,34,49008,3672,7.948938,2735f270070c06fbcb3fa28a9954e4ee03001a336b78f7c98acd71911a9d19e3,03f6a3e2ff4f975fc109524a80b3e494,0107e00e92fd48c6459fb64830a9adf9,125,85
4499,49016,1715520449.711939,31,49018,3406,7.949034,2a3da5ba647caf2eabd837d8af88d8fe558b8e9aab40a98cc180a0dfc23424d6,fa1dd2cf143077fcd226f6920484fde9,5f6740ab7e582a5bada6e4ae9d57c5ad,114,120
4500,49026,1715520962.041569,33,49028,5186,7.966844,bdc41e172c87d8528a6c7270b2f5ca7d580c0cb7717ddf38a1f706f5e24d69d0,200bf20a2fe874c8e65279a1e61ec42a,409cc119172105e8e47f3b1ada5590cb,228,234
4501,49036,1715521142.07843,29,49038,5677,7.968656,2d388f9fdd5a64234c3e0410ca38d8cb2188ed02e434f80c34f330b6ad93934b,0b30a7e4d8b8f889daffe2b95b2bac4f,82a0d56f3d7e2fde7c127b4c267a74c0,10,214
4502,49050,1715521747.604432,34,49052,3014,7.934743,c345976e20d789d57cdfc4760d152a24c4c2de67f4710894cbed1e76ca5beec0,4d1daa05b4bf6160b8cd7dca6df237c2,f5c958267c529e3b9f50df4cc9ed1da5,60,98
4503,49060,1715521756.53517,17,49062,1612,7.869584,37504848ebf6343a649833a71b77f050c8bd7515297d3d7782036893b8288e2b,16e06de325a068f21309320463cb8f08,70fe261959e4b9fdd82fcd9675903e7f,92,168
4504,49070,1715521781.182667,31,49072,2225,7.918064,64504ef8ca9be1cc302ac3b37d85d583f18c9cd42a2df9bea6ee51c6ef346ec1,5e8daba5d1ac5fe3d04eba35dfb41beb,7d19f1cb49a8757e1b6fabb9eccd4b9e,51,201
4505,49083,1715522108.114829,14,49085,3645,7.945309,a321737ff6b9996ae4d56bacaf83ce7da8e6d10764b4bc744493117dbb8a8436,e5be99500b1bc28abd6cc106391359b2,767bfdbec0ae1d6a0d0d3df90f782c13,17,203
4506,49095,1715522475.779222,38,49097,3930,7.954259,e25c30d3e0706554ea8e69c6e92deb2e53739d0626d1148867064db53a9f7265,88b9b04daa97118779661b06b572d108,9295beb770e8f9218789ab6aaba77c48,33,35
4507,49109,1715522696.762416,3,49111,4544,7.959225,dff2deedc05495ded44f14fc9d8d4ade4a79785d257138028fa9a8ad8451ba7b,959ee022c38051f2278a06d19ff28db5,0e45460dfdf3433e7dcbb1788bdb432e,102,190
4508,49119,1715522740.439284,22,49121,3546,7.944008,86d271fc0057467e75d9fd468c92cec758ce5796601f94dab1fe867434c27427,d23a958a2568eddef3505479b6f2b3ce,40185810c01b3f38a46b175a06aa89d2,107,165
4509,49131,1715522826.350865,38,49133,2835,7.931527,70ea19c700cce5636120a16e877ab2bfdcfe115f922d6c968e9f11c1f513db44,4e015a316abbfb80448c78b4e49e87ab,7bd2ed3a9ffcbd8ba7b3a641f55e9ea2,151,159
4510,49141,1715522864.417435,37,49143,4239,7.955858,e79f111ea53b06e9b61916bdc49867819e606ebf91ad9923db6382e5e07cbcf0,c3fd3548acd6f93964592e5247e12f32,b7f51493bf699641b42686db8ef2e6d9,180,122
4511,49151,1715522994.043527,6,49153,4884,7.959905,5fc3fd118fceeb3020582b54d86ae6a3305e668ab86f262808c4f1560ec218a4,e64c9867009c38c8e682e4c348021a0c,5c39bd4cf1f37658c241f4fe5b8c6a21,73,53
4512,49161,1715523043.775236,39,49163,5358,7.964819,0286e4c58da41c6c06a0a8f8d658dcaf2045240ee198424ad993c33983641ea1,0a8b664cc92e4b3b17de2ab995b40ff0,4793cd61bc0f188da9a1511990bde77b,164,222
4513,49171,1715523099.773772,32,49173,1693,7.892135,20258fa8c532a7ca098efcb0522541775d921f1f1f60b2aea1f6a6836cd51e82,2ff19cc8a5efde13591c5291799466fe,a10aa99d3ee678fd78869c5c04804d15,17,59
4514,49181,1715523354.823939,4,49183,1279,7.833181,76d50a0ad038f13b722a364bfa19f2b73e46176c96c6a5d1ecf898306108542b,9cdd66115d8d2b46a67c85455046dd56,e103978a156f68e339cdcd1e223e80f0,171,211
4515,49191,1715523422.91605,13,49193,2049,7.889668,63ae121c5db985f95516cd11d18bea8d599f3e54390a06e8f76fe68d08510a5a,aaf11747785b2ca5224a9b084f3b0ae2,8c4a26f7995de1e7e9411e972042f34c,158,142
4516,49201,1715523541.857419,1,49203,1813,7.890197,4cdaa310b083d75bb9a9e382318ae825e25c39ac3743321bec1c09cc7c4e6d63,6ac63b9671faf583e4a87b1e7065526d,4fef842a0e1c0b4832db8a43f4d0f0b2,53,219
4517,49211,1715523847.056776,27,49213,1783,7.893055,e3f7b7a8b5d5028580ad9b6f47b4cebaa409198eb6e985a9d9c787bd81f68c0b,fc7e894028f8423cfb3167e514089ca9,bc12792d88543fa9f09fcb74af526900,92,100
4518,49221,1715523926.255672,16,49223,3210,7.942334,ba7ae73e58d4f3970740ed90eef51bdeca9bb79b058a767a198e26eb39a92811,eecd8fba12386553bebb1d0f03583c40,eb2886a2bf9fd2f30f052a40529b8248,102,102
4519,49232,1715524252.964072,7,49234,2905,7.933744,f1e5075185a19f17fa725e510030f3120a2138e7c1f5d3d72c41ba00c7c4c1f5,8900b0ead3b4d526b6acc19b2675a21c,abbe6372b201b074965e7af322438e43,143,179
4520,49242,1715524515.96526,5,49244,2315,7.920485,ea33b8812bb580a923477ab1354c4e5f6681372f937b739017be10b54f940674,23ce68523e3f995324f662643838d964,cfb232a0d1beb630c306874c630758ad,171,67
4521,49254,1715524834.082089,8,49256,2748,7.935248,8bb5669fd62de8a405eb4539c0055d8f6ee94653b53f3aff70e353569e506603,522c152186e3eae85826353610df3877,f9db2377ca0d9ca458b7824ffc33e2e4,84,54
4522,49264,1715524871.336482,40,49266,5298,7.964451,39e5bbe99ca6b8d4dec3aedeaea5e56602f9a578f1a6a2d2a92314fc67e735a6,a5e4d1ef110a2540b7a6929decf17938,430021bd9f23959e806e41ccdf95c97e,91,75
4523,49276,1715525371.617474,33,49278,4486,7.949803,20fa218deed622860dda63e1802564243db370c722d5524ea5abbca8c4a81d2d,8430ce44f77e473da545243b71a68f5b,2dee4d7d4cdd729e3f6880a46a0875f3,28,128
4524,49290,1715526664.857313,20,49292,3070,7.928015,b7c9ad0f05c89de5872f40e5e8a57cb658f6ba5d1c00080ff8248478f24d48a9,9eda191aedcde5ed92c1adec46f27c91,ca3e8e82471f7ac840c7d88864f98d1c,29,119
4525,49300,1715526908.128711,25,49302,1333,7.825622,9f32dae76217e7452e63b16d362ca77e2ac4765e7c0748baf78c7c25ddb06e4a,72b59b98cdba671419c135cfafc15714,394d2a1d4785af9278dc6a41d3d90174,96,120
4526,49310,1715527073.730708,39,49312,2556,7.920183,f4783e7590a545562657ebc03f07d8eedb5cb327c5a03f2178ea5cb49be70902,fdf13ef7073b213f7e60894a935b4ec9,06711a80457450197537af5bb0fba836,88,8
4527,49320,1715527199.257798,27,49322,1676,7.887944,3682c0b31b5e4cf435cd42a466352f63a5883c9e82d3b35f3e6ffeb2254d37f8,fd8a5916049717733037d656dcc0925f,04629215641bc9fca41d339c4c8924c8,168,158
4528,49333,1715527727.250117,34,49335,5281,7.9629,39987a3918fdac8829567432ce308057765089cb7c11c070258d2a9ac8c30bb0,57db88f9521263baa07242760a1fe7aa,28045fe3b43af9cb9744eca1a0ebb28b,176,130
4529,49343,1715527910.070276,15,49345,3080,7.944471,448b64db48ff2b78c4f585ce73f676727747c50a4a00b14bae51dc255c53ed55,05b4eaae1827fb13b7f524e4ae7e9310,848c316fe6b03c69af38e7617c838d7b,14,0
4530,49353,1715527948.476767,7,49355,4994,7.962189,46d9e39b2fcbb63dfbbbf4bf3ffaade35f454eee0bb300ff13ed7a5207f25c73,fc9a193d11ac47ab8d7e1b7dec8f2c5e,89e7816b05de1f903c274822a20bab7a,104,218
4531,49363,1715527961.076573,8,49365,4913,7.970424,7a4f6bd5a59395c03a26a98872e01c655a33fce0f7aeb61b01f89206802283d3,e7b33b6c52d5ad7155735f2cfb77767e,f500eb5c509414a1415df042815e3aae,139,37
4532,49373,1715527984.477148,32,49375,5477,7.9659,1dcf143c345129a833c9232a16cb9493efbf0068c56771961ed93c29b6fd1990,c708990b078973ca669264ec096910e7,e3477b7264b93a2773ed70994bcc03b1,173,67
4533,49386,1715528395.611521,24,49388,3663,7.954163,0efe15f3f145e65c1bda9f8b52090ee6cf19f96c4fa21b74b1a421756636da2f,a0cb6414e698919f2ab4d09c9a697de5,ad1c9357c6bb34bfed8d78a49741cbb9,177,15
4534,49396,1715528451.287005,16,49398,3462,7.948756,8c58479c441467112c3e90735a71a422c82ee2163f6ae5db78f637d30ef66297,4fc3bdb535d40027dc88227f6c7895c7,693f92fbf8ef5522205594826f071a9a,32,50
4535,49408,1715528699.191824,23,49410,5156,7.96294,c31309cdcf5be22ac28f7adb191f25cde34dd5cbd1004c2bbf512d9d1536bed5,77f62f9942b43d66daa10b70a21aa59c,bb9ad4435a5884894b1881761cb023f1,129,95
4536,49418,1715529056.090099,14,49420,5343,7.966049,f375b3f7f8cdad58be1147beb8288e047760bbe190e8c87b4a5bd5909489297a,ffbfec95be726111bfb8be569f22cd7e,715117ef24f0c7a18eda4fde6bce76ce,16,172
4537,49428,1715529176.655377,37,49430,5335,7.96778,b5a9ab291717a76184430822c1bfe3a2bfb2836e44bfed39a668860517209d59,1ec49df341f7afc86207bfd3ab9050bb,b02fea35802c836f9f5d4dfe33a19081,72,76
4538,49438,1715529194.263808,21,49440,4635,7.960029,a4131ac80f190fdfc29edf696648f21890e848dcca7cd79694ff900959b182ba,cdc78c74e84664795a54d17ea106a52e,2227b7f00efa385ee22981b65f4553b0,39,71
4539,49448,1715529345.092911,9,49450,3353,7.940295,72d4984f9a159339e6a7151c6fd446d30cc4de829e8574193e1b5cefb1fea735,ca031a22c7652c2903b686cb3a377b46,59082d5bef2aefc8ad602646583dac82,34,60
4540,49458,1715529475.941407,15,49460,5524,7.96655,57bc2cd15cfd73fed44064d63e590564a923eb2273a1781ca2be4a561b36f6ea,44a95b0f634d8fd352a81f14460383f7,8fac7055fa1fbd07e9be9814ec7bb87d,228,128
4541,49468,1715529486.092318,4,49470,5506,7.965327,544aada559eace6a158a6445bd4a1e26ebbebc7ba838ecfe87e7bb581db254ff,acb4806a5a6fb7e8b7d6a5adc7e8626f,74f3b28e239b779b8d0c19a116aea902,200,166
4542,49478,1715529545.959135,9,49480,3639,7.945672,d10e58a48b5befd0098c4500dd43a9645f2314efcf2e55bd6934a114db7149c5,c025ab1cc9e4b142d2583bfe4609fc3a,10bf56827f7a7edf0e402af8d9fff729,162,42
4543,49490,1715529922.314822,25,49492,5352,7.967419,82344db183d2e40301e76b4cd7dcad980fbf9be5a4105098d4a6a358fc389289,b6411ab3041e3e39dc61caccb622003a,101fe5687eb39ea8ebf3d848629917c3,42,16
4544,49500,1715529947.202757,31,49502,4105,7.955837,12d30920d9dd4a6960c34d894182d14eb5c9b539fce7f411af1c97d305cffd38,4677d3bcd44d1508b19d390b8cea6de0,9074508a8de9f3ff424651140ec46420,129,11
4545,49510,1715529969.428217,1,49512,2160,7.914681,4c4983babffc4d2fc126f3c45986e1b8c73dd6b320bdf5117ecc61a8251e4e12,c2525d8093e5b7a3f442bc2e23856efa,04534084abc11fd1e02f152f6a17cef6,201,21
4546,49520,1715530216.415667,13,49522,2319,7.912686,188bd0244bc48ae9b253ecfbc98672e4909bb331fc777f8a18d868c2519e9bb7,2ad7a83ee100b1440ab6dc005523cea8,18f4009d640d50d1e0dad46658e53105,239,89
4547,49530,1715530303.280123,2,49532,3153,7.944429,b172701d41b119daac326dae0808ee2e07d68afbc3d7cd9a31703cc4f60dce09,04c67f336bebba3008003c072280cbbe,950b94fa4d63bd1c27b6024365d36101,66,124
4548,49540,1715530336.519537,35,49542,3276,7.941135,d4871033093e9ef302269adbfc0b0d3cc6f86d224afe9b9a7cbbb3499c8944a3,6f974b43ff9e45742ef8d43a6fa4337d,75522b69fd14f0e9a20e4d6be1ddcfb7,20,246
4549,49550,1715530384.300159,31,49552,4949,7.956019,1672ac1ba2db3af6967128319597677ee21f53bbfe119bae5e12b4f9a1b562a2,9cdaa47c63bcb3b918d4e777d623e544,bb8d4b1e177702ad54a49abb2033bd4b,70,88
4550,49562,1715530662.9156,18,49564,1468,7.888585,7d11973ed79c5c9d003794edc96db597186ca8672ac1ce932c675a0b25afb028,55cb44da35d0c96ef32d67e5680bbf08,b715cc0a01072112f8732c8f793bfae8,13,207
4551,49572,1715530767.291798,35,49574,4877,7.965093,4156860135c7d01b1b49f31c61b169f4c01abb5b31aa7c700fa6a3e57e2b3746,2c2cd35911478925a21ac44c544706b7,06d5f7647ff411b601453ce36acb0d2e,50,84
4552,49582,1715530865.03772,4,49584,3928,7.956293,e744b4c77e46b68ad459d18257a5ddcb3120349d5f8aa804c319246a3ecf1c4c,79792e5b46340b738525e5da4a24bc93,7a1cfc878a1c3fd89e02ad8761b13e7c,64,2
4553,49592,1715530903.580953,5,49594,3204,7.93852,425160621c03a4c955dcb3c049eab417b96c650a46314fda09b0b9ed6257669c,791daa06795ea86ef59f94f424b69686,8b513a64eed8ad5778757f042d072d36,235,55
4554,49602,1715530934.393423,32,49604,3977,7.950108,f8853b47c8d0955fc6ff64d88b80654c94f26923d4fdb53663fedd9884149dc4,30f055bfcd356a32abb55811b9385661,6f61307058280dfa2e7907d8652d5ebd,125,133
4555,49612,1715530944.922092,29,49614,4065,7.95271,3f87912ffe47443cf4f3d39d989f963518c6e9326578815b3b289a0f98509990,d18eaa248a571f3fb51c67de86f3bf62,a656eea0b10ea20b960dbc5e48b085c6,64,36
4556,49622,1715531100.099694,29,49624,3497,7.954328,86187b2a0056c1bc1925e585643b7c6d0989b0a4f509a45c6aaf51f2e4a21317,08d41b16f78da2dffeeab17f2aaf5385,213a57eead85430d68a791af00ebfd6a,246,54
4557,49634,1715531348.654708,14,49636,2396,7.924177,10396e9847307cd5d92d998cc68a38f64d125bcffae5891786563079a829d7d7,5becf3788365d66590979d9c16bcede5,12c7b6dcdcc8862c8d5daf6b1daca92c,158,102
4558,49646,1715531531.436296,25,49648,4458,7.958711,85ef256898ee8347c05d76eb7d291f9a3683bbfed218662d905881f05f3b46a3,176752272f1998e613adaa58a2316706,a4d21ea9cf6454de96ab088c0eb62fe0,221,163
4559,49658,1715531606.614655,36,49660,4150,7.957115,e332f7299e233747c9401ebb9f53854ea23f149e76897a28de3c1f565bcddffd,1367eb19e5016d021ab41074d218b322,31d14137a4a2502a0e907f356f4b86c7,79,249
4560,49668,1715531723.694108,15,49670,3276,7.940996,bae58bcd3073762ba0a9fb01817cb6590d7679cca852eabdddb9e20cdf65f8f4,b827b20dd0b2d02033c5182a6e0b1516,f5c09313290e377b4c24f09c7b1c9305,113,165
4561,49678,1715531760.336869,16,49680,2163,7.914989,6e8bf8ba64f28012a0873ea3f585f131279bd465ccc7c7e1c2baa98d9fc105c8,b42f0de2db7158950a31a5fe001107d9,f33ed6e192af3fb9490215fb15b40a75,210,210
4562,49690,1715532095.808408,11,49692,2471,7.924416,fe4cce1ee032a598d9b988b89bac49d2d71f821e23c9ff4f0a239ccfdd010511,4667d99fe82ff5437f09bfb64e08627e,765ec2097ea9a9eb86b5d9a971f58ed6,248,142
4563,49700,1715532277.255204,22,49702,5265,7.964066,dc43f41bfc4def440ed258f594e0982f9458b0128d30800c3f155fa34623bd4b,8da23ac83c413f6624758fd8ebbd7ff3,cc42db6a19227dae1c2b1b7c668cb31c,40,152
4564,49710,1715532370.39054,3,49712,3880,7.957316,ce8002f7be56b0bef0b315da4d3a844066dff07e3f730748eec9a75c37011e72,36efd12af870a3229d156479affb8039,7b0647ef0f30a9b673cccd45d0219398,113,85
4565,49720,1715532443.776505,2,49722,4865,7.959873,5795fc9118eead281bae3c5da4ab2d3dca69c5bec81a1e6485295a55b216cdea,73299a90941ca579da35787b6e33e065,512b627809af5f27fcb2775288adcc9d,159,191
4566,49732,1715532607.321879,8,49734,2705,7.930907,cb589b7e513d438c47d0d2c8ba9802fe0c605730f195760b2426c5aee31137d4,395121634743d700cf1160f9546a2a0a,a1e331cee86339b1f1c9d8d6ef0fa1cf,126,144
4567,49743,1715532769.420611,11,49745,3811,7.956467,15f86fd71510a7d5f210a97375a62a6a3c9c9061c064393d0ae3db002dc9b595,65e31067f41fa96b718c901945495acf,52c401551da8c856f485148688ae2422,120,16
4568,49753,1715532800.268499,25,49755,2837,7.934035,c4718d0b217e9e5c17231a6927a90ede83857012f0a590414d98f1f6afb95bef,30d3eb578ea0f3908d8a41242306f9b7,5438cbf61972aada6172d74a759c304c,225,125
4569,49765,1715533028.997446,4,49767,5696,7.974767,ea2c17de01ac484b51c8d11eadc1b5fe9f9e9e9e9f8e1f018d1823f4f2be43ad,e573da51a87707ec3356757a159e3d63,89bd7ce97b195c71337606237ecdce57,139,67
4570,49775,1715533319.4064,25,49777,2581,7.929553,a691b9787dd20adc87c5a0780398a1d24d24ba4bef7ad8dc7a667a4b87d626b8,df4fa351d0a9cf430d68312e34597bb1,f8137bc5356071d5cc8d20f499e53ce1,252,156
4571,49788,1715533572.090292,12,49790,1786,7.881929,f9d57a43fdb7abc3f7becc3747bd43571dfdd6069ff396b5ae40442463496fa7,a1b2858eba83828b4c0cf63e4d37b77e,e76ef4b962347cbb59c80ace17b13456,207,241
4572,49798,1715533922.511541,32,49800,4647,7.968089,ed006149f806382abc7a9927e7035a8f0349f56852b6a7f2d201f2a4840e413f,48b26a277207c949083780840908d2e9,9577dff75cbeee7f1319298a15c52933,185,23
4573,49808,1715534115.997502,25,49810,5281,7.970898,6d42c9b4276e5ce9340132593308e7901a2ed314378d31fb68df774bcc7711c4,04bba933c82fefbd7ca55681d8f8c25a,298b4320a68303e70218bb256b4fa5e5,248,164
4574,49818,1715534278.635844,13,49820,4385,7.953639,c84d6fc888d7e09e2fd6f6f79287ba3f54d0ead5db2fb2bb4335b3ada752cad6,ffb82a2f5a9b6d04ce321ddd783cd0b9,659be7b3c9a515bab0cfe9d5e6c279f7,249,99
4575,49828,1715534425.456229,38,49830,4013,7.948757,1f8261b48b681a66b6591c3c2f2979bdf53b52e164ad5678a5b48039ecae64f1,93e334ab271e7ec49d185ca59100968c,08a0e4520df21e58b1a9d847bbadda0d,74,134
4576,49840,1715534581.12131,10,49842,2919,7.929264,97fcf845a5dbd91b11ada236cfe1a2f332b0cbe2c081907a6c6ca5cda4e673a3,1d661f31d9d61095688e144427aa6abd,65fd231d8d1bec7cf8a1cd2c93dc6030,199,105
4577,49850,1715534635.021477,24,49852,3555,7.951778,036fc9c4222b8897d5695db458c069973a68c1c89ea53004e33ddacb258189c9,1f9b5233934cff7d37ceecfe0bded9f6,13e77e2e23c51299479f0527a1e66aa2,145,153
4578,49860,1715534807.823385,33,49862,1826,7.882603,1ab145439bc2ead9faa80538bccbda6fadb1bb666ac81c8574f58dc7af864a1b,132105b5e2b4df797ad9e85d6f7dc937,ea13dcb8efa2be016a4516f9cc254f95,212,140
4579,49874,1715535140.480091,38,49876,2033,7.91847,28c1891189217271dfd11933e17b1df3c38021b6ec5932ed663292b69345c2a1,b1789e8d9ff093bf4f8dc736bc576639,b225045afec466a1bb3631cac1dc21a8,47,1
4580,49886,1715535294.239609,6,49888,4938,7.961565,b86ca6938f22f293df5f7fd7cb83c3bf66607d72b06a028fb4f92427fcafa98d,13f45521a0e039cb803dea8066066e79,0b9ad054e72bed48bb1ae22369da51e8,29,229
4581,49896,1715535515.846233,21,49898,2894,7.938479,0b86029314ef5000b706a0820d4582c4051eb07c9cdd5992b4321df0cbb0cf4e,ea6afbb258662ac7f886fa509c7cbd93,bafdb654da203966ed8f777c091cdeee,255,85
4582,49906,1715535567.0048,34,49908,3592,7.948659,f853b6e5176aab551dae1b213be90457e1c642b2a8843b2b2ff62834277a1cf2,cad94d26396f74b339fb96c4ae8dab13,4ba13295922274dd9fe11351fe449f68,174,240
4583,49918,1715536063.428302,36,49920,4867,7.96398,a10f21d0d52d4ec0202abe88ad38bc6cf321e79cda2579a6b3e116964abdfe0f,56a5f8ffe2179f55a1687c7154fc3c7d,f36d16caf9446b48cda032c4566a2f43,80,86
4584,49928,1715536089.073698,3,49930,2829,7.933225,dab954a18d63c4c3ffb4a573287fcc203761cbaefc116b2cede89b45c29610c2,82a66488dbc1eeeafb7d6e58b53c5169,f99ef639c19ffab8cd2ddbabf7708068,107,147
4585,49940,1715536204.397911,21,49942,3350,7.951596,f8866c20dc7115980947f1e843e765435f209b7bd392be949d9f98fa5fd9f919,dcf504ec7bd30160c41f880a0e71f2d8,3f57366935d84940dc1dbf7435cfc2af,214,98
4586,49952,1715536363.067799,29,49954,3679,7.945705,228f814627101632c0ef7ffab2b410733fed412252aaefc71f4bb30f2cb7e8e1,e09f8aa2edfffb57f6d7aeb16efa4ba2,aaf5419cc51f5804657c45f881a9decc,184,174
4587,49962,1715536365.565392,26,49964,1712,7.898591,2eede5009e7b6a8986be2a54b21dcbff19a22a6ea07af749477f64432429742a,7224cb485ce8451601446a20b4bea4f7,2ac68eb0f636d5390a4938219ccafa3d,206,178
4588,49972,1715536488.860326,9,49974,3289,7.950875,e676edd8b777e12d0410838481d9e94ddd3a3754eabc3b1c9dd9e1e6e54d4622,0ea3b4f63370547260c3afc2ef9804aa,451ba34939f993107c5feb4640b9a930,26,224
4589,49982,1715536550.702901,27,49984,3307,7.941138,ed6908059d0b1e02579a01466fbc1cbbbe8732d7154daea61cb80072a793569a,cd8703322a20719888541e679981ea02,e28c3363136507aa9f7a2a8b4eb30f93,58,154
4590,49992,1715536595.372639,3,49994,5545,7.965714,0fd922c12f44ec479771d6e92662b6dd4ccb960410b058838122fa81853b2b79,7d29eafd7b8c262747de82cb997e98a7,edd03a1702e55d22fb31662f91a4bb13,5,27
