:10000000402700207D2200005F7000006922000070
:10001000692200006922000069220000000000003F
:10002000000000000000000000000000312400007B
:100030006922000000000000FD230000692200008A
:10004000BD250000BD250000BD250000BD25000028
:10005000BD250000BD250000BD250000BD25000018
:10006000BD250000BD250000BD250000BD25000008
:10007000BD250000BD250000BD250000BD250000F8
:10008000BD250000BD250000BD250000BD250000E8
:10009000BD250000BD250000BD250000BD250000D8
:1000A000BD250000BD250000BD250000BD250000C8
:1000B000BD250000BD250000BD250000BD250000B8
:1000C000BD250000BD250000BD250000BD250000A8
:1000D000BD250000BD250000BD250000BD25000098
:1000E000BD250000BD250000BD250000BD25000088
:1000F000BD250000BD250000BD250000BD25000078
:1001000053B94AB9002908BF00281CBF4FF0FF317E
:100110004FF0FF3000F00CB8ADF1080C6DE904CEE3
:1001200000F010F8DDF804E0DDE9022304B07047C8
:10013000704700BF034613F8012B002AFBD1181AA1
:10014000013870472DE9F04786468C460846089EE0
:10015000154674461946002B40F0C2808542B2FA1B
:1001600082F245D94AB1C2F1200300FA02FC2EFA0C
:1001700003F3954043EA0C0C94404FEA154EA8B2A5
:10018000BCFBFEF8230C0EFB18CC08FB00F943EA7D
:100190000C43994528D9EB1808F1FF3704D299454B
:1001A00002D9A8F102072B44A3EB0903A4B2B3FBC5
:1001B000FEFC0EFB1C330CFB00F044EA0344A0429F
:1001C00014D92C190CF1FF3304D2A04202D9ACF19E
:1001D00002032C44241A43EA07401EB1D4400023F2
:1001E00034607360BDE8F0874746DDE76346F1E7BA
:1001F00092BB431B01214FEA154EAFB2B3FBFEFC8D
:10020000200C0EFB1C330CFB07F840EA0343984517
:1002100062D9EB180CF1FF3004D2984502D9ACF149
:1002200002002B44A3EB0803A4B2B3FBFEFC0EFBBD
:100230001C330CFB07F744EA0344A7424ED92C19A0
:100240000CF1FF3304D2A74202D9ACF102032C44D3
:10025000E41B43EA0040C0E7C2F1200320FA03F1A7
:10026000954090402EFA03F303434FEA154EAFB288
:10027000B1FBFEFC0EFB1C10190C0CFB07F841EA4D
:100280000041884504FA02F422D969180CF1FF30C4
:1002900004D2884502D9ACF102002944A1EB08013F
:1002A0009BB2B1FBFEFC0EFB1C110CFB07F743EAF3
:1002B00001439F420ED9EB180CF1FF3104D29F424B
:1002C00002D9ACF102012B44DB1B41EA004192E769
:1002D0006046E3E76146F7E76046A3E76346B7E7B2
:1002E000834206D916B9002108467BE7C6E900E03B
:1002F000F9E7B3FA83F78FB9834201D3724508D87F
:10030000BEEB020460EB030301209C461EB90021F2
:1003100068E73846FAE7C6E9004CF8E7C7F1200C71
:10032000BB4022FA0CF41C432EFA0CF120FA0CF319
:10033000B84001434FEA14490EFA07F5B3FBF9F848
:100340001FFA84FE09FB18300B0C08FB0EFA43EA77
:1003500000439A4502FA07F240D9E31808F1FF304A
:1003600004D29A4502D9A8F102002344A3EB0A0360
:1003700089B2B3FBF9F809FB183308FB0EFE41EA1A
:1003800003418E452CD9611808F1FF3304D28E4504
:1003900002D9A8F10203214443EA0040A0FB0298DD
:1003A000A1EB0E014145CE46434602D306D14D4551
:1003B00004D2B9EB020E68EB04030138002EA6D07C
:1003C000B5EB0E0261EB030101FA0CFC22FA07F314
:1003D0004CEA0303F940C6E9003198E74046C5E717
:1003E0004346D9E72DE9F04F97B002AF3A4D284682
:1003F00007F07EF80346C0B96C4688B0296802AAA7
:100400003648C2E905014FF400719183344942F83E
:10041000101F34484FF4E25101F00CF8A5464FF09C
:10042000FF305437BD46BDE8F08FAB682E491B68DE
:1004300028469847002807DA2C4A009000232948CC
:10044000012106F049FDEAE7294C2269A1681368F9
:1004500043F4005313600B68264A0D212046984749
:10046000031E33DBDFF89090DFF878A007F118085F
:100470000026C34614220021381D07F026FA022365
:10048000C7F80C803B61AB68391D5B68284698470C
:10049000031E04DA01214A46504606F013FD0136D8
:1004A0001C2E08F10208E5D13146584600F028F824
:1004B0000028DBD023691B689B04A3680C4854BF49
:1004C000DB681B694FF400519847CFE70B4A05489A
:1004D000012106F0F7FCA2E7A47A0000E08000000A
:1004E00003000001387C0000BE7C00000481000095
:1004F0007C7A0000010002004C8100002581000090
:1005000010B5BEB003AC2023064A009405F09BFF53
:100510000549EC22204607F0E0F9B0FA80F04009E6
:100520003EB010BDCC7C00004C7D00002DE9F04FAA
:1005300091B08407009302F004030293C2F3C20354
:1005400003F10103DDF86890039205460E4605931A
:1005500040F0BA81041D30B1072909D86FF01B00A3
:1005600011B0BDE8F08F01F00706341DC6F1080692
:10057000009B4FF00008591E4FF0040A4FF0FF3364
:100580000193CDF810804746C34653460DB1009AFB
:1005900022600598002800F3E8809848009A82427B
:1005A00003D397488242C0F0E080039AA4EB050E83
:1005B00092074FEA9E0000F103810F2F00F2B180F5
:1005C000002D00F0058107F140020DEB020C019AAD
:1005D0000CF8200C0CF8102C049801300490E7E083
:1005E0007A285DD84B280ED8472859D829282DD8E5
:1005F000252852D054D820287AD02338D0F1000BA7
:100600004BEB000B74E04C382E2849D8DFE800F0A3
:100610007048484848484848484848484B4848482F
:10062000484848484859484B4B595959704B6D48B0
:100630007048184B184848827F4B48484B487F0009
:1006400000204FF0000B4FF0040A38E02A38C0B207
:10065000012202FA00F010EA0E0F49D110F0625C9C
:100660002FD110EA020B43D06046013C5444B4FB46
:10067000FAF40AFB04F4002D61D0A3EB050CA444AA
:10068000B4453FF66BAF002868D1042B47D159F829
:10069000043B2360043404232AE0019A013A0192C6
:1006A0004FF0000B24E011F8010C6C2834D111F844
:1006B000023C00206C2B8346C5D14FF0080A5346FC
:1006C000D3E709F1070929F007090734F9E802AB74
:1006D00024F0070435B106982044B0423FF63EAFFF
:1006E000C4E900AB08344FF0000B4FF0080A534642
:1006F00011F8010F002878D0BBF1000F7FF470AF24
:100700002528F5D1019B013301934FF0010B4FF0E8
:10071000040AECE7584694E700208346A5E7082B37
:1007200002D06FF015001BE709F1070929F007094E
:10073000F9E80223C4E9002308340823D8E768B99C
:10074000042B02D109F10409A4E7082BE9D109F12E
:10075000070929F0070909F10809EDE7059A013AA7
:10076000059259F8042B009210E7039A900720D5C0
:10077000A4EB050E4FEA9E004FF0010CBEF5007F82
:10078000CFD20F2FCDD8F5B107F140020DEB020EFD
:10079000C0B2019A0EF8200C0EF8102CBCF1000F1C
:1007A0003FF41AAF60F07F000EF8200C08F101084A
:1007B0000137C5F10802043406924FF6DA7E97E756
:1007C0004FF0000CDAE7BCF1000F01D00136EFE783
:1007D000029802360028EBD10098CDE90631FFF7E8
:1007E000A9FCDDE906310644E2E7631BB3F5806F3F
:1007F00097D23DB9A6F10804E018B1E6E47900000B
:100800007C8B0000029A28609B082B709DF81030AA
:10081000C2B1EB7085F80280B8F1000F05D008A8CE
:100820000022C5F1010C97420ED1C5F101030DF173
:1008300020094FF0000A01930DF1300B574512D1FA
:10084000601B8DE66B70E5E710F8013B190608D5D3
:1008500004EB0C0EB64503F07F033FF67FAE04F8C1
:10086000013B0132DFE7B8F1000F03D099F9002016
:10087000002A17DB029BD3B11AF80B2004F8012BD6
:100880000022019B98182044B0423FF667AE99F8C9
:10089000000004F8010B00990392204607F007F8C6
:1008A000039A14440AF1010A09F10109C6E799F80B
:1008B000002055F822300093029B45F82230009822
:1008C000FFF738FC421CDCE76FF00D0048E600BF84
:1008D0002DE9F04F97B000AF90F802A0D7F880B0A4
:1008E0003B62CBF3C0030446FA62BB61894641B95F
:1008F000457800780AEB800020444D4517D8A0EBDE
:100900000409E378FB61BAF1000F02D01BF0010F7C
:1009100016D1FB6953BBFB6A1BB13A6A49462046B4
:1009200098474D4628465C37BD46BDE8F08F461CCB
:100930003046FFF7FFFB0130304409F10109DCE7E5
:10094000237862687A62FA6A9900796104EB83011C
:10095000002A40F000814D460E4601EB0A094FF097
:1009600000084E454CD101EB0A0610E01BF0020FC7
:10097000D1D023789A007A6162687A62FA6A04EBCD
:100980008301002A77D14D4601EB0A0690461BF001
:10099000050F0CBF02230123FB62FB6906EB430A30
:1009A0000BF00203BB625645BCD016F8021B16F8CA
:1009B000013C54F82390AF4B994502D3AE4B994577
:1009C00036D3BB69002B40D0786A05F06EFE002854
:1009D0003BD0E9468AB06A46A84B53617B6AC2E9BC
:1009E00006314FF400731384A54B42F8103FA5481D
:1009F00000234FF4125100F01DFD023DCD46D2E719
:100A000016F8013BF96254F82300FFF793FBD7F87F
:100A10008430F96A01304BB1D7F8883098453EBF31
:100A2000D7F8843023F8180008F10108054498E746
:100A3000BB6923B1786A05F038FE0028C9D11BF0E4
:100A4000010F05D1FB6AED1AADE7BB6A002BAAD0F6
:100A50004846FFF76FFBD7F8843053B1D7F888309A
:100A600098453FBFD7F88420431C22F8183008F17E
:100A70000108054497E7BAF1000F72D01BF0040695
:100A800072D0D046002607F1480052463B61B96259
:100A900006F00DFFB96A3B6901EB0A02BA62FA6916
:100AA000F9695200FA60BA6A02EB41023A610BF04E
:100AB0000202BA603A69B96A8A4257D162787A62A8
:100AC0001BF0020F32440CBF4FEA580100211BF00B
:100AD000010FD2B240F09F801BF0040F14BF4046BC
:100AE0000020BB616270A070E1703A6A7969FB6AAC
:100AF00020469847051EFFF615AFBB6923707B6A39
:100B00006370FB69E37041463A6AFB6A84F802A0AD
:100B100007F148009847B0F10008C0F2B5807B6942
:100B20003A6AA9EB0A01C91AFB68C91AD7E90A038C
:100B300098470028C0F2AA80A84408EB00054FF0AF
:100B4000000B07F1380AB34567D300213A6AFB6A04
:100B500008469847E6E656464FF0000807F1380089
:100B600093E75646D04697E7B04695E7BA6A12F83B
:100B7000021BBA6212F8015C3E4A54F8250090420A
:100B800002D33D4A90421ED3BA6932B1786A7B6083
:100B900005F08BFD7B6800288CD1BA6802BB08F198
:100BA000280207F1300C08F10100944407F15802C3
:100BB00052FA80F008F102080CF8101C5FFA88F86D
:100BC00000F8105C76E7BA693AB1786A7B6005F0A4
:100BD0006CFD7B6800287FF46DAF1BF0010F09D01E
:100BE00006F1280207F13000711C161806F8205C87
:100BF000CEB25FE71BF0040F3FF45CAF08F12802B0
:100C000007F1300008F1010102EB000808F8105C60
:100C10005FFA81F84EE7002063E71BF80A3087F897
:100C2000373054F82390D7F88430FBB133F81B8069
:100C30003A6AFB6A012107F137009847002825DB53
:100C40000544B8F1000F06D14846FFF773FA00F1EA
:100C500001081FFA88F83A6AFB6A414648469847F5
:100C6000002813DB05440BF1010B6CE7D7F88480F7
:100C7000DEE700BFE47900007C8B000065810000A6
:100C800004000001487C000045464BE6054649E665
:100C9000014B1860704700BF6005002080B5054615
:100CA0000E461746984604F0C5FC034606F090FE33
:100CB000DFF81890044649F800304246304639467D
:100CC000A84754F8090001F047FB00BF08000000E6
:100CD0002DE9F047058B04462807904611D40229D8
:100CE00005F0070540F0CC80204605F070FF78B194
:100CF0000138218B042811D8DFE800F0C2106D857F
:100D0000950001290CBF45F0100545F0200525830D
:100D100088F31188BFF36F8FBDE8F08701F0070AF1
:100D2000AA4500F0A5800027B9463E46A368002BDF
:100D300000F0BC8041F00801218388F31188BFF3E3
:100D40006F8FA168002900F0BA800D68002900F0BB
:100D5000B680D1F80480334652462046C047002D65
:100D600076D02B6829461D46F0E701F007035A1F8D
:100D7000012A1BD8002221F00701062B276889B21F
:100D8000C4E9002209D13B4603E0628B0132628351
:100D90001B68002BF9D141F002012183204605F0A8
:100DA00016FF00287AD041F0200176E0042B0AD10A
:100DB00021F0070189B22183204605F008FF10B118
:100DC00041F020012183218B01F0070AAA454FD071
:100DD0000027B946AAE7236921F0070141F006017F
:100DE000062DD3F8009021832DD1B9F1000F3FD00B
:100DF00041F00801218388F31188BFF36F8F3A49CE
:100E00002046C84729E021F00701236941F0040189
:100E100089B2042DD3F804902183E6D000273E4602
:100E20004FF0040A82E721F00701236941F0050130
:100E300089B2052DD3F808902183D6D000273E46ED
:100E40004FF0050A72E700273E464FF0060A6DE7AD
:100E50002B4687E7B9F1000FD1D1EFF3118820239A
:100E600083F31288BFF36F8F238B23F00803238350
:100E7000258BEA062ED525F01003238305F0070500
:100E80006669218B002EBFF670AF00232768C4E986
:100E9000003321F0070141F001012183218B01F092
:100EA000070AAA454FF000097FF440AF002F9CD0FD
:100EB00041F00801218388F31188BFF36F8F002F61
:100EC000C8D03D68394633465246204605F0ABFE51
:100ED0002F46F4E7AB067FF51BAF25F020032383F5
:100EE00005F0070500E700BF536C00002DE9F0474F
:100EF000DFF85880044607464FF0010914B9384618
:100F0000BDE8F08794FAA4F5B5FA85F509FA05F37A
:100F10002E0108EB05156FEA030A24EA03042B7B74
:100F2000002BEBD058F806301B694BB9464404221D
:100F300073682846196807EA0A0700F067FADDE7D0
:100F4000284698470028D9D1F0E700BF907C0000E0
:100F500030B51049104889B0002206F080FC0F4DD2
:100F60000F4900220023CDE9062300240E23CDE9FA
:100F70000334CDE901440B4B00944FF440722846F2
:100F800004F08AF80849284606F05BFB204609B0C1
:100F900030BD00BFAD0F0000D80B0020500700206F
:100FA00040160020B112000019820000014803F031
:100FB000DDBF00BF3C0700202DE9F04780461F48F9
:100FC0000F4605F0F0FE0646002830D000252846E2
:100FD000BDE8F087237B6BB12368DB680BB120464B
:100FE000984723681B69D3B96368042219682046AF
:100FF00000F00CFA013610344C45EBD3B8F1000F79
:10100000E5D0002DE2D02846FFF770FF0546002FFF
:10101000F7D000214FF4A47004F0EEFAF1E7204677
:1010200098470028E0D00AFA06F31D43E2E7044C93
:10103000DFF8109005464FF0010ADDE7E00D0020D3
:10104000907C0000B07C0000014B53F820007047FA
:101050004C7E000008B5034608462BB1044A1360D5
:1010600000F07EFC002008BD6FF01500FBE700BF1C
:101070006405002010B5044C237813B9034803F02D
:1010800075FF0123237010BD0C1600203C070020C3
:1010900010B504460B4805F086FE5CB1BFF35B8FCC
:1010A000094B53E8001F013943E80012002AF8D128
:1010B000BFF35B8F054806F0DEFB0548BDE8104036
:1010C00003F054BFD80D0020DC0D0020D80B002009
:1010D0003C0700200020064BBFF35B8F014653E81E
:1010E000000F43E80012002AF9D1BFF35B8F70476D
:1010F000D80D002070B5FFF7EDFF084C084E0546EF
:10110000B44200D370BD63685B792BB123685B6820
:1011100013B12946204698471034F1E7907C00002F
:10112000B07C000010B5044C0449204605F0EBFBF0
:10113000034B1C6010BD00BF9C060020387E0000E1
:10114000D00D0020084A094808B500231370084A4A
:101150001360084A4FF400411360FFF77BFFBDE8BE
:101160000840FFF7DFBF00BF0D160020A36D000091
:10117000D80D0020DC0D002001460022014800238C
:1011800005F0E2BB9C060020014805F078BC00BFDA
:101190009C060020024B0146186805F0C4BC00BF45
:1011A000D00D0020014805F0F9BC00BF9C060020CE
:1011B00070B5284B187800284BD0FFF7E5FF05469F
:1011C00090B1BFF35B8F244B53E8001F013943E814
:1011D0000012002AF8D1BFF35B8F204C204EB4429E
:1011E0002DD32846FFF7D6FF1E4B1F4C1B68002B44
:1011F00019DD06F032FB4FF47A72A0FB020302FB0A
:101200000131C30BD4E9002043EA41439B1A4FEA62
:10121000D13140F2E93261EB0001934271F10001FA
:1012200001D3FFF767FFD4E9003213F57A7342F177
:101230000002C4E90032BDE87040FFF7B3BF636845
:101240005B7923B1236829461B68204698471034F0
:10125000C5E770BD0C160020DC0D0020907C00005E
:10126000B07C0000D80D0020D00B002070B50D4DD3
:10127000297861B90120FFF79FFE0B4C0B4EB44259
:1012800006D3FFF795FF0028FBD101232B7070BD1B
:1012900063685B791BB1236820469B6898471034CC
:1012A000EDE700BF0D160020907C0000B07C000030
:1012B00000212DE9F0470846FFF77EFE044658B3AB
:1012C00040F267684FF0000906F082FB1B4B1C4A96
:1012D0001B58136033B11B4B1B68092B02DD1A48E6
:1012E00003F044FE194FDFF860A0002544B120460A
:1012F000FFF7FCFD044618B94FF0FF384FF0FF39F7
:10130000FFF756FF064628B9B5B942464B46504648
:1013100003F050FE3546E9E74FF0FF384FF0FF3954
:10132000D2E72B689B691BB10022114628469847DB
:101330001035BD42F5D3E8E7054DFAE70800000097
:10134000D40D0020DC0D00203C070020B07C000004
:10135000907C000013B5184805F025FD174B1B784D
:1013600073B1EFF31184202383F31288BFF36F8FDF
:10137000FFF71EFF84F31188BFF36F8F02B010BD1B
:101380000F4B1B68002BF9D050B900220023CDE988
:1013900000230C484FF40042002304F0A1FBEDE7CA
:1013A0000928EBD1074806F066FA074802B0BDE805
:1013B000104003F0DBBD00BFDC0D00200D16002047
:1013C000D40D0020D80B00203C07002010B5064BA0
:1013D0001B68044698472146A060044805F030FB8E
:1013E000BDE81040FFF7B6BF640500209C06002052
:1013F000044A054B9B1AB1EBD30F34BF52F83100AE
:1014000000207047387C0000907C0000084BC31A15
:1014100010B41B1144680133237143689A71436807
:101420001960436801225A7110BCFFF723BE00BF48
:10143000907C00002DE9F04F8FB004AFC1F34A2833
:10144000B8600D4691467B600C0DB8F1000F63D07B
:10145000002607F114034FF0040B4FF00A0AC7F8F7
:101460000C80C7E907667E620193CDF808B0CDF81D
:1014700000A007F11C03F96832464846FFF728FA36
:10148000B0F5006F03461CD36C468AB0D9F804103F
:1014900004AB2648C3E9050140F2FF71D9611A4641
:1014A0004FF400711984224B42F8103F2148334613
:1014B0004FF41251FFF7BEFFA5462C37BD46BDE8DD
:1014C000F08FC0F30A0804F11700184420F0070059
:1014D00080083B60FFF750FE68F35325044690B147
:1014E0003B68154AC7E9083600F1100107F11403FB
:1014F000F961CDE900A3CDF808B0F96807F11C0344
:101500004846FFF7E5F968F353257B68B9682A4632
:10151000204605F07EFCD0E704F1170020F007001C
:101520008008FFF729FE0446EDE700BF2E82000089
:1015300004000001587C0000E76D00002DE9F04F29
:1015400087B0DDE91279DDE9105A0446039193462C
:101550009846BFB1CDF800903B465246102100207E
:10156000CDF81490FEF7E2FFB0F5006F06460AD3FF
:10157000184A194840F2FF73022107B0BDE8F04F46
:1015800005F0A0BC3E4605F11700304420F00700EE
:1015900004F007048008FFF7EFFD0BF0070BE400F1
:1015A00044EA8B1444EA462444EA0554054640B113
:1015B0003FB1CDF800903B46524631461030FEF721
:1015C000B5FF039943462246284607B0BDE8F04FD1
:1015D00005F01FBC6D820000587C0000406820B1FF
:1015E000034BC01A40F3CF0070474FF0FF307047F5
:1015F000387C00000EB403B503AB014653F8042B4E
:101600000448019301F074F902B05DF804EB03B0F3
:10161000704700BF276F0000CA0605D48B064CBF79
:1016200002490349FFF7E6BF704700BFA6820000EA
:10163000A58200002DE9F04F89B09B46149B0693CC
:101640009DF84CA0159B0593169B179E049304468A
:101650000D469046BAF1000F00F09D8006F48073AD
:10166000079305F0BEFB06F00209024600283ED0B3
:1016700091492046FFF7BEFF0746B9F1000F08D099
:1016800016F0440F35D18D492A462046FFF7B2FFA8
:10169000074406F0010353B1894B8A4953F82A20C5
:1016A000894B2046002A08BF1A46FFF7A3FF06F41D
:1016B0008073002B49D006F00803002B63D1B8F1EA
:1016C000000F66D0814942462046FFF793FF05464A
:1016D000069B3D44002B6DD1049B002B73D1F30777
:1016E00000F1E48031462046FFF796FFD8E0074638
:1016F000C3E7774B18680028CAD0764B4FF47A7945
:101700001B68B5FBF3F54FF46161B5FBF0F300FB2B
:10171000135509FB05F54FF03C0CB3FBF1F201FB4F
:101720001231B5FBF0FEB1FBFCF300FB1E550CFBC8
:10173000131109FB05F50091B5FBF0F56649CDE9FC
:1017400001E52046FFF756FFA2E706F00803EBB1DC
:10175000624B634953F82A202046FFF74BFF0546AA
:10176000B8F1000F05D0594942462046FFF742FF25
:101770000544BBF1000FABD05A495A462046FFF74B
:1017800039FF0544A4E74FF0000BE1E706F0080538
:10179000E6E745469CE7BBF1010F069B06D1002B0F
:1017A00064D1049B002B7BD000250CE0002BF8D0EB
:1017B0004D485CE04D48069B4D49224604F044FFED
:1017C000049B002B68D0DFF82C81DFF82C91049F5C
:1017D0003146102F204628BF1027FFF71DFF4FF07E
:1017E000000B5D4545DC059B49461A782046FFF70E
:1017F00001FF4FF0010B1BF0070F03D141462046BC
:10180000FFF7F8FE5F453BD9059B494613F80B20CF
:101810002046FFF7EFFE0BF1010BBBF1100FEAD1F1
:10182000364920464FF0000BFFF7E4FE5A46059B71
:101830009A5CA2F120015F2928BF2E223049204660
:10184000FFF7D8FE0BF1010BBBF1100F1DD01BF001
:10185000070F03D141462046FFF7CCFE5F455A46AD
:10186000E5D841462046FFF7C5FEEBE71F48554641
:10187000A1E741462046FFF7BDFE0BF1010BB0E7A3
:1018800020492046FFF7B6FEC5E7059B3B4405937C
:10189000049BDB1B04939AD1BAF1000F7FF41FAFB6
:1018A000204609B0BDE8F04F05F030BB064A0549B7
:1018B0002046FFF79FFE15E7AD820000B1820000D1
:1018C0005C7E0000D6820000A8820000D982000061
:1018D000E80D0020E40D0020BA820000707E0000B8
:1018E000DD820000E38200005D6F0000276F0000D2
:1018F000F1280000F0820000E8820000F28200007F
:10190000F4820000EE82000073B542F20F738B4246
:1019100028BF0B4605680F4A04460521684604F0B7
:1019200009FB63680C495B6806460B22284605F0F4
:10193000DFFA63683246694628465B6805F0D8FAE4
:10194000636806495B681B22284605F0D1FA02B09D
:1019500070BD00BFCA84000013830000F78200003E
:10196000074A00210123904206D8064A01B9012303
:101970001360054B1860704740085B000121F2E7D7
:1019800040420F00E40D0020E80D0020014B012231
:101990001A7070470E160020014B00201960704726
:1019A000000E00200148FFF7AFBF00BFA07E00007F
:1019B00010B5064B18680C46FFF746FB2146034658
:1019C000BDE8104002480F22184700BF000E00205B
:1019D000A07E0000F8B5094D094B0A4ED5E9004735
:1019E00001221A700CB92C60F8BD214630463A46E7
:1019F00000F01EF8241A0644F4E700BFF40D00209E
:101A00000F1600201016002010B9074B18707047F1
:101A1000064B1B781BB141F2883005F064BDA42051
:101A2000002103F0E9BD00BF0E1600200F160020B4
:101A30002DE9F843DFF874901D4F80460E460424CC
:101A400099F8005095B902F0DDFF2846324641462C
:101A500002F08AFF054602F0DFFFE5B101233B708B
:101A600099F8003073B93046BDE8F88332464146F4
:101A7000002002F079FF0546EFE72046FFF7C4FF9C
:101A8000651E2C46002002F0B3FF0028EBD03B7807
:101A9000002BF2D1E7E73B78002BE4D0013C204655
:101AA000FFF7B2FF3B78002BCAD1DCE70F1600200E
:101AB0000E160020F8B5074F0D4604464618B442EE
:101AC00001D12846F8BD14F8011BBB6801485B68CA
:101AD0009847F4E7907A0000014B036000207047BC
:101AE000E47E000008B5044804F006FEBDE80840A6
:101AF000024804F001BE00BF698300009E8300001D
:101B0000014804F06FB800BFE47E000038B5044619
:101B100018B90F4B0F485B6898476168B1F5683F8B
:101B200010D0B1F5680F0DD00B4DA9420AD011F4B9
:101B30006861206807D00146084805F031FD0023A0
:101B40002360656038BD142205F0BFFEF9E700BFD1
:101B500030060020CC8300002C5F5CA928130020F5
:101B600008B520B34368B3F5683F10D1012203687C
:101B7000BFF35B8F53E8001F002903D143E8002027
:101B80000028F7D1BFF35B8F0DD1002008BD094AB3
:101B900093420AD000684FF0FF324FF0FF3303F05A
:101BA00031F90028F1D00448F0E70448EEE76FF47B
:101BB000E040EBE72C5F5CA9E98FFFFFEA8FFFFFB6
:101BC00008B5D8B14368B3F5683F10D10022036867
:101BD000BFF35B8F53E8001F012903D143E80020C6
:101BE0000028F7D1BFF35B8F0BD1002008BD074A57
:101BF000934208D0006803F07DF9F6E76FF4E04007
:101C0000F4E70348F2E70348F0E700BF2C5F5CA964
:101C1000E98FFFFFEA8FFFFF10B5044618B91D4B8F
:101C20001D485B6898476368B3F5683F2FD0B3F5EC
:101C3000680F2CD0194A934219D1236803BB184866
:101C40004FF0FF324FF0FF33214603F0ADF808B9F3
:101C500023681BB90F4B13485B6898472068142210
:101C6000002105F032FE4FF46863636008E0B3F5CD
:101C7000683F0DD83A2B03D040F6BA629342DED1CA
:101C8000206805F0C5FC636843F03A03636010BD4B
:101C9000054AF3E730060020CC8300002C5F5CA9E6
:101CA00028130020F28300003A00003A08B50649E4
:101CB00006484023142205F065FCBDE808400449AD
:101CC000044804F001B800BF280E002028130020AB
:101CD000EC7E0000007F00002DE9F047064600AFD3
:101CE0000C46002936D0E9468AB0D1E90012A36833
:101CF0006D462148A8464FF0050AC5E90501C5E92A
:101D0000072348F810AF1D48424600234FF42151E5
:101D1000FFF790FBCD46D4E903126369AD4618483E
:101D2000C5F810A0C5E90501C5E90723134800233C
:101D300042464FF42151FFF77DFBCD46E369114A3E
:101D40000E48012105F0BEF8A3690F4A0B48012196
:101D500005F0B8F8012E07D1EFF305830B4A0748C9
:101D6000103B314605F0AEF82146304602F06AFEDF
:101D7000BD46BDE8F08700BF1F840000787C0000EE
:101D80004E8400007D8400008C840000BA84000032
:101D900030BFFFF7FDBF00BF2DE9F0410B4EDFF86C
:101DA000308006EB0807CC1B054632460949204621
:101DB00005F07DFDA01942460021083C05F085FD97
:101DC0002C6707F10800BDE8F08100BF00000000AB
:101DD00004000000B07C0000074A936893F90E10DD
:101DE000002907DB526993421FBF044A536843F03E
:101DF00080535360704700BF0414002000ED00E0E2
:101E000070B5294C06460D462848294905F02EF99B
:101E1000A36AD9043CD52548264905F027F917209F
:101E2000A36A1A0504D52148234905F01FF9182093
:101E30001D4CA36A9B0512D51C48204905F016F9D4
:101E4000A36BA26A100409D51D4A1848012105F0A8
:101E500039F81EB1A36A23F40043A3621920124C7F
:101E6000A36A590504D51148164905F0FFF81A2050
:101E7000A36ADA050ED50D48134905F0F7F81B20C3
:101E8000094A936A43F47F43936200232B7070BD29
:101E90001620C5E7A36A9B04F2D504480B4905F058
:101EA000E5F81C20ECE700BF00ED00E0787C0000C6
:101EB000CD840000E3840000F48400000785000066
:101EC00020850000358500005085000068850000F1
:101ED00010B5204C2049214805F0C8F8A36A9901A3
:101EE00036D51E481E4905F0C1F81E20A36ADA0146
:101EF00004D51A481B4905F0B9F81F20154CA36AF0
:101F00001B0304D51548184905F0B0F82120A36A31
:101F1000590304D51148154905F0A8F822200D4CA5
:101F2000A36A9A0304D50D48114905F09FF82320B0
:101F3000A36ADB0304D509480E4905F097F824206D
:101F4000044A936A6FEA03436FEA1343936210BD36
:101F50001D20CBE700ED00E097850000787C0000B5
:101F6000AF850000C2850000DC850000FA85000016
:101F70001F860000398600002DE9F843364D804663
:101F8000894636483649174605F070F8AB6ADE06D2
:101F900027D53449314805F069F81124AB6A1D078B
:101FA00004D531492D4805F061F812242A4DAB6A59
:101FB000980718D52D49294805F058F86E6BAB6A7B
:101FC000190646D52A4A25483346012104F07AFFEE
:101FD000B9F1000F03D0AB6A23F08003AB62132486
:101FE00003E01024DAE76FF015061B4DAB6ADA0741
:101FF00004D52049194805F039F81424AB6A9B062A
:1020000004D51D49154805F031F81524124B9A6A7C
:10201000D50602D49A6A90070AD55B68190507D5D8
:102020004146304600F080FA10B180F3098802245E
:10203000094B9A6A920642BF5A6A22F400525A62C7
:102040009A6A42F0FF029A6200233B702046BDE884
:10205000F8836FF01506C2E700ED00E0787C000021
:10206000648600007A860000F4840000AD860000DB
:10207000C5860000DB860000688500002DE9F04180
:10208000664B8AB0D3F8048000AF0446C8F3080555
:10209000002686F31188BFF36F8F02F07F43B3F100
:1020A0007F4F07D102F00C03082B12D15C495D4829
:1020B00004F0DCFF002634460023FB71EB1E092BE5
:1020C00000F28A80DFE803F00A80837D88888888B0
:1020D000888610074CBF0C460126EDE7524951484F
:1020E0004E4D04F0C3FF0023FB71EB6A9A0705D540
:1020F0004E494C4804F0BAFF002333E0EB6A002B52
:1021000001DA4B49F5E7EB6A5B00F5D549494548EB
:1021100004F0ACFF6B69A26943F480736B61BFF399
:102120004F8FBFF36F8F6B6932F8022C23F48073EB
:102130006B61BFF34F8FBFF36F8F4DF602739A42FF
:1021400009D0AB6ADBB27BB3FA1D01212046FFF751
:1021500013FF034606E02368374A3248012104F0A2
:10216000B1FE2368FA79DAB907F1080504F1200C09
:10217000206861682A4603C2083464451546F7D1D1
:102180007A6A002E44D0C2F3080121B96FEA5222C4
:102190006FEA42227A6207F108011846FFF79CFDB8
:1021A0002837BD46BDE8F081AB6A13F47F4F04D0F9
:1021B000F91D0120FFF724FECBE7AB6AB3F5803FA2
:1021C0009AD3FFF785FEC4E7FA1D0021BEE7F91D8B
:1021D0000020EFE719498CE7194A1A4B18F4F87FE9
:1021E000E8468AB018BF13466A461749C2E9051384
:1021F0004FF400731384103D144BD56142F8103F27
:10220000084800234FF41151FFF714F9C54673E74E
:1022100022F4FF7222F00102BCE700BF00ED00E0F3
:1022200028870000787C0000538700006A87000040
:102230008B87000099870000B8870000D4870000D2
:102240000F870000FA860000F887000004000001F4
:10225000044B5A6942F010025A615A6922F008028E
:102260005A61704700ED00E0EFF30880EFF3098159
:1022700001B57246FFF702FF01BD00BF002080F3E9
:102280001488BFF36F8F01F015FD00200D49086021
:10229000BFF34F8F0C4880F3088800F02BF8202004
:1022A00080F3118809484FF40461401880F30988CD
:1022B000EFF314800221084380F31488BFF36F8F7B
:1022C00000F0FAF894ED00E040270020801900208B
:1022D0000749D1F890200023C2F307221846934201
:1022E00000DB7047C1F89830C1F8A0000133F6E771
:1022F00000ED00E008B572B6002383F31388FFF702
:10230000E7FF144B4FF0FF32C3F88020C3F884205E
:10231000C3F88820C3F88C20C3F89020C3F8942019
:10232000C3F89820C3F89C20C3F88021C3F8842107
:10233000C3F88821C3F88C21C3F89021C3F89421F5
:10234000C3F89821C3F89C2162B6BFF34F8FBFF347
:102350006F8F08BD00E100E0084B9B6883420BD102
:10236000EFF3058343B1064B5A6842F080525A603E
:102370005A6A22F400425A6205F034BA041400206A
:1023800000ED00E0094A93686FF00A019967084977
:1023900058674B6843F080534B60002383F31188E8
:1023A000BFF36F8F9368986F704700BF04140020CD
:1023B00000ED00E010B50446EFF31183202383F312
:1023C0001288BFF36F8F0A4B58699860094B4FF022
:1023D00000625A60084B026F1A600022436F426726
:1023E00083F31188BFF36F8F00F006F9204610BD0C
:1023F0000414002000ED00E0441300200B498A681B
:102400004FF030001044EFF3098C80E8F01F744661
:102410007046FFF7CFFFA64604498A6802F13000F4
:1024200090E8F01F8CF30988704700000414002026
:102430001EF0040F0CBFEFF30880EFF309808169F1
:1024400011F8021C0229FFD001B504F004FE01BD01
:1024500040B2002807DB044A4109012300F01F00B5
:10246000834042F82130704700E100E0054B42090B
:1024700000F01F0053F82220012303FA00F010405F
:10248000704700BF00E100E040B20028A8BF00F1A3
:10249000604001F10101B8BF064B4FEA4111ACBFEA
:1024A00000F5614000F00F00C9B2B4BF195480F8C4
:1024B0000013704714ED00E00B4A08B50B4B22F0F7
:1024C0007F029A60BFF34F8FBFF36F8FD3F88820DE
:1024D00022F47002C3F8882002F0A0FB03F036F962
:1024E00000F060F802F0DEFB0000000000ED00E00C
:1024F00042F8203C009B42F81C3C0A49019B42F8F0
:10250000183C029B42F8143C21F001014FF080730B
:1025100042F8043C42F8081C0023203A0265436755
:10252000704700BF9D0C0000094A0346906870B1D7
:1025300013F1160F006E05D0A0F140029A4205D8A3
:10254000834203D2814228BF002070470020704799
:102550000414002008B515460B4A0C4B9060026F1E
:102560001A600E4600F048F82C4686F309884FF0B2
:102570000000074B984720464FF000014FF0000243
:102580004FF00003034C20470414002044130020A4
:102590007D7000009D0C0000014B10221A617047F5
:1025A00000ED00E0044800232021C2180133302B45
:1025B00082F80013F9D1704700E100E008B5EFF3AD
:1025C0000583064A103B02EBC30152F83300496809
:1025D0008847BDE80840FFF7FFBB00BFB87A00009E
:1025E000024B034A0348012100F08AB8000004208E
:1025F00000000020107F0000026E054B403A1A6078
:10260000044A4021C3E901121846012100F082B8B2
:102610004813002000000B1508B503461048D0F8F9
:102620009020C2F30722013A934207D90D480E4A7F
:10263000012104F047FC6FF0150008BDC0F8983088
:102640000A6822F01F021A4342F01002C0F89C20D0
:102650008A6842F00102C0F8A0201846EDE700BFEA
:1026600000ED00E0707C00000F880000F0B50E4621
:1026700085B01F4604460025B5420DDA606810B3E8
:1026800097B1431E18420AD0104A11482B46012127
:1026900004F018FC6FF01502104605B0F0BD1F28BD
:1026A000F2D921680B42EFD12368019304F009FDB0
:1026B000A36801A90343D0B20393FFF7ADFF10F164
:1026C000160FE7D0421C01350C34D5E735880000E1
:1026D000707C0000044B0522C3F89420BFF34F8F99
:1026E000BFF36F8F704700BF00ED00E0BFF35F8F57
:1026F000024B0022C3F89420704700BF00ED00E0B9
:1027000010B5034C01232278FFF7B0FF207010BDF5
:102710002116002008B50B4A00231278FFF7A6FF08
:1027200010F1160F07D0084A0021D2F89030C3F3F9
:102730000723984200DB08BDC2F89800C2F8A01039
:102740000130F2E72116002000ED00E02DE9F04312
:1027500057485849D0F890300D68C3F307239D427D
:1027600085B000F2A180FFF7C1FF496800229542C1
:1027700001F10C011AD1504C504F25706846FFF7FB
:10278000ABF9DFF83C81DFF83C9106460025AE420C
:102790001FD1237846490020D1F89020C2F30722A8
:1027A00093427BDBFFF796FF00204CE0C0F89820B7
:1027B00051F80C3C23F01F03134343F01003C0F8FF
:1027C0009C3051F8043C43F00103C0F8A0300132C2
:1027D000CDE7009800EB05114FEA051CCB683B40A4
:1027E000B3F5000F44D00AD8B3F5001F2ED0B3F5CF
:1027F000800F34D0B3F5801F10D00135C7E7B3F197
:10280000807F3ED0B3F1007FF7D150F80C3088685C
:102810004A6804F056FC40F4802009E050F80C307F
:1028200088684A6804F04DFC40F0885040F430203D
:10283000039001A92078CDE90123FFF7EDFE0028E0
:1028400028DA6FF0150005B0BDE8F08350F80C30C1
:1028500088684A6804F035FC40EA0800E8E750F868
:102860000C3088684A6804F02CFC40EA0900DFE775
:1028700050F80C3088684A6804F023FC40F08270FD
:10288000D6E750F80C3088684A6804F01AFC40F02B
:102890008870CDE7237801332370AEE7C1F8983014
:1028A000C1F8A000013377E74FF0FF30CBE700BF5E
:1028B00000ED00E01C7F0000211600200000F0FF6A
:1028C000000008110000020708B5024B1B6898477A
:1028D000002008BD54130020034B044A186093786D
:1028E00043F00203937070475413002090050020BA
:1028F000F0B587B007460E46144600211022684600
:102900001D4604F0E2FF02238DF802302A46054BF3
:10291000019321466846CDE9047603F037FB07B002
:10292000F0BD00BFE370000008B50649064821F07D
:102930000701C1F1005202F5802203F02DFE0020B4
:1029400008BD00BF87270020581300200E4A01232E
:10295000C2F840354FF080424FF08051C2F87835D0
:10296000D1F83001082808D1D1F83411052904D84C
:102970000648415C09B1C2F838364FF08043012265
:10298000C3F880250020704700E001406788000000
:1029900020B1034B800143F001031847704700BF8B
:1029A000B07C0000054B0122C3F8002590F876109A
:1029B00009B1DA6070471A605A60704700700040D1
:1029C0002DE9F0410E798D7906F01F03072B1DD8F4
:1029D0000C780B2C15D8DFE804F00707070714065E
:1029E00014140E10141204244A78032A12D0042A54
:1029F0001ED0424A06E00524F6E70624F4E7072441
:102A0000F2E73F4A3F48012104F053FA6FF0150006
:102A1000BDE8F08101204A8844F20A07BA4259D839
:102A200043F6FE77BA4205D8002A61D0364AE9E774
:102A30000020F0E7A2F57F523F3A0B2AF6D801A713
:102A400057F822F0F92A00002D2A00002D2A000054
:102A50002D2A0000752A00002D2A0000D12A00002E
:102A60002D2A00002D2A00002D2A00002D2A00000A
:102A7000F12A00000022254F4FF00108000397F8CB
:102A800098C008FA03FE40EA042016F020065FFA18
:102A90008EFE40EA02404FEA031214BF2CEA0E0CED
:102AA0004CEA0E0C02F1804287F898C002F5E04231
:102AB00018BF46461F44497987F8901040EA0650EF
:102AC000C2F818050020C2F81005C2F814559FE797
:102AD0000122D0E744F21407BA420BD044F228078F
:102AE000BA4209D044F20F07BA429FD10322C2E78B
:102AF0000222C0E70422BEE70522BCE7908800005E
:102B000071880000407C0000B4880000C0040020F0
:102B1000F7B50D464FF0FF3367484FF0FF3202F034
:102B200049FA6E68731EFE2B05D9644A6448012178
:102B300004F0BFF912E000236248634F1A4626FAF8
:102B400003F111F0010134D017F803C0BCF1000FFC
:102B50000CD15E4A5A48012104F0B4F96FF0150413
:102B6000554802F003FA204603B0F0BD00EB031E07
:102B70006C7CDEF81815003C18BF012421F0807130
:102B800041EA0461CEF8181503F15101090101323F
:102B900040F801C0D2B20133082BD0D12B7CA3F175
:102BA000080106291ED8DFE801F01F1D211D111D97
:102BB0001B0000EB031CDCF8184524F08074CCF8F3
:102BC000184503F1510424010151E4E702233D4972
:102BD000012AC1F8F0356B7C0AD95BB13C4AA5E704
:102BE0000323F4E73B4AB5E70023F0E70123EEE7D0
:102BF000082B10D8C1F8F4352B6851006BB9EB687D
:102C00008B420ED2344A00912D48012104F064F920
:102C10006FF00B04A4E7314A9CE79B8903FB011189
:102C2000EDE7284BA968C3F82C162F46C3F83026C9
:102C30000FCF2B4C04F164060FC63B6833600026AF
:102C400026662B68274693B30FCB04F1780585E8F9
:102C50000F006566A4F8886048B3BFF35B8F57E840
:102C6000003F47E80062002AF9D1BFF35B8F1D499E
:102C7000A56F1D4A4FF400400F463146E5FB007139
:102C800000233846FDF73CFA0022CDE9000100237D
:102C900004F1080002F024FF14484FF0FF324FF017
:102CA000FF3302F087F900B12066246E58E70C4824
:102CB000FFF778FEF0E700BF00050020DF88000086
:102CC000407C00000070004050050020FD8800009E
:102CD0003C89000017890000918900006E8900007E
:102CE000C00400203F420F0040420F0010050020AA
:102CF00010B50E4B0024C3F80441D3F80421C3F8E7
:102D00001041D3F810211222C3F804230720FFF743
:102D10009FFB224601210720FFF7B6FB0448836C86
:102D200013B9403002F022F9002010BD00700040BD
:102D3000C0040020F8B53B4BD3F80421002A63D02F
:102D40000021C3F80411D3F80421374C01229A6002
:102D5000C3F80015A66E94F898703742254606D140
:102D6000636EC3B93148BDE8F84002F0FFB8D3F84C
:102D70002C16F6B213461E4208D01F4205D0B1F9F8
:102D80000020002ABCBF00220A8002315B009BB2F7
:102D90009F42F0D2E4E7E36FB4F888202BB12449D6
:102DA0009847012814D0022827D0B4F88830B4F806
:102DB00084209A4221D90133A4F88830194BD3F8E2
:102DC0002C26D3F8341689B202EB4102C3F82C2624
:102DD000A36F23B9BDE8F8401348FFF7E3BDBFF385
:102DE0005B8F55E8003F5A1E45E800210029F8D1C5
:102DF000BFF35B8F012BEDDCF8BDA36F002BB1D0CF
:102E00000C4804F038FDADE7D3F810110029F3D0D9
:102E1000C3F81021D3F8102101229A601A605A6079
:102E2000EAE700BF00700040C00400201005002049
:102E300024050020C8040020084B70B5C31A0D46B5
:102E400007499B10044659430648402204F074F990
:102E50002B4601462046BDE87040184778130020F5
:102E6000B76DDBB6547A000073B50C4C0C4A4023A6
:102E7000041B00930D460B460A49A4106143064605
:102E8000094804F084F9011E05DA30462B4602B0E9
:102E9000BDE87040184702B070BD00BF7813002035
:102EA000F7710000B76DDBB6547A000010B5EFF390
:102EB0001184202383F31288BFF36F8F074A1368AE
:102EC00023F00201DB07116002D4012004F082FA32
:102ED00084F31188BFF36F8F10BD00BFC8130020AB
:102EE000002270B5012104461046FFF7CDFA0F48C5
:102EF00001F06AF80E4B984215D101F075F8266979
:102F00000C49304603F0B2FE00280BDB0125356486
:102F10002469084904F11C0003F0A8FE002801DB25
:102F2000E564002070BD6FF00400FBE73130000065
:102F30000000AD0B487F00001FB500220123CDE942
:102F40000223094ACDF800D06B46CDF804D004F036
:102F50004BF9002805DB4FF480420023684602F05D
:102F600029F805B05DF804FB1572000030B4104B71
:102F70000C2202FB003301460020D3E90E52986375
:102F8000EFF31180202484F31288BFF36F8F1C6C41
:102F900004F0C00444F002041C6480F31188BFF301
:102FA0006F8F1DB12B46034830BC184730BC7047AB
:102FB00078130020547A000010B4EFF3118220231C
:102FC00083F31288BFF36F8F1748016841F0020442
:102FD0000460C80707D482F31188BFF36F8F012004
:102FE00010BC01F013B84FF08041D1F80C04D1F8B7
:102FF0000C14C907EFD5EFF3118083F31288BFF3E8
:103000006F8F0A490B6C03F0C00343F002030B649B
:1030100080F31188BFF36F8F82F31188BFF36F8F36
:10302000002010BCFFF7A2BFC813002078130020B7
:1030300010B1012804D07047034B1B6C5B0701D112
:10304000FFF794BF704700BF781300202DE9F041CF
:103050003849BFF35B8F0746012251E8003F41E842
:1030600000200028F9D1BFF35B8F33B932493348D0
:103070004B60CB608A6003F00CFE7B1E012B2BD8CB
:10308000012F07D14FF08043D3F81C3403F0030322
:10309000012B21D004F0CFFA0546F8B9284B1B7854
:1030A000E3B14FF080430222C3F808230646DFF85D
:1030B00094804FF08044D4F81824D4F81834D20304
:1030C00015D503F00303012B01D0012F0FD155B308
:1030D00086F31188BFF36F8FBDE8F081EFF311869F
:1030E000202383F31288BFF36F8F0125DFE7ADB193
:1030F000304603F0D7FFD4F81835002BDBD1D4F8D5
:103100000421002AD7D0C4F80431D4F804310123B3
:10311000C4F81835C8F88031A360CCE7002121201D
:1031200002F06AFAE7E74FF080430222C3F8042373
:10313000D2E700BF74130020641300209413002012
:103140002416002000E100E008B5074804F0D0F99B
:1031500038B10648FFF7C0FB0448FDF799FD002091
:1031600008BD6FF01200FBE7907A0000713100009B
:103170000A2838B5074D044604D1AB680D215B68B9
:1031800028469847AB6803485B68E1B298472046F9
:1031900038BD00BF907A0000F0B54068057B01F0B3
:1031A0001F0444EA4514056987B0002D64D0B2F5C8
:1031B000001F00F1100506D12146284604F08AF9C7
:1031C000002007B0F0BD01AE0027B2F5800F0197D7
:1031D000776039D1B3F1007F14BF052304238DF844
:1031E00004300023CDE904630393836823FA01F1DB
:1031F00011F001011AD1B2F1A07F17D104F01F0321
:10320000620903F5E0732AD0012A3BD11F4A52F824
:103210002330DB070AD40DF1030632462146284647
:1032200001F0D2F91A4B98421CD0029603AA21460B
:10323000284601F08BF8174B984220D101222146F5
:10324000284601F025FABBE7B3F1C06F05D0B3F112
:10325000007F14BF01230223C1E70323BFE74FF020
:10326000A042D4E73146284601F00CFA094B9842B7
:10327000DBD06FF00B00A4E76FF08500A1E76FF0E3
:1032800015009EE751F82330FFDE00BF0003005019
:103290000400AD0B0000AD0B38B545682B69B3B128
:1032A0001035284601F0DEF9044680B9014628466B
:1032B00001F0A4F9084B98420BD108492246284650
:1032C00001F07CF9224605210620FFF7DDF80020F9
:1032D00038BD6FF00400FBE70000AD0BE1320000E9
:1032E000420970B5034602D0012A17D070BD0D4EB9
:1032F000326951680029F9D003F01F0301250C68D9
:103300009D400029F2D08A682A4002D04B6830469E
:1033100098472CB1236821461C46F2E7024EE7E7A6
:103320002346F8E77C7A0000687A00002DE9F04334
:10333000466840F20635D006337B87B002EA0505C1
:1033400054BFC2F34010032001F01F07B5F5837F7F
:10335000144647EA43178DF8030045D00FD8062DD1
:1033600018D007D8B5B1022D40D06FF0150007B0C6
:10337000BDE8F083B5F5807FF7D101250AE040F282
:103380000222954234D0B5F5407F33D0B5F5007FA9
:10339000EBD102250123220303FA01F12CD5736836
:1033A000C3F80815326982BB07F01F037F0929D0D3
:1033B000012F77D13E4A02EB830284F48033D2F8A6
:1033C0000017C3F30043C4F3404444EA430421F428
:1033D000E16144EA800421F0070144EA05230B433C
:1033E000C2F800370020C2E70725D3E70425D1E75C
:1033F0000525CFE70325CDE7630344BF7368C3F812
:103400000C15CFE74FF0A042D5E710360DF10202C0
:103410003946304601F0D8F814F4403F80460CD1CC
:103420003946304604F054F8224B9845DAD19DF8DD
:103430000210304601F020F9D4E701AB4FF000094B
:1034400003AA39463046CDE90439CDE90199CDF8D2
:103450000C9000F07BFF174B984286D114F4003398
:1034600015D09DF803308DF80E3084F48034C4F309
:1034700000444B4603AA394630468DF80C508DF86F
:103480000D4001F01DF80B4B9842CDD06DE7CDE912
:10349000043303AA0DF1030339463046039300F0C9
:1034A00055FFF0E703F5E07352F82330FFDE00BF6D
:1034B000000300500000AD0B036803F01F025B091E
:1034C000026004D0012B034818BF002070474FF062
:1034D000A0407047000300502DE9F04FDFF89491B1
:1034E000DFF894A185B01546834600EB810140F2D8
:1034F000FF18594503D1002005B0BDE8F08FDBF877
:1035000000305E04C3F3C322C3F3080400F1AC80AF
:103510001B0E19F80270444508BF4FF0FF34222BF0
:1035200000F2A580DFE803F012191F22252B22A349
:10353000A3A3A33B68A3A3A3A3A3A3A3A3A36B8158
:103540008487A3A3A38A9194979A9D00C5F80C45FC
:10355000601C5ED10BF1040BCBE7C5F81445621C6F
:10356000F8D000265FE0C5F80845F1E7C5F810453A
:10357000F5E7631CC5F80845ECD0002604E0661C9E
:10358000C5F80C45E6D0012603A80394FFF794FF85
:10359000039B012202FA03F3C0F80C3508E0C5F8DA
:1035A0000845002FDBD1631CD4D000263246062705
:1035B000DBF80030019303F40040002818BF00221C
:1035C00003A8009218BF01260394FFF775FF039C20
:1035D000019B009A00EB8400C3F3412CD0F8004714
:1035E0003B0243EA8C03134304EA0A04234343EAFD
:1035F0004603C0F80037ADE7C5F80C45D1E7C5F87C
:103600006045601CDBF80030A4D0C3F30043002BFE
:10361000B9D003A80394FFF74FFF039B012606FAD6
:1036200003F3C0F808353246C2E7C5F86445E8E759
:10363000C5F86845E5E7C5F86C45E2E7C5F82445F7
:10364000621C87D000220126B2E7C5F828457FE733
:10365000C5F83045F4E7C5F83445F1E7C5F8384515
:10366000EEE7C5F83C4573E76FF0150044E76FF0EF
:10367000850041E7178A0000F0F8FCFF2DE9F041D2
:10368000044647680D4603F0D6FF4FF0200888B97E
:10369000264B1B7873B16426606803F040FEF0B9D6
:1036A000012003F089FE013EF6D10021212001F026
:1036B000A3FFF0E7EFF31186314688F31288BFF3DA
:1036C0006F8F606803F02BFEA8B986F31188BFF3F3
:1036D0006F8FEFE786F31188BFF36F8FE5E7EFF3A6
:1036E0001186314688F31288BFF36F8F606803F04C
:1036F00016FE0028EED0BB691D706368BA691B68AE
:103700000020C3F844250122C3F84825C3F820014E
:10371000D3F82041C3F85801D3F858019A6081F3D7
:103720001188BFF36F8FBDE8F08100BF2416002021
:10373000F7B50546002201210220FEF7A5FE022072
:10374000FEF786FE6A6811681369C1F82435137D97
:10375000507D927D03431343C1F86C356E68D6E902
:10376000004313F0010350D02F6907F1080003F064
:103770002FFE334B984208D03248334A012103F0E0
:1037800098FB6FF0040003B0F0BD387A04F10C022E
:1037900004F5907103F012FE387A012707FA00F061
:1037A00000F0AAFB0823C4F80035B369C4F8443517
:1037B0000023C4F84835A760D4F85831002BFBD05B
:1037C0000021C4F800156B68DC6801AA204603F0EC
:1037D00079FD002805DB019B226819791868FFF73D
:1037E0007BFE6A6813680821C3F80015117A51B985
:1037F000D269C3F834250122C3F83825C3F8101163
:10380000D3F810111A600020BDE70822C4F8002583
:10381000B269C4F84425C4F848350123A360D4F83C
:103820002031002BFBD00023C4F82031D4F8203104
:103830000123E3604FF48073C4F80433BCE700BF96
:103840000000AD0B887C00001F8A000070B50123CA
:1038500083400E4ABFF35B8FDC4352E8001F01EA4E
:10386000040542E80056002EF7D1BFF35B8F4FF4FA
:10387000803282400648C0F80823BFF35F8FBFF351
:103880006F8F0B4214BF0120002070BDF413002085
:103890000010014070B40E49D1E90034D01AC318A9
:1038A00044F1000422F07F46C1E90034A6F500137C
:1038B000B3F5400F09D2074B1B681A0A1B069C1967
:1038C000054B42F10005C3E9004570BC02F018B891
:1038D000200C0020F8130020280C002011B3BFF3A7
:1038E0005B8F0123104A834052E800CF4CEA030C5F
:1038F00042E800C10029F7D1BFF35B8F0B4A4FF4B8
:1039000080338340C2F80433094BBFF35B8F1B68DD
:10391000BFF35B8FC340DB0742BF064B4FF400325F
:10392000C3F80021704700BFF413002000100140CD
:10393000F013002000E100E00D4B1868010A0006BA
:10394000BFF35F8F0B4BD3F80435181841F100011A
:10395000B3F5801F0AD2084BD3E90023904271EBE4
:10396000030303D210F1807041F10001704700BFE2
:10397000F813002000100140280C00202DE9F04F22
:1039800085B016461F469DF840A00446FFF75EFF2F
:103990000190FFF7D1FFB04271EB070354D23E4BC9
:1039A000301A67EB0101984271F100014FD23B4B95
:1039B00003EB0413D3E902239F4208BF96425ED073
:1039C00037494FF4803804F1500508FA04F8AD0087
:1039D000C1F848832046ADB203F0D2FC26F07F4BFD
:1039E00005F1804504F5A87305F58835DC464FF0F0
:1039F00003090293029A2CF07F4341F82230C1F868
:103A00004483D1F80435274A6FF00200C01A60449D
:103A100020F07F40904232D9286868B1D1F804354F
:103A20000393A3EB0B0020F07F40B0F5000F26D9E5
:103A3000204603F0A5FC039BBAF1000F07D109EB68
:103A4000030C09F10109D5E7BAF1000F09D06FF0B5
:103A5000150520460199FFF741FF284605B0BDE84E
:103A6000F08F0123104ABFF35B8FA34052E8000F91
:103A7000184342E800010029F8D1BFF35B8F0749E2
:103A80000E98230101EB0412C8500F9B5360C2E94A
:103A900002670025DDE700BF01008000100C002058
:103AA00000100140FDFF7F00F01300207FB51C4C8B
:103AB0001C4BC4F80833C4F848331B4B00254FF0A7
:103AC000FF304FF0FF31C4F80855C3E902014FF44D
:103AD0008033C4F80433154B02264FF40032012121
:103AE000C4F804631120C3F880212A46FEF7CCFCF9
:103AF0001120FEF7ADFC0E4A0123A3602360136082
:103B00000C4B0D4A0093CDE9015500232846FFF7E1
:103B100035FF3046FFF79AFA284604B070BD00BF63
:103B20000010014003000F00100C002000E100E035
:103B3000F413002095380000FFFF7F002DE9F743C4
:103B40002F4CD4F8043399070BD5D4F8043143B182
:103B50002C4A0023C4F80431D4F80431136801332B
:103B60001360D4F80433DA0329D5BFF35B8F264BF7
:103B700053E8002F22F0010143E800100028F7D19C
:103B8000BFF35B8FD30702D4D4F84031BBB100251B
:103B9000C4F84051D4F84031FFF7CEFEEFF3118264
:103BA000202383F31288BFF36F8F184BD3E902678A
:103BB000B042B94106D282F31188BFF36F8F03B0D0
:103BC000BDE8F0834FF0FF384FF0FF39C3E90289B9
:103BD000D3E900101D604FF48033C4F84833C4F8B3
:103BE0004051D4F8403182F31188BFF36F8F002920
:103BF000E5D0009032463B4628468847DFE700BFC5
:103C000000100140F8130020F0130020100C0020D9
:103C100030B5431C124C85B005D08442A8BF044681
:103C2000012CB8BF0124FFF787FE0E4B0C4DD3E9E2
:103C30000013401AB0F5000F10D22218AA4228BF74
:103C40002A4652184FF0000007490091CDE90100C3
:103C500043F10003FFF792FE05B030BD2A46F0E7BE
:103C6000FFFF7F00200C00209538000008B5FFF70B
:103C700063FE024B1B68C01A08BD00BF200C002069
:103C80004FF08053D3F83021082A06D1D3F83431CD
:103C9000052B02D8024AD05C70470020704700BF55
:103CA000628A0000024AD2F80034002BFBD0704731
:103CB00000E0014010B54FF08053D3F83021082ABE
:103CC0004ED14FF080420021C2F80C11C2F8101101
:103CD000C2F8381502F54042D3F80414C2F8201592
:103CE000D3F80814C2F82415D3F80C14C2F8281518
:103CF000D3F81014C2F82C15D3F81414C2F83015E8
:103D0000D3F81814C2F83415D3F81C14C2F84015AF
:103D1000D3F82014C2F84415D3F82414C2F8481577
:103D2000D3F82814C2F84C15D3F82C14C2F8501547
:103D3000D3F83014C2F85415D3F83414C2F860150F
:103D4000D3F83814C2F86415D3F83C14C2F86815D7
:103D5000D3F84014C2F86C15D3F84434C2F8703567
:103D6000FFF78EFF18B13A4B3A4AC3F88C26FFF79B
:103D700087FF18B1384BFB22C3F81825FFF780FFE7
:103D800070B14FF080414FF08053D1F8E42ED3F85A
:103D9000583222F00F0203F00F031343C1F8E43E40
:103DA000FFF76EFF20B12D4B4FF40072C3F8402691
:103DB0004FF08053D3F83031082B1AD14FF08043A5
:103DC000D3F80024D20744BF6FF00102C3F80024E7
:103DD0004FF08053D3F83431052B02D8204AD35CFE
:103DE0003BB14FF01023D3F808224FF08043C3F8C3
:103DF00058254FF01023D3F80022002A03DBD3F814
:103E00000432002B22DA174901234FF01020C1F8A9
:103E100004351224FFF746FFC0F80042FFF742FFC7
:103E2000C0F80442FFF73EFF0023C1F80435FFF756
:103E300039FFBFF34F8F0C490C4BCA6802F4E062A4
:103E40001343CB60BFF34F8F00BFFDE710BD00BF32
:103E5000005000404881030000F000400090024004
:103E60005C8A000000E0014000ED00E00400FA057B
:103E700030B50468CCB1BFF35B8FB4FA84F3C3F1FF
:103E80001F03DBB201229A4024EA020250E8005FDD
:103E9000A54204D140E8002CBCF1000FF6D1BFF3DD
:103EA0005B8FE6D102480B7030BD0248FCE700BFD3
:103EB0000000AD0B0200AD0B10B50368CB40DB0773
:103EC00014D401238B400268BFF35B8F43EA0201E5
:103ED00050E8004F944204D140E8001CBCF1000FB0
:103EE000F6D1BFF35B8FEED1014810BD0148FCE76E
:103EF0000000AD0B0400AD0B014BC3F80405704787
:103F000000F00140F7B5044618B1012823D003B0F2
:103F1000F0BD4FF080430222C3F808230122DA608B
:103F2000C3F80401D3F80431064601238DF80730A5
:103F300042F210754FF08047D4B1012CE7D1D7F889
:103F40000C3403F48033AEBB83B3012003F034FAA6
:103F5000013DF4D12AE04FF080430022C3F808036A
:103F60005860C3F80021D3F800310DF10706DCE7F3
:103F7000D7F8183403F480333EB9002BC7D00120A2
:103F800003F01AFA013DF3D1C1E7D7F8182402F083
:103F900003023260002BBAD09DF80700012803D13C
:103FA00003F00AFA013DC7D1012CB0D1054B002224
:103FB0005A71ACE7D7F80C2402F001023270002BE2
:103FC000EAD1F3E7FC130020044B1A7922B901224D
:103FD00018609A800248704702487047FC1300201E
:103FE0000000AD0B0C00AD0B08B5074B1B682BB1E7
:103FF0000020FEF73BFA08B9FEF72AFA4FF080439B
:104000000022C3F8182508BDFC13002010B510B11C
:10401000012843D010BD4FF08043D3F81814D3F8D3
:104020001824C80321D502F00303012B04D013B1D7
:104030000020FFF767FF00234FF080420220C2F804
:10404000183508224FF4827303F180430021196070
:1040500002F180421C6801241460154A12680AB3F8
:104060004FF08043C3F80403D4E7D3F81424D107F6
:10407000E1D5D3F81C249207DAD40D4A12681AB19C
:104080000222C3F80423C5E7D3F80421002AFBD099
:104090000022C3F80421D3F80431BBE700224FF417
:1040A0008073D1E71A68002AFCD019601B68B1E759
:1040B000FC13002010B54FF08043D3F800216AB103
:1040C0000022C3F80021D3F800210122C3F80823FD
:1040D000114B587910B95A711B6898474FF08043BB
:1040E000D3F8042172B10022C3F80421D3F80421CB
:1040F000D3F81824D3F81824920704D10122C3F866
:1041000018259A6010BD0222C3F80823024BBDE8AF
:1041100010401B6801201847FC130020036803F0BF
:104120001F025B09026004D0012B034818BF002066
:1041300070474FF0A040704700030050034A430906
:1041400000F01F00D35C1844C0B27047688A0000BA
:1041500070B50546FFF7F2FF0C4C08300E4634F8F8
:104160001030DA0508D5C3F3432304EBC302284615
:1041700054F8333052689847A3682BB1E26831464F
:104180002846BDE87040184770BD00BFA00500205C
:1041900008B5FFF7D3FF034B083033F81000400B8E
:1041A00008BD00BFA005002008B5FFF7C7FF034BFF
:1041B000083033F81000C0F3400008BDA00500200F
:1041C00008B5FFF7BBFF034B083033F81000C0F30E
:1041D000401008BDA0050020034611F0010010B5F5
:1041E000CCB20DD1A207C4F3400012D5094AD2F8CF
:1041F00020055860C2F82005003818BF012008E0EB
:104200004FF0A041D1F820251A60C1F82025002ADE
:10421000E8D010BD0003005010B5FFF78FFF124A21
:10422000083032F81030D9051CD5C3F3432123F4EC
:10423000F85322F8103002F10E04002034F8023F47
:1042400013F4807F03D0C3F3432399420AD0013093
:104250003028F3D1002342F831300448BDE8104043
:10426000FFF72ABE10BD00BFA005002018060020E1
:10427000F0B5054600200446012607468C420BD1C6
:10428000114BD3F87C2132B10022C3F87C21D3F842
:104290007C3140F00040F0BDE3B29B0003F580723A
:1042A0009B0806FA03F31D420BD002F1804202F58F
:1042B000C042D2F800C0BCF1000F02D017601268F3
:1042C00018430134DAE700BF00600040F7B5064646
:1042D0000846FFF733FF194F00F108050C4637F881
:1042E0001530DB0727D5304603F0CEF82046FFF720
:1042F00067FF40B12046FFF74BFF316800F5A27021
:10430000002341F820302046FFF786FF002301A854
:1043100027F815300194FFF701FF019B00EB8300A4
:10432000074BD0F80027134043F00203C0F80037D2
:10433000044803B0F0BD0448FBE700BFA00500201F
:10434000F0F8FCFF0000AD0B0400AD0B2DE9FF41C0
:10435000164680460846FFF7F1FE0D4631680446D2
:1043600009B32846FFF720FF18B12846FFF728FFBA
:1043700010BB0023CDE900338DF80E308DF80F30DF
:104380000DF10F020B4628460DF10E0103F024F843
:10439000474A04F1080132F8113023F0020343F0D8
:1043A000010322F81130736863B328461F785968F7
:1043B000FFF7FAFE10B1D1B13E4826E03C4A04F1C5
:1043C000080032F8103023F02003DB04DB0C22F865
:1043D000103061B1032FEFD87168496891F800C0BF
:1043E000D8F80010A7B90CF5A27C41F82C70304A1F
:1043F00004F1080132F8113023F01C0343EA87036B
:1044000022F81130B3684BBB2B4804B0BDE8F081F3
:1044100001EB8C0143EA4C33D1F810E52EF0030E8A
:10442000C1F810E5D8F8001001EB8C0E43F0200322
:10443000DEF8101522F8103021F44F3121F44071CC
:10444000CEF810152902DEF8108501F47C5141EAFE
:10445000074141EA0801CEF81015C8E7D3E9006723
:104460002846FFF7D9FE002ECED0114DD5E9002306
:10447000964203D19F4201D1002209E00F480DF17D
:104480000F01FFF7F5FC0C4B9842BED19DF80F20B1
:1044900045F8326005EBC20308345F6035F814302C
:1044A00043EA422343F4807325F81430ACE700BF9D
:1044B000A00500200400AD0B0000AD0B1806002085
:1044C0002DE9F0430C4685B08046204611461E4635
:1044D000FFF734FE054629B32046FFF765FE18B9FD
:1044E0002046FFF76DFE18BB314F05F1080937F87C
:1044F000193013F01C0F02D04B78012B18D0012378
:104500008DF80F300023CDE900134A1C8B1C204688
:104510000DF10F0102F060FF37F8193043F003038B
:1045200027F81930002E41D02046FFF73DFE18B97C
:10453000204805B0BDE8F08396F800C0D8F80030F8
:104540001B4F0CF5A272002143F8221005F108025E
:1045500037F8121021F02001C904C90C27F81210F5
:1045600075781DB3D8F80000B67800EB8C002D04E8
:10457000D0F8103523F4991323F4F853C0F810350C
:10458000230203F47C5305F440353605D0F810E5DA
:104590002B4306F4801641EA4C31334341F02001AD
:1045A00043EA0E0327F81210C0F810350248C0E79E
:1045B000A00500200400AD0B0000AD0B014BC3E9CA
:1045C00002127047A005002010B508461446FFF7F8
:1045D000F7FD50B10846FFF7B1FD054B083033F841
:1045E000103004485B0B237010BD0348FCE700BF8C
:1045F000A00500200000AD0B0400AD0B70B5164DFA
:1046000095F8804006462CBB2146602205F110003B
:1046100003F05BF930682E6F21468E420ED10023E5
:10462000C0F87C31D0F87C3140F30730FDF710FF43
:1046300001230A4885F88030AB6770BDCBB29B0080
:1046400003F580727C2B08BF845001F1010108BF83
:104650008358E2E70248F0E7A00500200000AD0B18
:104660000C00AD0B034B93F88000003818BF0120FD
:10467000704700BFA00500200148FFF71DBC00BF28
:10468000140600200148FFF7F3BB00BF140600200A
:1046900073B503681646D3F80423002AA8BF4FF069
:1046A00000420546A8BFC3F8042308460C46FFF79E
:1046B00087FD00B30846FFF777FD0146D8B92046CD
:1046C000FFF766FD04B2A40004F580720346286873
:1046D0008150296882582144D1F8102542F0010206
:1046E000C1F810252EB12968012202FA03F3C1F89E
:1046F000043302B070BD2046FFF720FD0F4B083099
:1047000033F81030C3F38203042B12D0052B12D0E0
:1047100001A80194FFF702FD019AD0F81035D340AB
:1047200003F00103991C204602B0BDE8704002F07E
:104730009CBE0321F7E70221F5E700BFA00500209A
:104740002DE9F04F694BDFF8A881D3F80403D8F8BE
:104750007010C0B289B040F00040FFF789FD051E1F
:104760002FDAC24600235AF87C1F06A8CDE906338B
:10477000FFF732FD5F4B01930DF118094FF0000B6D
:10478000019A12F8013B0192DA0803F007031AF8C4
:10479000022022FA03F3DA071CD409F10409BBF161
:1047A000000F14D0D8F870104FF00040FFF760FDF4
:1047B000D8F87C1006A8FFF70FFD0028DAD125F005
:1047C00000450124002D79D109B0BDE8F08F4FF0EC
:1047D000010BD5E7484B5B440293D9F80010002940
:1047E000DBD0029B91FAA1F11C78B1FA81F141EA88
:1047F00044142046FFF7A2FC0830059438F81070E6
:10480000C808BB0819F80020039301F00701012331
:1048100003FA01F122EA010209F8002005A8FFF7D6
:104820007DFC059A039B02F5E072C7F3820650F8FF
:1048300022205B073746C2F3014224D52046394681
:10484000D6B2FFF785FC05A80594FFF767FC059B2A
:1048500003F5E07350F82330C3F301439E4207D1C0
:104860000021204602F001FE3146204602F0FDFD07
:1048700005A80594FFF752FC059B012202FA03F3F9
:10488000C0F82035A9E7022A0CD10321204602F006
:10489000ECFD06F00503012BEAD139462046FFF76F
:1048A00057FCE5E702212046039202F0DEFD032ECD
:1048B000F3D0039A032ADBD1022EEDE795FAA5F394
:1048C000B3FA83F304FA03F29B0003F1804303F588
:1048D000C04325EA0205D3F81005D3F81015C0F33C
:1048E0000520C1F30141FFF733FC6BE70060004096
:1048F000A0050020788A0000788A0000014601485F
:10490000FFF7B6BA2406002008B5124BA8220021F2
:10491000184602F0DAFF032202610F4942610F4A92
:104920008161C2614FF4806202620022826242624F
:10493000C26201660A49416610218166094902671F
:104940000346C266426711F8010D98540132102ADD
:10495000F9D108BD100400207A8A00001000002060
:1049600000000020938A00002DE9F84FDFF87C80DA
:10497000182606FB008E00FB06664644DEF824403F
:10498000DEF828C07368A44507468946154603EB40
:10499000040022D8DEF820B0ABEB040A0AF1FF33A2
:1049A0009A4203D802F083FF2C440FE063449A42FA
:1049B00019D852462C4402F07AFFB4EB0B0405D010
:1049C0007068224609EB0A0102F071FF182303FB0D
:1049D000078301205C62BDE8F88F0CF1FF3CACEB73
:1049E000040C9445DED20020F5E700BF100400203F
:1049F000034B182202FB00339A6A586A801A7047E8
:104A00001004002003484FF0FF324FF0FF3300F056
:104A1000F9B900BF14070020014800F06BBA00BFCD
:104A20001407002010B50446FCF720FC0348044A94
:104A3000012102F03EFA204602F065FD787C00007C
:104A4000948A00002DE9F843044600AF0D46EFF3C9
:104A50001188202383F31288BFF36F8F0428294A1B
:104A600098BF294B9668117C94BF53F82030274B90
:104A7000E9468AB06A462648C2E9073140F2013366
:104A80009384244BC2E9050442F8103F22480023D6
:104A90004FF43151FCF7CEFCCD4645B1EB69C3F381
:104AA000080323B11D4A1C48012102F002FA2EB16D
:104AB000304602F0C9FD08B1037803B91848E94649
:104AC0008AB06A46174BD061C2E9053640F201331D
:104AD0001384154B42F8103F00230F484FF4115137
:104AE000FCF7A8FC2946CD462046FFF79BFF88F33C
:104AF0001188BFF36F8F3046FDF72EFCBD46BDE831
:104B0000F88300BF041400202C800000A38A00005A
:104B1000B98A000005000001787C0000E18A0000ED
:104B2000B18A0000028B00000400000138B5094B77
:104B300053F82040013053F82050A54200D838BD2A
:104B4000636823B1204602F0E6FC0834F5E72368E9
:104B50009847FAE74080000070B52B4B2B4C2C4D4A
:104B6000012286B003201A70FFF7E0FFFCF7BAFFBE
:104B700002F0EDFC0420FFF7D9FF2646AE4204F117
:104B8000300410D300F07AFC204C224EAC4226D3E5
:104B900000F088FCFBF726FC1F4A137B23F001037F
:104BA000137306B070BD54F80C3C059354F8103CD8
:104BB000049354F8143C039354F8183C029354F8AB
:104BC0001C3C019354F8203C009354E90A2354E917
:104BD0000C0100F015FA54F8303C5E65CDE7D4E9DD
:104BE0000A23B3F1FF3F08BFB2F1FF3F05D052EAFD
:104BF0000301206803D102F029FD3034C6E73146B5
:104C0000183000F003FEF8E724160020387C00007E
:104C1000387C00007B770000B00C002008B503480A
:104C2000034A0021121A02F08EFC08BD5007002032
:104C30002816002070B5002386B00122CDE9042398
:104C4000134E144D01930F22CDE902321249142361
:104C500003FB005506EBC01604464FF4C07000FB82
:104C600004110E4B00954FF4A072304600F0C8F9C5
:104C7000737B0B4AEE6023F0040373734FF40463F9
:104C800004FB033313442C746B6006B070BD00BF8B
:104C9000300C002004140020C0210020EB7500001F
:104CA00080190020BFB50020FFF740FF2D4B83F394
:104CB00008882D4D2D4E6B692D4F43F400736B61A9
:104CC0000024E02385F82230EC772C766C76AC76E5
:104CD00085F820406B6A43F4E0236B6285F823403B
:104CE000FDF7B6FAFDF758FC4FF0FF33AB62EB620D
:104CF000FDF72CFDFDF774FCFCF724FA1D4BB360A7
:104D000040F201129A81C3E91844DC6602F0EFFB1D
:104D10000120FFF70BFF0220174DFFF707FF00F000
:104D2000E1FB164B75610593012315490094CDE90C
:104D300003434FF480623B46CDE90144284600F02E
:104D40005FF96A7B064622F0040228466A7302F085
:104D5000B9FC2046FFF76EFF3A4631462846FDF77C
:104D6000F9FB00BFC021002000ED00E0041400208A
:104D7000594B0000300D0020B00C0020648B000067
:104D80004023002038B5064C064D0020AC4200D32D
:104D900038BD204602F0DCFB0028F9DB1C34F5E7C7
:104DA000D8060020D806002073B50C46EFF3118119
:104DB000202585F31288BFF36F8FC5685DB125602C
:104DC0002B68C360836901338361002081F31188FC
:104DD000BFF36F8F11E052EA030603D125606FF035
:104DE0000B00F3E7CDE900230246083000F092FA09
:104DF00018B9034B9B685B69236002B070BD00BFAC
:104E0000041400202DE9F341044617461E46EFF333
:104E10001188202383F31288BFF36F8FC368334A4E
:104E20007BB180689168884219D057EA060318D18F
:104E300088F31188BFF36F8F6FF00F0002B0BDE8E9
:104E4000F081916891F90E1021610133E36093685C
:104E5000A36088F31188BFF36F8F0020EEE721690C
:104E6000F2E791F90E1090F90E309942A8BF194659
:104E70006FF07E029142B8BF11468B422DDD02F0E9
:104E8000BFFB0546CDE9007619482246414600F0B1
:104E900041FA0028E1D0EFF31186202383F3128832
:104EA000BFF36F8FA068D0B1236821699C420AD0FC
:104EB0004BB193F90E309942A8BF19466FF07E03AB
:104EC0009942B8BF194602F09BFB40B108483146F1
:104ED00000F090FA6FF00A00B0E70025D2E7002D4D
:104EE000F4D186F31188BFF36F8FF3E70414002029
:104EF0002516002038B58368044663B3194A9268C2
:104F000093422BD1C368012B03D9013BC36000201E
:104F100038BDEFF31185202383F31288BFF36F8F21
:104F20000169806802F06CFB204602F040FCA06042
:104F300058B190F90E2022610022826702F0C2FB74
:104F40000948294600F056FAE1E7E06085F3118848
:104F5000BFF36F8FDBE76FF01500D9E74FF0FF303D
:104F6000D6E700BF041400202516002038B50446FB
:104F7000EFF31185202383F31288BFF36F8F02F0C4
:104F800016FC48B10022826702F09CFB29460848C3
:104F9000BDE8384000F02EBAD4E902329A4218BF78
:104FA0000133A36085F31188BFF36F8F38BD00BF55
:104FB0002516002013B5EFF31181202484F3128805
:104FC000BFF36F8F846844B1013C846081F3118822
:104FD000BFF36F8F002002B010BD52EA030406D168
:104FE00081F31188BFF36F8F6FF00F00F3E7CDE906
:104FF00000230246014800F08DF9ECE72516002059
:105000002DE9F043073285B022F007020E461F4615
:105010001099017300F158037F32C0E9163304463A
:10502000002322F03F020421836041733F2A0F983E
:10503000A073C4E90633E37306F14009A2F1400806
:1050400005D883F31188BFF36F8F084602DFB518C8
:1050500029462046FCF7A0FE07300E9B20F00700F3
:10506000A066C4E9189802930D9B01932D1A0C9B1E
:1050700000932A463B4631462046FDF739FA002385
:105080006365044B9B6803B1DB6EE366284605B09D
:10509000BDE8F08304140020F0B587B00025059525
:1050A000109D04950F9D03950E9D0295DDE91276E6
:1050B0000D9D01950C9D00950446FFF7A1FFB6F1EB
:1050C000FF3F08BFB7F1FF3F05D056EA070305D100
:1050D000204600F0A1F9204607B0F0BD03493A464A
:1050E000334604F1180000F091FBF4E77B770000F1
:1050F00038B50D4D2B4653F8184F9C4200D004B9DB
:10510000EC68AB6838B95A7BD20604D1A26912B9EF
:10511000DA897F2A05D89C4202D0204600F0BEFAE8
:1051200023466B6138BD00BF0414002008B590F918
:105130000D20437B002A014604DA03F07F0343730A
:1051400002F086FA044B9868431A58425841BDE869
:105150000840FFF7CDBF00BF0414002070B490F9E1
:105160000D30427B002B29DBD30627D183692BBB73
:10517000134962F07F0242730A4652F8184F944274
:1051800018BF2346CC6923B9C0E900242060C86158
:105190000CE090F90E5093F90E60B5420AD0AE4281
:1051A00008DD5A68C0E900321060586070BC002009
:1051B000FFF79EBF9C42E7D01B68E4E770BC7047D6
:1051C000041400202DE9F041002A427B0E460CBF5A
:1051D00010210821114204460FD141EA0203D209ED
:1051E00018D1437308291BD00120FFF781FFBFF3BB
:1051F0005F8F637B23F060036373274B9B68A3423D
:1052000043D1EFF30583002B3FD13046BDE8F04199
:10521000FDF7B8B803F07F03437302F019FAE1E732
:10522000A36813B1204602F01BFA04F1180002F043
:10523000FBFAA56D04F15807AF4211D04FF00008FA
:1052400075B1284602F00CFA05F1180002F0ECFAEC
:10525000C5F878802846FFF781FFA56DAF42EFD1F2
:105260000D4DAB689C42BFD1EFF30583002BBBD043
:105270000120FFF73DFF094BAB6040F201129A811C
:105280000022C3E91822DA66B1E786F31188BFF37A
:105290006F8FBDE8F08100BF04140020300D0020A6
:1052A00070B590F90D20437B002A014604DA03F023
:1052B0007F03437302F0CCF94B7B154A63F07F0305
:1052C00010464B7350F8183FD469834208BF00233F
:1052D00023B9C1E900042160D1610CE091F90E50BD
:1052E00093F90E60B5420ED0AE420CDD5868C1E9AC
:1052F0000030016059609068431A5842BDE8704020
:105300005841FFF7F5BE9C42E3D01B68E0E700BFC1
:1053100004140020F8B5124B0C461146114A986847
:105320001060DDE90676EFF31182202282F3128805
:10533000BFF36F8F9D68284602F09CF9B6F1FF3FDE
:1053400008BFB7F1FF3F06D007493A46334605F19B
:10535000180000F05BFA2046BDE8F840FDF712B8EF
:1053600004140020241400207B770000F8B50446C4
:10537000EFF31186202383F31288BFF36F8F437BF3
:10538000DA0649B219D18569BDB903F07F034373C9
:1053900002F05EF9437B164A817363F07F03437327
:1053A000134653F8180F984218BF0546D0695DB9E7
:1053B000C4E900300460D46111E0A173002086F3D9
:1053C0001188BFF36F8FF8BD95F90E70B9420BD0FD
:1053D0008F4209DD6B68C4E900531C606C600120DA
:1053E000FFF786FE0120EAE7A842E1D02D68DEE75C
:1053F0000414002049B9EFF3058030B9054B5A6910
:105400009B689A4201D0FCF7BDBF81F31188BFF3BE
:105410006F8F70470414002010B5EFF31184202221
:1054200082F31288BFF36F8F427B510704D484F359
:105430001188BFF36F8F10BD22F004024273FFF793
:105440008DFE21460248BDE81040FFF7D3BF00BFE4
:1054500025160020034648B9EFF3058232B9064A03
:1054600051699268914201D0FCF78CBF83F3118897
:10547000BFF36F8F704700BF04140020EFF311815A
:10548000202383F31288BFF36F8F054B9A68D37B79
:10549000013BD37381F31188BFF36F8F704700BF57
:1054A0000414002038B5EFF31185202484F312880A
:1054B000BFF36F8F0A4B9A68D37B0133D3730020FD
:1054C000FFF716FE85F31188BFF36F8FEFF311809E
:1054D00084F31288BFF36F8FBDE83840FFF7BABF7F
:1054E00004140020024B03F11802C3E9062270479E
:1054F00004140020F8B5EFF31185202383F31288FC
:10550000BFF36F8F19498868437B03F07F034373B0
:1055100002F09EF88B685A7B084662F07F025A734D
:1055200050F8182FCC69824208BF002222B9C3E983
:1055300000042360CB610CE093F90E6092F90E70C9
:10554000BE420ED0B7420CDD5168C3E900210B60AA
:1055500053600120FFF7CCFD2846BDE8F840FCF77A
:1055600011BFA242E3D01268E0E700BF041400209C
:1055700050EA01032DE9F04105460E4603D1FFF73D
:10558000B9FF00202BE0831C71F1FF3329DB02F00F
:1055900060F92C18EFF31188202383F31288BFF3EE
:1055A0006F8F124F124BB8681860FFF7BFFDB868D5
:1055B00010492A463346183000F028F9BA68537B60
:1055C00043F0100353734046FCF7DCFE02F041F950
:1055D000201A63EB0303012873F10003D1DBBDE85C
:1055E000F0816FF00104241AD4E700BF04140020F6
:1055F000241400207B770000B1F1FF3F08BFB0F119
:10560000FF3F08B506D10A4B986802F06AF84FF0E0
:10561000FF3008BDFFF7ACFF4FF47A7147F6FF7318
:105620000022C0FB0132D80B40EA4240F1E700BF44
:1056300004140020014B9868704700BF0414002038
:10564000044BC01A044BC0105843044B01221A5497
:10565000704700BFB00D0020ABAAAAAA25160020F3
:10566000C3897F2B12D80A4B1B6863B1094B90F991
:105670000E201B689A4209DB437BDB0606D1064BF2
:10568000C31A18BF012303F0010070470023FAE793
:105690002C14002028140020300C002070B50E4B74
:1056A0000E4C1E7C06EB460304EBC3040546204665
:1056B00002F0BAF80A4B002228469A55FFF7D0FFAD
:1056C00048B1084B08491A68013A2046D317BDE88B
:1056D000704000F09BB870BD04140020B00D002095
:1056E000251600202C1400204156000038B5EFF399
:1056F0001185202383F31288BFF36F8F104B114A5B
:105700009C681068A04206D1FFF7C8FF85F3118896
:10571000BFF36F8F38BD00211B7C11600A4AD35C38
:10572000002BF3D02046FFF79BFF0028EED0637BD1
:10573000DB0602D12046FFF7B3FD2046E4E700BFB9
:1057400004140020241400202516002008B5064863
:10575000064A0749121A01F0F8FEBDE80840054A5A
:105760000549064801F0F1BEC00400204C070020A6
:10577000848B0000000000007C8B0000C00400202F
:10578000034B1B680BB9FEF771BA0020704700BFCE
:105790003014002030B570B10B4B5B6898420AD0D2
:1057A000036843B1D3E90421D0E90445121941EB60
:1057B0000501C3E90421D0E9003213605A600023D7
:1057C000C0E9003330BD00BF2806002010B50E4BE5
:1057D0001C689C4204D1FFF7D3FF6FF0004010BD5E
:1057E000FFF7CEFF002CF8D0D4E904321B1A62EB8D
:1057F000E072B3F1004F72F10001EEDA002AACBFA3
:1058000018460020EBE700BF28060020B3F1FF3F59
:1058100008BFB2F1FF3FF8B504461D4616465ED0FC
:105820008160EFF31187202383F31288BFF36F8F1A
:10583000013275F1FF3324DA2E49D1E900206FF0EF
:1058400001039B1A4FF0FF3262EB00009E1B60EBDE
:105850000500012E70F1000301DA01260020C4E9E1
:105860000460254ED6F800C07568B44508BF4FF0F7
:10587000000CBCF1000F0DD1C4E900652C60746010
:105880001CE0FFF77DFF013645F10005361845EBBA
:10589000E070E4E7DCE90420D4E90431934271EBE1
:1058A000000E1DDAD21ADCF8043060EB0100CCE9FE
:1058B0000420C4E900C31C60CCF804403368B34240
:1058C00009D09C4207D10D4B1C6824B9FFF77EFF1D
:1058D0002146FEF79DF987F31188BFF36F8FF8BD5E
:1058E0009B1A61EB0001AC45C4E90431C4D0DCF87B
:1058F00000C0BEE7C80D002028060020301400209C
:105900002DE9F84FEFF3118C202383F31288BFF3B6
:105910006F8FDFF8B0A0DFF8B0902C4FC9F800000F
:10592000DAF800000024504508BF00200025D7E920
:105930000021D9F80030E04678B3D0E9046C4FEA92
:10594000E37EB3427EEB0C0B05DAF61A6CEB0E0429
:10595000C0E9046421E0B21841EBE671C0E90445F6
:10596000C7E90021FFF716FF88F31188BFF36F8F97
:1059700083689847EFF31188202383F31288BFF3DD
:105980006F8FD9F80030DAF800009B1B5045C446F1
:10599000C9F80030CBD1D7E900219A1841EBE37365
:1059A0000024C7E90023C9F80040FFF70FFF214694
:1059B000FEF72EF988F31188BFF36F8FBDE8F84F1B
:1059C000FFF794BE2806002030140020C80D0020E8
:1059D00010B5EFF31184202383F31288BFF36F8F88
:1059E000FFF7CEFE054A0346D2E90001181841EB45
:1059F000E37184F31188BFF36F8F10BDC80D0020D1
:105A0000F8B50446EFF31187202383F31288BFF320
:105A10006F8F026822B187F31188BFF36F8FF8BDD3
:105A2000D0E90A36581C46F10001022871F1000144
:105A300027D3012B76F10001BCBF012316465D1E62
:105A400046F1FF3601F009FF013041F10001401934
:105A500046EB0101012871F1000139DB01F0FDFE87
:105A6000013041F100016FF00102401946EB0103E2
:105A7000121A4FF0FF3161EB030318492046FFF77C
:105A8000C5FE236B01332363236A6BB187F311884F
:105A9000BFF36F8F236A20469847EFF311872023C7
:105AA00083F31288BFF36F8F54F8185FA542B2D00A
:105AB000002DB0D0284601F02EFE0023AB6787F3FF
:105AC0001188BFF36F8F2846BDE8F84001F0FABD9A
:105AD0006FF001024FF0FF33CFE700BF015A000023
:105AE0002DE9F04105461C4690461F46EFF311860E
:105AF000202383F31288BFF36F8FB4F1FF3F08BFF9
:105B0000B2F1FF3F05D186F31188BFF36F8FBDE877
:105B1000F081531C74F1FF3309DB012A74F1000397
:105B2000BCBF0122002412F1FF3844F1FF372846A0
:105B300001F07AFEDDE906010023C5E90A012B63C5
:105B4000034942463B462846FFF760FEDBE700BFBD
:105B5000015A000010B50A4C23681BB101232360D1
:105B6000002010BD00F0EAF80028F7D00138062820
:105B700003D8044B53F8200010BD034810BD00BFEC
:105B80003414002058800000FE8FFFFFBFF34F8FBA
:105B90000549064BCA6802F4E0621343CB60BFF3C9
:105BA0004F8F00BFFDE700BF00ED00E00400FA05E5
:105BB00010B4094B09490A4C4FF0FE32C3F80024D7
:105BC0004968C3F80424C3F80824C3F80C2400234C
:105BD000C4F8003510BC084700B002503006002061
:105BE00000A00250D0E90012014BC3E90012704737
:105BF0003006002010B5044650B1636813F0685FAA
:105C000005D0064A934202D000232360626010BD93
:105C1000034B04485B689847EFE700BF2C5F5CA923
:105C20003006002074800000C8B143680D4A9342DA
:105C300013D013F0685F0ED0012350E8002F1946EF
:105C400040E8001C9CF0000FF7D1012AF5D0BFF30B
:105C50005F8F0020704704487047044870476FF416
:105C6000E04070472C5F5CA9E98FFFFFEA8FFFFFE0
:105C700080B14368094A93420AD013F0685F05D0A7
:105C8000BFF35F8F002303601846704704487047D6
:105C9000044870476FF4E040704700BF2C5F5CA978
:105CA000E98FFFFFEA8FFFFF10B5044620B1044BD8
:105CB00063600022226010BD0248FFF779FFF6E71B
:105CC0003A00003A9C80000070B5D0E90023174CE0
:105CD000174D6360D0E90230C4E9023022604868A1
:105CE000D1F800C0134BC3E900C0D5F81801D1F8B2
:105CF00008C0C3F808C010F0685FD1F80CC009698B
:105D0000C3F80CC0196110D00B49C5F8BC110023B1
:105D1000C5E9453105F58A70C5F8B8319047236863
:105D200005F5DC70BDE87040184770BD4C060020DA
:105D30004C140020380600202C5F5CA938B500F018
:105D40002FF820B1032400F063F8204638BD00F09E
:105D500031F898B900F0ACF898B90F4DD5F828395A
:105D60001B0EF02B08D1D5F8242A0C4B9A420AD0EE
:105D7000072400F017F8E6E70624FAE70424204693
:105D800038BD0024F5E7012000F092F80446002811
:105D9000F7D1C5F80C0AD8E700B002500000E020A7
:105DA0000020704700207047014BC3F8040A704779
:105DB00000B0025010B5114800F048F800B110BD15
:105DC0000F4800F043F80028F9D10E4C204600F0AF
:105DD0003DF80028F3D10C4B0C481C6000F036F85D
:105DE00001460028EBD100F02DF8044608B120460A
:105DF00010BD00F03FF82046FAE700BF8C060020F7
:105E000088060020840600207C06002080060020F2
:105E100008B5084800F024F8074800F021F80748C2
:105E200000F01EF8064800F01BF8BDE8084000F03E
:105E30000BB800BF8C0600208806002084060020D6
:105E40008006002000207047704700BF08B5034B54
:105E500002681B6810689847002008BD4C060020A7
:105E600008B5034B02685B6810689847002008BDBE
:105E70004C06002070B5094C094D2069AB68984765
:105E800018B1084B08485B689847084AEB682069D6
:105E900000211160BDE87040184700BF380600209F
:105EA0004C06002030060020C0800000481400206E
:105EB000F8B51A4D1A4E0446B26828699047E8B9F9
:105EC000184F3B684CB1A3B1012B19D0013B3B608B
:105ED0002869F36898470020F8BD43B9124A0121A8
:105EE000C2F800151149D1F81029002AFBD101335D
:105EF0003B60F368286998470020F8BD0C48F8BD5E
:105F00000A4AD2F81039002BFBD1074A6FF07E40C5
:105F1000C2F80035FFF748FF3B68D7E73806002096
:105F20004C0600204814002000A0025000B002508F
:105F3000E98FFFFF0CB430B589B005460C461C2232
:105F4000002101A801F0C1FC02238DF806300E4BA0
:105F50000293059523462CB1B4F1004F28BF4FF0B2
:105F60000043013B1D440DAA0C99069501A800921F
:105F700000F00CF814B1059B00221A7009B0BDE8BE
:105F8000304002B0704700BFC17900002DE9F04FEA
:105F90008DB043680293837815469A07804640F196
:105FA0000D8100240E78002E00F00A81252E0BD0E2
:105FB0004B1C03930134029B41463046984700280E
:105FC000C0F2F6800399EDE74E788B1C252E0393E3
:105FD000F0D00027B946BB46BBF11F0F38D8A6F159
:105FE0002003102B0AD8DFE803F02A090930090939
:105FF000092109090928092D09091F00A6F1300303
:10600000092B33D92A2E37D11BF0400F55F8043B0A
:1060100040F08280002BA7BF4BF0200B9946C3F1C4
:1060200000094BF0280B01E04BF0010B039B13F828
:10603000016B0393002ECFD130E04BF0020B4BF0FD
:10604000040BF3E74BF0080BF0E74BF0100BEDE718
:10605000BBF17F0F19D8A6F13003092BD2D81BF062
:10606000400F03D00A2101FB0737DFE70A2101FBBC
:1060700009394BF0200BD9E72E2E06D11BF0400F2B
:1060800040F09E804BF0400BD0E76C2E31D02BD8E7
:10609000682E36D06A2E3CD04C2E3AD0002F46F0D7
:1060A0002003B8BF2BF04002A3F16501BCBF1FFA6B
:1060B00082FB0027022901D9612B2FD1073525F05A
:1060C0000705DFF8ACA2083507271BF0080F66D0DC
:1060D0000AEB070B56465E4563D1A4EB0A0A06EBB2
:1060E0000A02A9EB07096FE1742E9FD07A2E9DD08A
:1060F000D4E71BF0800F18BF4BF4007B4BF0800BF4
:1061000094E71BF4807F18BF4BF4007B4BF4807B3B
:106110008CE74BF4207B89E71F4687E7A6F16301F4
:10612000122900F2F080DFE811F013004F00EE00BA
:10613000EE00EE00EE004F00EE00EE00EE00EE008E
:10614000EE00FE00E900EE00EE001B00EE00AF00E6
:1061500055F8043B8DF8183001270DF1180AB4E703
:1061600055F804AB834BBAF1000F08BF9A461BF0F9
:10617000400F14BF39464FF0FF31504601F0BDFBD0
:106180000746A2E7029B41462020984700280FDBE4
:10619000013EB742F6D34C44A41BB14698E74E46A5
:1061A000F7E716F8010B029B41469847002892DA60
:1061B00098F8023043F0040388F802304FF0FF34BF
:1061C00020460DB0BDE8F08F1BF0800F34D01BF4DB
:1061D000007F2CD0073525F00705AA4669685AF8D4
:1061E000080B2BF010050029ADB237DA404261EB05
:1061F000410145F480650DF1180B0A235A4601F060
:1062000088FBA0EB0B0301936B0662D5019B25F085
:1062100001019F4289B240F3A180002E00F09980D5
:1062200015F0100240F09C80BB460D4623E0AA46C4
:106230005AF8040BC117D4E7AA461BF4807F5AF81A
:10624000041B01D10846F5E71BF4007F15BF48B2D7
:1062500008B241F3C01141F3C031C2E750EA010373
:10626000C9D11BF0400FC6D0002FC4D12BF01102B2
:1062700095B2BB46019740F2064115EA01021CBFE8
:106280000BF1010B00222CE02BF010021FFA82FB15
:106290000A231BF0800C49D01BF400711DBF073589
:1062A00025F00705AA46AA461ABF5AF8080B6968DE
:1062B0005AF8040B50EA010545D12BF016051BF0E6
:1062C000400FADB242D0002F40D12BF0170295B253
:1062D000019715F0100248D0019B002E42D103F126
:1062E000010B29075AD4EB0706D5D9456FDD019973
:1062F000A9EB0B035F18CB465B4649E04BF0100B54
:1063000010237826C5E7782B04D1C6F1780343F033
:106310001003BEE7029B4146252098470028FFF660
:1063200047AF023447E608230026B2E7AA461BF42B
:1063300080715AF8040BBDD01BF400711ABFC0B2B3
:10634000614680B2B6E72BF0060295B20DF1180B4C
:1063500054E725F01105ADB2BB468CE70D46B8E712
:106360003B460D4603F1020BBBE7DDF804B082E7C4
:10637000738B00006C8B0000CDE904324146029B18
:10638000202098470028FFF613AF049B059A01339D
:106390009945F1DCA4EB0B01CC189B460AB3029B98
:1063A0004146302098470028FFF602AF8EB90134ED
:1063B0002744019B391B994224DC1D465DBB019A91
:1063C000A9EB0B09224455461446914435E0019F40
:1063D00092E7023441463046029B98470028E7DAAC
:1063E000E6E640F206410D42E2D015F0020F14BF7E
:1063F0002B20202015F4806F04F10104414618BFC2
:106400002D20E9E7029B414630209847002804F1FF
:106410000104CEDACCE606AB013D4146585D029B55
:1064200098470028CADAC3E6029B414620209847D5
:10643000002804F10104FFF6BBAEA9EB0403002B16
:10644000F2DCBFE570472DE9F0415E1E84460E4444
:106450000020B04214D1BDE8F081AB4284BF3CF8CB
:10646000148052F825E004F1010488BF0EFB087780
:10647000013D8C42F1D1069C44F820700130E8E7E0
:10648000002405462746F4E7836800EBC101B3F515
:10649000004F2CBF51F8220031F81200704700EB7A
:1064A000C1018068B0F5004F2CBF41F8223021F8BF
:1064B0001230704708B50122FFF7E6FFD04008BD53
:1064C0008368B3F5004F00EBC10108D34B681AB1E4
:1064D00043F001034B60704723F00103FAE74B8858
:1064E0001AB143F001034B80704723F00103FAE730
:1064F00053000122FFF7D3BFB0F5004F34BF042390
:106500000823481C0833A0EBD300B0FA80F0C0F198
:106510001F0070472DE9F0410D4686680446FFF7DD
:10652000C9FFB6F5004F014601D3012832D03046ED
:10653000FFF7E2FF04EB80010E6996B9E3680122E0
:1065400082401343E36002220D612B462946204618
:10655000FFF7A5FF032229462046BDE8F041FFF7DB
:106560009EBF022231462046FFF78EFF2946034692
:1065700007462046FFF793FF03223346294620466D
:10658000FFF78DFF39462B462046FFF788FF022292
:106590003146E1E7BDE8F081B2F5802F2CBF08233A
:1065A0000423D21A2DE9F0418C18CD1D25F00705E2
:1065B00024F00704641B0026E40805602146AC6053
:1065C000EE602046FFF798FF421D9200013002F175
:1065D00007074FEAD707A2F110023146B8BF32468B
:1065E00005F1100001F071F93A4631462846FFF7EF
:1065F0007FFF3346324631462846FFF750FFA4EB73
:106600000708284631460122FFF75AFF424639461D
:10661000FFF76EFF3B46324639462846FFF73FFFFD
:1066200021462846FFF764FF434632462146284666
:10663000FFF735FF214628460122FFF741FF394683
:10664000BDE8F041FFF766BF2DE9F04706460D466D
:10665000174698462BB398F8004093F80190DB78E2
:10666000A40004EB430498F802301C4444444FF067
:10667000000ACA4509D3D8F8042008F108033946AE
:106680003046AC46BDE8F047604714F8013B48F897
:1066900023402046F9F74EFD013004440AF1010A77
:1066A000E7E76FF01500BDE8F08770B500250246FA
:1066B0002846144614F8013B0BB9184609E098B176
:1066C0008D4207D1702B04D0A3F140023A2A0BD897
:1066D000002070BDA3F140063A2E05D8537801354D
:1066E000941C002BE9D00020252B08BF80F001006E
:1066F0002246DEE7002070470FB407B504A951F821
:10670000040B019100F05CFB03B05DF804EB04B0F6
:10671000704710B50369024613F0080009D11368E9
:10672000D4689C4297BF126AE31AD31A01200B6007
:1067300010BD00231846FAE713B501A90446FFF778
:10674000E8FF20B1019BE268013B13440193206AFA
:10675000019BC01A013802B010BD10B50446501894
:106760002269236AD20702D5013B184010BD984226
:1067700028BFC01AFAE710B504460A46C168FFF7F9
:10678000ECFF2369E06023F00803236110BD38B5F6
:106790000D46C2698B00016843F0020342F82130C4
:1067A000044601682A46FFF7D8FFE3686168206065
:1067B000984202BF236943F0080323612A4620461A
:1067C000FFF7CBFF606038BD2DE9F74FC768C6699A
:1067D0009B4616F8273003F00303022B0446884635
:1067E000914606EB870A4FF0000309D01360CBF8FF
:1067F00000302369990710D4002003B0BDE8F08F62
:1068000056F8271013608908CBF80030F1D0FFF755
:10681000B2FFE368A3600120EFE7A3695046984701
:1068200016F82730DA070546E6D513F002031DD027
:10683000B8F1000F03D041462046FFF7A8FF61687A
:106840002A462046FFF789FFD4E902319942606069
:1068500004D12A462046FFF780FFA060A36823608A
:10686000E360236943F008032361D4E7014620462F
:106870000193FFF780FFE268A260B8F1000F04D037
:106880002168E269019B42F8213005EB0802CBF850
:10689000002021682046FFF760FF2369206043F055
:1068A0000803236116F827306FF3000306F827303A
:1068B000C9F800A0AFE770B504461546FFF74DFFD5
:1068C0002368834205D12369216023F008032361F3
:1068D00070BDE269AB0043F0020342F8213020466C
:1068E00061682A46FFF739FF6060F1E738B5036950
:1068F0005B07044606D5456AFFF71EFF85422CBF9D
:106900006562606238BD38B50D4604461C22002120
:1069100000F0DBFFEB68A361AB6863612B68E361A8
:106920006B682362002262622A6923B1591E1942F0
:1069300008BF42F001022261012204F12800002177
:10694000BDE8384000F06BBE2DE9F04F87B0002560
:106950000093036A03958B4204460E4692460595C2
:10696000A94639D3EFF3118B202383F31288BFF3A9
:106970006F8F059AD8462AB129462046FFF79BFF1C
:106980000023059304A92046FFF7C3FE0499B142F2
:1069900007462AD32268E36913F8221021F0030185
:1069A00003F8221003EB8209216832462046FFF7E4
:1069B000D4FEE3682060984212D0002788F3118843
:1069C000BFF36F8F039929B162690AB120469047DE
:1069D00000230393002FC5D1484607B0BDE8F08FD0
:1069E000236943F008032361E7E718B12046FFF766
:1069F000CEFEE3E7009B5AEA030319D0019100F0B1
:106A00001AFE0199A0B98BF31188BFF36F8F009B19
:106A1000524604F12800FEF7CDFAEFF31188202347
:106A200083F31288BFF36F8FB0FA80F77F09C5E751
:106A300005AB03AA20462568FFF7C6FE0746BDE75B
:106A400070B50446836908460D4698470246EFF341
:106A50001186202383F31288BFF36F8F2B7843F0C6
:106A600001032B7061682046FFF777FE60602046C7
:106A7000FFF73CFF86F31188BFF36F8F70BD2DE9E0
:106A8000F04104462027EFF3118687F31288BFF305
:106A90006F8F236913F0080FA36802D162689342D5
:106AA00000D9226AE169D21A32B986F31188BFF39C
:106AB0006F8F4FF0000833E011F8232012F003002D
:106AC00001EB8308F1D0022803D151F82350AD081F
:106AD00005D1D00712D4A369404698470546A1685E
:106AE0002A462046FFF739FE2946A0602046FFF7D8
:106AF00042FE86F31188BFF36F8FC4E742F00202B3
:106B000001F823204046A369A56898472946024614
:106B10002046FFF722FEA06086F31188BFF36F8F37
:106B20004046BDE8F081F8B50446836908460D4645
:106B300098470646EFF31187202383F31288BFF3AB
:106B40006F8F2B786FF300032B7023699B0705D59C
:106B5000E268E36903EB82039D421AD12B786FF35D
:106B600041032B70D4E90231994204D132462046C8
:106B7000FFF7F3FDA06031462046FFF7FCFD87F3E9
:106B80001188BFF36F8F04F12800BDE8F840FEF7CD
:106B9000EDB92B6860F39F032B60F0E7EFF31181F1
:106BA000202383F31288BFF36F8F036913F0080F5C
:106BB000836802D14268934200D9026AD31A81F3F2
:106BC0001188BFF36F8F181E18BF01207047038B09
:106BD00013F0070305D10368002B0CBF002003202E
:106BE0007047022B05D1408BB0FA80F0400980003D
:106BF0007047012B05D10368002B0CBF0020052036
:106C000070470020704710B50C4600B111B96FF005
:106C1000150010BD081D00F093F80028F9D1A368F5
:106C2000032BF6D9F3E72DE9F0410D460746194647
:106C3000281D90461E4600F094F8044638B13346AD
:106C4000424629463846A446BDE8F0416047BDE8C3
:106C5000F08110B4EFF31182202484F31288BFF383
:106C60006F8F416110BC0121FAF732B838B50C467C
:106C7000054658B151B10B6843B14B6833B11C2282
:106C8000002100F022FE2C61002038BD6FF01500BD
:106C9000FBE770B505460E46FFF7B5FF041E14DB93
:106CA000EFF31182202383F31288BFF36F8F6B8B76
:106CB0002C8B4FF6FF718B4204F0070407D182F34F
:106CC0001188BFF36F8F6FF00A04204670BD022C4D
:106CD0000CD101336B8382F31188BFF36F8F0023D4
:106CE000224631462846FFF79EFFEEE7062C14D8D1
:106CF000DFE804F004131313041A040000233360C4
:106D00006B683BB9C5E90066ACB902212846F9F7C2
:106D1000DFFFDAE71E606E60F6E782F31188BFF3EB
:106D20006F8F6FF00404D0E782F31188BFF36F8F89
:106D30006FF08504C9E782F31188BFF36F8FC4E752
:106D4000034658B1426802F00302012A03D0032A25
:106D500004D1026812B10020986070476FF01500EE
:106D600070474268816002F00302032A4FF000027C
:106D700003460CBF006810465A607047704703789E
:106D80005B075FBF03684288C3F34A2303EB12101B
:106D90005DBF173020F007008008002070470020FA
:106DA000704700F0F9BA0346BFF35B8F53E8000F5A
:106DB000421C43E800210029F8D1BFF35B8F7047E4
:106DC0001FB50023CDE90201CDE900331A4619466B
:106DD0001846FAF7B3FB05B05DF804FB0120FAF79B
:106DE00057B90020704770B5D2E901369B1B8B4222
:106DF0000C4615460AD313680A460146981900F056
:106E000056FDAB682344AB60204670BD6FF01B009D
:106E1000FBE770B50E4615461946044618B9BDE89D
:106E20007040FAF735B933B1C2F34A231030120D6E
:106E3000184400F03CFDC4E900562046BDE870400F
:106E4000FAF7C4BA2DE9F3415F1C4FEA87080646FA
:106E500008F1170020F0070080080C461546FAF7E5
:106E60008BF90023ADF805308DF807308DF80470EC
:106E700068B10346019A43F8102FA8F104012A468D
:106E8000294452F8045B43F8045F8A42F9D1A20115
:106E900002F4E07242EA482222F07F4222F47002B9
:106EA000002322F03F02314602B0BDE8F041FFF777
:106EB000B0BF07B50123019201AAFFF7C3FF03B0DA
:106EC0005DF804FB07B5CDE9002302236A46FFF70E
:106ED000B9FF03B05DF804FB1FB5CDE90123069BA4
:106EE000039301AA0323FFF7ADFF05B05DF804FB90
:106EF000F8B506460D4614461F4604B9F8BD2146AE
:106F000028463A46B047241A0544F6E710B54268C9
:106F100081680446D2E900230068FFF7E9FF63684F
:106F200000221A6010BD38B54B681A68CB689A42C7
:106F300005460C4602D10846FFF7E8FF6368BFF339
:106F40005B8F53E8002F511C43E800100028F8D154
:106F5000BFF35B8FA3689D54002038BD0A2838B565
:106F600004460D4602D10D20FFF7DDFF29462046DD
:106F7000FFF7D9FF002038BD2DE9F043054687B063
:106F800008460E8891F80090D1F808800C46174604
:106F9000FAF724FB011EC6F38216C9F3C2091EDBF1
:106FA0004846FAF725FA03462146608851F8102B27
:106FB0000196C2F34A22002A01EB0204C0F30B102F
:106FC00008BF00210022CDE90407CDE90214009298
:106FD00041462846FAF72EFB07B0BDE8F0830023B0
:106FE000E2E743681B685B680020196170474368EB
:106FF0001B681A685268536070472DE9F041436876
:107000001B685A68012111751D68D5E90136D3E95D
:1070100000482F681CB96B681C60BDE8F0812146F0
:1070200030464246B847241A0644F3E743681B68D3
:107030001868FAF769BC70B543681D686B68186911
:107040000C46FAF701F8214603460F222868BDE8EE
:1070500070401847FEE701460068FAF73DBE08B5E4
:10706000FAF796FEBDE80840FAF7B6BE0A460121D7
:10707000FFF71FBF00210120FAF72EBE61B662B6EE
:1070800080F31188BFF36F8F704772B6002383F3CC
:107090001188BFF36F8FBFF34F8F30BF62B6BFF35E
:1070A0006F8F704772B6002383F31188BFF36F8F21
:1070B000BFF34F8F20BF80F31188BFF36F8F62B68D
:1070C0007047202809D9B0F1004F08D80138B0FA2C
:1070D00080F0C0F11F0040007047082070473E203C
:1070E000704708B5D1E904319847002008BD08B5BC
:1070F000FBF7EAFB002008BD10B403460838BFF3D5
:107100005B8F50E8002F511C40E80014002CF8D190
:10711000BFF35B8F12B910BCFBF744BC6FF00F02DA
:1071200010BC9A6570470369C9B20C2201FB023397
:10713000186C00F00700704770B5C9B20369EFF32F
:107140001185202484F31288BFF36F8F0C2606FB71
:107150000134246C14F0C00408D0A24206D085F398
:107160001188BFF36F8F4FF0FF3070BD71430B4438
:1071700001221A6485F31188BFF36F8F43680B44B3
:107180005B6898470020F0E78022FFF7D5BFF8B58D
:10719000069F0469C9B2EFF31186202585F3128892
:1071A000BFF36F8F0C2569430C44256C05F0070C69
:1071B000BCF1010F0BD1276486F31188BFF36F8FE9
:1071C000C4E90E2343685B5898470020F8BD05F0DA
:1071D000C005AF4286F31188BFF36F8F0CBF6FF00D
:1071E00077004FF0FF30F1E713B580240094FFF7EC
:1071F000CEFF02B010BD10B40069CBB21C2403FB5B
:107200000400002110BC10470020FCF7FFBE002046
:1072100000F0E0B81046FDF7A9BE43685B68D3F8FC
:1072200010350B600020704743685B6802EA01007C
:1072300021EA0201C3F80805C3F80C1500207047C5
:1072400043685B680020C3F80815704743685B68B3
:107250000020C3F80C15704743685A68D2F804350B
:1072600021EA03000B40C2F80805C2F80C350020E3
:10727000704710B503695868F8B1884219D19C6805
:1072800008685860A14200D19860002008602AB1C7
:107290005A680A609A68596002B99960002010E043
:1072A000814206D10868206098688142EDD19C60D7
:1072B000EBE7044600680028F2D1002AE8D16FF01D
:1072C000150010BD30B543681360057A446804EBBF
:1072D000C504A34202D36FF0010030BD5C798C423B
:1072E00001D00833F0E70020F7E743681B68D3F8C4
:1072F0008004C3F88004704742681368D3F8100113
:1073000050B1D269002012780A70C3F81001D3F886
:10731000102101221A6070474FF0FF307047026859
:107320000346D2F8580140B95B68DB0706D4D2F8AF
:107330002001003818BF01207047012070474368C2
:107340001B68D3F80423D20517D5D3F82021A2B1A6
:10735000EFF31182202181F31288BFF36F8FD3F8EE
:10736000201131B10021C3F82011D3F820110121DF
:10737000D96082F31188BFF36F8FD3F8583170470B
:1073800000F150039B009BB203F1804303F5883367
:1073900000221A601B68704708B5FCF7CDFA08BDDB
:1073A000FEF7D8BB08B5FAF7ABFBFAF77FFCBDE8F0
:1073B0000840FEF7CFBB004700F095B8C00000F1D1
:1073C000804000F5F830C0F81015C0F8142570475B
:1073D000FDF794BAFCF796BDF7B5019001A8DDE979
:1073E000084716461D46FCF799FE019BB6F1000CB6
:1073F00018BF4FF0010C00EB83000B1E18BF0123D8
:10740000002D43EA4C0314BF4FF00C0C4FF0000C5E
:10741000002C43EA0C0314BF4FF4E06C4FF0000C57
:10742000002F43EA0C03D0F8002714BF4FF4403C70
:107430004FF0000C43EA0C0322EA030301B1097880
:107440000EB13678760019430DB12D78AD00314379
:107450000CB12478240229430FB13F783F040C4338
:107460003C43C0F8004703B0F0BD1FB50DF10F035A
:10747000019300238DF80F1000931A461946FFF769
:10748000ABFF05B05DF804FB38B5054608460C4671
:10749000FCF796FEB0B10846FCF786FE90B90846A8
:1074A000FCF776FE2A6801238340C2F808332A6875
:1074B00003B202EB8303D3F8102522F00302C3F8D2
:1074C000102538BD20460021BDE83840FFF7CDBF6C
:1074D000FCF7FCBEFFF7D8BFFDF716BA08B5FFF7FB
:1074E000FBFF002008BD08B1FBF752BA7047704798
:1074F00040B1C368587810F001001EBF1878B0FA88
:1075000080F040097047EFF31183202383F3128842
:10751000BFF36F8FFEE710B5D0E9003433B9002018
:10752000E268537843F00103537010BD204698473A
:107530000028F4D00028B8BF4042E368FF28A8BF65
:10754000FF201870ECE700F0C0B900F0B0B9704748
:107550004169836843EA010212F003020FD1C2605D
:107560000269013A01FB023382689A4201D9002084
:107570007047C2681A604269C3609B1AF4E76FF0F3
:107580001500704710B5C0E90432002381608361A3
:107590000446FFF7DDFF0028A8BFC4E9004410BD82
:1075A000F8B504460D46EFF31186202383F31288C5
:1075B000BFF36F8FC7686FB900F0F9F850B18767F4
:1075C000456100F07FF8314604F10800BDE8F8405D
:1075D000FDF710BFE3682B60A369E560013BA36181
:1075E00086F31188BFF36F8FF8BD08B52024EFF341
:1075F000118384F31288BFF36F8FFFF746FDF6E720
:1076000090F90E308B4201D0FDF7B0BE00207047DC
:1076100003460020C3E90200C3E9003370473AB1D2
:107620008A4205D3C0E90212C0E900000020704779
:107630006FF015007047EFF30580003818BF012088
:1076400070476FF05700704700207047FDF7E4BEA9
:10765000D0E9003213605A600023C0E9003370475C
:1076600008B5FFF7F5FF437B23F0020343730023C4
:10767000836008BD38B504460D46FDF757FD637BB2
:1076800043F002036373E5B1A5602B689D4209D105
:107690006B68C4E900531C606C6012E06A689A422F
:1076A000F6D01B68002BF3D094F90E2093F90E103E
:1076B0008A42F3D09142F1DD5A68C4E90032146085
:1076C0005C6038BD10B5EFF31184202383F312887A
:1076D000BFF36F8FFDF742FD84F31188BFF36F8F07
:1076E00010BD10B50446183000F09EF8EFF311817C
:1076F000202383F31288BFF36F8F627B12F0100296
:1077000004D081F31188BFF36F8F10BD2046BDE810
:107710001040FDF757BD08B5EFF31181202282F329
:107720001288BFF36F8F83680BB1FFF799FF81F366
:107730001188BFF36F8F08BD38B50446EFF311858C
:10774000202383F31288BFF36F8F437B13F0280F3E
:107750000BD183680BB1FFF783FF637B51B903F053
:10776000FB0363732046FDF7F9FC85F31188BFF333
:107770006F8F38BD03F0EB03F3E701211838FFF7F3
:10778000DBBF08B50346EFF31181202282F3128894
:10779000BFF36F8F0068834207D008B1FFF760FF27
:1077A00081F31188BFF36F8F08BD0020F8E738B56B
:1077B000EFF31185202383F31288BFF36F8F0468E2
:1077C000A0420DD034B12046FFF74AFF04F1180063
:1077D00000F02AF885F31188BFF36F8F204638BD7B
:1077E0000024F7E7EFF31181202282F31288BFF320
:1077F0006F8F027BD2070CD581F31188BFF36F8F97
:10780000002383F31188BFF36F8F0423184602DF30
:107810007047437B1B0704D581F31188BFF36F8F3B
:1078200070470122FDF7CEBC10B5EFF31184202282
:1078300082F31288BFF36F8F03683BB1FDF7AAFF95
:10784000002084F31188BFF36F8F10BD6FF0150017
:10785000F7E708B5FEF7BCF808BDFEF7B9B8002396
:10786000C0E9081200F11802C0E90622C0E900339D
:1078700003634363704710B50446FFF7D5FFA8B90B
:10788000636A0BB12046984704F11800FFF779FFAF
:1078900060B1FFF717FFEFF31180202383F3128805
:1078A000BFF36F8FBDE81040FDF7D4BD10BD0A4493
:1078B000914200F1FF3300D1704710B511F8014B30
:1078C00003F8014F9142F9D110BD0244034693429F
:1078D00000D1704703F8011BF9E710B501390244E4
:1078E000904201D1002005E0037811F8014FA34236
:1078F00001D0181B10BD0130F2E710B5024601445B
:107900008A42134603D01C780132002CF8D1181A91
:1079100010BDF0B5C3F137070446FFB203F01F03F3
:107920001046082BE6B233D0102B3ED06508A408D1
:1079300044EA817445EAC1752D194FEA910242EB80
:107940005102290941EA02716D1842EB1212290A0B
:1079500041EA02616D1842EB1222290C41EA024110
:107960006D1842EB1242AD1842F10002EC0844EAF5
:107970004274D10804EB8402A6EB4205EDB2092D56
:107980000CD90134A5F10A0541F10001EDB212E074
:10799000E40844EA417406F00705C908303554EAA2
:1079A000010200F8015BBCD1F0BD240944EA017476
:1079B00006F00F050909092D84BFED19EDB2EDE7B9
:1079C000D1E9043293421EBF5A1C0A6118707047F5
:1079D0000148006870470000441300205887FF7F6B
:1079E000010000004D29000000000000E12E000011
:1079F000547A0000DD74000000000000854D000096
:107A000000000000993200007C7A000099320000EA
:107A1000687A0000A1730000000000003137000008
:107A2000907A00004931000000000000AD3A0000EB
:107A300000000000510F0000000000002929000094
:107A400000000000A573000000000000F12C000001
:107A5000A47A0000D2890000547F00006C7F0000EF
:107A60009206002078130020FB890000887F000028
:107A7000B87F000094060020CC130020098A000083
:107A8000A07F0000B87F000096060020D8130020D9
:107A90003E8A0000DC7F0000208000009806002065
:107AA000E4130020B6890000000000003C7F0000C5
:107AB0009006002000000000B5400000B7730000F1
:107AC0000000000075700000907A00003F73000015
:107AD00000000000757000000000000075700000DC
:107AE000000000007570000041470000B7730000FF
:107AF000A47A0000352D0000000000007570000021
:107B000000000000757000000000000075700000AB
:107B1000000000007570000000000000757000009B
:107B2000000000007570000000000000757000008B
:107B3000000000007570000000000000757000007B
:107B4000000000003D3B00000000000075700000D8
:107B5000000000007570000000000000757000005B
:107B6000000000007570000000000000757000004B
:107B7000000000007570000000000000757000003B
:107B8000000000007570000000000000757000002B
:107B9000000000007570000000000000757000001B
:107BA000000000007570000000000000757000000B
:107BB00000000000757000000000000075700000FB
:107BC00000000000757000000000000075700000EB
:107BD00000000000757000000000000075700000DB
:107BE00000000000757000000000000075700000CB
:107BF00000000000757000000000000075700000BB
:107C000000000000757000000000000075700000AA
:107C1000000000007570000000000000757000009A
:107C2000000000007570000000000000757000008A
:107C3000000000007570000060810000040000007A
:107C4000C389000003000000088200000300000058
:107C5000ED89000003000000218200000300000005
:107C60002582000003000000608300000300000084
:107C70000B88000003000000698B00000300000077
:107C80006D880000030000004C8A00000300000023
:107C9000847E0000EC0D00203F8300000100000006
:107CA000C87E0000680500204F830000010000002E
:107CB0000338FDD870470000A47A000000010004DA
:107CC00000000001000000000C000000780000002F
:107CD00007000000B9000000620000006E00000014
:107CE000CB0000009100000063000000560000007F
:107CF00012000000530000004D00000031000000A1
:107D00001D000000680000007C0000007B000000F7
:107D1000BC00000055000000B1000000C6000000DB
:107D2000A900000022000000A80000004F00000091
:107D30006B000000480000003F00000070000000E1
:107D4000D3000000A80000006D0000009024000097
:107D5000B2260000686100002792000018B50000FC
:107D6000F30B01006C2A0100C2520100F6730100FE
:107D700098790100CEA10100B58E010089AE010005
:107D80001AAA01004ADC0100192E02007C1502002B
:107D90006D7B0200D68D02006AE70200B62D03005B
:107DA00056600300FD640300DEC003002BCC03001B
:107DB00083EA0300CD1804002D0E0400820F040096
:107DC0009E7F0400853F04005E5C04006E58040042
:107DD000F31D04001BDC030046910300786C0300D4
:107DE00054550300FF7903003F4A03002862030053
:107DF000B92C03002DFD0200C8EB0200C7DF020012
:107E0000A26A02004E7102008B2B020002D7010011
:107E1000DCAD0100D3B00100EC510100863F010050
:107E2000551301007DF20000F8DB00005EBE00008B
:107E30009C7C000039350000D007002000010000C4
:107E4000DD6D00007F6D000002000000796F000012
:107E50000000000000000000000000000000000022
:107E60001F830000278300000000000000000000C6
:107E7000000000002F8300003383000037830000E0
:107E80003B830000B1190000A5190000D5190000BE
:107E90008D1900000000000099190000000000008A
:107EA000311A0000F40D0020101600201000000010
:107EB000B87E0000040E0020B51A00001C0E002041
:107EC0002016002001000000377000002D70000017
:107ED000FB6F0000EF6F000000000000E36F000088
:107EE0000000000000000000557000008805002020
:107EF00080050020780500200000000070050020AB
:107F0000191C00000D1B0000611B0000C11B0000BC
:107F1000C00400200000000000000B06020000006A
:107F2000247F00000000000058880000260002079F
:107F3000000000206088000022000B11C129000011
:107F4000112B000058020000692E0000392E00009D
:107F500000000000B92F0000AD2E0000E1890000F4
:107F6000097200000F720000E7890000392F00003D
:107F700089710000E9710000000000002771000015
:107F80000000000000000000FFFF000000030050A0
:107F90000000000001000000006000400000000040
:107FA000BCF801FF000000500000000000000000CD
:107FB00000600040000000002D3300001B72000034
:107FC00029720000417200004D72000059720000D9
:107FD0009931000073720000000000000020004092
:107FE0000100000000000000FC7F00000000D6013E
:107FF0000000000023160020221600200020004070
:108000000880000001000000108000000400000053
:108010000600000005000002080600010706000334
:10802000F97200007D360000EB7200001A8B000030
:10803000288B00003C8B00004B8B0000578B00000E
:10804000E4790000E47900002C7A0000347A000022
:10805000547A0000547A0000FF8FFFFFFF8FFFFF6C
:10806000FE8FFFFFFE8FFFFFFD8FFFFFFC8FFFFFE7
:10807000FC8FFFFF6D757465785F667265652063C0
:10808000616C6C65642077697468204E554C4C2097
:10809000706172616D6574657200000043616E27E6
:1080A0007420696E697469616C697A65206D757494
:1080B00065782C20776173204E554C4C0D0A0000DA
:1080C000436F756C64206E6F74206C6F636B2070EF
:1080D0006F7765722073617665206D7574657800C1
:1080E00041444320636F6E74726F6C6C65722064E0
:1080F000657669766365202573206E6F74207265DE
:1081000061647900436F756C64206E6F74207365D1
:10811000747570206368616E6E656C202325642021
:1081200028256429004661696C656420746F2069A4
:108130006E697420666C6167206465746563746938
:108140006F6E2070696E202825642900436F756C5E
:1081500064206E6F74207265616420282564290094
:108160004D41494E0028756E7369676E656429201C
:1081700063686172202A207573656420666F7220BF
:1081800025257020617267756D656E742E204974A7
:108190002773207265636F6D6D656E64656420740E
:1081A0006F206361737420697420746F20766F6927
:1081B00064202A2062656361757365206974206D8F
:1081C0006179206361757365206D697362656861AB
:1081D00076696F7220696E206365727461696E20C2
:1081E000636F6E66696775726174696F6E732E2056
:1081F000537472696E673A22257322206172677523
:108200006D656E743A25640063627072696E74669F
:108210005F7061636B616765006C6F6767696E674C
:10822000006C6F67006C6F675F6D676D74004D6504
:108230007373616765202822257322292064726F79
:108240007070656420626563617573652069742070
:10825000657863656564732073697A65206C696D00
:1082600069746174696F6E2028257529004D6573E6
:10827000736167652064726F707065642062656306
:108280006175736520697420657863656564732022
:1082900073697A65206C696D69746174696F6E20A9
:1082A00028257529000D0A001B5B306D0025732001
:1082B000005B2530386C755D20005B253032753AE7
:1082C000253032753A253032752E253033752C2500
:1082D0003033755D200025730025732F003C257316
:1082E0003E200025733A20002530327820002020DF
:1082F00020007C00256300206D65737361676573E2
:108300002064726F70706564202D2D2D0D0A1B5B2B
:10831000306D001B5B313B33316D2D2D2D20001B4B
:108320005B313B33316D001B5B313B33336D00659B
:1083300072720077726E00696E6600646267006C2C
:108340006F675F6261636B656E645F727474006C0B
:108350006F675F6261636B656E645F756172740005
:108360006C6F675F75617274002A2A2A20426F6FF2
:1083700074696E67206E524620436F6E6E6563743B
:108380002053444B2076322E392E302D3737383754
:108390006232363439383430202A2A2A0A002A2A0E
:1083A0002A205573696E67205A6570687972204F6C
:1083B000532076332E372E39392D316638663364A3
:1083C000633239313432202A2A2A0A006D757465E5
:1083D000785F696E69742063616C6C65642077698D
:1083E0007468204E554C4C20706172616D657465E7
:1083F0007200436F756C64206E6F7420616C6C6FDB
:1084000063617465206D75746578206265666F724E
:108410006520696E697469616C697A696E6700725A
:10842000302F61313A202030782530387820207282
:10843000312F61323A202030782530387820207270
:10844000322F61333A20203078253038780072336B
:108450002F61343A2020307825303878207231323C
:108460002F69703A202030782530387820723134E6
:108470002F6C723A202030782530387800207870C0
:1084800073723A2020307825303878004661756C58
:1084900074696E6720696E737472756374696F6E48
:1084A000206164647265737320287231352F7063A4
:1084B000293A2030782530387800556E68616E642E
:1084C0006C6564204952516E3A202564002A2A2A9C
:1084D0002A2A20425553204641554C54202A2A2A04
:1084E0002A2A002020537461636B696E67206572CD
:1084F000726F72002020556E737461636B696E67D2
:10850000206572726F720020205072656369736516
:10851000206461746120627573206572726F7200ED
:1085200020204246415220416464726573733A20B0
:1085300030782578002020496D7072656369736515
:10854000206461746120627573206572726F7200BD
:108550002020496E737472756374696F6E20627542
:1085600073206572726F72002020466C6F617469AF
:108570006E672D706F696E74206C617A79207374E8
:1085800061746520707265736572766174696F6E6F
:10859000206572726F72002A2A2A2A2A20555341B6
:1085A0004745204641554C54202A2A2A2A2A002091
:1085B000204469766973696F6E206279207A6572EA
:1085C0006F002020556E616C69676E6564206D6573
:1085D0006D6F7279206163636573730020204E6F45
:1085E00020636F70726F636573736F7220696E734F
:1085F0007472756374696F6E73002020496C6C65CA
:1086000067616C206C6F6164206F66204558435F22
:1086100052455455524E20696E746F2050430020CD
:1086200020496C6C6567616C20757365206F6620EE
:108630007468652045505352002020417474656D64
:10864000707420746F206578656375746520756E2D
:10865000646566696E656420696E737472756374AF
:10866000696F6E002A2A2A2A2A204D505520464139
:10867000554C54202A2A2A2A2A0020205374616348
:108680006B696E67206572726F722028636F6E74FB
:108690006578742061726561206D69676874206215
:1086A00065206E6F742076616C6964290020204417
:1086B000617461204163636573732056696F6C61F7
:1086C00074696F6E0020204D4D4641522041646414
:1086D000726573733A2030782578002020496E73D4
:1086E0007472756374696F6E204163636573732080
:1086F00056696F6C6174696F6E005265736572764E
:10870000656420457863657074696F6E2028005336
:10871000707572696F757320696E746572727570A9
:108720007420284952512000535053454C20696E03
:1087300020746872656164206D6F646520646F6584
:1087400073206E6F7420696E646963617465205074
:108750005350002A2A2A2A2A2048415244204641BE
:10876000554C54202A2A2A2A2A0020204275732098
:108770006661756C74206F6E20766563746F72200D
:108780007461626C652072656164002020446562DA
:108790007567206576656E740020204661756C747F
:1087A00020657363616C6174696F6E202873656501
:1087B0002062656C6F772900415243485F455843FA
:1087C000455054207769746820726561736F6E201C
:1087D00025780A002A2A2A2A2A20446562756720F9
:1087E0006D6F6E69746F7220657863657074696F00
:1087F0006E202A2A2A2A2A002A2A2A2A2A2025738F
:1088000020256429202A2A2A2A2A006D707500460C
:1088100061696C656420746F20616C6C6F63617456
:1088200065206E6577204D505520726567696F6EC3
:108830002025750A00506172746974696F6E202575
:10884000753A2073616E69747920636865636B2083
:108850006661696C65642E00464C4153485F300088
:108860005352414D5F3000000001000000736F6300
:108870000053656C656374656420414443206761FF
:10888000696E206973206E6F742076616C69640074
:1088900053656C656374656420414443207265666A
:1088A0006572656E6365206973206E6F74207661F2
:1088B0006C69640053656C6563746564204144436E
:1088C000206163717569736974696F6E2074696D75
:1088D00065206973206E6F742076616C696400494D
:1088E0006E76616C69642073656C656374696F6E24
:1088F000206F66206368616E6E656C73004368610B
:108900006E6E656C202575206E6F7420636F6E66C9
:1089100069677572656400414443207265736F6CCA
:108920007574696F6E2076616C75652025642069A9
:1089300073206E6F742076616C6964004F76657287
:1089400073616D706C696E672069732073757070E8
:108950006F7274656420666F722073696E676C65F0
:10896000206368616E6E656C206F6E6C79004F7667
:10897000657273616D706C696E672076616C756588
:10898000202564206973206E6F742076616C6964A1
:108990000050726F76696465642062756666657200
:1089A00020697320746F6F20736D616C6C202825B3
:1089B000752F2575290061646340343030303730BD
:1089C0003030006164635F6E7266785F736161640A
:1089D0006300636C6F636B40343030303030303064
:1089E000006866636C6B006C66636C6B00636C6F35
:1089F000636B5F636F6E74726F6C006770696F405A
:108A00003530303030333030006770696F4035308A
:108A100030303030303000000102030405060746D4
:108A200061696C656420746F20616C6C6F63617444
:108A30006520505049204368616E6E656C00756119
:108A400072744034303030323030300075617274BE
:108A50005F6E7266785F7561727465000000000079
:108A600000010100000000000020303030303030C4
:108A7000303030303030303000015465726D696E06
:108A8000616C000000000000005454522052454721
:108A90004745530048616C74696E6720737973743D
:108AA000656D00556E6B6E6F776E206572726F72BA
:108AB00000756E6B6E6F776E003E3E3E205A4550DD
:108AC00048595220464154414C204552524F522061
:108AD00025643A202573206F6E204350552025646D
:108AE000004661756C7420647572696E6720696EEA
:108AF000746572727570742068616E646C696E67FB
:108B00000A0043757272656E7420746872656164E0
:108B10003A20257020282573290043505520657878
:108B200063657074696F6E00556E68616E646C6524
:108B30006420696E74657272757074005374616339
:108B40006B206F766572666C6F77004B65726E6531
:108B50006C206F6F7073004B65726E656C20706176
:108B60006E6963006D61696E006F7300286E756CCD
:0C8B70006C29002A666C6F61742A0000FA
:108B840000000000000000000000000000000000E1
:108B9400015A000000000000000000000000000076
:108BA400E0040020E0040020F97000000000000050
:108BB40000000000000000000000000000000000B1
:108BC4000005002000050020000000000100000056
:108BD4001005002010050020000000000100000026
:108BE4000000000000000000000000000000000081
:108BF4000000000000000000000000000000000071
:108C04000000000000000000000000000000000060
:108C14000000000000000000000000000000000050
:108C2400F56600009F6D0000B07E000000000000AB
:108C3400EC0600203A000000000700203A00000083
:108C4400D80600203A000000280700203A0000005F
:108C540000000000EF7000000000000000000000B1
:108C64000000000000000000000000000000000000
:108C740000000000000000000000000000000000F0
:108C840000000000000000000000000000000000E0
:108C940000000000000000000000000000000000D0
:108CA40000000000000000000000000000000000C0
:108CB40000000000000000000000000000000000B0
:108CC40000000000000000000000000000000000A0
:108CD40008000000FF000000000000000300000086
:108CE40000000000FFFF0F002806002028060020D7
:108CF400000000008D5B0000740600206C0600205C
:108D040064060020000000005C060020A95C00004E
:108D1400F55B0000295C0000715C00003814002041
:108D24003A00003A3C1400203A00003A4014002073
:108D34003A00003A441400203A00003A8406002025
:108D440048060020400600203C060020380600208B
:0A8D54000000000000000000000015
:108D60000000000000000000000000000000000003
:108D700000000000000000000000000000000000F3
:108D800000000000000000000000000000000000E3
:108D9000000000000000000000000000D8060020D5
:108DA000D806002000000000000000000E000000B7
:108DB000EC060020EC06002000000000000000008F
:108DC0000E00000000070020000700200000000047
:108DD000000000000E00000014070020140700200F
:108DE00000000000000000000E0000002807002026
:108DF0002807002000000000000000000E00000016
:108E00003C0700203C07002000000000010000009B
:048E100015E015E074
:00000001FF
