94a59c	hex	100000000000000000000000000000000000000000000000000000000000000000000000000000000000000000000000000000000000000000000000000000
1626560	base64	00010100000000010000000000000001010000000000000000000000000000
18b09c5	base64	464c41477b63306e6631726d33645f62795f6368346c6c5f6d346b33725f746831735f31735f7468335f666c34677d
18c3e0d	base64	464c41477b6d3367345f6e7a5f636c3075645f6b33795f707231763474335f7634756c745f3078393932617d
18d9590	base64	464c41477b746831735f31735f7468335f7233346c5f666c34675f63306e6631726d33645f62795f6368346c6c5f6d346b33727d
18ec99b	base64	464c41477b696d6167655f6d657461646174615f6465636f795f393932317d
18f3744	base64	464c41477b7064665f6533766964656e63655f64336330795f307839396163667d
24f3b7d	base64	464c41477b63306e6631726d33645f62795f6368346c6c5f6d346b33725f746831735f31735f7468335f666c34677d
24fa606	base64	464c41477b7064665f6533766964656e63655f64336330795f307839396163667d
2506bb0	base64	464c41477b696d6167655f6d657461646174615f6465636f795f393932317d
53f4bba	base64	500000000000000020010004000000000000000000006000000000000000000000000000000000000200000000000000000000000000000018000000000000001800000000000000000000000000000008000000000000000800000000000000
582e55d	base64	68747470733a2f2f616e74612e636f6d2e766e2f
582e833	base64	68747470733a2f2f6b6d2e706861726d61636974792e766e2f3378436a2f637575797a716d6a
58a29c0	base64	68747470733a2f2f616e74612e636f6d2e766e2f
58a2c96	base64	68747470733a2f2f6b6d2e706861726d61636974792e766e2f3378436a2f637575797a716d6a
6057cde	base64	464c41477b7064665f6533766964656e63655f64336330795f307839396163667d
79a5fa0	hex	2222222222222222222222222222222222222222
79ac0b1	hex	33333333333333333333333333333333333333333333
79d0ddc	hex	444444444444444444444444444444444444444444444444444444444444444444444444444444444444444444444444444444444444444444444444444444444444444444444444444444444444444444444444444444444444444444444444444444444444444444444444444444444444444444444444444444444444
79d19e2	hex	44444444444444444444444444444444444444444444444444444444444444444444444444444444444444444444444444444444444444444444444444444444444444444444444444444444444444444444444444444444444444444444444444444444444444444444444444444444444444444444444444444444444444
7d6fc70	hex	0111111111111111111111111111111111111111111111111111111111111111111111111111111111111111111111111111111111111111111111111111111111111111111111111111111111111111111111111111111111111111111111111111111111111111111111111111111111111111111111111111111111111111
815fd1e	base64	464c41477b7064665f6533766964656e63655f64336330795f307839396163667d
8ed12f5	base64	5945145145145145145145145145145145145145145145145145
96dfd01	base64	464c41477b746831735f31735f7468335f7233346c5f666c34675f63306e6631726d33645f62795f6368346c6c5f6d346b33727d
96e07d9	base64	464c41477b6d3367345f6e7a5f636c3075645f6b33795f707231763474335f7634756c745f3078393932617d
96e0a2c	base64	464c41477b7064665f6533766964656e63655f64336330795f307839396163667d
96e2046	base64	464c41477b63306e6631726d33645f62795f6368346c6c5f6d346b33725f746831735f31735f7468335f666c34677d
96fc074	base64	464c41477b696d6167655f6d657461646174615f6465636f795f393932317d
97020e7	base64	464c41477b696d6167655f6d657461646174615f6465636f795f393932317d
bff2002	base64	60104104104104104104104104104104104104104104104104104104104104104104104104104104104104104104
c1ed673	base64	0410410410410410410410410410410410410410410410410410410410410410410410410410410410410410
c1eeb0c	base64	0c10410410410410410410410410410410410410410410410410
c1fa620	base64	0410410410410410410410410410410410410410410410410410410410410410410410410410410410410410
c1fd5d1	base64	0410410410410410410410410410410410410410410410410410410410410410410410410410410410410410
c200574	base64	0410410410410410410410410410410410410410410410410410410410410410410410410410410410410410
c20133c	base64	1c1041041041041041041041041041041041041041041041041041041041041041041041041041041041041041041041041041041041041041041041041041041041041041041041041041041041041041041041041041
c203535	base64	0410410410410410410410410410410410410410410410410410410410410410410410410410410410410410
c2063f3	base64	2c10410410410410410410410410410410410410410410410410410410410410410410410410410410410410410410410410410410410410410410410410410410
c207312	base64	041041041041041041041041041041041041041041041041041041041041041041041041041041041041041041041041041041041041041041041041041041041041041041041041041041041041041041041041041041041041041041041041041041041041041041
c209314	base64	2c1041041041041041041041041041041041041041041041041041041041041041041041041041041041041041041041041041041041041041041041041041041041
c20c237	base64	2c1041041041041041041041041041041041041041041041041041041041041041041041041041041041041041041041041041041041041041041041041041041041
c20f160	base64	2c1041041041041041041041041041041041041041041041041041041041041041041041041041041041041041041041041041041041041041041041041041041041
c210081	base64	2410410410410410410410410410410410410410410410410410410410410410410410410410410410410410410410410410410410410410410410410410410410410410410410410410410410410410410410410410410410410410
c2105f8	base64	44104104104104104104104104104104104104104104104104104104104104104104104104104104104104104104104104104104104104104104104104104104104104104104104104104104104104104104104104104104104104104104104104104104104104104104104104104104
c213695	base64	7c104104104104104104104104104104104104104104
c213799	base64	7c104104104104104104104104104104104104104104
c21389d	base64	7c104104104104104104104104104104104104104104
c2139a1	base64	7c104104104104104104104104104104104104104104
c2b2085	base64	40104104104104104104104104104104104104104104104104104104104104104104104104104104104104104104104104104104104104104104104104104104104104104104104104104104104104104104104104104104104104104104104104
c2b6d1a	base64	18104104104104104104104104104104104104104104104104104104104104104104104104104104104104104104
c2b9b51	base64	2c10410410410410410410410410410410410410410410410410410410410410410410410410410410410410410410410410410410410410410410410410410410
c2b9bab	base64	1410410410410410410410410410410410410410410410410410410410410410410410410410410410410410410410410410410410410410410410410410410410410410410410410410410410410410
c2bb00c	base64	7010410410410410410410410410410410410410410410410410410410410410410410410410410410410410410410410410410410410410410410410410410410410410410410410410410410410410410410410410410410410410410410410410
c2bca7c	base64	2c1041041041041041041041041041041041041041041041041041041041041041041041041041041041041041041041041041041041041041041041041041041041
c2bcad7	base64	1010410410410410410410410410410410410410410410410410410410410410410410410410410410410410410410410410410410410410410410410410410410410410410410410410410410410410
c2bf9a8	base64	2c1041041041041041041041041041041041041041041041041041041041041041041041041041041041041041041041041041041041041041041041041041041041
c3378d9	base64	2c1041041041041041041041041041041041041041041041041041041041041041041041041041041041041041041041041041041041041041041041041041041041
c33880e	base64	04104104104104104104104104104104104104104104104104104104104104104104104104104104104104104104104104104104104104104104104104104104104104104104104104104104104104104104104104104104104104
c338d85	base64	0410410410410410410410410410410410410410410410410410410410410410410410410410410410410410410410410410410410410410410410410410410410410410410410410410410410410410410410410410410410410410410410410410410410410410410410410410
c33a87f	base64	20104104104104104104104104104104104104104104104104104104104104104104104104104104104104104104104104104104104104104104104104104104104104104104
c33be27	base64	04104104104104104104104104104104104104104104
c33bf29	base64	04104104104104104104104104104104104104104104
c33c02b	base64	04104104104104104104104104104104104104104104
c33c12d	base64	04104104104104104104104104104104104104104104
c33c22f	base64	70104104104104104104104104104104104104104104104104
c463cbc	base64	1410410410410410410410410410410410410410410410410410410410410410410410410410
fab1fe0	hex	2222222222222222222222222222222222222222
fab80f1	hex	33333333333333333333333333333333333333333333
fadce1c	hex	444444444444444444444444444444444444444444444444444444444444444444444444444444444444444444444444444444444444444444444444444444444444444444444444444444444444444444444444444444444444444444444444444444444444444444444444444444444444444444444444444444444444
fadda22	hex	44444444444444444444444444444444444444444444444444444444444444444444444444444444444444444444444444444444444444444444444444444444444444444444444444444444444444444444444444444444444444444444444444444444444444444444444444444444444444444444444444444444444444
fe7bcb0	hex	0111111111111111111111111111111111111111111111111111111111111111111111111111111111111111111111111111111111111111111111111111111111111111111111111111111111111111111111111111111111111111111111111111111111111111111111111111111111111111111111111111111111111111
10262d5e	base64	464c41477b7064665f6533766964656e63655f64336330795f307839396163667d
11001335	base64	5945145145145145145145145145145145145145145145145145
1180fd41	base64	464c41477b746831735f31735f7468335f7233346c5f666c34675f63306e6631726d33645f62795f6368346c6c5f6d346b33727d
11810819	base64	464c41477b6d3367345f6e7a5f636c3075645f6b33795f707231763474335f7634756c745f3078393932617d
11810a6c	base64	464c41477b7064665f6533766964656e63655f64336330795f307839396163667d
11812086	base64	464c41477b63306e6631726d33645f62795f6368346c6c5f6d346b33725f746831735f31735f7468335f666c34677d
1182c0b4	base64	464c41477b696d6167655f6d657461646174615f6465636f795f393932317d
11832127	base64	464c41477b696d6167655f6d657461646174615f6465636f795f393932317d
143ac042	base64	60104104104104104104104104104104104104104104104104104104104104104104104104104104104104104104
17c57020	hex	2222222222222222222222222222222222222222
17c5d131	hex	33333333333333333333333333333333333333333333
17c81e5c	hex	444444444444444444444444444444444444444444444444444444444444444444444444444444444444444444444444444444444444444444444444444444444444444444444444444444444444444444444444444444444444444444444444444444444444444444444444444444444444444444444444444444444444
17c82a62	hex	44444444444444444444444444444444444444444444444444444444444444444444444444444444444444444444444444444444444444444444444444444444444444444444444444444444444444444444444444444444444444444444444444444444444444444444444444444444444444444444444444444444444444
18021cf0	hex	0111111111111111111111111111111111111111111111111111111111111111111111111111111111111111111111111111111111111111111111111111111111111111111111111111111111111111111111111111111111111111111111111111111111111111111111111111111111111111111111111111111111111111
18408d9e	base64	464c41477b7064665f6533766964656e63655f64336330795f307839396163667d
191a8375	base64	5945145145145145145145145145145145145145145145145145
199b7d81	base64	464c41477b746831735f31735f7468335f7233346c5f666c34675f63306e6631726d33645f62795f6368346c6c5f6d346b33727d
199b8859	base64	464c41477b6d3367345f6e7a5f636c3075645f6b33795f707231763474335f7634756c745f3078393932617d
199b8aac	base64	464c41477b7064665f6533766964656e63655f64336330795f307839396163667d
199ba0c6	base64	464c41477b63306e6631726d33645f62795f6368346c6c5f6d346b33725f746831735f31735f7468335f666c34677d
199d40f4	base64	464c41477b696d6167655f6d657461646174615f6465636f795f393932317d
199da167	base64	464c41477b696d6167655f6d657461646174615f6465636f795f393932317d
1e0ef060	hex	2222222222222222222222222222222222222222
1e0f5171	hex	33333333333333333333333333333333333333333333
1e119e9c	hex	444444444444444444444444444444444444444444444444444444444444444444444444444444444444444444444444444444444444444444444444444444444444444444444444444444444444444444444444444444444444444444444444444444444444444444444444444444444444444444444444444444444444
1e11aaa2	hex	44444444444444444444444444444444444444444444444444444444444444444444444444444444444444444444444444444444444444444444444444444444444444444444444444444444444444444444444444444444444444444444444444444444444444444444444444444444444444444444444444444444444444
1e4b9d30	hex	0111111111111111111111111111111111111111111111111111111111111111111111111111111111111111111111111111111111111111111111111111111111111111111111111111111111111111111111111111111111111111111111111111111111111111111111111111111111111111111111111111111111111111
1e89ddde	base64	464c41477b7064665f6533766964656e63655f64336330795f307839396163667d
1f6493b5	base64	5945145145145145145145145145145145145145145145145145
1fe51dc1	base64	464c41477b746831735f31735f7468335f7233346c5f666c34675f63306e6631726d33645f62795f6368346c6c5f6d346b33727d
1fe52899	base64	464c41477b6d3367345f6e7a5f636c3075645f6b33795f707231763474335f7634756c745f3078393932617d
1fe52aec	base64	464c41477b7064665f6533766964656e63655f64336330795f307839396163667d
1fe54106	base64	464c41477b63306e6631726d33645f62795f6368346c6c5f6d346b33725f746831735f31735f7468335f666c34677d
1fe6e134	base64	464c41477b696d6167655f6d657461646174615f6465636f795f393932317d
1fe741a7	base64	464c41477b696d6167655f6d657461646174615f6465636f795f393932317d
245c20a0	hex	2222222222222222222222222222222222222222
245c81b1	hex	33333333333333333333333333333333333333333333
245ecedc	hex	444444444444444444444444444444444444444444444444444444444444444444444444444444444444444444444444444444444444444444444444444444444444444444444444444444444444444444444444444444444444444444444444444444444444444444444444444444444444444444444444444444444444
245edae2	hex	44444444444444444444444444444444444444444444444444444444444444444444444444444444444444444444444444444444444444444444444444444444444444444444444444444444444444444444444444444444444444444444444444444444444444444444444444444444444444444444444444444444444444
2498cd70	hex	0111111111111111111111111111111111111111111111111111111111111111111111111111111111111111111111111111111111111111111111111111111111111111111111111111111111111111111111111111111111111111111111111111111111111111111111111111111111111111111111111111111111111111
24d71e1e	base64	464c41477b7064665f6533766964656e63655f64336330795f307839396163667d
25b153f5	base64	5945145145145145145145145145145145145145145145145145
2632ce01	base64	464c41477b746831735f31735f7468335f7233346c5f666c34675f63306e6631726d33645f62795f6368346c6c5f6d346b33727d
2632d8d9	base64	464c41477b6d3367345f6e7a5f636c3075645f6b33795f707231763474335f7634756c745f3078393932617d
2632db2c	base64	464c41477b7064665f6533766964656e63655f64336330795f307839396163667d
2632f146	base64	464c41477b63306e6631726d33645f62795f6368346c6c5f6d346b33725f746831735f31735f7468335f666c34677d
26349174	base64	464c41477b696d6167655f6d657461646174615f6465636f795f393932317d
2634f1e7	base64	464c41477b696d6167655f6d657461646174615f6465636f795f393932317d
2b1e10e0	hex	2222222222222222222222222222222222222222
2b1e71f1	hex	33333333333333333333333333333333333333333333
2b20bf1c	hex	444444444444444444444444444444444444444444444444444444444444444444444444444444444444444444444444444444444444444444444444444444444444444444444444444444444444444444444444444444444444444444444444444444444444444444444444444444444444444444444444444444444444
2b20cb22	hex	44444444444444444444444444444444444444444444444444444444444444444444444444444444444444444444444444444444444444444444444444444444444444444444444444444444444444444444444444444444444444444444444444444444444444444444444444444444444444444444444444444444444444
2b5addb0	hex	0111111111111111111111111111111111111111111111111111111111111111111111111111111111111111111111111111111111111111111111111111111111111111111111111111111111111111111111111111111111111111111111111111111111111111111111111111111111111111111111111111111111111111
2b992e5e	base64	464c41477b7064665f6533766964656e63655f64336330795f307839396163667d
2c71e435	base64	5945145145145145145145145145145145145145145145145145
2cf36e41	base64	464c41477b746831735f31735f7468335f7233346c5f666c34675f63306e6631726d33645f62795f6368346c6c5f6d346b33727d
2cf37919	base64	464c41477b6d3367345f6e7a5f636c3075645f6b33795f707231763474335f7634756c745f3078393932617d
2cf37b6c	base64	464c41477b7064665f6533766964656e63655f64336330795f307839396163667d
2cf39186	base64	464c41477b63306e6631726d33645f62795f6368346c6c5f6d346b33725f746831735f31735f7468335f666c34677d
2cf531b4	base64	464c41477b696d6167655f6d657461646174615f6465636f795f393932317d
2cf59227	base64	464c41477b696d6167655f6d657461646174615f6465636f795f393932317d
2fb0c428	hex	5555555555555555555555555555555555555555
311c2398	base64	7b22736f63636572223a7b2274797065223a225445414d5f4649585455524553222c227061796c6f6164223a7b227465616d41223a3132387d7d7d
311c2434	base64	7b22736f63636572223a7b2274797065223a225445414d5f4649585455524553222c227061796c6f6164223a7b227465616d41223a33317d7d7d
311c24d0	base64	7b22736f63636572223a7b2274797065223a225445414d5f4649585455524553222c227061796c6f6164223a7b227465616d41223a38377d7d7d
311c256c	base64	7b22736f63636572223a7b2274797065223a225445414d5f4649585455524553222c227061796c6f6164223a7b227465616d41223a37337d7d7d
311c2600	base64	7b22736f63636572223a7b2274797065223a225445414d5f4649585455524553222c227061796c6f6164223a7b227465616d41223a37347d7d7d
311c2694	base64	7b22736f63636572223a7b2274797065223a225445414d5f4649585455524553222c227061796c6f6164223a7b227465616d41223a36317d7d7d
311c3125	base64	07137a71515a0c504a505b007a46514503685b5702357e62044836623d697a5a68520b104454567c5626237c0f20692e52275d35323a3f241b211e373b22196e420f366562
311c4adc	base64	7b22736f63636572223a7b2274797065223a224d415443485f44455441494c222c227061796c6f6164223a7b2273634c65616775654964223a332c22686f6d6553634964223a36312c226177617953634964223a37342c226461746554696d65223a5b323032362c392c372c312c34355d7d7d7d
311c4c50	base64	7b22736f63636572223a7b2274797065223a224d415443485f44455441494c222c227061796c6f6164223a7b2273634c65616775654964223a31312c22686f6d6553634964223a37332c226177617953634964223a38372c226461746554696d65223a5b323032362c392c392c322c305d7d7d7d
311c4db8	base64	7b22736f63636572223a7b2274797065223a224d415443485f44455441494c222c227061796c6f6164223a7b2273634c65616775654964223a31312c22686f6d6553634964223a33312c226177617953634964223a3132382c226461746554696d65223a5b323032362c392c382c32332c34355d7d7d7d
311ee69d	base64	07137a71515a0c504a505b007a46514503685b5702357e62044836623d697a5a68520b104454567c5626237c0f20692e52275d35323a3f241b211e373b22196e420f366562
311ee8c9	base64	07137a71515a0c504a505b007a46514503685b5702357e62044836623d697a5a68520b104454567c5626237c0f20692e52275d35323a3f241b211e373b22196e420f366562
311eec39	base64	07137a71515a0c504a505b007a46514503685b5702357e62044836623d697a5a68520b104454567c5626237c0f20692e52275d35323a3f241b211e373b22196e420f366562
311eeea5	base64	07137a71515a0c504a505b007a46514503685b5702357e62044836623d697a5a68520b104454567c5626237c0f20692e52275d35323a3f241b211e373b22196e420f366562
3162ee2a	base64	500000000000000020010004000000000000000000006000000000000000000000000000000000000200000000000000000000000000000018000000000000001800000000000000000000000000000008000000000000000800000000000000
3167e83a	base64	500000000000000020010004000000000000000000006000000000000000000000000000000000000200000000000000000000000000000018000000000000001800000000000000000000000000000008000000000000000800000000000000
33d48165	base64	07137a71515a0c504a505b007a46514503685b5702357e62044836623d697a5a68520b104454567c5626237c0f20692e52275d35323a3f241b211e373b22196e420f366562
344b0060	hex	0000000000000000000000000000000000000000000000000000000000000000
347fe125	base64	514514514514514514514514514514514514513514514514514514514514514514514514514514514514514514
34c87a00	base64	68747470733a2f2f616e74612e636f6d2e766e2f
34c87cd6	base64	68747470733a2f2f6b6d2e706861726d61636974792e766e2f3378436a2f637575797a716d6a
35ce8b6a	base64	500000000000000020010004000000000000000000006000000000000000000000000000000000000200000000000000000000000000000018000000000000001800000000000000000000000000000008000000000000000800000000000000
3720b120	hex	2222222222222222222222222222222222222222
37211231	hex	33333333333333333333333333333333333333333333
37235f5c	hex	444444444444444444444444444444444444444444444444444444444444444444444444444444444444444444444444444444444444444444444444444444444444444444444444444444444444444444444444444444444444444444444444444444444444444444444444444444444444444444444444444444444444
37236b62	hex	44444444444444444444444444444444444444444444444444444444444444444444444444444444444444444444444444444444444444444444444444444444444444444444444444444444444444444444444444444444444444444444444444444444444444444444444444444444444444444444444444444444444444
375d7df0	hex	0111111111111111111111111111111111111111111111111111111111111111111111111111111111111111111111111111111111111111111111111111111111111111111111111111111111111111111111111111111111111111111111111111111111111111111111111111111111111111111111111111111111111111
379bce9e	base64	464c41477b7064665f6533766964656e63655f64336330795f307839396163667d
38740475	base64	5945145145145145145145145145145145145145145145145145
38f6be81	base64	464c41477b746831735f31735f7468335f7233346c5f666c34675f63306e6631726d33645f62795f6368346c6c5f6d346b33727d
38f6c959	base64	464c41477b6d3367345f6e7a5f636c3075645f6b33795f707231763474335f7634756c745f3078393932617d
38f6cbac	base64	464c41477b7064665f6533766964656e63655f64336330795f307839396163667d
38f6e1c6	base64	464c41477b63306e6631726d33645f62795f6368346c6c5f6d346b33725f746831735f31735f7468335f666c34677d
38f881f4	base64	464c41477b696d6167655f6d657461646174615f6465636f795f393932317d
38f8e267	base64	464c41477b696d6167655f6d657461646174615f6465636f795f393932317d
3a36b468	hex	5555555555555555555555555555555555555555
3ce193d8	base64	7b22736f63636572223a7b2274797065223a225445414d5f4649585455524553222c227061796c6f6164223a7b227465616d41223a3132387d7d7d
3ce19474	base64	7b22736f63636572223a7b2274797065223a225445414d5f4649585455524553222c227061796c6f6164223a7b227465616d41223a33317d7d7d
3ce19510	base64	7b22736f63636572223a7b2274797065223a225445414d5f4649585455524553222c227061796c6f6164223a7b227465616d41223a38377d7d7d
3ce195ac	base64	7b22736f63636572223a7b2274797065223a225445414d5f4649585455524553222c227061796c6f6164223a7b227465616d41223a37337d7d7d
3ce19640	base64	7b22736f63636572223a7b2274797065223a225445414d5f4649585455524553222c227061796c6f6164223a7b227465616d41223a37347d7d7d
3ce196d4	base64	7b22736f63636572223a7b2274797065223a225445414d5f4649585455524553222c227061796c6f6164223a7b227465616d41223a36317d7d7d
3ce1a165	base64	07137a71515a0c504a505b007a46514503685b5702357e62044836623d697a5a68520b104454567c5626237c0f20692e52275d35323a3f241b211e373b22196e420f366562
3ce1bb1c	base64	7b22736f63636572223a7b2274797065223a224d415443485f44455441494c222c227061796c6f6164223a7b2273634c65616775654964223a332c22686f6d6553634964223a36312c226177617953634964223a37342c226461746554696d65223a5b323032362c392c372c312c34355d7d7d7d
3ce1bc90	base64	7b22736f63636572223a7b2274797065223a224d415443485f44455441494c222c227061796c6f6164223a7b2273634c65616775654964223a31312c22686f6d6553634964223a37332c226177617953634964223a38372c226461746554696d65223a5b323032362c392c392c322c305d7d7d7d
3ce1bdf8	base64	7b22736f63636572223a7b2274797065223a224d415443485f44455441494c222c227061796c6f6164223a7b2273634c65616775654964223a31312c22686f6d6553634964223a33312c226177617953634964223a3132382c226461746554696d65223a5b323032362c392c382c32332c34355d7d7d7d
3ce456dd	base64	07137a71515a0c504a505b007a46514503685b5702357e62044836623d697a5a68520b104454567c5626237c0f20692e52275d35323a3f241b211e373b22196e420f366562
3ce45909	base64	07137a71515a0c504a505b007a46514503685b5702357e62044836623d697a5a68520b104454567c5626237c0f20692e52275d35323a3f241b211e373b22196e420f366562
3ce45c79	base64	07137a71515a0c504a505b007a46514503685b5702357e62044836623d697a5a68520b104454567c5626237c0f20692e52275d35323a3f241b211e373b22196e420f366562
3ce45ee5	base64	07137a71515a0c504a505b007a46514503685b5702357e62044836623d697a5a68520b104454567c5626237c0f20692e52275d35323a3f241b211e373b22196e420f366562
3d281e6a	base64	500000000000000020010004000000000000000000006000000000000000000000000000000000000200000000000000000000000000000018000000000000001800000000000000000000000000000008000000000000000800000000000000
3d2d187a	base64	500000000000000020010004000000000000000000006000000000000000000000000000000000000200000000000000000000000000000018000000000000001800000000000000000000000000000008000000000000000800000000000000
3f6981a5	base64	07137a71515a0c504a505b007a46514503685b5702357e62044836623d697a5a68520b104454567c5626237c0f20692e52275d35323a3f241b211e373b22196e420f366562
3fdf80a0	hex	0000000000000000000000000000000000000000000000000000000000000000
40147165	base64	514514514514514514514514514514514514513514514514514514514514514514514514514514514514514514
405d1a40	base64	68747470733a2f2f616e74612e636f6d2e766e2f
405d1d16	base64	68747470733a2f2f6b6d2e706861726d61636974792e766e2f3378436a2f637575797a716d6a
41bb0baa	base64	500000000000000020010004000000000000000000006000000000000000000000000000000000000200000000000000000000000000000018000000000000001800000000000000000000000000000008000000000000000800000000000000
4368f160	hex	2222222222222222222222222222222222222222
43695271	hex	33333333333333333333333333333333333333333333
436b9f9c	hex	444444444444444444444444444444444444444444444444444444444444444444444444444444444444444444444444444444444444444444444444444444444444444444444444444444444444444444444444444444444444444444444444444444444444444444444444444444444444444444444444444444444444
436baba2	hex	44444444444444444444444444444444444444444444444444444444444444444444444444444444444444444444444444444444444444444444444444444444444444444444444444444444444444444444444444444444444444444444444444444444444444444444444444444444444444444444444444444444444444
43a5be30	hex	0111111111111111111111111111111111111111111111111111111111111111111111111111111111111111111111111111111111111111111111111111111111111111111111111111111111111111111111111111111111111111111111111111111111111111111111111111111111111111111111111111111111111111
43e41ede	base64	464c41477b7064665f6533766964656e63655f64336330795f307839396163667d
44bc64b5	base64	5945145145145145145145145145145145145145145145145145
453eaec1	base64	464c41477b746831735f31735f7468335f7233346c5f666c34675f63306e6631726d33645f62795f6368346c6c5f6d346b33727d
453eb999	base64	464c41477b6d3367345f6e7a5f636c3075645f6b33795f707231763474335f7634756c745f3078393932617d
453ebbec	base64	464c41477b7064665f6533766964656e63655f64336330795f307839396163667d
453ed206	base64	464c41477b63306e6631726d33645f62795f6368346c6c5f6d346b33725f746831735f31735f7468335f666c34677d
45407234	base64	464c41477b696d6167655f6d657461646174615f6465636f795f393932317d
4540d2a7	base64	464c41477b696d6167655f6d657461646174615f6465636f795f393932317d
46da04a8	hex	5555555555555555555555555555555555555555
49464418	base64	7b22736f63636572223a7b2274797065223a225445414d5f4649585455524553222c227061796c6f6164223a7b227465616d41223a3132387d7d7d
494644b4	base64	7b22736f63636572223a7b2274797065223a225445414d5f4649585455524553222c227061796c6f6164223a7b227465616d41223a33317d7d7d
49464550	base64	7b22736f63636572223a7b2274797065223a225445414d5f4649585455524553222c227061796c6f6164223a7b227465616d41223a38377d7d7d
494645ec	base64	7b22736f63636572223a7b2274797065223a225445414d5f4649585455524553222c227061796c6f6164223a7b227465616d41223a37337d7d7d
49464680	base64	7b22736f63636572223a7b2274797065223a225445414d5f4649585455524553222c227061796c6f6164223a7b227465616d41223a37347d7d7d
49464714	base64	7b22736f63636572223a7b2274797065223a225445414d5f4649585455524553222c227061796c6f6164223a7b227465616d41223a36317d7d7d
494651a5	base64	07137a71515a0c504a505b007a46514503685b5702357e62044836623d697a5a68520b104454567c5626237c0f20692e52275d35323a3f241b211e373b22196e420f366562
49466b5c	base64	7b22736f63636572223a7b2274797065223a224d415443485f44455441494c222c227061796c6f6164223a7b2273634c65616775654964223a332c22686f6d6553634964223a36312c226177617953634964223a37342c226461746554696d65223a5b323032362c392c372c312c34355d7d7d7d
49466cd0	base64	7b22736f63636572223a7b2274797065223a224d415443485f44455441494c222c227061796c6f6164223a7b2273634c65616775654964223a31312c22686f6d6553634964223a37332c226177617953634964223a38372c226461746554696d65223a5b323032362c392c392c322c305d7d7d7d
49466e38	base64	7b22736f63636572223a7b2274797065223a224d415443485f44455441494c222c227061796c6f6164223a7b2273634c65616775654964223a31312c22686f6d6553634964223a33312c226177617953634964223a3132382c226461746554696d65223a5b323032362c392c382c32332c34355d7d7d7d
4949071d	base64	07137a71515a0c504a505b007a46514503685b5702357e62044836623d697a5a68520b104454567c5626237c0f20692e52275d35323a3f241b211e373b22196e420f366562
49490949	base64	07137a71515a0c504a505b007a46514503685b5702357e62044836623d697a5a68520b104454567c5626237c0f20692e52275d35323a3f241b211e373b22196e420f366562
49490cb9	base64	07137a71515a0c504a505b007a46514503685b5702357e62044836623d697a5a68520b104454567c5626237c0f20692e52275d35323a3f241b211e373b22196e420f366562
49490f25	base64	07137a71515a0c504a505b007a46514503685b5702357e62044836623d697a5a68520b104454567c5626237c0f20692e52275d35323a3f241b211e373b22196e420f366562
498cceaa	base64	500000000000000020010004000000000000000000006000000000000000000000000000000000000200000000000000000000000000000018000000000000001800000000000000000000000000000008000000000000000800000000000000
4991c8ba	base64	500000000000000020010004000000000000000000006000000000000000000000000000000000000200000000000000000000000000000018000000000000001800000000000000000000000000000008000000000000000800000000000000
4b7c71e5	base64	07137a71515a0c504a505b007a46514503685b5702357e62044836623d697a5a68520b104454567c5626237c0f20692e52275d35323a3f241b211e373b22196e420f366562
4bf270e0	hex	0000000000000000000000000000000000000000000000000000000000000000
4c05c1a5	base64	514514514514514514514514514514514514513514514514514514514514514514514514514514514514514514
4c4e7a80	base64	68747470733a2f2f616e74612e636f6d2e766e2f
4c4e7d56	base64	68747470733a2f2f6b6d2e706861726d61636974792e766e2f3378436a2f637575797a716d6a
4c9351a0	hex	2222222222222222222222222222222222222222
4c93b2b1	hex	33333333333333333333333333333333333333333333
4c95ffdc	hex	444444444444444444444444444444444444444444444444444444444444444444444444444444444444444444444444444444444444444444444444444444444444444444444444444444444444444444444444444444444444444444444444444444444444444444444444444444444444444444444444444444444444
4c960be2	hex	44444444444444444444444444444444444444444444444444444444444444444444444444444444444444444444444444444444444444444444444444444444444444444444444444444444444444444444444444444444444444444444444444444444444444444444444444444444444444444444444444444444444444
4ddb1e70	hex	0111111111111111111111111111111111111111111111111111111111111111111111111111111111111111111111111111111111111111111111111111111111111111111111111111111111111111111111111111111111111111111111111111111111111111111111111111111111111111111111111111111111111111
4e1b6f1e	base64	464c41477b7064665f6533766964656e63655f64336330795f307839396163667d
4ef3b4f5	base64	5945145145145145145145145145145145145145145145145145
4f757f01	base64	464c41477b746831735f31735f7468335f7233346c5f666c34675f63306e6631726d33645f62795f6368346c6c5f6d346b33727d
4f7589d9	base64	464c41477b6d3367345f6e7a5f636c3075645f6b33795f707231763474335f7634756c745f3078393932617d
4f758c2c	base64	464c41477b7064665f6533766964656e63655f64336330795f307839396163667d
4f75a246	base64	464c41477b63306e6631726d33645f62795f6368346c6c5f6d346b33725f746831735f31735f7468335f666c34677d
4f774274	base64	464c41477b696d6167655f6d657461646174615f6465636f795f393932317d
4f77a2e7	base64	464c41477b696d6167655f6d657461646174615f6465636f795f393932317d
5132a4e8	hex	5555555555555555555555555555555555555555
54323458	base64	7b22736f63636572223a7b2274797065223a225445414d5f4649585455524553222c227061796c6f6164223a7b227465616d41223a3132387d7d7d
543234f4	base64	7b22736f63636572223a7b2274797065223a225445414d5f4649585455524553222c227061796c6f6164223a7b227465616d41223a33317d7d7d
54323590	base64	7b22736f63636572223a7b2274797065223a225445414d5f4649585455524553222c227061796c6f6164223a7b227465616d41223a38377d7d7d
5432362c	base64	7b22736f63636572223a7b2274797065223a225445414d5f4649585455524553222c227061796c6f6164223a7b227465616d41223a37337d7d7d
543236c0	base64	7b22736f63636572223a7b2274797065223a225445414d5f4649585455524553222c227061796c6f6164223a7b227465616d41223a37347d7d7d
54323754	base64	7b22736f63636572223a7b2274797065223a225445414d5f4649585455524553222c227061796c6f6164223a7b227465616d41223a36317d7d7d
543241e5	base64	07137a71515a0c504a505b007a46514503685b5702357e62044836623d697a5a68520b104454567c5626237c0f20692e52275d35323a3f241b211e373b22196e420f366562
54325b9c	base64	7b22736f63636572223a7b2274797065223a224d415443485f44455441494c222c227061796c6f6164223a7b2273634c65616775654964223a332c22686f6d6553634964223a36312c226177617953634964223a37342c226461746554696d65223a5b323032362c392c372c312c34355d7d7d7d
54325d10	base64	7b22736f63636572223a7b2274797065223a224d415443485f44455441494c222c227061796c6f6164223a7b2273634c65616775654964223a31312c22686f6d6553634964223a37332c226177617953634964223a38372c226461746554696d65223a5b323032362c392c392c322c305d7d7d7d
54325e78	base64	7b22736f63636572223a7b2274797065223a224d415443485f44455441494c222c227061796c6f6164223a7b2273634c65616775654964223a31312c22686f6d6553634964223a33312c226177617953634964223a3132382c226461746554696d65223a5b323032362c392c382c32332c34355d7d7d7d
5434f75d	base64	07137a71515a0c504a505b007a46514503685b5702357e62044836623d697a5a68520b104454567c5626237c0f20692e52275d35323a3f241b211e373b22196e420f366562
5434f989	base64	07137a71515a0c504a505b007a46514503685b5702357e62044836623d697a5a68520b104454567c5626237c0f20692e52275d35323a3f241b211e373b22196e420f366562
5434fcf9	base64	07137a71515a0c504a505b007a46514503685b5702357e62044836623d697a5a68520b104454567c5626237c0f20692e52275d35323a3f241b211e373b22196e420f366562
5434ff65	base64	07137a71515a0c504a505b007a46514503685b5702357e62044836623d697a5a68520b104454567c5626237c0f20692e52275d35323a3f241b211e373b22196e420f366562
5478deea	base64	500000000000000020010004000000000000000000006000000000000000000000000000000000000200000000000000000000000000000018000000000000001800000000000000000000000000000008000000000000000800000000000000
547dd8fa	base64	500000000000000020010004000000000000000000006000000000000000000000000000000000000200000000000000000000000000000018000000000000001800000000000000000000000000000008000000000000000800000000000000
5665c225	base64	07137a71515a0c504a505b007a46514503685b5702357e62044836623d697a5a68520b104454567c5626237c0f20692e52275d35323a3f241b211e373b22196e420f366562
56dce120	hex	0000000000000000000000000000000000000000000000000000000000000000
56f031e5	base64	514514514514514514514514514514514514513514514514514514514514514514514514514514514514514514
573a3ac0	base64	68747470733a2f2f616e74612e636f6d2e766e2f
573a3d96	base64	68747470733a2f2f6b6d2e706861726d61636974792e766e2f3378436a2f637575797a716d6a
577f11e0	hex	2222222222222222222222222222222222222222
577f72f1	hex	33333333333333333333333333333333333333333333
5781c01c	hex	444444444444444444444444444444444444444444444444444444444444444444444444444444444444444444444444444444444444444444444444444444444444444444444444444444444444444444444444444444444444444444444444444444444444444444444444444444444444444444444444444444444444
5781cc22	hex	44444444444444444444444444444444444444444444444444444444444444444444444444444444444444444444444444444444444444444444444444444444444444444444444444444444444444444444444444444444444444444444444444444444444444444444444444444444444444444444444444444444444444
58c6feb0	hex	0111111111111111111111111111111111111111111111111111111111111111111111111111111111111111111111111111111111111111111111111111111111111111111111111111111111111111111111111111111111111111111111111111111111111111111111111111111111111111111111111111111111111111
59075f5e	base64	464c41477b7064665f6533766964656e63655f64336330795f307839396163667d
59de4535	base64	5945145145145145145145145145145145145145145145145145
5a2e9f41	base64	464c41477b746831735f31735f7468335f7233346c5f666c34675f63306e6631726d33645f62795f6368346c6c5f6d346b33727d
5a2eaa19	base64	464c41477b6d3367345f6e7a5f636c3075645f6b33795f707231763474335f7634756c745f3078393932617d
5a2eac6c	base64	464c41477b7064665f6533766964656e63655f64336330795f307839396163667d
5a2ec286	base64	464c41477b63306e6631726d33645f62795f6368346c6c5f6d346b33725f746831735f31735f7468335f666c34677d
5a3062b4	base64	464c41477b696d6167655f6d657461646174615f6465636f795f393932317d
5a30c327	base64	464c41477b696d6167655f6d657461646174615f6465636f795f393932317d
5bbb7528	hex	5555555555555555555555555555555555555555
5f637498	base64	7b22736f63636572223a7b2274797065223a225445414d5f4649585455524553222c227061796c6f6164223a7b227465616d41223a3132387d7d7d
5f637534	base64	7b22736f63636572223a7b2274797065223a225445414d5f4649585455524553222c227061796c6f6164223a7b227465616d41223a33317d7d7d
5f6375d0	base64	7b22736f63636572223a7b2274797065223a225445414d5f4649585455524553222c227061796c6f6164223a7b227465616d41223a38377d7d7d
5f63766c	base64	7b22736f63636572223a7b2274797065223a225445414d5f4649585455524553222c227061796c6f6164223a7b227465616d41223a37337d7d7d
5f637700	base64	7b22736f63636572223a7b2274797065223a225445414d5f4649585455524553222c227061796c6f6164223a7b227465616d41223a37347d7d7d
5f637794	base64	7b22736f63636572223a7b2274797065223a225445414d5f4649585455524553222c227061796c6f6164223a7b227465616d41223a36317d7d7d
5f638225	base64	07137a71515a0c504a505b007a46514503685b5702357e62044836623d697a5a68520b104454567c5626237c0f20692e52275d35323a3f241b211e373b22196e420f366562
5f639bdc	base64	7b22736f63636572223a7b2274797065223a224d415443485f44455441494c222c227061796c6f6164223a7b2273634c65616775654964223a332c22686f6d6553634964223a36312c226177617953634964223a37342c226461746554696d65223a5b323032362c392c372c312c34355d7d7d7d
5f639d50	base64	7b22736f63636572223a7b2274797065223a224d415443485f44455441494c222c227061796c6f6164223a7b2273634c65616775654964223a31312c22686f6d6553634964223a37332c226177617953634964223a38372c226461746554696d65223a5b323032362c392c392c322c305d7d7d7d
5f639eb8	base64	7b22736f63636572223a7b2274797065223a224d415443485f44455441494c222c227061796c6f6164223a7b2273634c65616775654964223a31312c22686f6d6553634964223a33312c226177617953634964223a3132382c226461746554696d65223a5b323032362c392c382c32332c34355d7d7d7d
5f66379d	base64	07137a71515a0c504a505b007a46514503685b5702357e62044836623d697a5a68520b104454567c5626237c0f20692e52275d35323a3f241b211e373b22196e420f366562
5f6639c9	base64	07137a71515a0c504a505b007a46514503685b5702357e62044836623d697a5a68520b104454567c5626237c0f20692e52275d35323a3f241b211e373b22196e420f366562
5f663d39	base64	07137a71515a0c504a505b007a46514503685b5702357e62044836623d697a5a68520b104454567c5626237c0f20692e52275d35323a3f241b211e373b22196e420f366562
5f663fa5	base64	07137a71515a0c504a505b007a46514503685b5702357e62044836623d697a5a68520b104454567c5626237c0f20692e52275d35323a3f241b211e373b22196e420f366562
5fcaef2a	base64	500000000000000020010004000000000000000000006000000000000000000000000000000000000200000000000000000000000000000018000000000000001800000000000000000000000000000008000000000000000800000000000000
5fcff93a	base64	500000000000000020010004000000000000000000006000000000000000000000000000000000000200000000000000000000000000000018000000000000001800000000000000000000000000000008000000000000000800000000000000
61972265	base64	07137a71515a0c504a505b007a46514503685b5702357e62044836623d697a5a68520b104454567c5626237c0f20692e52275d35323a3f241b211e373b22196e420f366562
620e5160	hex	0000000000000000000000000000000000000000000000000000000000000000
6221a225	base64	514514514514514514514514514514514514513514514514514514514514514514514514514514514514514514
624deb00	base64	68747470733a2f2f616e74612e636f6d2e766e2f
624dedd6	base64	68747470733a2f2f6b6d2e706861726d61636974792e766e2f3378436a2f637575797a716d6a
62b31220	hex	2222222222222222222222222222222222222222
62b37331	hex	33333333333333333333333333333333333333333333
62b5c05c	hex	444444444444444444444444444444444444444444444444444444444444444444444444444444444444444444444444444444444444444444444444444444444444444444444444444444444444444444444444444444444444444444444444444444444444444444444444444444444444444444444444444444444444
62b5cc62	hex	44444444444444444444444444444444444444444444444444444444444444444444444444444444444444444444444444444444444444444444444444444444444444444444444444444444444444444444444444444444444444444444444444444444444444444444444444444444444444444444444444444444444444
63f91ef0	hex	0111111111111111111111111111111111111111111111111111111111111111111111111111111111111111111111111111111111111111111111111111111111111111111111111111111111111111111111111111111111111111111111111111111111111111111111111111111111111111111111111111111111111111
6439af9e	base64	464c41477b7064665f6533766964656e63655f64336330795f307839396163667d
650e4575	base64	5945145145145145145145145145145145145145145145145145
655eef81	base64	464c41477b746831735f31735f7468335f7233346c5f666c34675f63306e6631726d33645f62795f6368346c6c5f6d346b33727d
655efa59	base64	464c41477b6d3367345f6e7a5f636c3075645f6b33795f707231763474335f7634756c745f3078393932617d
655efcac	base64	464c41477b7064665f6533766964656e63655f64336330795f307839396163667d
655f12c6	base64	464c41477b63306e6631726d33645f62795f6368346c6c5f6d346b33725f746831735f31735f7468335f666c34677d
6560b2f4	base64	464c41477b696d6167655f6d657461646174615f6465636f795f393932317d
65611367	base64	464c41477b696d6167655f6d657461646174615f6465636f795f393932317d
66ee9568	hex	5555555555555555555555555555555555555555
6a95f4d8	base64	7b22736f63636572223a7b2274797065223a225445414d5f4649585455524553222c227061796c6f6164223a7b227465616d41223a3132387d7d7d
6a95f574	base64	7b22736f63636572223a7b2274797065223a225445414d5f4649585455524553222c227061796c6f6164223a7b227465616d41223a33317d7d7d
6a95f610	base64	7b22736f63636572223a7b2274797065223a225445414d5f4649585455524553222c227061796c6f6164223a7b227465616d41223a38377d7d7d
6a95f6ac	base64	7b22736f63636572223a7b2274797065223a225445414d5f4649585455524553222c227061796c6f6164223a7b227465616d41223a37337d7d7d
6a95f740	base64	7b22736f63636572223a7b2274797065223a225445414d5f4649585455524553222c227061796c6f6164223a7b227465616d41223a37347d7d7d
6a95f7d4	base64	7b22736f63636572223a7b2274797065223a225445414d5f4649585455524553222c227061796c6f6164223a7b227465616d41223a36317d7d7d
6a960265	base64	07137a71515a0c504a505b007a46514503685b5702357e62044836623d697a5a68520b104454567c5626237c0f20692e52275d35323a3f241b211e373b22196e420f366562
6a961c1c	base64	7b22736f63636572223a7b2274797065223a224d415443485f44455441494c222c227061796c6f6164223a7b2273634c65616775654964223a332c22686f6d6553634964223a36312c226177617953634964223a37342c226461746554696d65223a5b323032362c392c372c312c34355d7d7d7d
6a961d90	base64	7b22736f63636572223a7b2274797065223a224d415443485f44455441494c222c227061796c6f6164223a7b2273634c65616775654964223a31312c22686f6d6553634964223a37332c226177617953634964223a38372c226461746554696d65223a5b323032362c392c392c322c305d7d7d7d
6a961ef8	base64	7b22736f63636572223a7b2274797065223a224d415443485f44455441494c222c227061796c6f6164223a7b2273634c65616775654964223a31312c22686f6d6553634964223a33312c226177617953634964223a3132382c226461746554696d65223a5b323032362c392c382c32332c34355d7d7d7d
6a98b7dd	base64	07137a71515a0c504a505b007a46514503685b5702357e62044836623d697a5a68520b104454567c5626237c0f20692e52275d35323a3f241b211e373b22196e420f366562
6a98ba09	base64	07137a71515a0c504a505b007a46514503685b5702357e62044836623d697a5a68520b104454567c5626237c0f20692e52275d35323a3f241b211e373b22196e420f366562
6a98bd79	base64	07137a71515a0c504a505b007a46514503685b5702357e62044836623d697a5a68520b104454567c5626237c0f20692e52275d35323a3f241b211e373b22196e420f366562
6a98bfe5	base64	07137a71515a0c504a505b007a46514503685b5702357e62044836623d697a5a68520b104454567c5626237c0f20692e52275d35323a3f241b211e373b22196e420f366562
6afc4f6a	base64	500000000000000020010004000000000000000000006000000000000000000000000000000000000200000000000000000000000000000018000000000000001800000000000000000000000000000008000000000000000800000000000000
6b01597a	base64	500000000000000020010004000000000000000000006000000000000000000000000000000000000200000000000000000000000000000018000000000000001800000000000000000000000000000008000000000000000800000000000000
6b2bf9ba	base64	500000000000000020010004000000000000000000006000000000000000000000000000000000000200000000000000000000000000000018000000000000001800000000000000000000000000000008000000000000000800000000000000
6b2fffaa	base64	500000000000000020010004000000000000000000006000000000000000000000000000000000000200000000000000000000000000000018000000000000001800000000000000000000000000000008000000000000000800000000000000
6c4be2a5	base64	07137a71515a0c504a505b007a46514503685b5702357e62044836623d697a5a68520b104454567c5626237c0f20692e52275d35323a3f241b211e373b22196e420f366562
6cc6a1a0	hex	0000000000000000000000000000000000000000000000000000000000000000
6cd9f265	base64	514514514514514514514514514514514514513514514514514514514514514514514514514514514514514514
6d063b40	base64	68747470733a2f2f616e74612e636f6d2e766e2f
6d063e16	base64	68747470733a2f2f6b6d2e706861726d61636974792e766e2f3378436a2f637575797a716d6a
6d6ac260	hex	2222222222222222222222222222222222222222
6d6b2371	hex	33333333333333333333333333333333333333333333
6d6d709c	hex	444444444444444444444444444444444444444444444444444444444444444444444444444444444444444444444444444444444444444444444444444444444444444444444444444444444444444444444444444444444444444444444444444444444444444444444444444444444444444444444444444444444444
6d6d7ca2	hex	44444444444444444444444444444444444444444444444444444444444444444444444444444444444444444444444444444444444444444444444444444444444444444444444444444444444444444444444444444444444444444444444444444444444444444444444444444444444444444444444444444444444444
6eaf3f30	hex	0111111111111111111111111111111111111111111111111111111111111111111111111111111111111111111111111111111111111111111111111111111111111111111111111111111111111111111111111111111111111111111111111111111111111111111111111111111111111111111111111111111111111111
6eefcfde	base64	464c41477b7064665f6533766964656e63655f64336330795f307839396163667d
6fc595b5	base64	5945145145145145145145145145145145145145145145145145
70163fc1	base64	464c41477b746831735f31735f7468335f7233346c5f666c34675f63306e6631726d33645f62795f6368346c6c5f6d346b33727d
70164a99	base64	464c41477b6d3367345f6e7a5f636c3075645f6b33795f707231763474335f7634756c745f3078393932617d
70164cec	base64	464c41477b7064665f6533766964656e63655f64336330795f307839396163667d
70166306	base64	464c41477b63306e6631726d33645f62795f6368346c6c5f6d346b33725f746831735f31735f7468335f666c34677d
70180334	base64	464c41477b696d6167655f6d657461646174615f6465636f795f393932317d
701863a7	base64	464c41477b696d6167655f6d657461646174615f6465636f795f393932317d
71a5d5a8	hex	5555555555555555555555555555555555555555
754f5518	base64	7b22736f63636572223a7b2274797065223a225445414d5f4649585455524553222c227061796c6f6164223a7b227465616d41223a3132387d7d7d
754f55b4	base64	7b22736f63636572223a7b2274797065223a225445414d5f4649585455524553222c227061796c6f6164223a7b227465616d41223a33317d7d7d
754f5650	base64	7b22736f63636572223a7b2274797065223a225445414d5f4649585455524553222c227061796c6f6164223a7b227465616d41223a38377d7d7d
754f56ec	base64	7b22736f63636572223a7b2274797065223a225445414d5f4649585455524553222c227061796c6f6164223a7b227465616d41223a37337d7d7d
754f5780	base64	7b22736f63636572223a7b2274797065223a225445414d5f4649585455524553222c227061796c6f6164223a7b227465616d41223a37347d7d7d
754f5814	base64	7b22736f63636572223a7b2274797065223a225445414d5f4649585455524553222c227061796c6f6164223a7b227465616d41223a36317d7d7d
754f62a5	base64	07137a71515a0c504a505b007a46514503685b5702357e62044836623d697a5a68520b104454567c5626237c0f20692e52275d35323a3f241b211e373b22196e420f366562
754fbc5c	base64	7b22736f63636572223a7b2274797065223a224d415443485f44455441494c222c227061796c6f6164223a7b2273634c65616775654964223a332c22686f6d6553634964223a36312c226177617953634964223a37342c226461746554696d65223a5b323032362c392c372c312c34355d7d7d7d
754fbdd0	base64	7b22736f63636572223a7b2274797065223a224d415443485f44455441494c222c227061796c6f6164223a7b2273634c65616775654964223a31312c22686f6d6553634964223a37332c226177617953634964223a38372c226461746554696d65223a5b323032362c392c392c322c305d7d7d7d
754fbf38	base64	7b22736f63636572223a7b2274797065223a224d415443485f44455441494c222c227061796c6f6164223a7b2273634c65616775654964223a31312c22686f6d6553634964223a33312c226177617953634964223a3132382c226461746554696d65223a5b323032362c392c382c32332c34355d7d7d7d
7552681d	base64	07137a71515a0c504a505b007a46514503685b5702357e62044836623d697a5a68520b104454567c5626237c0f20692e52275d35323a3f241b211e373b22196e420f366562
75526a49	base64	07137a71515a0c504a505b007a46514503685b5702357e62044836623d697a5a68520b104454567c5626237c0f20692e52275d35323a3f241b211e373b22196e420f366562
75526db9	base64	07137a71515a0c504a505b007a46514503685b5702357e62044836623d697a5a68520b104454567c5626237c0f20692e52275d35323a3f241b211e373b22196e420f366562
75527025	base64	07137a71515a0c504a505b007a46514503685b5702357e62044836623d697a5a68520b104454567c5626237c0f20692e52275d35323a3f241b211e373b22196e420f366562
75b339fa	base64	500000000000000020010004000000000000000000006000000000000000000000000000000000000200000000000000000000000000000018000000000000001800000000000000000000000000000008000000000000000800000000000000
75b73fea	base64	500000000000000020010004000000000000000000006000000000000000000000000000000000000200000000000000000000000000000018000000000000001800000000000000000000000000000008000000000000000800000000000000
76d362e5	base64	07137a71515a0c504a505b007a46514503685b5702357e62044836623d697a5a68520b104454567c5626237c0f20692e52275d35323a3f241b211e373b22196e420f366562
778091e0	hex	0000000000000000000000000000000000000000000000000000000000000000
7793e2a5	base64	514514514514514514514514514514514514513514514514514514514514514514514514514514514514514514
77c02b80	base64	68747470733a2f2f616e74612e636f6d2e766e2f
77c02e56	base64	68747470733a2f2f6b6d2e706861726d61636974792e766e2f3378436a2f637575797a716d6a
781870dc	hex	444444444444444444444444444444444444444444444444444444444444444444444444444444444444444444444444444444444444444444444444444444444444444444444444444444444444444444444444444444444444444444444444444444444444444444444444444444444444444444444444444444444444
78187ce2	hex	44444444444444444444444444444444444444444444444444444444444444444444444444444444444444444444444444444444444444444444444444444444444444444444444444444444444444444444444444444444444444444444444444444444444444444444444444444444444444444444444444444444444444
783522a0	hex	2222222222222222222222222222222222222222
783583b1	hex	33333333333333333333333333333333333333333333
79753f70	hex	0111111111111111111111111111111111111111111111111111111111111111111111111111111111111111111111111111111111111111111111111111111111111111111111111111111111111111111111111111111111111111111111111111111111111111111111111111111111111111111111111111111111111111
79b5d01e	base64	464c41477b7064665f6533766964656e63655f64336330795f307839396163667d
7a8ac5f5	base64	5945145145145145145145145145145145145145145145145145
7ad68001	base64	464c41477b746831735f31735f7468335f7233346c5f666c34675f63306e6631726d33645f62795f6368346c6c5f6d346b33727d
7ad68ad9	base64	464c41477b6d3367345f6e7a5f636c3075645f6b33795f707231763474335f7634756c745f3078393932617d
7ad68d2c	base64	464c41477b7064665f6533766964656e63655f64336330795f307839396163667d
7ad6a346	base64	464c41477b63306e6631726d33645f62795f6368346c6c5f6d346b33725f746831735f31735f7468335f666c34677d
7ad84374	base64	464c41477b696d6167655f6d657461646174615f6465636f795f393932317d
7ad8a3e7	base64	464c41477b696d6167655f6d657461646174615f6465636f795f393932317d
7c67a5e8	hex	5555555555555555555555555555555555555555
8011a558	base64	7b22736f63636572223a7b2274797065223a225445414d5f4649585455524553222c227061796c6f6164223a7b227465616d41223a3132387d7d7d
8011a5f4	base64	7b22736f63636572223a7b2274797065223a225445414d5f4649585455524553222c227061796c6f6164223a7b227465616d41223a33317d7d7d
8011a690	base64	7b22736f63636572223a7b2274797065223a225445414d5f4649585455524553222c227061796c6f6164223a7b227465616d41223a38377d7d7d
8011a72c	base64	7b22736f63636572223a7b2274797065223a225445414d5f4649585455524553222c227061796c6f6164223a7b227465616d41223a37337d7d7d
8011a7c0	base64	7b22736f63636572223a7b2274797065223a225445414d5f4649585455524553222c227061796c6f6164223a7b227465616d41223a37347d7d7d
8011a854	base64	7b22736f63636572223a7b2274797065223a225445414d5f4649585455524553222c227061796c6f6164223a7b227465616d41223a36317d7d7d
8011b2e5	base64	07137a71515a0c504a505b007a46514503685b5702357e62044836623d697a5a68520b104454567c5626237c0f20692e52275d35323a3f241b211e373b22196e420f366562
80120c9c	base64	7b22736f63636572223a7b2274797065223a224d415443485f44455441494c222c227061796c6f6164223a7b2273634c65616775654964223a332c22686f6d6553634964223a36312c226177617953634964223a37342c226461746554696d65223a5b323032362c392c372c312c34355d7d7d7d
80120e10	base64	7b22736f63636572223a7b2274797065223a224d415443485f44455441494c222c227061796c6f6164223a7b2273634c65616775654964223a31312c22686f6d6553634964223a37332c226177617953634964223a38372c226461746554696d65223a5b323032362c392c392c322c305d7d7d7d
80120f78	base64	7b22736f63636572223a7b2274797065223a224d415443485f44455441494c222c227061796c6f6164223a7b2273634c65616775654964223a31312c22686f6d6553634964223a33312c226177617953634964223a3132382c226461746554696d65223a5b323032362c392c382c32332c34355d7d7d7d
8014b85d	base64	07137a71515a0c504a505b007a46514503685b5702357e62044836623d697a5a68520b104454567c5626237c0f20692e52275d35323a3f241b211e373b22196e420f366562
8014ba89	base64	07137a71515a0c504a505b007a46514503685b5702357e62044836623d697a5a68520b104454567c5626237c0f20692e52275d35323a3f241b211e373b22196e420f366562
8014bdf9	base64	07137a71515a0c504a505b007a46514503685b5702357e62044836623d697a5a68520b104454567c5626237c0f20692e52275d35323a3f241b211e373b22196e420f366562
8014c065	base64	07137a71515a0c504a505b007a46514503685b5702357e62044836623d697a5a68520b104454567c5626237c0f20692e52275d35323a3f241b211e373b22196e420f366562
8073fa3a	base64	500000000000000020010004000000000000000000006000000000000000000000000000000000000200000000000000000000000000000018000000000000001800000000000000000000000000000008000000000000000800000000000000
8078002a	base64	500000000000000020010004000000000000000000006000000000000000000000000000000000000200000000000000000000000000000018000000000000001800000000000000000000000000000008000000000000000800000000000000
81980325	base64	07137a71515a0c504a505b007a46514503685b5702357e62044836623d697a5a68520b104454567c5626237c0f20692e52275d35323a3f241b211e373b22196e420f366562
82455220	hex	0000000000000000000000000000000000000000000000000000000000000000
8258b2e5	base64	514514514514514514514514514514514514513514514514514514514514514514514514514514514514514514
8284fbc0	base64	68747470733a2f2f616e74612e636f6d2e766e2f
8284fe96	base64	68747470733a2f2f6b6d2e706861726d61636974792e766e2f3378436a2f637575797a716d6a
82dd211c	hex	444444444444444444444444444444444444444444444444444444444444444444444444444444444444444444444444444444444444444444444444444444444444444444444444444444444444444444444444444444444444444444444444444444444444444444444444444444444444444444444444444444444444
82dd2d22	hex	44444444444444444444444444444444444444444444444444444444444444444444444444444444444444444444444444444444444444444444444444444444444444444444444444444444444444444444444444444444444444444444444444444444444444444444444444444444444444444444444444444444444444
82f9d2e0	hex	2222222222222222222222222222222222222222
82fa33f1	hex	33333333333333333333333333333333333333333333
8439efb0	hex	0111111111111111111111111111111111111111111111111111111111111111111111111111111111111111111111111111111111111111111111111111111111111111111111111111111111111111111111111111111111111111111111111111111111111111111111111111111111111111111111111111111111111111
847a905e	base64	464c41477b7064665f6533766964656e63655f64336330795f307839396163667d
854fc635	base64	5945145145145145145145145145145145145145145145145145
857cd041	base64	464c41477b746831735f31735f7468335f7233346c5f666c34675f63306e6631726d33645f62795f6368346c6c5f6d346b33727d
857cdb19	base64	464c41477b6d3367345f6e7a5f636c3075645f6b33795f707231763474335f7634756c745f3078393932617d
857cdd6c	base64	464c41477b7064665f6533766964656e63655f64336330795f307839396163667d
857cf386	base64	464c41477b63306e6631726d33645f62795f6368346c6c5f6d346b33725f746831735f31735f7468335f666c34677d
857e93b4	base64	464c41477b696d6167655f6d657461646174615f6465636f795f393932317d
857ef427	base64	464c41477b696d6167655f6d657461646174615f6465636f795f393932317d
872e8628	hex	5555555555555555555555555555555555555555
8b227598	base64	7b22736f63636572223a7b2274797065223a225445414d5f4649585455524553222c227061796c6f6164223a7b227465616d41223a3132387d7d7d
8b227634	base64	7b22736f63636572223a7b2274797065223a225445414d5f4649585455524553222c227061796c6f6164223a7b227465616d41223a33317d7d7d
8b2276d0	base64	7b22736f63636572223a7b2274797065223a225445414d5f4649585455524553222c227061796c6f6164223a7b227465616d41223a38377d7d7d
8b22776c	base64	7b22736f63636572223a7b2274797065223a225445414d5f4649585455524553222c227061796c6f6164223a7b227465616d41223a37337d7d7d
8b227800	base64	7b22736f63636572223a7b2274797065223a225445414d5f4649585455524553222c227061796c6f6164223a7b227465616d41223a37347d7d7d
8b227894	base64	7b22736f63636572223a7b2274797065223a225445414d5f4649585455524553222c227061796c6f6164223a7b227465616d41223a36317d7d7d
8b228325	base64	07137a71515a0c504a505b007a46514503685b5702357e62044836623d697a5a68520b104454567c5626237c0f20692e52275d35323a3f241b211e373b22196e420f366562
8b22dcdc	base64	7b22736f63636572223a7b2274797065223a224d415443485f44455441494c222c227061796c6f6164223a7b2273634c65616775654964223a332c22686f6d6553634964223a36312c226177617953634964223a37342c226461746554696d65223a5b323032362c392c372c312c34355d7d7d7d
8b22de50	base64	7b22736f63636572223a7b2274797065223a224d415443485f44455441494c222c227061796c6f6164223a7b2273634c65616775654964223a31312c22686f6d6553634964223a37332c226177617953634964223a38372c226461746554696d65223a5b323032362c392c392c322c305d7d7d7d
8b22dfb8	base64	7b22736f63636572223a7b2274797065223a224d415443485f44455441494c222c227061796c6f6164223a7b2273634c65616775654964223a31312c22686f6d6553634964223a33312c226177617953634964223a3132382c226461746554696d65223a5b323032362c392c382c32332c34355d7d7d7d
8b25889d	base64	07137a71515a0c504a505b007a46514503685b5702357e62044836623d697a5a68520b104454567c5626237c0f20692e52275d35323a3f241b211e373b22196e420f366562
8b258ac9	base64	07137a71515a0c504a505b007a46514503685b5702357e62044836623d697a5a68520b104454567c5626237c0f20692e52275d35323a3f241b211e373b22196e420f366562
8b258e39	base64	07137a71515a0c504a505b007a46514503685b5702357e62044836623d697a5a68520b104454567c5626237c0f20692e52275d35323a3f241b211e373b22196e420f366562
8b2590a5	base64	07137a71515a0c504a505b007a46514503685b5702357e62044836623d697a5a68520b104454567c5626237c0f20692e52275d35323a3f241b211e373b22196e420f366562
8b84ca7a	base64	500000000000000020010004000000000000000000006000000000000000000000000000000000000200000000000000000000000000000018000000000000001800000000000000000000000000000008000000000000000800000000000000
8b88d06a	base64	500000000000000020010004000000000000000000006000000000000000000000000000000000000200000000000000000000000000000018000000000000001800000000000000000000000000000008000000000000000800000000000000
8ca8a365	base64	07137a71515a0c504a505b007a46514503685b5702357e62044836623d697a5a68520b104454567c5626237c0f20692e52275d35323a3f241b211e373b22196e420f366562
8d550260	hex	0000000000000000000000000000000000000000000000000000000000000000
8d686325	base64	514514514514514514514514514514514514513514514514514514514514514514514514514514514514514514
8d94ac00	base64	68747470733a2f2f616e74612e636f6d2e766e2f
8d94aed6	base64	68747470733a2f2f6b6d2e706861726d61636974792e766e2f3378436a2f637575797a716d6a
8deb915c	hex	444444444444444444444444444444444444444444444444444444444444444444444444444444444444444444444444444444444444444444444444444444444444444444444444444444444444444444444444444444444444444444444444444444444444444444444444444444444444444444444444444444444444
8deb9d62	hex	44444444444444444444444444444444444444444444444444444444444444444444444444444444444444444444444444444444444444444444444444444444444444444444444444444444444444444444444444444444444444444444444444444444444444444444444444444444444444444444444444444444444444
8e085320	hex	2222222222222222222222222222222222222222
8e08b431	hex	33333333333333333333333333333333333333333333
8f487ff0	hex	0111111111111111111111111111111111111111111111111111111111111111111111111111111111111111111111111111111111111111111111111111111111111111111111111111111111111111111111111111111111111111111111111111111111111111111111111111111111111111111111111111111111111111
8f87f09e	base64	464c41477b7064665f6533766964656e63655f64336330795f307839396163667d
905d0675	base64	5945145145145145145145145145145145145145145145145145
908a1081	base64	464c41477b746831735f31735f7468335f7233346c5f666c34675f63306e6631726d33645f62795f6368346c6c5f6d346b33727d
908a1b59	base64	464c41477b6d3367345f6e7a5f636c3075645f6b33795f707231763474335f7634756c745f3078393932617d
908a1dac	base64	464c41477b7064665f6533766964656e63655f64336330795f307839396163667d
908a33c6	base64	464c41477b63306e6631726d33645f62795f6368346c6c5f6d346b33725f746831735f31735f7468335f666c34677d
908bd3f4	base64	464c41477b696d6167655f6d657461646174615f6465636f795f393932317d
908c3467	base64	464c41477b696d6167655f6d657461646174615f6465636f795f393932317d
923aa668	hex	5555555555555555555555555555555555555555
935d7208	base64	07137a71515a0c504a505b007a46514503685b5702357e62044836623d697a5a68520b104454567c5626237c0f20692e52275d35323a3f241b211e373b22196e420f366562
935dc1f8	base64	07137a71515a0c504a505b007a46514503685b5702357e62044836623d697a5a68520b104454567c5626237c0f20692e52275d35323a3f241b211e373b22196e420f366562
935e21f8	base64	07137a71515a0c504a505b007a46514503685b5702357e62044836623d697a5a68520b104454567c5626237c0f20692e52275d35323a3f241b211e373b22196e420f366562
935ec1f8	base64	07137a71515a0c504a505b007a46514503685b5702357e62044836623d697a5a68520b104454567c5626237c0f20692e52275d35323a3f241b211e373b22196e420f366562
935fc1f8	base64	07137a71515a0c504a505b007a46514503685b5702357e62044836623d697a5a68520b104454567c5626237c0f20692e52275d35323a3f241b211e373b22196e420f366562
936031f8	base64	07137a71515a0c504a505b007a46514503685b5702357e62044836623d697a5a68520b104454567c5626237c0f20692e52275d35323a3f241b211e373b22196e420f366562
9361f190	base64	07137a71515a0c504a505b007a46514503685b5702357e62044836623d697a5a68520b104454567c5626237c0f20692e52275d35323a3f241b211e373b22196e420f366562
93624190	base64	07137a71515a0c504a505b007a46514503685b5702357e62044836623d697a5a68520b104454567c5626237c0f20692e52275d35323a3f241b211e373b22196e420f366562
9362b190	base64	07137a71515a0c504a505b007a46514503685b5702357e62044836623d697a5a68520b104454567c5626237c0f20692e52275d35323a3f241b211e373b22196e420f366562
93630a04	base64	07137a71515a0c504a505b007a46514503685b5702357e62044836623d697a5a68520b104454567c5626237c0f20692e52275d35323a3f241b211e373b22196e420f366562
93633b48	base64	07137a71515a0c504a505b007a46514503685b5702357e62044836623d697a5a68520b104454567c5626237c0f20692e52275d35323a3f241b211e373b22196e420f366562
93636c5c	base64	07137a71515a0c504a505b007a46514503685b5702357e62044836623d697a5a68520b104454567c5626237c0f20692e52275d35323a3f241b211e373b22196e420f366562
93639d40	base64	07137a71515a0c504a505b007a46514503685b5702357e62044836623d697a5a68520b104454567c5626237c0f20692e52275d35323a3f241b211e373b22196e420f366562
9363ce24	base64	07137a71515a0c504a505b007a46514503685b5702357e62044836623d697a5a68520b104454567c5626237c0f20692e52275d35323a3f241b211e373b22196e420f366562
964b15d8	base64	7b22736f63636572223a7b2274797065223a225445414d5f4649585455524553222c227061796c6f6164223a7b227465616d41223a3132387d7d7d
964b1674	base64	7b22736f63636572223a7b2274797065223a225445414d5f4649585455524553222c227061796c6f6164223a7b227465616d41223a33317d7d7d
964b1710	base64	7b22736f63636572223a7b2274797065223a225445414d5f4649585455524553222c227061796c6f6164223a7b227465616d41223a38377d7d7d
964b17ac	base64	7b22736f63636572223a7b2274797065223a225445414d5f4649585455524553222c227061796c6f6164223a7b227465616d41223a37337d7d7d
964b1840	base64	7b22736f63636572223a7b2274797065223a225445414d5f4649585455524553222c227061796c6f6164223a7b227465616d41223a37347d7d7d
964b18d4	base64	7b22736f63636572223a7b2274797065223a225445414d5f4649585455524553222c227061796c6f6164223a7b227465616d41223a36317d7d7d
964b2365	base64	07137a71515a0c504a505b007a46514503685b5702357e62044836623d697a5a68520b104454567c5626237c0f20692e52275d35323a3f241b211e373b22196e420f366562
964b7d1c	base64	7b22736f63636572223a7b2274797065223a224d415443485f44455441494c222c227061796c6f6164223a7b2273634c65616775654964223a332c22686f6d6553634964223a36312c226177617953634964223a37342c226461746554696d65223a5b323032362c392c372c312c34355d7d7d7d
964b7e90	base64	7b22736f63636572223a7b2274797065223a224d415443485f44455441494c222c227061796c6f6164223a7b2273634c65616775654964223a31312c22686f6d6553634964223a37332c226177617953634964223a38372c226461746554696d65223a5b323032362c392c392c322c305d7d7d7d
964b7ff8	base64	7b22736f63636572223a7b2274797065223a224d415443485f44455441494c222c227061796c6f6164223a7b2273634c65616775654964223a31312c22686f6d6553634964223a33312c226177617953634964223a3132382c226461746554696d65223a5b323032362c392c382c32332c34355d7d7d7d
965098dd	base64	07137a71515a0c504a505b007a46514503685b5702357e62044836623d697a5a68520b104454567c5626237c0f20692e52275d35323a3f241b211e373b22196e420f366562
96509b09	base64	07137a71515a0c504a505b007a46514503685b5702357e62044836623d697a5a68520b104454567c5626237c0f20692e52275d35323a3f241b211e373b22196e420f366562
96509e79	base64	07137a71515a0c504a505b007a46514503685b5702357e62044836623d697a5a68520b104454567c5626237c0f20692e52275d35323a3f241b211e373b22196e420f366562
9650a0e5	base64	07137a71515a0c504a505b007a46514503685b5702357e62044836623d697a5a68520b104454567c5626237c0f20692e52275d35323a3f241b211e373b22196e420f366562
96b00aba	base64	500000000000000020010004000000000000000000006000000000000000000000000000000000000200000000000000000000000000000018000000000000001800000000000000000000000000000008000000000000000800000000000000
96b410aa	base64	500000000000000020010004000000000000000000006000000000000000000000000000000000000200000000000000000000000000000018000000000000001800000000000000000000000000000008000000000000000800000000000000
97d4b3a5	base64	07137a71515a0c504a505b007a46514503685b5702357e62044836623d697a5a68520b104454567c5626237c0f20692e52275d35323a3f241b211e373b22196e420f366562
986fcc40	base64	68747470733a2f2f616e74612e636f6d2e766e2f
986fcf16	base64	68747470733a2f2f6b6d2e706861726d61636974792e766e2f3378436a2f637575797a716d6a
98c2719c	hex	444444444444444444444444444444444444444444444444444444444444444444444444444444444444444444444444444444444444444444444444444444444444444444444444444444444444444444444444444444444444444444444444444444444444444444444444444444444444444444444444444444444444
98c27da2	hex	44444444444444444444444444444444444444444444444444444444444444444444444444444444444444444444444444444444444444444444444444444444444444444444444444444444444444444444444444444444444444444444444444444444444444444444444444444444444444444444444444444444444444
98e39360	hex	2222222222222222222222222222222222222222
98e3f471	hex	33333333333333333333333333333333333333333333
9a225030	hex	0111111111111111111111111111111111111111111111111111111111111111111111111111111111111111111111111111111111111111111111111111111111111111111111111111111111111111111111111111111111111111111111111111111111111111111111111111111111111111111111111111111111111111
9a61b0de	base64	464c41477b7064665f6533766964656e63655f64336330795f307839396163667d
9b3626b5	base64	5945145145145145145145145145145145145145145145145145
9b6280c1	base64	464c41477b746831735f31735f7468335f7233346c5f666c34675f63306e6631726d33645f62795f6368346c6c5f6d346b33727d
9b628b99	base64	464c41477b6d3367345f6e7a5f636c3075645f6b33795f707231763474335f7634756c745f3078393932617d
9b628dec	base64	464c41477b7064665f6533766964656e63655f64336330795f307839396163667d
9b62a406	base64	464c41477b63306e6631726d33645f62795f6368346c6c5f6d346b33725f746831735f31735f7468335f666c34677d
9b644434	base64	464c41477b696d6167655f6d657461646174615f6465636f795f393932317d
9b64a4a7	base64	464c41477b696d6167655f6d657461646174615f6465636f795f393932317d
9d2676a8	hex	5555555555555555555555555555555555555555
9e41e248	base64	07137a71515a0c504a505b007a46514503685b5702357e62044836623d697a5a68520b104454567c5626237c0f20692e52275d35323a3f241b211e373b22196e420f366562
9e423238	base64	07137a71515a0c504a505b007a46514503685b5702357e62044836623d697a5a68520b104454567c5626237c0f20692e52275d35323a3f241b211e373b22196e420f366562
9e429238	base64	07137a71515a0c504a505b007a46514503685b5702357e62044836623d697a5a68520b104454567c5626237c0f20692e52275d35323a3f241b211e373b22196e420f366562
9e433238	base64	07137a71515a0c504a505b007a46514503685b5702357e62044836623d697a5a68520b104454567c5626237c0f20692e52275d35323a3f241b211e373b22196e420f366562
9e443238	base64	07137a71515a0c504a505b007a46514503685b5702357e62044836623d697a5a68520b104454567c5626237c0f20692e52275d35323a3f241b211e373b22196e420f366562
9e44a238	base64	07137a71515a0c504a505b007a46514503685b5702357e62044836623d697a5a68520b104454567c5626237c0f20692e52275d35323a3f241b211e373b22196e420f366562
9e4661d0	base64	07137a71515a0c504a505b007a46514503685b5702357e62044836623d697a5a68520b104454567c5626237c0f20692e52275d35323a3f241b211e373b22196e420f366562
9e46b1d0	base64	07137a71515a0c504a505b007a46514503685b5702357e62044836623d697a5a68520b104454567c5626237c0f20692e52275d35323a3f241b211e373b22196e420f366562
9e4721d0	base64	07137a71515a0c504a505b007a46514503685b5702357e62044836623d697a5a68520b104454567c5626237c0f20692e52275d35323a3f241b211e373b22196e420f366562
9e477a44	base64	07137a71515a0c504a505b007a46514503685b5702357e62044836623d697a5a68520b104454567c5626237c0f20692e52275d35323a3f241b211e373b22196e420f366562
9e47ab88	base64	07137a71515a0c504a505b007a46514503685b5702357e62044836623d697a5a68520b104454567c5626237c0f20692e52275d35323a3f241b211e373b22196e420f366562
9e47dc9c	base64	07137a71515a0c504a505b007a46514503685b5702357e62044836623d697a5a68520b104454567c5626237c0f20692e52275d35323a3f241b211e373b22196e420f366562
9e480d80	base64	07137a71515a0c504a505b007a46514503685b5702357e62044836623d697a5a68520b104454567c5626237c0f20692e52275d35323a3f241b211e373b22196e420f366562
9e483e64	base64	07137a71515a0c504a505b007a46514503685b5702357e62044836623d697a5a68520b104454567c5626237c0f20692e52275d35323a3f241b211e373b22196e420f366562
a1bb1618	base64	7b22736f63636572223a7b2274797065223a225445414d5f4649585455524553222c227061796c6f6164223a7b227465616d41223a3132387d7d7d
a1bb16b4	base64	7b22736f63636572223a7b2274797065223a225445414d5f4649585455524553222c227061796c6f6164223a7b227465616d41223a33317d7d7d
a1bb1750	base64	7b22736f63636572223a7b2274797065223a225445414d5f4649585455524553222c227061796c6f6164223a7b227465616d41223a38377d7d7d
a1bb17ec	base64	7b22736f63636572223a7b2274797065223a225445414d5f4649585455524553222c227061796c6f6164223a7b227465616d41223a37337d7d7d
a1bb1880	base64	7b22736f63636572223a7b2274797065223a225445414d5f4649585455524553222c227061796c6f6164223a7b227465616d41223a37347d7d7d
a1bb1914	base64	7b22736f63636572223a7b2274797065223a225445414d5f4649585455524553222c227061796c6f6164223a7b227465616d41223a36317d7d7d
a1bb23a5	base64	07137a71515a0c504a505b007a46514503685b5702357e62044836623d697a5a68520b104454567c5626237c0f20692e52275d35323a3f241b211e373b22196e420f366562
a1bb7d5c	base64	7b22736f63636572223a7b2274797065223a224d415443485f44455441494c222c227061796c6f6164223a7b2273634c65616775654964223a332c22686f6d6553634964223a36312c226177617953634964223a37342c226461746554696d65223a5b323032362c392c372c312c34355d7d7d7d
a1bb7ed0	base64	7b22736f63636572223a7b2274797065223a224d415443485f44455441494c222c227061796c6f6164223a7b2273634c65616775654964223a31312c22686f6d6553634964223a37332c226177617953634964223a38372c226461746554696d65223a5b323032362c392c392c322c305d7d7d7d
a1bb8038	base64	7b22736f63636572223a7b2274797065223a224d415443485f44455441494c222c227061796c6f6164223a7b2273634c65616775654964223a31312c22686f6d6553634964223a33312c226177617953634964223a3132382c226461746554696d65223a5b323032362c392c382c32332c34355d7d7d7d
a1c0991d	base64	07137a71515a0c504a505b007a46514503685b5702357e62044836623d697a5a68520b104454567c5626237c0f20692e52275d35323a3f241b211e373b22196e420f366562
a1c09b49	base64	07137a71515a0c504a505b007a46514503685b5702357e62044836623d697a5a68520b104454567c5626237c0f20692e52275d35323a3f241b211e373b22196e420f366562
a1c09eb9	base64	07137a71515a0c504a505b007a46514503685b5702357e62044836623d697a5a68520b104454567c5626237c0f20692e52275d35323a3f241b211e373b22196e420f366562
a1c0a125	base64	07137a71515a0c504a505b007a46514503685b5702357e62044836623d697a5a68520b104454567c5626237c0f20692e52275d35323a3f241b211e373b22196e420f366562
a21b8afa	base64	500000000000000020010004000000000000000000006000000000000000000000000000000000000200000000000000000000000000000018000000000000001800000000000000000000000000000008000000000000000800000000000000
a21f90ea	base64	500000000000000020010004000000000000000000006000000000000000000000000000000000000200000000000000000000000000000018000000000000001800000000000000000000000000000008000000000000000800000000000000
a33fd3e5	base64	07137a71515a0c504a505b007a46514503685b5702357e62044836623d697a5a68520b104454567c5626237c0f20692e52275d35323a3f241b211e373b22196e420f366562
a3daec80	base64	68747470733a2f2f616e74612e636f6d2e766e2f
a3daef56	base64	68747470733a2f2f6b6d2e706861726d61636974792e766e2f3378436a2f637575797a716d6a
a42d91dc	hex	444444444444444444444444444444444444444444444444444444444444444444444444444444444444444444444444444444444444444444444444444444444444444444444444444444444444444444444444444444444444444444444444444444444444444444444444444444444444444444444444444444444444
a42d9de2	hex	44444444444444444444444444444444444444444444444444444444444444444444444444444444444444444444444444444444444444444444444444444444444444444444444444444444444444444444444444444444444444444444444444444444444444444444444444444444444444444444444444444444444444
a44ec3a0	hex	2222222222222222222222222222222222222222
a44f24b1	hex	33333333333333333333333333333333333333333333
a537c094	base64	180000001200000068747470733a2f2f636f63636f632e636f6d0000
a537c125	base64	180000001200000068747470733a2f2f636f63636f632e636f6d0000
a537c1c3	base64	140000001000000068747470733a2f2f677674312e636f6d
a537c2b4	base64	140000001000000068747470733a2f2f677674312e636f6d
a537c340	base64	140000001000000068747470733a2f2f63616368652e766e
a537c3b5	base64	18000000120000006368726f6d653a2f2f77686174732d6e65770000
a537c42e	base64	280000002100000068747470733a2f2f7261772e67697468756275736572636f6e74656e742e636f6d000000
a537c541	base64	300000002b00000068747470733a2f2f6f7074696d697a6174696f6e67756964652d70612e676f6f676c65617069732e636f6d00
a537c613	base64	180000001200000068747470733a2f2f636f63636f632e636f6d0000
a537c695	base64	1c0000001800000068747470733a2f2f7163636f63636f636d656469612e766e
a537c719	base64	180000001200000068747470733a2f2f636f63636f632e636f6d0000
a537c798	base64	180000001200000068747470733a2f2f636f63636f632e636f6d0000
a537c819	base64	180000001200000068747470733a2f2f636f63636f632e636f6d0000
a537c899	base64	180000001200000068747470733a2f2f636f63636f632e636f6d0000
a537c912	base64	180000001200000068747470733a2f2f636f63636f632e636f6d0000
a537c993	base64	180000001200000068747470733a2f2f636f63636f632e636f6d0000
a537ca13	base64	180000001200000068747470733a2f2f636f63636f632e636f6d0000
a537ca8e	base64	180000001200000068747470733a2f2f636f63636f632e636f6d0000
a537cb14	base64	180000001200000068747470733a2f2f636f63636f632e636f6d0000
a537cb8e	base64	180000001200000068747470733a2f2f636f63636f632e636f6d0000
a537cc0e	base64	180000001200000068747470733a2f2f636f63636f632e636f6d0000
a537cc8f	base64	180000001200000068747470733a2f2f636f63636f632e636f6d0000
a537cd15	base64	180000001200000068747470733a2f2f636f63636f632e636f6d0000
a537ce07	base64	180000001200000068747470733a2f2f636f63636f632e636f6d0000
a537ce86	base64	180000001200000068747470733a2f2f636f63636f632e636f6d0000
a537cf05	base64	180000001200000068747470733a2f2f636f63636f632e636f6d0000
a537cf87	base64	180000001200000068747470733a2f2f636f63636f632e636f6d0000
a537d006	base64	180000001200000068747470733a2f2f636f63636f632e636f6d0000
a537d087	base64	180000001200000068747470733a2f2f636f63636f632e636f6d0000
a537d10f	base64	180000001200000068747470733a2f2f636f63636f632e636f6d0000
a537d18c	base64	180000001200000068747470733a2f2f636f63636f632e636f6d0000
a537d20e	base64	180000001200000068747470733a2f2f636f63636f632e636f6d0000
a537d289	base64	180000001200000068747470733a2f2f636f63636f632e636f6d0000
a537d304	base64	180000001200000068747470733a2f2f636f63636f632e636f6d0000
a537d382	base64	180000001200000068747470733a2f2f636f63636f632e636f6d0000
a537d477	base64	180000001200000068747470733a2f2f636f63636f632e636f6d0000
a537d4f0	base64	180000001200000068747470733a2f2f636f63636f632e636f6d0000
a537d57e	base64	180000001200000068747470733a2f2f636f63636f632e636f6d0000
a537d5fc	base64	180000001200000068747470733a2f2f636f63636f632e636f6d0000
a537d677	base64	180000001200000068747470733a2f2f636f63636f632e636f6d0000
a537d76e	base64	180000001200000068747470733a2f2f636f63636f632e636f6d0000
a537d7ed	base64	180000001200000068747470733a2f2f636f63636f632e636f6d0000
a537d8e0	base64	180000001200000068747470733a2f2f636f63636f632e636f6d0000
a537d963	base64	180000001200000068747470733a2f2f636f63636f632e636f6d0000
a537d9e6	base64	180000001200000068747470733a2f2f636f63636f632e636f6d0000
a537da65	base64	180000001200000068747470733a2f2f636f63636f632e636f6d0000
a537dadf	base64	180000001200000068747470733a2f2f636f63636f632e636f6d0000
a537db62	base64	180000001200000068747470733a2f2f636f63636f632e636f6d0000
a537dbe3	base64	180000001200000068747470733a2f2f636f63636f632e636f6d0000
a537dc61	base64	180000001200000068747470733a2f2f636f63636f632e636f6d0000
a537dd64	base64	180000001200000068747470733a2f2f636f63636f632e636f6d0000
a537de65	base64	180000001200000068747470733a2f2f636f63636f632e636f6d0000
a537df66	base64	180000001200000068747470733a2f2f636f63636f632e636f6d0000
a537e06a	base64	180000001200000068747470733a2f2f636f63636f632e636f6d0000
a537e164	base64	180000001200000068747470733a2f2f636f63636f632e636f6d0000
a537e26b	base64	180000001200000068747470733a2f2f636f63636f632e636f6d0000
a537e372	base64	180000001200000068747470733a2f2f636f63636f632e636f6d0000
a537e486	base64	180000001200000068747470733a2f2f636f63636f632e636f6d0000
a537e599	base64	180000001200000068747470733a2f2f636f63636f632e636f6d0000
a537e633	base64	180000001200000068747470733a2f2f636f63636f632e636f6d0000
a537e6b6	base64	180000001200000068747470733a2f2f636f63636f632e636f6d0000
a537e738	base64	38000000330000006368726f6d652d657874656e73696f6e3a2f2f67636f706670646b6d70646163646d626a6f6e666a6d626e63636d6e6a646f6900
a537e7d9	base64	38000000330000006368726f6d652d657874656e73696f6e3a2f2f6166616c6a6a626c6569686d61686870636b6e676f6e646d676f686c656c6a6200
a537e87c	base64	180000001200000068747470733a2f2f636f63636f632e636f6d0000
a537e905	base64	180000001200000068747470733a2f2f636f63636f632e636f6d0000
a537e9ff	base64	180000001200000068747470733a2f2f636f63636f632e636f6d0000
a537eaa2	base64	180000001200000068747470733a2f2f636f63636f632e636f6d0000
a537eb21	base64	38000000330000006368726f6d652d657874656e73696f6e3a2f2f67636f706670646b6d70646163646d626a6f6e666a6d626e63636d6e6a646f6900
a537ebc3	base64	180000001200000068747470733a2f2f636f63636f632e636f6d0000
a537ec48	base64	180000001200000068747470733a2f2f636f63636f632e636f6d0000
a537eccd	base64	180000001200000068747470733a2f2f636f63636f632e636f6d0000
a537edc7	base64	180000001200000068747470733a2f2f636f63636f632e636f6d0000
a537eecb	base64	180000001200000068747470733a2f2f636f63636f632e636f6d0000
a537efe8	base64	180000001200000068747470733a2f2f636f63636f632e636f6d0000
a537f104	base64	180000001200000068747470733a2f2f636f63636f632e636f6d0000
a537f190	base64	180000001200000068747470733a2f2f636f63636f632e636f6d0000
a537f291	base64	180000001200000068747470733a2f2f636f63636f632e636f6d0000
a537f391	base64	180000001200000068747470733a2f2f636f63636f632e636f6d0000
a537f49c	base64	180000001200000068747470733a2f2f636f63636f632e636f6d0000
a537f5c4	base64	180000001200000068747470733a2f2f636f63636f632e636f6d0000
a537f64c	base64	180000001200000068747470733a2f2f636f63636f632e636f6d0000
a537f6ce	base64	180000001200000068747470733a2f2f636f63636f632e636f6d0000
a537f7c2	base64	140000000f00000068747470733a2f2f6d6567612e696f00
a537f849	base64	140000000f00000068747470733a2f2f6d6567612e696f00
a537f92e	base64	180000001200000068747470733a2f2f636f63636f632e636f6d0000
a537fa47	base64	180000001200000068747470733a2f2f636f63636f632e636f6d0000
a537fb5e	base64	300000002c00000068747470733a2f2f70617373776f7264736c65616b636865636b2d70612e676f6f676c65617069732e636f6d
a537fc88	base64	200000001a00000068747470733a2f2f7777772e676f6f676c65617069732e636f6d0000
a537fd12	base64	140000000f00000068747470733a2f2f6d6567612e6e7a00
a537fdf6	base64	140000000f00000068747470733a2f2f6d6567612e6e7a00
a537fe9c	base64	140000000f00000068747470733a2f2f6d6567612e6e7a00
a537ff18	base64	180000001200000068747470733a2f2f636f63636f632e636f6d0000
a5380008	base64	140000001000000068747470733a2f2f6579656f2e636f6d
a53bf11e	base64	180000001200000068747470733a2f2f676f6f676c652e636f6d0000
a58d1070	hex	0111111111111111111111111111111111111111111111111111111111111111111111111111111111111111111111111111111111111111111111111111111111111111111111111111111111111111111111111111111111111111111111111111111111111111111111111111111111111111111111111111111111111111
a5cbb11e	base64	464c41477b7064665f6533766964656e63655f64336330795f307839396163667d
a6a026f5	base64	5945145145145145145145145145145145145145145145145145
a6cc6101	base64	464c41477b746831735f31735f7468335f7233346c5f666c34675f63306e6631726d33645f62795f6368346c6c5f6d346b33727d
a6cc6bd9	base64	464c41477b6d3367345f6e7a5f636c3075645f6b33795f707231763474335f7634756c745f3078393932617d
a6cc6e2c	base64	464c41477b7064665f6533766964656e63655f64336330795f307839396163667d
a6cc8446	base64	464c41477b63306e6631726d33645f62795f6368346c6c5f6d346b33725f746831735f31735f7468335f666c34677d
a6ce2474	base64	464c41477b696d6167655f6d657461646174615f6465636f795f393932317d
a6ce84e7	base64	464c41477b696d6167655f6d657461646174615f6465636f795f393932317d
a87536e8	hex	5555555555555555555555555555555555555555
bc04a59c	hex	100000000000000000000000000000000000000000000000000000000000000000000000000000000000000000000000000000000000000000000000000000
bfecf546	base64	464c41477b696d6167655f6d657461646174615f6465636f795f393932317d
c65dc85a	base64	07137a71515a0c504a505b007a46514503685b5702357e62044836
cbd644d5	hex	67646d2d73657373696f6e2d776f726b6572205b70616d2f67646d2d70617373776f72645d
cc69e07e	hex	686766732f446f63756d656e74732f61766d6c202f6d6e742f686766732f446f63756d656e74732f6d656d2e646d70
cc69e694	hex	2f6d6e742f686766732f446f63756d656e74732f61766d6c202f6d6e742f686766732f446f63756d656e74732f6d656d2e646d70
cc71b07e	base64	04104104104104104104104104104104104104104104104104104104104104104104104104104104104104104104104104104104104104104104104104104104104104104104104104104104
cc71bc06	base64	24104104104104104104104104104104104104104104104104104104104104
cc71bd82	base64	54104104104104104104104104104104104104104104104104104104104104
cc71befe	base64	6c104104104104104104104104104104104104104104104104104104104104
cc749db4	base64	041041041041041041041041041041041041041041041041041041041041041041041041041041041041041041041041041041041041041041041041041041041041041041041041041041041041041041041041041041041041041041041041041041041041041041041041041041041041041041041041041041
cc9392cd	hex	2f7362696e2f617564697463746c002d52002f6574632f61756469742f61756469742e72756c6573
cc9395df	hex	2f7362696e2f617564697463746c002d52002f6574632f61756469742f61756469742e72756c6573
cc939903	hex	2f7362696e2f617564697463746c002d52002f6574632f61756469742f61756469742e72756c6573
cccf5ba5	base64	041041041041041041041041041041041041041041041041041041041041041041041041041041041041041041041041041041041041041041041041041041041041041041041041041041041041041041041041041041041041041041041041041041041041041041041041
ccd93fc8	base64	041041041041041041041041041041041041041041041041041041041041041041041041041041041041
cd24f146	base64	60104104104104104104104104104104104104104104104104
cdfe1fe5	hex	2f7573722f62696e2f707974686f6e33002d73002f7573722f7362696e2f6669726577616c6c64002d2d6e6f666f726b002d2d6e6f706964
ce47b252	hex	746565202f7573722f6c6f63616c2f62696e2f636f63636f632d62726f77736572
ce47b9a2	hex	63686d6f64202b78202f7573722f6c6f63616c2f62696e2f636f63636f632d62726f77736572
ce55763e	hex	22222222222222222222222222222222222222222222222222222222222222222222
d1369939	hex	2f7573722f62696e2f707974686f6e33002d73002f7573722f7362696e2f6669726577616c6c64002d2d6e6f666f726b002d2d6e6f706964
d1369c70	hex	2f7573722f62696e2f707974686f6e33002d73002f7573722f7362696e2f6669726577616c6c64002d2d6e6f666f726b002d2d6e6f706964
d1369fa3	hex	2f7573722f62696e2f707974686f6e33002d73002f7573722f7362696e2f6669726577616c6c64002d2d6e6f666f726b002d2d6e6f706964
d16f4622	base64	07137a71515a0c504a505b007a46514503685b5702357e62044836623d697a5a68520b104454567c5626237c0f20692e52275d35323a3f241b211e373b22196e420f366562
d16f9946	base64	07137a71515a0c504a505b007a46514503685b5702357e62044836623d697a5a68520b104454567c5626237c0f20692e52275d35323a3f241b211e373b22196e420f366562
d199e0a2	base64	6f70656e7373682d6b65792d763100000000046e6f6e65000000046e6f6e650000000000000001000000330000000b7373682d65
d1bee158	base64	07137a71515a0c504a505b007a46514503685b5702357e62044836623d697a5a68520b104454567c5626237c0f20692e52275d35323a3f241b211e373b22196e420f366562
d1bf390b	base64	07137a71515a0c504a505b007a46514503685b5702357e62044836623d697a5a68520b104454567c5626237c0f20692e52275d35323a3f241b211e373b22196e420f366562
d22714c5	hex	2f7573722f62696e2f707974686f6e33002d73002f7573722f7362696e2f6669726577616c6c64002d2d6e6f666f726b002d2d6e6f706964
d2271a15	hex	2f7573722f62696e2f707974686f6e33002d73002f7573722f7362696e2f6669726577616c6c64002d2d6e6f666f726b002d2d6e6f706964
d25285e4	hex	2f6d6e742f686766732f446f63756d656e74732f61766d6c202f6d6e742f686766732f446f63756d656e74732f6d656d2e646d70
d2778194	hex	67646d2d73657373696f6e2d776f726b6572205b70616d2f67646d2d70617373776f72645d
d29330f1	base64	07137a71515a0c504a505b007a46514503685b5702357e62044836623d697a5a68520b104454567c5626237c0f20692e52275d35323a3f241b211e373b22196e420f366562
d2d80cd6	hex	0000000000000000000000000000000000000000000000000000000000000000
d4800608	base64	0c1041041041041041041041041041041041041041041041041041041041
d4800715	base64	0c1041041041041041041041041041041041041041041041041041041041
d4800822	base64	0c1041041041041041041041041041041041041041041041041041041041
d49a82cc	base64	4c10410410410410410410410410410410410410410410410410410410410410410410410410410410
d49a845f	base64	4c10410410410410410410410410410410410410410410410410410410410410410410410410410410
d49e0e59	base64	041041041041041041041041041041041041041041041041041041041041041041041041041041041041041041041041041041041041041041041041041041041041041041041041041041041041041041041041041041
d4a2c2f2	base64	2c1041041041041041041041041041041041041041041041041041041041041041041041041041041041041041041041041041041041041041041041041041041041041041041041041041041041041041041041041041041041041041041041041041041041041041041041041041041041041041
d4a2c42c	base64	2c1041041041041041041041041041041041041041041041041041041041041041041041041041041041041041041041041041041041041041041041041041041041041041041041041041041041041041041041041041041041041041041041041041041041041041041041041041041041041041
d4a2c566	base64	2c1041041041041041041041041041041041041041041041041041041041041041041041041041041041041041041041041041041041041041041041041041041041041041041041041041041041041041041041041041041041041041041041041041041041041041041041041041041041041041
d4a2c6a0	base64	2c1041041041041041041041041041041041041041041041041041041041041041041041041041041041041041041041041041041041041041041041041041041041041041041041041041041041041041041041041041041041041041041041041041041041041041041041041041041041041041
d4a2c7da	base64	2c1041041041041041041041041041041041041041041041041041041041041041041041041041041041041041041041041041041041041041041041041041041041041041041041041041041041041041041041041041041041041041041041041041041041041041041041041041041041041041
d4a2cc25	base64	201041041041041041041041041041041041041041041041041041041041041041041041041041041041041041041041041041041041041041041041
d4a2ccf9	base64	641041041041041041041041041041041041041041041041041041041041041041041041041041041041041041041041041041041041041041041041
d4a2cea2	base64	0410410410410410410410410410410410410410410410410410410410410410410410410410410410410410410410410410410410410410410410
d4a2cf75	base64	301041041041041041041041041041041041041041041041041041041041041041041041041041041041041041041041041041041041041041041041
d4a30ebe	base64	0c104104104104104104104104104104104104104104104104104104104104104104104104104104104104104104104104104104
d4a30fa1	base64	20104104104104104104104104104104104104104104104104104104104104104104104104104104104104104104104104104104
d4a3907e	base64	0410410410410410410410410410410410410410410410410410410410410410410410410410410410410410410410410410410410410410410410410410410410
d4a39974	base64	30104104104104104104104104104104104104104104104104104104104104104104104104104104104104104104104104104104104104104104104104104104104104104104104104104104104104104104104104104104104104104104104104104104104104104104
d4a3a084	base64	34104104104104104104104104104104104104104104104104104104104104104104104104104104104104104104104104104104
d4a3a167	base64	48104104104104104104104104104104104104104104104104104104104104104104104104104104104104104104104104104104
d4a3a24a	base64	5c104104104104104104104104104104104104104104104104104104104104104104104104104104104104104104104104104104
d4a3faac	base64	44104104104104104104104104104104104104104104104104104104104104104104104104104104104104104104104104104104104104104104104104104104104104104104104104104104104104104104104104104104104104104104104104104104104104104104104104
d4a3fbcb	base64	78104104104104104104104104104104104104104104104104104104104104104104104104104104104104104104104104104104104104104104104104104104104104104104104104104104104104104104104104104104104104104104104104104104104104104104104104
d4a3fe09	base64	28104104104104104104104104104104104104104104104104104104104104104104104104104104104104104104104104104104104104104104104104104104104104104104104104104104104104104104104104104104104104104104104104104104104104104104104104
d4a4040f	base64	6810410410410410410410410410410410410410410410410410410410410410410410410410410410410410410410
d4a404ec	base64	04104104104104104104104104104104104104104104104104104104104104104104104104104104104104104104
d4a406a4	base64	04104104104104104104104104104104104104104104104104104104104104104104104104104104104104104104
d4a40780	base64	04104104104104104104104104104104104104104104104104104104104104104104104104104104104104104104
d4a417fd	base64	28104104104104104104104104104104104104104104104104104104104104104104104104104104104104104104104104104104104104104104104104104104104104104104
d4a419bb	base64	20104104104104104104104104104104104104104104104104104104104104104104104104104104104104104104104104104104104104104104104104104104104104104104
d4a41b79	base64	18104104104104104104104104104104104104104104104104104104104104104104104104104104104104104104104104104104104104104104104104104104104104104104
d4a4252d	base64	0410410410410410410410410410410410410410410410410410410410410410410410410410410410410410410410410410410410410410410410410410410410410410410410410410410410410410410410
d4a427ba	base64	6c1041041041041041041041041041041041041041041041041041041041041041041041041041041041041041041041041041041041041041041041041041041041041041041041041041041041041041041041
d4a42901	base64	481041041041041041041041041041041041041041041041041041041041041041041041041041041041041041041041041041041041041041041041041041041041041041041041041041041041041041041041
d4a42a48	base64	0c1041041041041041041041041041041041041041041041041041041041041041041041041041041041041041041041041041041041041041041041041041041041041041041041041041041041041041041041
d4b1c439	base64	0c10410410410410410410410410410410410410
d4b1c661	base64	5c10410410410410410410410410410410410410
d4f147aa	base64	07137a71515a0c504a505b007a46514503685b5702357e62044836623d697a5a68520b104454567c5626237c0f20692e52275d35323a3f241b211e373b22196e420f366562
d55950b0	base64	04104104104104104104104104104104104104104104
d559518f	base64	04104104104104104104104104104104104104104104
d5595270	base64	04104104104104104104104104104104104104104104
d5596314	base64	2c1041041041041041041041041041041041041041041041041041041041
d559640b	base64	2c1041041041041041041041041041041041041041041041041041041041
d5596504	base64	2c1041041041041041041041041041041041041041041041041041041041
d5596c9d	base64	6010410410410410410410410410410410410410410410410410410410410410
d5596da3	base64	6010410410410410410410410410410410410410410410410410410410410410
d5596ea9	base64	6010410410410410410410410410410410410410410410410410410410410410
d5596faf	base64	6010410410410410410410410410410410410410410410410410410410410410
d59662b6	base64	07137a71515a0c504a505b007a46514503685b5702357e62044836623d697a5a68520b104454567c5626237c0f20692e52275d35323a3f241b211e373b22196e420f366562
d5afa2b6	base64	07137a71515a0c504a505b007a46514503685b5702357e62044836623d697a5a68520b104454567c5626237c0f20692e52275d35323a3f241b211e373b22196e420f366562
d5b002b6	base64	07137a71515a0c504a505b007a46514503685b5702357e62044836623d697a5a68520b104454567c5626237c0f20692e52275d35323a3f241b211e373b22196e420f366562
d5be2423	base64	07137a71515a0c504a505b007a46514503685b5702357e62044836623d697a5a68520b104454567c5626237c0f20692e52275d35323a3f241b211e373b22196e420f366562
d5c1c696	base64	7b22736f63636572223a7b2274797065223a225445414d5f4649585455524553222c227061796c6f6164223a7b227465616d41223a3132387d7d7d
d5c1c732	base64	7b22736f63636572223a7b2274797065223a225445414d5f4649585455524553222c227061796c6f6164223a7b227465616d41223a33317d7d7d
d5c1c7ce	base64	7b22736f63636572223a7b2274797065223a225445414d5f4649585455524553222c227061796c6f6164223a7b227465616d41223a38377d7d7d
d5c1c86a	base64	7b22736f63636572223a7b2274797065223a225445414d5f4649585455524553222c227061796c6f6164223a7b227465616d41223a37337d7d7d
d5c1c8fe	base64	7b22736f63636572223a7b2274797065223a225445414d5f4649585455524553222c227061796c6f6164223a7b227465616d41223a37347d7d7d
d5c1c992	base64	7b22736f63636572223a7b2274797065223a225445414d5f4649585455524553222c227061796c6f6164223a7b227465616d41223a36317d7d7d
d692b1aa	base64	14204104104104104104104108104104104104631310
d692b305	base64	1420410410410410410410410810410410410462434c40
d692b465	base64	1420410410410410410410410810410410410462434c40
d692b5c5	base64	1420410410410410410410410810410410410462434c40
d692b725	base64	1420410410410410410410410810410410410462434c40
d694c619	base64	101041041041041041041041041041041041041041041041
d694c63b	base64	281041041041041041041041041041041041041041041041041041041041
d694c735	base64	101041041041041041041041041041041041041041041041
d694c757	base64	281041041041041041041041041041041041041041041041041041041041
d694c852	base64	101041041041041041041041041041041041041041041041
d694c874	base64	281041041041041041041041041041041041041041041041041041041041
d6a1188b	base64	4010410410410410410410410410410410410410
d6aa4c85	base64	7010410410410410410410410410410410410410410410410410
d6aa4cbe	base64	0c10410410410410410410410410410410410410
d6aa5691	base64	60104104104104104104104104104104104104104104104104104104104104104104104104104104104104104104104104104104104104104104104104104104104104
d6aa57ec	base64	60104104104104104104104104104104104104104104104104104104104104104104104104104104104104104104104104104104104104104104104104104104104104
d6aa5944	base64	60104104104104104104104104104104104104104104104104104104104104104104104104104104104104104104104104104104104104104104104104104104104104
d6aa5a9c	base64	60104104104104104104104104104104104104104104104104104104104104104104104104104104104104104104104104104104104104104104104104104104104104
d6f7c170	base64	000000000000000000000000000000000041041041041041041041041041041041
d6f7c29e	base64	104104104104104104104104104104104104104104104104
d99de6e5	hex	67646d2d73657373696f6e2d776f726b6572205b70616d2f67646d2d70617373776f72645d
d9a1d8ca	hex	67646d2d73657373696f6e2d776f726b6572205b70616d2f67646d2d70617373776f72645d
d9a8407e	base64	041041041041041041041041041041041041041041041041041041
d9a84d10	base64	3410410410410410410410410410410410410410410410410410410410410410410410410410410410410410410410410410410410410410410410410410410410
d9a84e11	base64	7810410410410410410410410410410410410410410410410410410410410410410410410410410410410410410410410410410410410410410410410410410410
d9a84f13	base64	04104104104104104104104104104104104104104104104104104104104104104104104104104104104104104104104104104104104104104104104104104104
d9a85013	base64	4810410410410410410410410410410410410410410410410410410410410410410410410410410410410410410410410410410410410410410410410410410410
da771545	hex	2f7573722f62696e2f707974686f6e33002d73002f7573722f7362696e2f6669726577616c6c64002d2d6e6f666f726b002d2d6e6f706964
da7715f5	hex	2f7573722f62696e2f707974686f6e33002d73002f7573722f7362696e2f6669726577616c6c64002d2d6e6f666f726b002d2d6e6f706964
db6e1fbd	base64	041041041041041041041041041041041041041041041041041041041041041041041041041041041041041041041041041041041041041041041041041041041041041041041041041041041041041041
dc4dd433	base64	3810410410410410410410410410410410410410
dc4dd50e	base64	3810410410410410410410410410410410410410
dc4dd5e9	base64	3810410410410410410410410410410410410410
dc4dd6c4	base64	3810410410410410410410410410410410410410
dc4dd8d9	base64	3810410410410410410410410410410410410410
dc4dda5e	base64	4c104104104104104104104104104104104104104104104104104104104104104104104104104104104104104104104104104104104104104104104104104104104104104104104104104104104104
dc4ddb82	base64	3810410410410410410410410410410410410410
dc4dde2b	base64	3810410410410410410410410410410410410410
dc4dde60	base64	4c104104104104104104104104104104104104104104104104104104104104104104104104104104104104104104104104104104104104104104104104104104104104104104104104104104104104
dc50a0d9	base64	3810410410410410410410410410410410410410
dc587315	hex	67646d2d73657373696f6e2d776f726b6572205b70616d2f67646d2d70617373776f72645d
dc58e09d	base64	041041041041041041041041041041041041041041041041041041041041041041041041041041041041041041
dc58e185	base64	041041041041041041041041041041041041041041041041041041041041041041041041041041041041041041
dc58e26d	base64	041041041041041041041041041041041041041041041041041041041041041041041041041041041041041041
dc5cfab2	base64	07137a71515a0c504a505b007a46514503685b5702357e62044836623d697a5a68520b104454567c5626237c0f20692e52275d35323a3f241b211e373b22196e420f366562
dc5fa158	base64	07137a71515a0c504a505b007a46514503685b5702357e62044836623d697a5a68520b104454567c5626237c0f20692e52275d35323a3f241b211e373b22196e420f366562
dc608074	base64	07137a71515a0c504a505b007a46514503685b5702357e62044836623d697a5a68520b104454567c5626237c0f20692e52275d35323a3f241b211e373b22196e420f366562
dc6255e5	hex	2f7573722f62696e2f707974686f6e33002d73002f7573722f7362696e2f6669726577616c6c64002d2d6e6f666f726b002d2d6e6f706964
dc625ad5	hex	67646d2d73657373696f6e2d776f726b6572205b70616d2f67646d2d70617373776f72645d
dc6e9214	hex	2f7362696e2f617564697463746c002d52002f6574632f61756469742f61756469742e72756c6573
dc6e9f24	hex	2f6d6e742f686766732f446f63756d656e74732f61766d6c202f6d6e742f686766732f446f63756d656e74732f6d656d2e646d70
dc989fde	hex	0000000000000000000000000000000000000000000000000000000000000000000000000000000000000000000000000000000000000000000000000000000000000000000000000000000000000000
dcaecb05	hex	67646d2d73657373696f6e2d776f726b6572205b70616d2f67646d2d70617373776f72645d
dcaece75	hex	67646d2d73657373696f6e2d776f726b6572205b70616d2f67646d2d70617373776f72645d
dde0507e	hex	00000000000000000000000000000000000000000000000000000000000000000000000000000000000000000000000000000000000000000000000000000000000000000000000000000000000000000000000000000000
ddeb991e	hex	0000000000000000000000000000000000000000000000000000000000000000000000000000000000000000000000000000000000000000
deec763e	base64	200000001a00000068747470733a2f2f7777772e676f6f676c65617069732e636f6d0000
deec767e	base64	180000001200000068747470733a2f2f636f63636f632e636f6d0000
df7d1f75	hex	2f7573722f62696e2f707974686f6e33002d73002f7573722f7362696e2f6669726577616c6c64002d2d6e6f666f726b002d2d6e6f706964
df944e45	hex	2f7573722f62696e2f707974686f6e33002d73002f7573722f7362696e2f6669726577616c6c64002d2d6e6f666f726b002d2d6e6f706964
e02980ce	hex	0111111111111111111111111111111111111111111111111111111111111111111111111111111111111111111111111111111111111111111111111111111111111111111111111111111111111111111111111111111111111111111111111111111111111111111111111111111111111111111111111111111111111111
e0fd10a2	base64	6f70656e7373682d6b65792d763100000000046e6f6e65000000046e6f6e65000000000000000100000068000000136563647361
e28871a3	base64	07137a71515a0c504a505b007a46514503685b5702357e62044836623d697a5a68520b104454567c5626237c0f20692e52275d35323a3f241b211e373b22196e420f366562
e2888e84	hex	2f6d6e742f686766732f446f63756d656e74732f61766d6c202f6d6e742f686766732f446f63756d656e74732f6d656d2e646d70
e2e0d132	base64	07137a71515a0c504a505b007a46514503685b5702357e62044836623d697a5a68520b104454567c5626237c0f20692e52275d35323a3f241b211e373b22196e420f366562
e439b69d	base64	2810410410410410410410410410410410410410
e439b77c	base64	2810410410410410410410410410410410410410
e439b85b	base64	2810410410410410410410410410410410410410
e439b93a	base64	2810410410410410410410410410410410410410
e439ba19	base64	2810410410410410410410410410410410410410
e43c5c16	base64	0410410410410410410410410410410410410410
e43c5d9d	base64	541041041041041041041041041041041041041041
e43c5f25	base64	3c1041041041041041041041041041041041041041
e43c6b49	base64	50104104104104104104104104104104104104104104104104104104104104104104104104104104
e43c6c32	base64	2c104104104104104104104104104104104104104104104104104104104104104104104104104104
e43c6d1b	base64	08104104104104104104104104104104104104104104104104104104104104104104104104104104
e450c3ad	base64	6410410410410410410410410410410410410410410410410410410410410410
e450c480	base64	1410410410410410410410410410410410410410410410410410410410410410
e450c627	base64	04104104104104104104104104104104104104104104104104104104104104
e4510b0c	base64	7410410410410410410410410410410410410410410410410410410410410410410410410410410410410410
e4510cb6	base64	6410410410410410410410410410410410410410410410410410410410410410410410410410410410410410
e4511b84	base64	3c104104104104104104104104104104104104104104104104104104104104104104104104
e4511c63	base64	08104104104104104104104104104104104104104104104104104104104104104104104104
e46e92bd	base64	581041041041041041041041041041041041041041041041041041041041041041041041041041041041041041041041041041041041041041041041041041041041041041041041041041041041041041041041041041041041041041041041
e478bf65	base64	481041041041041041041041041041041041041041
e478c0e1	base64	301041041041041041041041041041041041041041
e478c25d	base64	181041041041041041041041041041041041041041041041041041041041041041041041041041041041041041041041041041041041041041041041041041041041041041041041041041041041041041041041041041041041041041041041
e478c36a	base64	1c1041041041041041041041041041041041041041041041041041041041041041041041041041041041041041041041041041041041041041041041041041041041041041041041041041041041041041041041041041041041041041041041
e478c477	base64	201041041041041041041041041041041041041041041041041041041041041041041041041041041041041041041041041041041041041041041041041041041041041041041041041041041041041041041041041041041041041041041041
e478c584	base64	241041041041041041041041041041041041041041041041041041041041041041041041041041041041041041041041041041041041041041041041041041041041041041041041041041041041041041041041041041041041041041041041
e478c691	base64	281041041041041041041041041041041041041041041041041041041041041041041041041041041041041041041041041041041041041041041041041041041041041041041041041041041041041041041041041041041041041041041041
e478db40	base64	04104104104104104104104104104104104104104104104104104104104104104104104104
e478dc48	base64	3810410410410410410410410410410410410410410410410410410410410410410410410410
e478dd51	base64	0810410410410410410410410410410410410410410410410410410410410410410410410410
e47f35dd	base64	1c104104104104104104104104104104104104104104104104104104104104104104104104104104104104104104104104104104104104104104104104104104104104104104104104104104104104104104104104104104104104104104104104104104104104
e47f370b	base64	48104104104104104104104104104104104104104104104104104104104104104104104104104104104104104104104104104104104104104104104104104104104104104104104104104104104104104104104104104104104104104104104104104104104104
e4815ba6	base64	18104104104104104104104104104104104104104104104104104104104104104104104104104104104104104104104104104104
e4815ca4	base64	34104104104104104104104104104104104104104104104104104104104104104104104104104104104104104104104104104104
e4815da2	base64	50104104104104104104104104104104104104104104104104104104104104104104104104104104104104104104104104104104
e59812c6	base64	07137a71515a0c504a505b007a46514503685b5702357e62044836623d697a5a68520b104454567c5626237c0f20692e52275d35323a3f241b211e373b22196e420f366562
e5f44769	base64	64104104104104104104104104104104104104104104104104104104104104104104104104104104104104104104104104104104104104104104104104104104104104104104104104104104104104104104104104104104104104104104104104104104104104104104104104
e5f688a5	base64	0410410410410410410410410410410410410410
e5f697f7	base64	481041041041041041041041041041041041041041041041
e5f6b102	base64	0410410410410410410410410410410410410410410410410410410410410410410410
e5f6b22a	base64	3010410410410410410410410410410410410410410410410410410410410410410410410410410410410410410410410410410410
e5f6b295	base64	7c404104104104104104104104104104104104104104104104104104104104104104
e5f956e1	base64	0410410410410410410410410410410410410410410410410410410410410410410410410410410410410410410410410410410410410410410410410410410410410410410410410410410410410410410410410410
e5f95839	base64	2c10410410410410410410410410410410410410410410410410410410410410410410410410410410410410410410410410410410410410410410410410410410410410410410410410410410410410410410410410
e6491651	base64	0c1041041041041041041041041041041041041041041041041041041041041041041041041041041041041041041041041041041041
e64917ad	base64	0c1041041041041041041041041041041041041041041041041041041041041041041041041041041041041041041041041041041041
e6491907	base64	0c1041041041041041041041041041041041041041041041041041041041041041041041041041041041041041041041041041041041
e6491a63	base64	0c1041041041041041041041041041041041041041041041041041041041041041041041041041041041041041041041041041041041
e6491bbd	base64	0c1041041041041041041041041041041041041041041041041041041041041041041041041041041041041041041041041041041041
e6491d19	base64	0c1041041041041041041041041041041041041041041041041041041041041041041041041041041041041041041041041041041041
e6491e73	base64	0c1041041041041041041041041041041041041041041041041041041041041041041041041041041041041041041041041041041041
e6491fcf	base64	0c1041041041041041041041041041041041041041041041041041041041041041041041041041041041041041041041041041041041
e653c129	base64	0c1041041041041041041041041041041041041041041041041041041041041041041041041041041041041041041041041041041041
e653c285	base64	0c1041041041041041041041041041041041041041041041041041041041041041041041041041041041041041041041041041041041
e69f91d6	base64	07137a71515a0c504a505b007a46514503685b5702357e62044836623d697a5a68520b104454567c5626237c0f20692e52275d35323a3f241b211e373b22196e420f366562
e705dd46	base64	763d3226693d44736530614a4d776463345726643d59576b395354517a545868735a32736d63476f394d413d3d26733d636f6e73756d65727365637265742673763d3026783d6362
e72634be	hex	0000000000000000000000000000000000000000000000000000000000000000
e726355e	hex	0000000000000000000000000000000000000000000000000000000000000000
e794d548	hex	000000000000444444444444444444444444444444
e794dc34	base64	10410410410410410410410410410410410410410410
e794e104	hex	3333333333333333222222222222222222222222222222
e794e2a4	base64	041041041041041041041041041041041041041041
e7e531f2	base64	07137a71515a0c504a505b007a46514503685b5702357e62044836623d697a5a68520b104454567c5626237c0f20692e52275d35323a3f241b211e373b22196e420f366562
e8a0007e	base64	49624942575452566b695956553862693572742f4f51314970636e2f4c576e490d0a2f5a6566676c726273582b7831443358657a786869424a336e792b32614b3748476c5745564a444d71676b73643730676849634764302b4a415358616945
e8fedeb6	base64	07137a71515a0c504a505b007a46514503685b5702357e62044836623d697a5a68520b104454567c5626237c0f20692e52275d35323a3f241b211e373b22196e420f366562
ea3c573d	base64	4e3130302e060355040a0c274368696e612046696e616e6369616c2043657274696669636174696f6e20417574686f72
ea3c577e	base64	6974793115301306035504030c0c4346434120455620524f4f54301e170d3132303830383033303730315a170d323931
ea3c57bf	base64	3233313033303730315a3056310b300906035504061302434e3130302e060355040a0c274368696e612046696e616e63
ea3c5800	base64	69616c2043657274696669636174696f6e20417574686f726974793115301306035504030c0c4346434120455620524f
ea3c5f60	base64	03550407130753616c666f7264311a3018060355040a1311434f4d4f444f204341204c696d6974656431273025060355
ea3c5fa1	base64	0403131e434f4d4f444f2043657274696669636174696f6e20417574686f72697479301e170d30363132303130303030
ea3c6023	base64	61746572204d616e636865737465723110300e0603550407130753616c666f7264311a3018060355040a1311434f4d4f
ea3c6064	base64	444f204341204c696d69746564312730250603550403131e434f4d4f444f2043657274696669636174696f6e20417574
ea3c6516	base64	3009060355040613024742311b30190603550408131247726561746572204d616e636865737465723110300e06035504
ea3c6557	base64	07130753616c666f7264311a3018060355040a1311434f4d4f444f204341204c696d69746564312b3029060355040313
ea3c6598	base64	22434f4d4f444f204543432043657274696669636174696f6e20417574686f72697479301e170d303830333036303030
ea3c661a	base64	6561746572204d616e636865737465723110300e0603550407130753616c666f7264311a3018060355040a1311434f4d
ea3c665b	base64	4f444f204341204c696d69746564312b302906035504031322434f4d4f444f204543432043657274696669636174696f
ea3c6929	base64	03550407130753616c666f7264311a3018060355040a1311434f4d4f444f204341204c696d69746564312b3029060355
ea3c696a	base64	04031322434f4d4f444f205253412043657274696669636174696f6e20417574686f72697479301e170d313030313139
ea3c69ec	base64	1247726561746572204d616e636865737465723110300e0603550407130753616c666f7264311a3018060355040a1311
ea3c6a2d	base64	434f4d4f444f204341204c696d69746564312b302906035504031322434f4d4f444f2052534120436572746966696361
ea3c711a	base64	04061302465231123010060355040a0c094468696d796f7469733111300f06035504030c084365727469676e61301e17
ea3c715b	base64	0d3037303632393135313330355a170d3237303632393135313330355a3034310b300906035504061302465231123010
ea3c7660	base64	5a310b300906035504061302465231123010060355040a0c094468696d796f746973311c301a060355040b0c13303030
ea3c76a1	base64	322034383134363330383130303033363119301706035504030c104365727469676e6120526f6f74204341301e170d31
ea3c76e2	base64	33313030313038333232375a170d3333313030313038333232375a305a310b3009060355040613024652311230100603
ea3c7723	base64	55040a0c094468696d796f746973311c301a060355040b0c133030303220343831343633303831303030333631193017
ea3c7bb5	base64	687474703a2f2f63726c2e6468696d796f7469732e636f6d2f6365727469676e61726f6f7463612e63726c300d06092a
ea3c7f4c	base64	0906035504061302504c3121301f060355040a131841737365636f20446174612053797374656d7320532e412e312730
ea3c7f8d	base64	25060355040b131e43657274756d2043657274696669636174696f6e20417574686f7269747931193017060355040313
ea3c7fce	base64	1043657274756d2045432d333834204341301e170d3138303332363037323435345a170d343330333236303732343534
ea3c800f	base64	5a3074310b300906035504061302504c3121301f060355040a131841737365636f20446174612053797374656d732053
ea3c8050	base64	2e412e31273025060355040b131e43657274756d2043657274696669636174696f6e20417574686f7269747931193017
ea3c82e4	base64	31223020060355040a1319556e697a65746f20546563686e6f6c6f6769657320532e412e31273025060355040b131e43
ea3c8325	base64	657274756d2043657274696669636174696f6e20417574686f72697479312230200603550403131943657274756d2054
ea3c8366	base64	727573746564204e6574776f726b204341301e170d3038313032323132303733375a170d323931323331313230373337
ea3c83a7	base64	5a307e310b300906035504061302504c31223020060355040a1319556e697a65746f20546563686e6f6c6f6769657320
ea3c83e8	base64	532e412e31273025060355040b131e43657274756d2043657274696669636174696f6e20417574686f72697479312230
ea3c888e	base64	412e31273025060355040b131e43657274756d2043657274696669636174696f6e20417574686f726974793124302206
ea3c88cf	base64	03550403131b43657274756d2054727573746564204e6574776f726b20434120323022180f3230313131303036303833
ea3c8951	base64	556e697a65746f20546563686e6f6c6f6769657320532e412e31273025060355040b131e43657274756d204365727469
ea3c8992	base64	6669636174696f6e20417574686f72697479312430220603550403131b43657274756d2054727573746564204e657477
ea3c9085	base64	310b300906035504061302504c3121301f060355040a131841737365636f20446174612053797374656d7320532e412e
ea3c90c6	base64	31273025060355040b131e43657274756d2043657274696669636174696f6e20417574686f72697479311f301d060355
ea3c9107	base64	0403131643657274756d205472757374656420526f6f74204341301e170d3138303331363132313031335a170d343330
ea3c9148	base64	3331363132313031335a307a310b300906035504061302504c3121301f060355040a131841737365636f204461746120
ea3c9189	base64	53797374656d7320532e412e31273025060355040b131e43657274756d2043657274696669636174696f6e2041757468
ea3c98a6	base64	301906035504080c1247726561746572204d616e636865737465723110300e06035504070c0753616c666f7264311a30
ea3c98e7	base64	18060355040a0c11436f6d6f646f204341204c696d697465643121301f06035504030c18414141204365727469666963
ea3c9928	base64	617465205365727669636573301e170d3034303130313030303030305a170d3238313233313233353935395a307b310b
ea3c9969	base64	3009060355040613024742311b301906035504080c1247726561746572204d616e636865737465723110300e06035504
ea3c99aa	base64	070c0753616c666f7264311a3018060355040a0c11436f6d6f646f204341204c696d697465643121301f06035504030c
ea3c9ead	base64	0355040a130f437962657274727573742c20496e63311f301d060355040313164379626572747275737420476c6f6261
ea3c9eee	base64	6c20526f6f74301e170d3036313231353038303030305a170d3231313231353038303030305a303b3118301606035504
ea3c9f2f	base64	0a130f437962657274727573742c20496e63311f301d060355040313164379626572747275737420476c6f62616c2052
ea4760e7	base64	030c09414343565241495a313110300e060355040b0c07504b4941434356310d300b060355040a0c0441434356310b30
ea476128	base64	09060355040613024553301e170d3131303530353039333733375a170d3330313233313039333733375a304231123010
ea476169	base64	06035504030c09414343565241495a313110300e060355040b0c07504b4941434356310d300b060355040a0c04414343
ea4764f7	base64	6561646d696e2f4172636869766f732f636572746966696361646f732f7261697a61636376312e637274301f06082b06
ea47667d	base64	430043005600200028004100670065006e0063006900610020006400650020005400650063006e006f006c006f006700
ea476740	base64	430050005300200065006e00200068007400740070003a002f002f007700770077002e0061006300630076002e006500
ea476781	base64	73303006082b060105050702011624687474703a2f2f7777772e616363762e65732f6c656769736c6163696f6e5f632e
ea476803	base64	696e2f4172636869766f732f636572746966696361646f732f7261697a61636376315f6465722e63726c300e0603551d
ea476bcf	base64	0b30090603550406130245533111300f060355040a0c08464e4d542d52434d31193017060355040b0c10414320524149
ea476c10	base64	5a20464e4d542d52434d301e170d3038313032393135353935365a170d3330303130313030303030305a303b310b3009
ea476c51	base64	0603550406130245533111300f060355040a0c08464e4d542d52434d31193017060355040b0c104143205241495a2046
ea4773aa	base64	090603550406130245533111300f060355040a0c08464e4d542d52434d310e300c060355040b0c054365726573311830
ea4773eb	base64	1606035504610c0f56415445532d51323832363030344a312c302a06035504030c234143205241495a20464e4d542d52
ea47742c	base64	434d205345525649444f5245532053454755524f53301e170d3138313232303039333733335a170d3433313232303039
ea47746d	base64	333733335a3078310b30090603550406130245533111300f060355040a0c08464e4d542d52434d310e300c060355040b
ea4774ae	base64	0c0543657265733118301606035504610c0f56415445532d51323832363030344a312c302a06035504030c2341432052
ea47774f	base64	04051309473633323837353130310b300906035504061302455331273025060355040a131e414e46204175746f726964
ea477790	base64	61642064652043657274696669636163696f6e31143012060355040b130b414e46204341205261697a31223020060355
ea4777d1	base64	04031319414e46205365637572652053657276657220526f6f74204341301e170d3139303930343130303033385a170d
ea477853	base64	5331273025060355040a131e414e46204175746f72696461642064652043657274696669636163696f6e311430120603
ea477894	base64	55040b130b414e46204341205261697a3122302006035504031319414e46205365637572652053657276657220526f6f
ea477fb7	base64	0613024954310e300c06035504070c054d696c616e31233021060355040a0c1a416374616c697320532e702e412e2f30
ea477ff8	base64	333335383532303936373127302506035504030c1e416374616c69732041757468656e7469636174696f6e20526f6f74
ea478039	base64	204341301e170d3131303932323131323230325a170d3330303932323131323230325a306b310b300906035504061302
ea47807a	base64	4954310e300c06035504070c054d696c616e31233021060355040a0c1a416374616c697320532e702e412e2f30333335
ea4780bb	base64	383532303936373127302506035504030c1e416374616c69732041757468656e7469636174696f6e20526f6f74204341
ea4787d2	base64	061302555331143012060355040a0c0b41666669726d5472757374311f301d06035504030c1641666669726d54727573
ea478813	base64	7420436f6d6d65726369616c301e170d3130303132393134303630365a170d3330313233313134303630365a3044310b
ea478854	base64	300906035504061302555331143012060355040a0c0b41666669726d5472757374311f301d06035504030c1641666669
ea478ca0	base64	061302555331143012060355040a0c0b41666669726d5472757374311f301d06035504030c1641666669726d54727573
ea478ce1	base64	74204e6574776f726b696e67301e170d3130303132393134303832345a170d3330313233313134303832345a3044310b
ea478d22	base64	300906035504061302555331143012060355040a0c0b41666669726d5472757374311f301d06035504030c1641666669
ea47916b	base64	061302555331143012060355040a0c0b41666669726d5472757374311c301a06035504030c1341666669726d54727573
ea4791ac	base64	74205072656d69756d301e170d3130303132393134313033365a170d3430313233313134313033365a3041310b300906
ea4791ed	base64	035504061302555331143012060355040a0c0b41666669726d5472757374311c301a06035504030c1341666669726d54
ea4798e9	base64	555331143012060355040a0c0b41666669726d54727573743120301e06035504030c1741666669726d54727573742050
ea47992a	base64	72656d69756d20454343301e170d3130303132393134323032345a170d3430313233313134323032345a3045310b3009
ea47996b	base64	06035504061302555331143012060355040a0c0b41666669726d54727573743120301e06035504030c1741666669726d
ea479bee	base64	003039310b3009060355040613025553310f300d060355040a1306416d617a6f6e3119301706035504031310416d617a
ea479c2f	base64	6f6e20526f6f742043412031301e170d3135303532363030303030305a170d3338303131373030303030305a3039310b
ea479c70	base64	3009060355040613025553310f300d060355040a1306416d617a6f6e3119301706035504031310416d617a6f6e20526f
ea47a0a6	base64	003039310b3009060355040613025553310f300d060355040a1306416d617a6f6e3119301706035504031310416d617a
ea47a0e7	base64	6f6e20526f6f742043412032301e170d3135303532363030303030305a170d3430303532363030303030305a3039310b
ea47a128	base64	3009060355040613025553310f300d060355040a1306416d617a6f6e3119301706035504031310416d617a6f6e20526f
ea47a815	base64	310b3009060355040613025553310f300d060355040a1306416d617a6f6e3119301706035504031310416d617a6f6e20
ea47a856	base64	526f6f742043412033301e170d3135303532363030303030305a170d3430303532363030303030305a3039310b300906
ea47a897	base64	0355040613025553310f300d060355040a1306416d617a6f6e3119301706035504031310416d617a6f6e20526f6f7420
ea47aab9	base64	310b3009060355040613025553310f300d060355040a1306416d617a6f6e3119301706035504031310416d617a6f6e20
ea47aafa	base64	526f6f742043412034301e170d3135303532363030303030305a170d3430303532363030303030305a3039310b300906
ea47ab3b	base64	0355040613025553310f300d060355040a1306416d617a6f6e3119301706035504031310416d617a6f6e20526f6f7420
ea47adb3	base64	030c1541746f732054727573746564526f6f742032303131310d300b060355040a0c0441746f73310b30090603550406
ea47adf4	base64	13024445301e170d3131303730373134353833305a170d3330313233313233353935395a303c311e301c06035504030c
ea47ae35	base64	1541746f732054727573746564526f6f742032303131310d300b060355040a0c0441746f73310b300906035504061302
ea47b2dd	base64	06130245533142304006035504030c394175746f72696461642064652043657274696669636163696f6e204669726d61
ea47b31e	base64	70726f666573696f6e616c2043494620413632363334303638301e170d3039303532303038333831355a170d33303132
ea47b35f	base64	33313038333831355a3051310b30090603550406130245533142304006035504030c394175746f726964616420646520
ea47b76f	base64	726d6170726f666573696f6e616c2e636f6d2f637073305c06082b0601050507020230501e4e0050006100730065006f
ea47b7b0	base64	0020006400650020006c006100200042006f006e0061006e006f00760061002000340037002000420061007200630065
ea47bb71	base64	4531123010060355040a130942616c74696d6f726531133011060355040b130a43796265725472757374312230200603
ea47bbb2	base64	550403131942616c74696d6f7265204379626572547275737420526f6f74301e170d3030303531323138343630305a17
ea47bbf3	base64	0d3235303531323233353930305a305a310b300906035504061302494531123010060355040a130942616c74696d6f72
ea47bc34	base64	6531133011060355040b130a43796265725472757374312230200603550403131942616c74696d6f7265204379626572
ea47c079	base64	301b060355040a0c14427579706173732041532d3938333136333332373120301e06035504030c174275797061737320
ea47c0ba	base64	436c617373203220526f6f74204341301e170d3130313032363038333830335a170d3430313032363038333830335a30
ea47c0fb	base64	4e310b3009060355040613024e4f311d301b060355040a0c14427579706173732041532d393833313633333237312030
ea47c80f	base64	301b060355040a0c14427579706173732041532d3938333136333332373120301e06035504030c174275797061737320
ea47c850	base64	436c617373203320526f6f74204341301e170d3130313032363038323835385a170d3430313032363038323835385a30
ea47c891	base64	4e310b3009060355040613024e4f311d301b060355040a0c14427579706173732041532d393833313633333237312030
ea47cf9e	base64	04061302534b311330110603550407130a4272617469736c61766131133011060355040a130a446973696720612e732e
ea47cfdf	base64	3119301706035504031310434120446973696720526f6f74205232301e170d3132303731393039313533305a170d3432
ea47d020	base64	303731393039313533305a3052310b300906035504061302534b311330110603550407130a4272617469736c61766131
ea7e2c92	base64	736c617465282d3230322e303030322c2d343930292720696e6b73636170653a67726f75706d6f64653d276c61796572272069643d2767343935332720696e6b73636170653a6c6162656c3d2763617465
eaaa170f	hex	444444444444444444444444444444444444444e
eacba20b	base64	514514514514514414514514514514514514514514514514514514514514514514514514514514514514514514514514514514514514
eacba345	base64	4d4514514514514514514514514514514514514514514514514514514514
eacba4b6	base64	4545145145145145145145145145145145145145145145145145
eacba638	base64	4d4514514514214514514514514514514514514514
eacba69d	base64	5145145145145145145145145145145145145145142145145145145145145145
eacba75d	base64	2545145145145145145145145145145145145145145145145145145145
eacba7b0	base64	4545145145145145145145145145145145145145145145145145145145145145145145
eacba80e	base64	4d4514514514514514514514514514514514514514514514514514
eb46f6f8	base64	030c09414343565241495a313110300e060355040b0c07504b4941434356310d300b060355040a0c0441434356310b30
eb46f739	base64	09060355040613024553301e170d3131303530353039333733375a170d3330313233313039333733375a304231123010
eb46f77a	base64	06035504030c09414343565241495a313110300e060355040b0c07504b4941434356310d300b060355040a0c04414343
eb46fb08	base64	6561646d696e2f4172636869766f732f636572746966696361646f732f7261697a61636376312e637274301f06082b06
eb46fc8e	base64	430043005600200028004100670065006e0063006900610020006400650020005400650063006e006f006c006f006700
eb46fd51	base64	430050005300200065006e00200068007400740070003a002f002f007700770077002e0061006300630076002e006500
eb46fd92	base64	73303006082b060105050702011624687474703a2f2f7777772e616363762e65732f6c656769736c6163696f6e5f632e
eb46fe14	base64	696e2f4172636869766f732f636572746966696361646f732f7261697a61636376315f6465722e63726c300e0603551d
eb471d62	base64	0b30090603550406130245533111300f060355040a0c08464e4d542d52434d31193017060355040b0c10414320524149
eb471da3	base64	5a20464e4d542d52434d301e170d3038313032393135353935365a170d3330303130313030303030305a303b310b3009
eb471de4	base64	0603550406130245533111300f060355040a0c08464e4d542d52434d31193017060355040b0c104143205241495a2046
eb473c18	base64	090603550406130245533111300f060355040a0c08464e4d542d52434d310e300c060355040b0c054365726573311830
eb473c59	base64	1606035504610c0f56415445532d51323832363030344a312c302a06035504030c234143205241495a20464e4d542d52
eb473c9a	base64	434d205345525649444f5245532053454755524f53301e170d3138313232303039333733335a170d3433313232303039
eb473cdb	base64	333733335a3078310b30090603550406130245533111300f060355040a0c08464e4d542d52434d310e300c060355040b
eb473d1c	base64	0c0543657265733118301606035504610c0f56415445532d51323832363030344a312c302a06035504030c2341432052
eb474bf7	base64	04051309473633323837353130310b300906035504061302455331273025060355040a131e414e46204175746f726964
eb474c38	base64	61642064652043657274696669636163696f6e31143012060355040b130b414e46204341205261697a31223020060355
eb474c79	base64	04031319414e46205365637572652053657276657220526f6f74204341301e170d3139303930343130303033385a170d
eb474cfb	base64	5331273025060355040a131e414e46204175746f72696461642064652043657274696669636163696f6e311430120603
eb474d3c	base64	55040b130b414e46204341205261697a3122302006035504031319414e46205365637572652053657276657220526f6f
eb476e20	base64	0613024954310e300c06035504070c054d696c616e31233021060355040a0c1a416374616c697320532e702e412e2f30
eb476e61	base64	333335383532303936373127302506035504030c1e416374616c69732041757468656e7469636174696f6e20526f6f74
eb476ea2	base64	204341301e170d3131303932323131323230325a170d3330303932323131323230325a306b310b300906035504061302
eb476ee3	base64	4954310e300c06035504070c054d696c616e31233021060355040a0c1a416374616c697320532e702e412e2f30333335
eb476f24	base64	383532303936373127302506035504030c1e416374616c69732041757468656e7469636174696f6e20526f6f74204341
eb478e2a	base64	061302555331143012060355040a0c0b41666669726d5472757374311f301d06035504030c1641666669726d54727573
eb478e6b	base64	7420436f6d6d65726369616c301e170d3130303132393134303630365a170d3330313233313134303630365a3044310b
eb478eac	base64	300906035504061302555331143012060355040a0c0b41666669726d5472757374311f301d06035504030c1641666669
eb47a225	base64	061302555331143012060355040a0c0b41666669726d5472757374311f301d06035504030c1641666669726d54727573
eb47a266	base64	74204e6574776f726b696e67301e170d3130303132393134303832345a170d3330313233313134303832345a3044310b
eb47a2a7	base64	300906035504061302555331143012060355040a0c0b41666669726d5472757374311f301d06035504030c1641666669
eb47b773	base64	061302555331143012060355040a0c0b41666669726d5472757374311c301a06035504030c1341666669726d54727573
eb47b7b4	base64	74205072656d69756d301e170d3130303132393134313033365a170d3430313233313134313033365a3041310b300906
eb47b7f5	base64	035504061302555331143012060355040a0c0b41666669726d5472757374311c301a06035504030c1341666669726d54
eb47d52f	base64	555331143012060355040a0c0b41666669726d54727573743120301e06035504030c1741666669726d54727573742050
eb47d570	base64	72656d69756d20454343301e170d3130303132393134323032345a170d3430313233313134323032345a3045310b3009
eb47d5b1	base64	06035504061302555331143012060355040a0c0b41666669726d54727573743120301e06035504030c1741666669726d
eb47e28c	base64	003039310b3009060355040613025553310f300d060355040a1306416d617a6f6e3119301706035504031310416d617a
eb47e2cd	base64	6f6e20526f6f742043412031301e170d3135303532363030303030305a170d3338303131373030303030305a3039310b
eb47e30e	base64	3009060355040613025553310f300d060355040a1306416d617a6f6e3119301706035504031310416d617a6f6e20526f
eb47f7fe	base64	003039310b3009060355040613025553310f300d060355040a1306416d617a6f6e3119301706035504031310416d617a
eb47f83f	base64	6f6e20526f6f742043412032301e170d3135303532363030303030305a170d3430303532363030303030305a3039310b
eb47f880	base64	3009060355040613025553310f300d060355040a1306416d617a6f6e3119301706035504031310416d617a6f6e20526f
eb4815bb	base64	310b3009060355040613025553310f300d060355040a1306416d617a6f6e3119301706035504031310416d617a6f6e20
eb4815fc	base64	526f6f742043412033301e170d3135303532363030303030305a170d3430303532363030303030305a3039310b300906
eb48163d	base64	0355040613025553310f300d060355040a1306416d617a6f6e3119301706035504031310416d617a6f6e20526f6f7420
eb4820ea	base64	310b3009060355040613025553310f300d060355040a1306416d617a6f6e3119301706035504031310416d617a6f6e20
eb48212b	base64	526f6f742043412034301e170d3135303532363030303030305a170d3430303532363030303030305a3039310b300906
eb48216c	base64	0355040613025553310f300d060355040a1306416d617a6f6e3119301706035504031310416d617a6f6e20526f6f7420
eb482e5c	base64	030c1541746f732054727573746564526f6f742032303131310d300b060355040a0c0441746f73310b30090603550406
eb482e9d	base64	13024445301e170d3131303730373134353833305a170d3330313233313233353935395a303c311e301c06035504030c
eb482ede	base64	1541746f732054727573746564526f6f742032303131310d300b060355040a0c0441746f73310b300906035504061302
eb48452b	base64	06130245533142304006035504030c394175746f72696461642064652043657274696669636163696f6e204669726d61
eb48456c	base64	70726f666573696f6e616c2043494620413632363334303638301e170d3039303532303038333831355a170d33303132
eb4845ad	base64	33313038333831355a3051310b30090603550406130245533142304006035504030c394175746f726964616420646520
eb4849bd	base64	726d6170726f666573696f6e616c2e636f6d2f637073305c06082b0601050507020230501e4e0050006100730065006f
eb4849fe	base64	0020006400650020006c006100200042006f006e0061006e006f00760061002000340037002000420061007200630065
eb48660f	base64	4531123010060355040a130942616c74696d6f726531133011060355040b130a43796265725472757374312230200603
eb486650	base64	550403131942616c74696d6f7265204379626572547275737420526f6f74301e170d3030303531323138343630305a17
eb486691	base64	0d3235303531323233353930305a305a310b300906035504061302494531123010060355040a130942616c74696d6f72
eb4866d2	base64	6531133011060355040b130a43796265725472757374312230200603550403131942616c74696d6f7265204379626572
eb487bb9	base64	301b060355040a0c14427579706173732041532d3938333136333332373120301e06035504030c174275797061737320
eb487bfa	base64	436c617373203220526f6f74204341301e170d3130313032363038333830335a170d3430313032363038333830335a30
eb487c3b	base64	4e310b3009060355040613024e4f311d301b060355040a0c14427579706173732041532d393833313633333237312030
eb489bcf	base64	301b060355040a0c14427579706173732041532d3938333136333332373120301e06035504030c174275797061737320
eb489c10	base64	436c617373203320526f6f74204341301e170d3130313032363038323835385a170d3430313032363038323835385a30
eb489c51	base64	4e310b3009060355040613024e4f311d301b060355040a0c14427579706173732041532d393833313633333237312030
eb48bbf3	base64	04061302534b311330110603550407130a4272617469736c61766131133011060355040a130a446973696720612e732e
eb48bc34	base64	3119301706035504031310434120446973696720526f6f74205232301e170d3132303731393039313533305a170d3432
eb48bc75	base64	303731393039313533305a3052310b300906035504061302534b311330110603550407130a4272617469736c61766131
eb48bcb6	base64	133011060355040a130a446973696720612e732e3119301706035504031310434120446973696720526f6f7420523230
eb48dc22	base64	4e3130302e060355040a0c274368696e612046696e616e6369616c2043657274696669636174696f6e20417574686f72
eb48dc63	base64	6974793115301306035504030c0c4346434120455620524f4f54301e170d3132303830383033303730315a170d323931
eb48dca4	base64	3233313033303730315a3056310b300906035504061302434e3130302e060355040a0c274368696e612046696e616e63
eb48dce5	base64	69616c2043657274696669636174696f6e20417574686f726974793115301306035504030c0c4346434120455620524f
eb49ac26	base64	03550407130753616c666f7264311a3018060355040a1311434f4d4f444f204341204c696d6974656431273025060355
eb49ac67	base64	0403131e434f4d4f444f2043657274696669636174696f6e20417574686f72697479301e170d30363132303130303030
eb49ace9	base64	61746572204d616e636865737465723110300e0603550407130753616c666f7264311a3018060355040a1311434f4d4f
eb49ad2a	base64	444f204341204c696d69746564312730250603550403131e434f4d4f444f2043657274696669636174696f6e20417574
eb49c157	base64	3009060355040613024742311b30190603550408131247726561746572204d616e636865737465723110300e06035504
eb49c198	base64	07130753616c666f7264311a3018060355040a1311434f4d4f444f204341204c696d69746564312b3029060355040313
eb49c1d9	base64	22434f4d4f444f204543432043657274696669636174696f6e20417574686f72697479301e170d303830333036303030
eb49c25b	base64	6561746572204d616e636865737465723110300e0603550407130753616c666f7264311a3018060355040a1311434f4d
eb49c29c	base64	4f444f204341204c696d69746564312b302906035504031322434f4d4f444f204543432043657274696669636174696f
eb49d1b6	base64	03550407130753616c666f7264311a3018060355040a1311434f4d4f444f204341204c696d69746564312b3029060355
eb49d1f7	base64	04031322434f4d4f444f205253412043657274696669636174696f6e20417574686f72697479301e170d313030313139
eb49d279	base64	1247726561746572204d616e636865737465723110300e0603550407130753616c666f7264311a3018060355040a1311
eb49d2ba	base64	434f4d4f444f204341204c696d69746564312b302906035504031322434f4d4f444f2052534120436572746966696361
eb49f18e	base64	3025060355040a131e41432043616d65726669726d61205341204349462041383237343332383731233021060355040b
eb49f1cf	base64	131a687474703a2f2f7777772e6368616d6265727369676e2e6f726731223020060355040313194368616d6265727320
eb49f210	base64	6f6620436f6d6d6572636520526f6f74301e170d3033303933303136313334335a170d3337303933303136313334345a
eb49f251	base64	307f310b300906035504061302455531273025060355040a131e41432043616d65726669726d61205341204349462041
eb49f292	base64	383237343332383731233021060355040b131a687474703a2f2f7777772e6368616d6265727369676e2e6f7267312230
eb4a0a3c	base64	3025060355040a131e41432043616d65726669726d61205341204349462041383237343332383731233021060355040b
eb4a0a7d	base64	131a687474703a2f2f7777772e6368616d6265727369676e2e6f72673120301e06035504031317476c6f62616c204368
eb4a0abe	base64	616d6265727369676e20526f6f74301e170d3033303933303136313431385a170d3337303933303136313431385a307d
eb4a0aff	base64	310b300906035504061302455531273025060355040a131e41432043616d65726669726d612053412043494620413832
eb4a0b40	base64	37343332383731233021060355040b131a687474703a2f2f7777772e6368616d6265727369676e2e6f72673120301e06
eb4a22dc	base64	04061302465231123010060355040a0c094468696d796f7469733111300f06035504030c084365727469676e61301e17
eb4a231d	base64	0d3037303632393135313330355a170d3237303632393135313330355a3034310b300906035504061302465231123010
eb4a39db	base64	5a310b300906035504061302465231123010060355040a0c094468696d796f746973311c301a060355040b0c13303030
eb4a3a1c	base64	322034383134363330383130303033363119301706035504030c104365727469676e6120526f6f74204341301e170d31
eb4a3a5d	base64	33313030313038333232375a170d3333313030313038333232375a305a310b3009060355040613024652311230100603
eb4a3a9e	base64	55040a0c094468696d796f746973311c301a060355040b0c133030303220343831343633303831303030333631193017
eb4a3f30	base64	687474703a2f2f63726c2e6468696d796f7469732e636f6d2f6365727469676e61726f6f7463612e63726c300d06092a
eb4a5b50	base64	0906035504061302504c3121301f060355040a131841737365636f20446174612053797374656d7320532e412e312730
eb4a5b91	base64	25060355040b131e43657274756d2043657274696669636174696f6e20417574686f7269747931193017060355040313
eb4a5bd2	base64	1043657274756d2045432d333834204341301e170d3138303332363037323435345a170d343330333236303732343534
eb4a5c13	base64	5a3074310b300906035504061302504c3121301f060355040a131841737365636f20446174612053797374656d732053
eb4a5c54	base64	2e412e31273025060355040b131e43657274756d2043657274696669636174696f6e20417574686f7269747931193017
eb4a6984	base64	311b3019060355040a1312556e697a65746f2053702e207a206f2e6f2e311230100603550403130943657274756d2043
eb4a69c5	base64	41301e170d3032303631313130343633395a170d3237303631313130343633395a303e310b300906035504061302504c
eb4a6a06	base64	311b3019060355040a1312556e697a65746f2053702e207a206f2e6f2e311230100603550403130943657274756d2043
eb4a7c55	base64	31223020060355040a1319556e697a65746f20546563686e6f6c6f6769657320532e412e31273025060355040b131e43
eb4a7c96	base64	657274756d2043657274696669636174696f6e20417574686f72697479312230200603550403131943657274756d2054
eb4a7cd7	base64	727573746564204e6574776f726b204341301e170d3038313032323132303733375a170d323931323331313230373337
eb4a7d18	base64	5a307e310b300906035504061302504c31223020060355040a1319556e697a65746f20546563686e6f6c6f6769657320
eb4a7d59	base64	532e412e31273025060355040b131e43657274756d2043657274696669636174696f6e20417574686f72697479312230
eb4a92fa	base64	412e31273025060355040b131e43657274756d2043657274696669636174696f6e20417574686f726974793124302206
eb4a933b	base64	03550403131b43657274756d2054727573746564204e6574776f726b20434120323022180f3230313131303036303833
eb4a93bd	base64	556e697a65746f20546563686e6f6c6f6769657320532e412e31273025060355040b131e43657274756d204365727469
eb4a93fe	base64	6669636174696f6e20417574686f72697479312430220603550403131b43657274756d2054727573746564204e657477
eb4ab41d	base64	310b300906035504061302504c3121301f060355040a131841737365636f20446174612053797374656d7320532e412e
eb4ab45e	base64	31273025060355040b131e43657274756d2043657274696669636174696f6e20417574686f72697479311f301d060355
eb4ab49f	base64	0403131643657274756d205472757374656420526f6f74204341301e170d3138303331363132313031335a170d343330
eb4ab4e0	base64	3331363132313031335a307a310b300906035504061302504c3121301f060355040a131841737365636f204461746120
eb4ab521	base64	53797374656d7320532e412e31273025060355040b131e43657274756d2043657274696669636174696f6e2041757468
eb4ad554	base64	55040613024555314330410603550407133a4d616472696420287365652063757272656e742061646472657373206174
eb4ad595	base64	207777772e63616d65726669726d612e636f6d2f61646472657373293112301006035504051309413832373433323837
eb4ad5d6	base64	311b3019060355040a131241432043616d65726669726d6120532e412e31293027060355040313204368616d62657273
eb4ad617	base64	206f6620436f6d6d6572636520526f6f74202d2032303038301e170d3038303830313132323935305a170d3338303733
eb4ad699	base64	757272656e742061646472657373206174207777772e63616d65726669726d612e636f6d2f6164647265737329311230
eb4ad6da	base64	1006035504051309413832373433323837311b3019060355040a131241432043616d65726669726d6120532e412e3129
eb4adaea	base64	616472696420287365652063757272656e742061646472657373206174207777772e63616d65726669726d612e636f6d
eb4adb2b	base64	2f61646472657373293112301006035504051309413832373433323837311b3019060355040a131241432043616d6572
eb4adb6c	base64	6669726d6120532e412e31293027060355040313204368616d62657273206f6620436f6d6d6572636520526f6f74202d
eb4adbee	base64	1d2000302a302806082b06010505070201161c687474703a2f2f706f6c6963792e63616d65726669726d612e636f6d30
eb4af9a3	base64	301906035504080c1247726561746572204d616e636865737465723110300e06035504070c0753616c666f7264311a30
eb4af9e4	base64	18060355040a0c11436f6d6f646f204341204c696d697465643121301f06035504030c18414141204365727469666963
eb4afa25	base64	617465205365727669636573301e170d3034303130313030303030305a170d3238313233313233353935395a307b310b
eb4afa66	base64	3009060355040613024742311b301906035504080c1247726561746572204d616e636865737465723110300e06035504
eb4afaa7	base64	070c0753616c666f7264311a3018060355040a0c11436f6d6f646f204341204c696d697465643121301f06035504030c
eb4b1006	base64	0355040a130f437962657274727573742c20496e63311f301d060355040313164379626572747275737420476c6f6261
eb4b1047	base64	6c20526f6f74301e170d3036313231353038303030305a170d3231313231353038303030305a303b3118301606035504
eb4b1088	base64	0a130f437962657274727573742c20496e63311f301d060355040313164379626572747275737420476c6f62616c2052
eb4b257c	base64	31153013060355040a0c0c442d547275737420476d6248311f301d06035504030c16442d545255535420526f6f742043
eb4b25bd	base64	4120332032303133301e170d3133303932303038323535315a170d3238303932303038323535315a3045310b30090603
eb4b25fe	base64	5504061302444531153013060355040a0c0c442d547275737420476d6248311f301d06035504030c16442d5452555354
eb4b2888	base64	434e3d442d5452555354253230526f6f74253230434125323033253230323031332c4f3d442d5472757374253230476d
eb4b290a	base64	63726c2e642d74727573742e6e65742f63726c2f642d74727573745f726f6f745f63615f335f323031332e63726c300d
eb4b3bb3	base64	31153013060355040a0c0c442d547275737420476d62483127302506035504030c1e442d545255535420526f6f742043
eb4b3bf4	base64	6c617373203320434120322032303039301e170d3039313130353038333535385a170d3239313130353038333535385a
eb4b3c35	base64	304d310b300906035504061302444531153013060355040a0c0c442d547275737420476d62483127302506035504030c
eb4b3ebf	base64	746f72792e642d74727573742e6e65742f434e3d442d5452555354253230526f6f74253230436c617373253230332532
eb4b3f00	base64	30434125323032253230323030392c4f3d442d5472757374253230476d62482c433d44453f6365727469666963617465
eb4b5244	base64	31153013060355040a0c0c442d547275737420476d6248312a302806035504030c21442d545255535420526f6f742043
eb4b5285	base64	6c617373203320434120322045562032303039301e170d3039313130353038353034365a170d32393131303530383530
eb4b52c6	base64	34365a3050310b300906035504061302444531153013060355040a0c0c442d547275737420476d6248312a3028060355
eb4b5550	base64	3a2f2f6469726563746f72792e642d74727573742e6e65742f434e3d442d5452555354253230526f6f74253230436c61
eb4b5591	base64	7373253230332532304341253230322532304556253230323030392c4f3d442d5472757374253230476d62482c433d44
eb4b5613	base64	74727573742e6e65742f63726c2f642d74727573745f726f6f745f636c6173735f335f63615f325f65765f323030392e
eb4b68d1	base64	31243022060355040a131b4469676974616c205369676e617475726520547275737420436f2e31173015060355040313
eb4b6912	base64	0e44535420526f6f74204341205833301e170d3030303933303231313231395a170d3231303933303134303131355a30
eb4b6953	base64	3f31243022060355040a131b4469676974616c205369676e617475726520547275737420436f2e311730150603550403
eb4b7cfe	base64	310b300906035504061302555331153013060355040a130c446967694365727420496e6331193017060355040b131077
eb4b7d3f	base64	77772e64696769636572742e636f6d312430220603550403131b4469676943657274204173737572656420494420526f
eb4b7d80	base64	6f74204341301e170d3036313131303030303030305a170d3331313131303030303030305a3065310b30090603550406
eb4b7dc1	base64	1302555331153013060355040a130c446967694365727420496e6331193017060355040b13107777772e646967696365
eb4b928a	base64	310b300906035504061302555331153013060355040a130c446967694365727420496e6331193017060355040b131077
eb4b92cb	base64	77772e64696769636572742e636f6d312430220603550403131b4469676943657274204173737572656420494420526f
eb4b930c	base64	6f74204732301e170d3133303830313132303030305a170d3338303131353132303030305a3065310b30090603550406
eb4b934d	base64	1302555331153013060355040a130c446967694365727420496e6331193017060355040b13107777772e646967696365
eb4d2686	base64	0906035504061302555331153013060355040a130c446967694365727420496e6331193017060355040b13107777772e
eb4d26c7	base64	64696769636572742e636f6d312430220603550403131b4469676943657274204173737572656420494420526f6f7420
eb4d2708	base64	4733301e170d3133303830313132303030305a170d3338303131353132303030305a3065310b30090603550406130255
eb4d2749	base64	5331153013060355040a130c446967694365727420496e6331193017060355040b13107777772e64696769636572742e
eb4d278a	base64	636f6d312430220603550403131b4469676943657274204173737572656420494420526f6f742047333076301006072a
eb4d34b2	base64	310b300906035504061302555331153013060355040a130c446967694365727420496e6331193017060355040b131077
eb4d34f3	base64	77772e64696769636572742e636f6d3120301e06035504031317446967694365727420476c6f62616c20526f6f742043
eb4d3534	base64	41301e170d3036313131303030303030305a170d3331313131303030303030305a3061310b3009060355040613025553
eb4d3575	base64	31153013060355040a130c446967694365727420496e6331193017060355040b13107777772e64696769636572742e63
eb4d4a22	base64	310b300906035504061302555331153013060355040a130c446967694365727420496e6331193017060355040b131077
eb4d4a63	base64	77772e64696769636572742e636f6d3120301e06035504031317446967694365727420476c6f62616c20526f6f742047
eb4d4aa4	base64	32301e170d3133303830313132303030305a170d3338303131353132303030305a3061310b3009060355040613025553
eb4d4ae5	base64	31153013060355040a130c446967694365727420496e6331193017060355040b13107777772e64696769636572742e63
eb4d5e02	base64	0906035504061302555331153013060355040a130c446967694365727420496e6331193017060355040b13107777772e
eb4d5e43	base64	64696769636572742e636f6d3120301e06035504031317446967694365727420476c6f62616c20526f6f74204733301e
eb4d5e84	base64	170d3133303830313132303030305a170d3338303131353132303030305a3061310b3009060355040613025553311530
eb4d5ec5	base64	13060355040a130c446967694365727420496e6331193017060355040b13107777772e64696769636572742e636f6d31
eb4d6c33	base64	310b300906035504061302555331153013060355040a130c446967694365727420496e6331193017060355040b131077
eb4d6c74	base64	77772e64696769636572742e636f6d312b30290603550403132244696769436572742048696768204173737572616e63
eb4d6cb5	base64	6520455620526f6f74204341301e170d3036313131303030303030305a170d3331313131303030303030305a306c310b
eb4d6cf6	base64	300906035504061302555331153013060355040a130c446967694365727420496e6331193017060355040b1310777777
eb4d6d37	base64	2e64696769636572742e636f6d312b30290603550403132244696769436572742048696768204173737572616e636520
eb4d8335	base64	310b300906035504061302555331153013060355040a130c446967694365727420496e6331193017060355040b131077
eb4d8376	base64	77772e64696769636572742e636f6d3121301f060355040313184469676943657274205472757374656420526f6f7420
eb4d83b7	base64	4734301e170d3133303830313132303030305a170d3338303131353132303030305a3062310b30090603550406130255
eb4d83f8	base64	5331153013060355040a130c446967694365727420496e6331193017060355040b13107777772e64696769636572742e
eb4da48e	base64	040b0c1d452d547567726120536572746966696b6173796f6e204d65726b657a693128302606035504030c1f452d5475
eb4da4cf	base64	6772612043657274696669636174696f6e20417574686f72697479301e170d3133303330353132303934385a170d3233
eb4da5d3	base64	65726b657a693128302606035504030c1f452d54756772612043657274696669636174696f6e20417574686f72697479
eb4dc5ac	base64	74696669636163696f20284e494620512d303830313137362d492931283026060355040b131f53657276656973205075
eb4dc5ed	base64	626c6963732064652043657274696669636163696f31353033060355040b132c56656765752068747470733a2f2f7777
eb4dc62e	base64	772e636174636572742e6e65742f766572617272656c20286329303331353033060355040b132c4a6572617271756961
eb4dc66f	base64	20456e7469746174732064652043657274696669636163696f20436174616c616e6573310f300d060355040313064543
eb4dc6f1	base64	13024553313b3039060355040a13324167656e63696120436174616c616e612064652043657274696669636163696f20
eb4dc732	base64	284e494620512d303830313137362d492931283026060355040b131f53657276656973205075626c6963732064652043
eb4dc773	base64	657274696669636163696f31353033060355040b132c56656765752068747470733a2f2f7777772e636174636572742e
eb4dc7b4	base64	6e65742f766572617272656c20286329303331353033060355040b132c4a657261727175696120456e74697461747320
eb4dca7f	base64	747470733a2f2f7777772e636174636572742e6e65742f766572617272656c303506082b0601050507020230291a2756
eb4ddf29	base64	456e74727573742e6e65743140303e060355040b14377777772e656e74727573742e6e65742f4350535f323034382069
eb4ddf6a	base64	6e636f72702e206279207265662e20286c696d697473206c6961622e2931253023060355040b131c2863292031393939
eb4ddfab	base64	20456e74727573742e6e6574204c696d69746564313330310603550403132a456e74727573742e6e6574204365727469
eb4ddfec	base64	6669636174696f6e20417574686f7269747920283230343829301e170d3939313232343137353035315a170d32393037
eb4de06e	base64	2e656e74727573742e6e65742f4350535f3230343820696e636f72702e206279207265662e20286c696d697473206c69
eb4de0af	base64	61622e2931253023060355040b131c286329203139393920456e74727573742e6e6574204c696d697465643133303106
eb4de0f0	base64	03550403132a456e74727573742e6e65742043657274696669636174696f6e20417574686f7269747920283230343829
eb4df531	base64	555331163014060355040a130d456e74727573742c20496e632e31393037060355040b13307777772e656e7472757374
eb4df572	base64	2e6e65742f43505320697320696e636f72706f7261746564206279207265666572656e6365311f301d060355040b1316
eb4df5b3	base64	286329203230303620456e74727573742c20496e632e312d302b06035504031324456e747275737420526f6f74204365
eb4df5f4	base64	7274696669636174696f6e20417574686f72697479301e170d3036313132373230323334325a170d3236313132373230
eb4df676	base64	37060355040b13307777772e656e74727573742e6e65742f43505320697320696e636f72706f72617465642062792072
eb4df6b7	base64	65666572656e6365311f301d060355040b1316286329203230303620456e74727573742c20496e632e312d302b060355
eb4e0c43	base64	035504061302555331163014060355040a130d456e74727573742c20496e632e31283026060355040b131f5365652077
eb4e0c84	base64	77772e656e74727573742e6e65742f6c6567616c2d7465726d7331393037060355040b1330286329203230313220456e
eb4e0cc5	base64	74727573742c20496e632e202d20666f7220617574686f72697a656420757365206f6e6c79313330310603550403132a
eb4e0d06	base64	456e747275737420526f6f742043657274696669636174696f6e20417574686f72697479202d20454331301e170d3132
eb4e0d88	base64	55040a130d456e74727573742c20496e632e31283026060355040b131f536565207777772e656e74727573742e6e6574
eb4e0dc9	base64	2f6c6567616c2d7465726d7331393037060355040b1330286329203230313220456e74727573742c20496e632e202d20
eb4e0e0a	base64	666f7220617574686f72697a656420757365206f6e6c79313330310603550403132a456e747275737420526f6f742043
eb4e1c17	base64	555331163014060355040a130d456e74727573742c20496e632e31283026060355040b131f536565207777772e656e74
eb4e1c58	base64	727573742e6e65742f6c6567616c2d7465726d7331393037060355040b1330286329203230303920456e74727573742c
eb4e1c99	base64	20496e632e202d20666f7220617574686f72697a656420757365206f6e6c793132303006035504031329456e74727573
eb4e1cda	base64	7420526f6f742043657274696669636174696f6e20417574686f72697479202d204732301e170d303930373037313732
eb4e1d5c	base64	74727573742c20496e632e31283026060355040b131f536565207777772e656e74727573742e6e65742f6c6567616c2d
eb4e1d9d	base64	7465726d7331393037060355040b1330286329203230303920456e74727573742c20496e632e202d20666f7220617574
eb4e1dde	base64	686f72697a656420757365206f6e6c793132303006035504031329456e747275737420526f6f74204365727469666963
eb4e33d5	base64	131f536565207777772e656e74727573742e6e65742f6c6567616c2d7465726d7331393037060355040b133028632920
eb4e3416	base64	3230313520456e74727573742c20496e632e202d20666f7220617574686f72697a656420757365206f6e6c7931323030
eb4e3457	base64	06035504031329456e747275737420526f6f742043657274696669636174696f6e20417574686f72697479202d204734
eb4e34d9	base64	31163014060355040a130d456e74727573742c20496e632e31283026060355040b131f536565207777772e656e747275
eb4e351a	base64	73742e6e65742f6c6567616c2d7465726d7331393037060355040b1330286329203230313520456e74727573742c2049
eb4e355b	base64	6e632e202d20666f7220617574686f72697a656420757365206f6e6c793132303006035504031329456e747275737420
eb4e5a2b	base64	310b3009060355040613024e4c31123010060355040a1309446967694e6f746172311a30180603550403131144696769
eb4e5aad	base64	1e170d3037303732373137313933375a170d3235303333313138313932325a305f310b3009060355040613024e4c3112
eb4e5aee	base64	3010060355040a1309446967694e6f746172311a301806035504031311446967694e6f74617220526f6f742043413120
eb4e7f1b	base64	4c31173015060355040a0c0e446967694e6f74617220422e562e3132303006035504030c29446967694e6f7461722050
eb4e7f5c	base64	4b496f76657268656964204341204f7267616e697361746965202d204732301e170d3130303531323038353133395a17
eb4e7f9d	base64	0d3230303332333039353030355a305a310b3009060355040613024e4c31173015060355040a0c0e446967694e6f7461
eb4e7fde	base64	7220422e562e3132303006035504030c29446967694e6f74617220504b496f76657268656964204341204f7267616e69
eb4e832b	base64	41303f303d0604551d20003035303306082b060105050702011627687474703a2f2f7777772e646967696e6f7461722e
eb4e83ee	base64	0355040613024e4c311e301c060355040a0c15537461617420646572204e656465726c616e64656e312b302906035504
eb4ea330	base64	061302434e31323030060355040a0c294755414e4720444f4e4720434552544946494341544520415554484f52495459
eb4ea371	base64	20434f2e2c4c54442e311f301d06035504030c16474443412054727573744155544820523520524f4f54301e170d3134
eb4ea3b2	base64	313132363035313331355a170d3430313233313135353935395a3062310b300906035504061302434e31323030060355
eb4ea3f3	base64	040a0c294755414e4720444f4e4720434552544946494341544520415554484f5249545920434f2e2c4c54442e311f30
eb4ec3f5	base64	035504061302415431233021060355040a131a652d636f6d6d65726365206d6f6e69746f72696e6720476d6248311930
eb4ec436	base64	1706035504031310474c4f42414c54525553542032303230301e170d3230303231303030303030305a170d3430303631
eb4ec477	base64	303030303030305a304d310b300906035504061302415431233021060355040a131a652d636f6d6d65726365206d6f6e
eb4ee4cc	base64	310b300906035504061302555331223020060355040a1319476f6f676c65205472757374205365727669636573204c4c
eb4ee50d	base64	43311430120603550403130b47545320526f6f74205231301e170d3136303632323030303030305a170d333630363232
eb4ee54e	base64	3030303030305a3047310b300906035504061302555331223020060355040a1319476f6f676c65205472757374205365
eb4f04f1	base64	310b300906035504061302555331223020060355040a1319476f6f676c65205472757374205365727669636573204c4c
eb4f0532	base64	43311430120603550403130b47545320526f6f74205232301e170d3136303632323030303030305a170d333630363232
eb4f0573	base64	3030303030305a3047310b300906035504061302555331223020060355040a1319476f6f676c65205472757374205365
eb5042cd	base64	0906035504061302555331223020060355040a1319476f6f676c65205472757374205365727669636573204c4c433114
eb50430e	base64	30120603550403130b47545320526f6f74205233301e170d3136303632323030303030305a170d333630363232303030
eb50434f	base64	3030305a3047310b300906035504061302555331223020060355040a1319476f6f676c65205472757374205365727669
eb504f46	base64	0906035504061302555331223020060355040a1319476f6f676c65205472757374205365727669636573204c4c433114
eb504f87	base64	30120603550403130b47545320526f6f74205234301e170d3136303632323030303030305a170d333630363232303030
eb504fc8	base64	3030305a3047310b300906035504061302555331223020060355040a1319476f6f676c65205472757374205365727669
eb505bd0	base64	3022060355040b131b476c6f62616c5369676e2045434320526f6f74204341202d20523431133011060355040a130a47
eb505c11	base64	6c6f62616c5369676e311330110603550403130a476c6f62616c5369676e301e170d3132313131333030303030305a17
eb505c52	base64	0d3338303131393033313430375a305031243022060355040b131b476c6f62616c5369676e2045434320526f6f742043
eb505c93	base64	41202d20523431133011060355040a130a476c6f62616c5369676e311330110603550403130a476c6f62616c5369676e
eb506762	base64	3022060355040b131b476c6f62616c5369676e2045434320526f6f74204341202d20523531133011060355040a130a47
eb5067a3	base64	6c6f62616c5369676e311330110603550403130a476c6f62616c5369676e301e170d3132313131333030303030305a17
eb5067e4	base64	0d3338303131393033313430375a305031243022060355040b131b476c6f62616c5369676e2045434320526f6f742043
eb506825	base64	41202d20523531133011060355040a130a476c6f62616c5369676e311330110603550403130a476c6f62616c5369676e
eb50751e	base64	035504061302424531193017060355040a1310476c6f62616c5369676e206e762d73613110300e060355040b1307526f
eb50755f	base64	6f74204341311b301906035504031312476c6f62616c5369676e20526f6f74204341301e170d39383039303131323030
eb5075a0	base64	30305a170d3238303132383132303030305a3057310b300906035504061302424531193017060355040a1310476c6f62
eb5075e1	base64	616c5369676e206e762d73613110300e060355040b1307526f6f74204341311b301906035504031312476c6f62616c53
eb50898f	base64	0355040b1317476c6f62616c5369676e20526f6f74204341202d20523231133011060355040a130a476c6f62616c5369
eb5089d0	base64	676e311330110603550403130a476c6f62616c5369676e301e170d3036313231353038303030305a170d323131323135
eb508a11	base64	3038303030305a304c3120301e060355040b1317476c6f62616c5369676e20526f6f74204341202d2052323113301106
eb509f54	base64	0355040b1317476c6f62616c5369676e20526f6f74204341202d20523331133011060355040a130a476c6f62616c5369
eb509f95	base64	676e311330110603550403130a476c6f62616c5369676e301e170d3039303331383130303030305a170d323930333138
eb509fd6	base64	3130303030305a304c3120301e060355040b1317476c6f62616c5369676e20526f6f74204341202d2052333113301106
eb50b4fa	base64	301e060355040b1317476c6f62616c5369676e20526f6f74204341202d20523631133011060355040a130a476c6f6261
eb50b53b	base64	6c5369676e311330110603550403130a476c6f62616c5369676e301e170d3134313231303030303030305a170d333431
eb50b57c	base64	3231303030303030305a304c3120301e060355040b1317476c6f62616c5369676e20526f6f74204341202d2052363113
eb50d3a1	base64	0b300906035504061302424531193017060355040a1310476c6f62616c5369676e206e762d7361311c301a0603550403
eb50d3e2	base64	1313476c6f62616c5369676e20526f6f7420453436301e170d3139303332303030303030305a170d3436303332303030
eb50d423	base64	303030305a3046310b300906035504061302424531193017060355040a1310476c6f62616c5369676e206e762d736131
eb50e287	base64	3046310b300906035504061302424531193017060355040a1310476c6f62616c5369676e206e762d7361311c301a0603
eb50e2c8	base64	5504031313476c6f62616c5369676e20526f6f7420523436301e170d3139303332303030303030305a170d3436303332
eb50e309	base64	303030303030305a3046310b300906035504061302424531193017060355040a1310476c6f62616c5369676e206e762d
eb5100a2	base64	0906035504061302424531193017060355040a1310476c6f62616c5369676e206e762d7361312830260603550403131f
eb5100e3	base64	476c6f62616c5369676e20536563757265204d61696c20526f6f7420453435301e170d3230303331383030303030305a
eb510124	base64	170d3435303331383030303030305a3052310b300906035504061302424531193017060355040a1310476c6f62616c53
eb510165	base64	69676e206e762d7361312830260603550403131f476c6f62616c5369676e20536563757265204d61696c20526f6f7420
eb510fcf	base64	310b300906035504061302424531193017060355040a1310476c6f62616c5369676e206e762d73613128302606035504
eb511010	base64	03131f476c6f62616c5369676e20536563757265204d61696c20526f6f7420523435301e170d32303033313830303030
eb511051	base64	30305a170d3435303331383030303030305a3052310b300906035504061302424531193017060355040a1310476c6f62
eb511092	base64	616c5369676e206e762d7361312830260603550403131f476c6f62616c5369676e20536563757265204d61696c20526f
eb513064	base64	55040613024555314330410603550407133a4d616472696420287365652063757272656e742061646472657373206174
eb5130a5	base64	207777772e63616d65726669726d612e636f6d2f61646472657373293112301006035504051309413832373433323837
eb5130e6	base64	311b3019060355040a131241432043616d65726669726d6120532e412e312730250603550403131e476c6f62616c2043
eb513127	base64	68616d6265727369676e20526f6f74202d2032303038301e170d3038303830313132333134305a170d33383037333131
eb5131a9	base64	72656e742061646472657373206174207777772e63616d65726669726d612e636f6d2f61646472657373293112301006
eb5131ea	base64	035504051309413832373433323837311b3019060355040a131241432043616d65726669726d6120532e412e31273025
eb5135fa	base64	6420287365652063757272656e742061646472657373206174207777772e63616d65726669726d612e636f6d2f616464
eb51363b	base64	72657373293112301006035504051309413832373433323837311b3019060355040a131241432043616d65726669726d
eb51549a	base64	301f060355040a131854686520476f2044616464792047726f75702c20496e632e3131302f060355040b1328476f2044
eb5154db	base64	6164647920436c61737320322043657274696669636174696f6e20417574686f72697479301e170d3034303632393137
eb51551c	base64	303632305a170d3334303632393137303632305a3063310b30090603550406130255533121301f060355040a13185468
eb51555d	base64	6520476f2044616464792047726f75702c20496e632e3131302f060355040b1328476f20446164647920436c61737320
eb5157e7	base64	2047726f75702c20496e632e3131302f060355040b1328476f20446164647920436c6173732032204365727469666963
eb516a69	base64	10300e060355040813074172697a6f6e61311330110603550407130a53636f74747364616c65311a3018060355040a13
eb516aaa	base64	11476f44616464792e636f6d2c20496e632e3131302f06035504031328476f20446164647920526f6f74204365727469
eb516aeb	base64	66696361746520417574686f72697479202d204732301e170d3039303930313030303030305a170d3337313233313233
eb516b6d	base64	130a53636f74747364616c65311a3018060355040a1311476f44616464792e636f6d2c20496e632e3131302f06035504
eb517ed0	base64	06035504071306417468656e7331443042060355040a133b48656c6c656e69632041636164656d696320616e64205265
eb517f11	base64	73656172636820496e737469747574696f6e7320436572742e20417574686f72697479314430420603550403133b4865
eb517f52	base64	6c6c656e69632041636164656d696320616e6420526573656172636820496e737469747574696f6e732045434320526f
eb517fd4	base64	060355040613024752310f300d06035504071306417468656e7331443042060355040a133b48656c6c656e6963204163
eb518015	base64	6164656d696320616e6420526573656172636820496e737469747574696f6e7320436572742e20417574686f72697479
eb518056	base64	314430420603550403133b48656c6c656e69632041636164656d696320616e6420526573656172636820496e73746974
eb518e22	base64	443042060355040a133b48656c6c656e69632041636164656d696320616e6420526573656172636820496e7374697475
eb518e63	base64	74696f6e7320436572742e20417574686f726974793140303e0603550403133748656c6c656e69632041636164656d69
eb518ea4	base64	6320616e6420526573656172636820496e737469747574696f6e7320526f6f7443412032303131301e170d3131313230
eb518f26	base64	133b48656c6c656e69632041636164656d696320616e6420526573656172636820496e737469747574696f6e73204365
eb518f67	base64	72742e20417574686f726974793140303e0603550403133748656c6c656e69632041636164656d696320616e64205265
eb51a6a9	base64	0f300d06035504071306417468656e7331443042060355040a133b48656c6c656e69632041636164656d696320616e64
eb51a6ea	base64	20526573656172636820496e737469747574696f6e7320436572742e20417574686f726974793140303e060355040313
eb51a72b	base64	3748656c6c656e69632041636164656d696320616e6420526573656172636820496e737469747574696f6e7320526f6f
eb51a7ad	base64	0355040613024752310f300d06035504071306417468656e7331443042060355040a133b48656c6c656e696320416361
eb51a7ee	base64	64656d696320616e6420526573656172636820496e737469747574696f6e7320436572742e20417574686f7269747931
eb51a82f	base64	40303e0603550403133748656c6c656e69632041636164656d696320616e6420526573656172636820496e7374697475
eb51c6f8	base64	163014060355040a130d486f6e676b6f6e6720506f73743120301e06035504031317486f6e676b6f6e6720506f737420
eb51c739	base64	526f6f742043412031301e170d3033303531353035313331345a170d3233303531353034353232395a3047310b300906
eb51c77a	base64	035504061302484b31163014060355040a130d486f6e676b6f6e6720506f73743120301e06035504031317486f6e676b
eb51dbc9	base64	0500306f310b300906035504061302484b3112301006035504081309486f6e67204b6f6e673112301006035504071309
eb51dc0a	base64	486f6e67204b6f6e6731163014060355040a130d486f6e676b6f6e6720506f73743120301e06035504031317486f6e67
eb51dc4b	base64	6b6f6e6720506f737420526f6f742043412033301e170d3137303630333032323934365a170d34323036303330323239
eb51dc8c	base64	34365a306f310b300906035504061302484b3112301006035504081309486f6e67204b6f6e6731123010060355040713
eb51dccd	base64	09486f6e67204b6f6e6731163014060355040a130d486f6e676b6f6e6720506f73743120301e06035504031317486f6e
eb51fd55	base64	4f310b300906035504061302555331293027060355040a1320496e7465726e6574205365637572697479205265736561
eb51fd96	base64	7263682047726f7570311530130603550403130c4953524720526f6f74205831301e170d313530363034313130343338
eb51fdd7	base64	5a170d3335303630343131303433385a304f310b300906035504061302555331293027060355040a1320496e7465726e
eb51fe18	base64	65742053656375726974792052657365617263682047726f7570311530130603550403130c4953524720526f6f742058
eb521de4	base64	310b300906035504061302555331123010060355040a13094964656e5472757374312730250603550403131e4964656e
eb521e25	base64	547275737420436f6d6d65726369616c20526f6f742043412031301e170d3134303131363138313232335a170d333430
eb521e66	base64	3131363138313232335a304a310b300906035504061302555331123010060355040a13094964656e5472757374312730
eb523e5f	base64	310b300906035504061302555331123010060355040a13094964656e5472757374312a3028060355040313214964656e
eb523ea0	base64	5472757374205075626c696320536563746f7220526f6f742043412031301e170d3134303131363137353333325a170d
eb523ee1	base64	3334303131363137353333325a304d310b300906035504061302555331123010060355040a13094964656e5472757374
eb53fe9e	base64	310b300906035504061302455331143012060355040a0c0b495a454e504520532e412e3113301106035504030c0a497a
eb53fedf	base64	656e70652e636f6d301e170d3037313231333133303832385a170d3337313231333038323732355a3038310b30090603
eb53ff20	base64	5504061302455331143012060355040a0c0b495a454e504520532e412e3113301106035504030c0a497a656e70652e63
eb5402ae	base64	4130313333373236302d524d6572632e5669746f7269612d4761737465697a2054313035352046363220533831433041
eb5402ef	base64	06035504090c3a417664612064656c204d65646974657272616e656f2045746f726269646561203134202d2030313031
eb54230b	base64	550406130248553111300f06035504070c08427564617065737431163014060355040a0c0d4d6963726f736563204c74
eb54234c	base64	642e3127302506035504030c1e4d6963726f73656320652d537a69676e6f20526f6f742043412032303039311f301d06
eb54240f	base64	163014060355040a0c0d4d6963726f736563204c74642e3127302506035504030c1e4d6963726f73656320652d537a69
eb543889	base64	09060355040613025553311e301c060355040a13154d6963726f736f667420436f72706f726174696f6e313630340603
eb5438ca	base64	550403132d4d6963726f736f66742045434320526f6f7420436572746966696361746520417574686f72697479203230
eb54390b	base64	3137301e170d3139313231383233303634355a170d3432303731383233313630345a3065310b30090603550406130255
eb54394c	base64	53311e301c060355040a13154d6963726f736f667420436f72706f726174696f6e313630340603550403132d4d696372
eb54398d	base64	6f736f66742045434320526f6f7420436572746966696361746520417574686f7269747920323031373076301006072a
eb54487e	base64	310b3009060355040613025553311e301c060355040a13154d6963726f736f667420436f72706f726174696f6e313630
eb5448bf	base64	340603550403132d4d6963726f736f66742052534120526f6f7420436572746966696361746520417574686f72697479
eb544900	base64	2032303137301e170d3139313231383232353132325a170d3432303731383233303032335a3065310b30090603550406
eb544941	base64	13025553311e301c060355040a13154d6963726f736f667420436f72706f726174696f6e313630340603550403132d4d
eb5469d1	base64	05003069310b3009060355040613024b5231263024060355040a0c1d4e4156455220425553494e45535320504c415446
eb546a12	base64	4f524d20436f72702e3132303006035504030c294e4156455220476c6f62616c20526f6f742043657274696669636174
eb546a53	base64	696f6e20417574686f72697479301e170d3137303831383038353834325a170d3337303831383233353935395a306931
eb546a94	base64	0b3009060355040613024b5231263024060355040a0c1d4e4156455220425553494e45535320504c4154464f524d2043
eb546ad5	base64	6f72702e3132303006035504030c294e4156455220476c6f62616c20526f6f742043657274696669636174696f6e2041
eb5489a9	base64	130248553111300f06035504070c08427564617065737431153013060355040a0c0c4e65744c6f636b204b66742e3137
eb548b2f	base64	69636174696f6e205365727669636573293135303306035504030c2c4e65744c6f636b204172616e792028436c617373
eb549fcb	base64	310b30090603550406130255533121301f060355040a13184e6574776f726b20536f6c7574696f6e73204c2e4c2e432e
eb54a00c	base64	3130302e060355040313274e6574776f726b20536f6c7574696f6e7320436572746966696361746520417574686f7269
eb54a04d	base64	7479301e170d3036313230313030303030305a170d3239313233313233353935395a3062310b30090603550406130255
eb54a08e	base64	533121301f060355040a13184e6574776f726b20536f6c7574696f6e73204c2e4c2e432e3130302e060355040313274e
eb54a318	base64	6e6574736f6c73736c2e636f6d2f4e6574776f726b536f6c7574696f6e734365727469666963617465417574686f7269
eb54b5d7	base64	6967687420286329203230303531223020060355040b13194f4953544520466f756e646174696f6e20456e646f727365
eb54b618	base64	64312830260603550403131f4f4953544520574953654b657920476c6f62616c20526f6f74204741204341301e170d30
eb54b69a	base64	0355040a1307574953654b6579311b3019060355040b1312436f70797269676874202863292032303035312230200603
eb54b6db	base64	55040b13194f4953544520466f756e646174696f6e20456e646f72736564312830260603550403131f4f495354452057
eb54cb6f	base64	310b30090603550406130243483110300e060355040a1307574953654b657931223020060355040b13194f4953544520
eb54cbb0	base64	466f756e646174696f6e20456e646f72736564312830260603550403131f4f4953544520574953654b657920476c6f62
eb54cbf1	base64	616c20526f6f74204742204341301e170d3134313230313135303033325a170d3339313230313135313033315a306d31
eb54cc32	base64	0b30090603550406130243483110300e060355040a1307574953654b657931223020060355040b13194f495354452046
eb54cc73	base64	6f756e646174696f6e20456e646f72736564312830260603550403131f4f4953544520574953654b657920476c6f6261
eb54dfdc	base64	090603550406130243483110300e060355040a1307574953654b657931223020060355040b13194f4953544520466f75
eb54e01d	base64	6e646174696f6e20456e646f72736564312830260603550403131f4f4953544520574953654b657920476c6f62616c20
eb54e05e	base64	526f6f74204743204341301e170d3137303530393039343833345a170d3432303530393039353833335a306d310b3009
eb54e09f	base64	0603550406130243483110300e060355040a1307574953654b657931223020060355040b13194f4953544520466f756e
eb54e0e0	base64	646174696f6e20456e646f72736564312830260603550403131f4f4953544520574953654b657920476c6f62616c2052
eb54efc6	base64	05003048310b300906035504061302424d31193017060355040a131051756f5661646973204c696d69746564311e301c
eb54f007	base64	0603550403131551756f566164697320526f6f742043412031204733301e170d3132303131323137323734345a170d34
eb54f048	base64	32303131323137323734345a3048310b300906035504061302424d31193017060355040a131051756f5661646973204c
eb55102b	base64	193017060355040a131051756f5661646973204c696d69746564311b30190603550403131251756f566164697320526f
eb55106c	base64	6f742043412032301e170d3036313132343138323730305a170d3331313132343138323333335a3045310b3009060355
eb5510ad	base64	04061302424d31193017060355040a131051756f5661646973204c696d69746564311b30190603550403131251756f56
eb55147c	base64	300906035504061302424d31193017060355040a131051756f5661646973204c696d69746564311b3019060355040313
eb55318a	base64	05003048310b300906035504061302424d31193017060355040a131051756f5661646973204c696d69746564311e301c
eb5531cb	base64	0603550403131551756f566164697320526f6f742043412032204733301e170d3132303131323138353933325a170d34
eb55320c	base64	32303131323138353933325a3048310b300906035504061302424d31193017060355040a131051756f5661646973204c
eb5551ef	base64	193017060355040a131051756f5661646973204c696d69746564311b30190603550403131251756f566164697320526f
eb555230	base64	6f742043412033301e170d3036313132343139313132335a170d3331313132343139303634345a3045310b3009060355
eb555271	base64	04061302424d31193017060355040a131051756f5661646973204c696d69746564311b30190603550403131251756f56
eb555640	base64	69747574657320616363657074616e6365206f66207468652051756f566164697320526f6f7420434120332043657274
eb555681	base64	6966696361746520506f6c696379202f2043657274696669636174696f6e2050726163746963652053746174656d656e
eb5556c2	base64	742e302d06082b060105050702011621687474703a2f2f7777772e71756f7661646973676c6f62616c2e636f6d2f6370
eb555785	base64	4d31193017060355040a131051756f5661646973204c696d69746564311b30190603550403131251756f566164697320
eb5575fe	base64	05003048310b300906035504061302424d31193017060355040a131051756f5661646973204c696d69746564311e301c
eb55763f	base64	0603550403131551756f566164697320526f6f742043412033204733301e170d3132303131323230323633325a170d34
eb557680	base64	32303131323230323633325a3048310b300906035504061302424d31193017060355040a131051756f5661646973204c
eb559430	base64	5553310e300c06035504080c0554657861733110300e06035504070c07486f7573746f6e31183016060355040a0c0f53
eb559471	base64	534c20436f72706f726174696f6e3134303206035504030c2b53534c2e636f6d20455620526f6f742043657274696669
eb5594b2	base64	636174696f6e20417574686f7269747920454343301e170d3136303231323138313532335a170d343130323132313831
eb5594f3	base64	3532335a307f310b3009060355040613025553310e300c06035504080c0554657861733110300e06035504070c07486f
eb559534	base64	7573746f6e31183016060355040a0c0f53534c20436f72706f726174696f6e3134303206035504030c2b53534c2e636f
eb55a4c9	base64	040613025553310e300c06035504080c0554657861733110300e06035504070c07486f7573746f6e3118301606035504
eb55a50a	base64	0a0c0f53534c20436f72706f726174696f6e3137303506035504030c2e53534c2e636f6d20455620526f6f7420436572
eb55a54b	base64	74696669636174696f6e20417574686f7269747920525341205232301e170d3137303533313138313433375a170d3432
eb55a5cd	base64	035504070c07486f7573746f6e31183016060355040a0c0f53534c20436f72706f726174696f6e313730350603550403
eb55a60e	base64	0c2e53534c2e636f6d20455620526f6f742043657274696669636174696f6e20417574686f7269747920525341205232
eb55c4a1	base64	5553310e300c06035504080c0554657861733110300e06035504070c07486f7573746f6e31183016060355040a0c0f53
eb55c4e2	base64	534c20436f72706f726174696f6e3131302f06035504030c2853534c2e636f6d20526f6f742043657274696669636174
eb55c523	base64	696f6e20417574686f7269747920454343301e170d3136303231323138313430335a170d343130323132313831343033
eb55c564	base64	5a307c310b3009060355040613025553310e300c06035504080c0554657861733110300e06035504070c07486f757374
eb55c5a5	base64	6f6e31183016060355040a0c0f53534c20436f72706f726174696f6e3131302f06035504030c2853534c2e636f6d2052
eb55d535	base64	0613025553310e300c06035504080c0554657861733110300e06035504070c07486f7573746f6e31183016060355040a
eb55d576	base64	0c0f53534c20436f72706f726174696f6e3131302f06035504030c2853534c2e636f6d20526f6f742043657274696669
eb55d5b7	base64	636174696f6e20417574686f7269747920525341301e170d3136303231323137333933395a170d343130323132313733
eb55d5f8	base64	3933395a307c310b3009060355040613025553310e300c06035504080c0554657861733110300e06035504070c07486f
eb55d639	base64	7573746f6e31183016060355040a0c0f53534c20436f72706f726174696f6e3131302f06035504030c2853534c2e636f
eb5f55a7	base64	05003051310b300906035504061302504c31283026060355040a0c1f4b72616a6f776120497a626120526f7a6c69637a
eb5f55e8	base64	656e696f776120532e412e3118301606035504030c0f535a4146495220524f4f5420434132301e170d31353130313930
eb5f5629	base64	37343333305a170d3335313031393037343333305a3051310b300906035504061302504c31283026060355040a0c1f4b
eb5f566a	base64	72616a6f776120497a626120526f7a6c69637a656e696f776120532e412e3118301606035504030c0f535a4146495220
eb5f6a0b	base64	3029060355040a13224a6170616e2043657274696669636174696f6e2053657276696365732c20496e632e311c301a06
eb5f6a4c	base64	0355040313135365637572655369676e20526f6f7443413131301e170d3039303430383034353634375a170d32393034
eb5f6a8d	base64	30383034353634375a3058310b3009060355040613024a50312b3029060355040a13224a6170616e2043657274696669
eb5f6ace	base64	636174696f6e2053657276696365732c20496e632e311c301a060355040313135365637572655369676e20526f6f7443
eb5f7e2a	base64	310b30090603550406130255533120301e060355040a1317536563757265547275737420436f72706f726174696f6e31
eb5f7e6b	base64	1730150603550403130e5365637572655472757374204341301e170d3036313130373139333131385a170d3239313233
eb5f7eac	base64	313139343035355a3048310b30090603550406130255533120301e060355040a1317536563757265547275737420436f
eb5f93e4	base64	310b30090603550406130255533120301e060355040a1317536563757265547275737420436f72706f726174696f6e31
eb5f9425	base64	1930170603550403131053656375726520476c6f62616c204341301e170d3036313130373139343232385a170d323931
eb5f9466	base64	3233313139353230365a304a310b30090603550406130255533120301e060355040a1317536563757265547275737420
eb5fa9c2	base64	3023060355040a131c5345434f4d2054727573742053797374656d7320434f2e2c4c54442e31273025060355040b131e
eb5faa03	base64	536563757269747920436f6d6d756e69636174696f6e20526f6f74434132301e170d3039303532393035303033395a17
eb5faa44	base64	0d3239303532393035303033395a305d310b3009060355040613024a5031253023060355040a131c5345434f4d205472
eb5faa85	base64	7573742053797374656d7320434f2e2c4c54442e31273025060355040b131e536563757269747920436f6d6d756e6963
eb5fbe37	base64	3016060355040a130f5345434f4d2054727573742e6e657431273025060355040b131e536563757269747920436f6d6d
eb5fbe78	base64	756e69636174696f6e20526f6f74434131301e170d3033303933303034323034395a170d323330393330303432303439
eb5fbeb9	base64	5a3050310b3009060355040613024a5031183016060355040a130f5345434f4d2054727573742e6e6574312730250603
eb5fd3a2	base64	4c311e301c060355040a0c15537461617420646572204e656465726c616e64656e3129302706035504030c2053746161
eb5fd3e3	base64	7420646572204e656465726c616e64656e20455620526f6f74204341301e170d3130313230383131313932395a170d32
eb5fd424	base64	32313230383131313032385a3058310b3009060355040613024e4c311e301c060355040a0c1553746161742064657220
eb5fd465	base64	4e656465726c616e64656e3129302706035504030c20537461617420646572204e656465726c616e64656e2045562052
eb5ff40f	base64	4c311e301c060355040a0c15537461617420646572204e656465726c616e64656e312b302906035504030c2253746161
eb5ff450	base64	7420646572204e656465726c616e64656e20526f6f74204341202d204733301e170d3133313131343131323834325a17
eb5ff491	base64	0d3238313131333233303030305a305a310b3009060355040613024e4c311e301c060355040a0c155374616174206465
eb5ff4d2	base64	72204e656465726c616e64656e312b302906035504030c22537461617420646572204e656465726c616e64656e20526f
eb601327	base64	3023060355040a131c537461726669656c6420546563686e6f6c6f676965732c20496e632e31323030060355040b1329
eb601368	base64	537461726669656c6420436c61737320322043657274696669636174696f6e20417574686f72697479301e170d303430
eb6013a9	base64	3632393137333931365a170d3334303632393137333931365a3068310b30090603550406130255533125302306035504
eb6013ea	base64	0a131c537461726669656c6420546563686e6f6c6f676965732c20496e632e31323030060355040b1329537461726669
eb601674	base64	61726669656c6420546563686e6f6c6f676965732c20496e632e31323030060355040b1329537461726669656c642043
eb60291b	base64	10300e060355040813074172697a6f6e61311330110603550407130a53636f74747364616c6531253023060355040a13
eb60295c	base64	1c537461726669656c6420546563686e6f6c6f676965732c20496e632e3132303006035504031329537461726669656c
eb60299d	base64	6420526f6f7420436572746966696361746520417574686f72697479202d204732301e170d3039303930313030303030
eb602a1f	base64	6f6e61311330110603550407130a53636f74747364616c6531253023060355040a131c537461726669656c6420546563
eb602a60	base64	686e6f6c6f676965732c20496e632e3132303006035504031329537461726669656c6420526f6f742043657274696669
eb603e78	base64	10300e060355040813074172697a6f6e61311330110603550407130a53636f74747364616c6531253023060355040a13
eb603eb9	base64	1c537461726669656c6420546563686e6f6c6f676965732c20496e632e313b303906035504031332537461726669656c
eb603efa	base64	6420536572766963657320526f6f7420436572746966696361746520417574686f72697479202d204732301e170d3039
eb603f7c	base64	55040813074172697a6f6e61311330110603550407130a53636f74747364616c6531253023060355040a131c53746172
eb603fbd	base64	6669656c6420546563686e6f6c6f676965732c20496e632e313b303906035504031332537461726669656c6420536572
eb605541	base64	04061302434831153013060355040a130c53776973735369676e204147311f301d060355040313165377697373536967
eb605582	base64	6e20476f6c64204341202d204732301e170d3036313032353038333033355a170d3336313032353038333033355a3045
eb6055c3	base64	310b300906035504061302434831153013060355040a130c53776973735369676e204147311f301d0603550403131653
eb6076f5	base64	061302434831153013060355040a130c53776973735369676e204147312330210603550403131a53776973735369676e
eb607736	base64	20506c6174696e756d204341202d204732301e170d3036313032353038333630305a170d333631303235303833363030
eb607777	base64	5a3049310b300906035504061302434831153013060355040a130c53776973735369676e204147312330210603550403
eb6098d9	base64	061302434831153013060355040a130c53776973735369676e2041473121301f0603550403131853776973735369676e
eb60991a	base64	2053696c766572204341202d204732301e170d3036313032353038333234365a170d3336313032353038333234365a30
eb60995b	base64	47310b300906035504061302434831153013060355040a130c53776973735369676e2041473121301f06035504031318
eb60b9cb	base64	1d060355040b131653796d616e746563205472757374204e6574776f726b314530430603550403133c53796d616e7465
eb60ba0c	base64	6320436c6173732031205075626c6963205072696d6172792043657274696669636174696f6e20417574686f72697479
eb60ba8e	base64	0613025553311d301b060355040a131453796d616e74656320436f72706f726174696f6e311f301d060355040b131653
eb60bacf	base64	796d616e746563205472757374204e6574776f726b314530430603550403133c53796d616e74656320436c6173732031
eb60cfb0	base64	1d060355040b131653796d616e746563205472757374204e6574776f726b314530430603550403133c53796d616e7465
eb60cff1	base64	6320436c6173732032205075626c6963205072696d6172792043657274696669636174696f6e20417574686f72697479
eb60d073	base64	0613025553311d301b060355040a131453796d616e74656320436f72706f726174696f6e311f301d060355040b131653
eb60d0b4	base64	796d616e746563205472757374204e6574776f726b314530430603550403133c53796d616e74656320436c6173732032
eb60e526	base64	2b3029060355040a0c22542d53797374656d7320456e746572707269736520536572766963657320476d6248311f301d
eb60e567	base64	060355040b0c16542d53797374656d732054727573742043656e7465723125302306035504030c1c542d54656c655365
eb60e5a8	base64	6320476c6f62616c526f6f7420436c6173732032301e170d3038313030313130343031345a170d333331303031323335
eb60e62a	base64	69736520536572766963657320476d6248311f301d060355040b0c16542d53797374656d732054727573742043656e74
eb60fa23	base64	2b3029060355040a0c22542d53797374656d7320456e746572707269736520536572766963657320476d6248311f301d
eb60fa64	base64	060355040b0c16542d53797374656d732054727573742043656e7465723125302306035504030c1c542d54656c655365
eb60faa5	base64	6320476c6f62616c526f6f7420436c6173732033301e170d3038313030313130323935365a170d333331303031323335
eb60fb27	base64	69736520536572766963657320476d6248311f301d060355040b0c16542d53797374656d732054727573742043656e74
eb610f42	base64	1830160603550407130f4765627a65202d204b6f6361656c6931423040060355040a13395475726b6979652042696c69
eb610f83	base64	6d73656c2076652054656b6e6f6c6f6a696b20417261737469726d61204b7572756d75202d205455424954414b312d30
eb610fc4	base64	2b060355040b13244b616d7520536572746966696b6173796f6e204d65726b657a69202d204b616d7520534d31363034
eb611005	base64	0603550403132d5455424954414b204b616d7520534d2053534c204b6f6b20536572746966696b617369202d20537572
eb611087	base64	13025452311830160603550407130f4765627a65202d204b6f6361656c6931423040060355040a13395475726b697965
eb6110c8	base64	2042696c696d73656c2076652054656b6e6f6c6f6a696b20417261737469726d61204b7572756d75202d205455424954
eb611109	base64	414b312d302b060355040b13244b616d7520536572746966696b6173796f6e204d65726b657a69202d204b616d752053
eb61114a	base64	4d313630340603550403132d5455424954414b204b616d7520534d2053534c204b6f6b20536572746966696b61736920
eb612ae1	base64	123010060355040a130954414957414e2d43413110300e060355040b1307526f6f74204341311c301a06035504031313
eb612b22	base64	5457434120476c6f62616c20526f6f74204341301e170d3132303632373036323833335a170d33303132333131353539
eb612b63	base64	35395a3051310b300906035504061302545731123010060355040a130954414957414e2d43413110300e060355040b13
eb621933	base64	3010060355040a0c0954414957414e2d43413110300e060355040b0c07526f6f74204341312a302806035504030c2154
eb621974	base64	57434120526f6f742043657274696669636174696f6e20417574686f72697479301e170d303830383238303732343333
eb6219b5	base64	5a170d3330313233313135353935395a305f310b300906035504061302545731123010060355040a0c0954414957414e
eb6219f6	base64	2d43413110300e060355040b0c07526f6f74204341312a302806035504030c215457434120526f6f7420436572746966
eb622ef1	base64	3731143012060355040a0c0b54656c6961536f6e657261311f301d06035504030c1654656c6961536f6e65726120526f
eb622f32	base64	6f74204341207631301e170d3037313031383132303035305a170d3332313031383132303035305a3037311430120603
eb622f73	base64	55040a0c0b54656c6961536f6e657261311f301d06035504030c1654656c6961536f6e65726120526f6f742043412076
eb624d8c	base64	55040613025041310f300d06035504080c0650616e616d613114301206035504070c0b50616e616d6120436974793124
eb624dcd	base64	3022060355040a0c1b5472757374436f722053797374656d7320532e20646520522e4c2e31273025060355040b0c1e54
eb624e0e	base64	72757374436f7220436572746966696361746520417574686f726974793117301506035504030c0e5472757374436f72
eb624e90	base64	040613025041310f300d06035504080c0650616e616d613114301206035504070c0b50616e616d612043697479312430
eb624ed1	base64	22060355040a0c1b5472757374436f722053797374656d7320532e20646520522e4c2e31273025060355040b0c1e5472
eb624f12	base64	757374436f7220436572746966696361746520417574686f726974793117301506035504030c0e5472757374436f7220
eb6263e5	base64	55040613025041310f300d06035504080c0650616e616d613114301206035504070c0b50616e616d6120436974793124
eb626426	base64	3022060355040a0c1b5472757374436f722053797374656d7320532e20646520522e4c2e31273025060355040b0c1e54
eb626467	base64	72757374436f7220436572746966696361746520417574686f72697479311f301d06035504030c165472757374436f72
eb62652a	base64	204369747931243022060355040a0c1b5472757374436f722053797374656d7320532e20646520522e4c2e3127302506
eb62656b	base64	0355040b0c1e5472757374436f7220436572746966696361746520417574686f72697479311f301d06035504030c1654
eb627bbf	base64	040613025041310f300d06035504080c0650616e616d613114301206035504070c0b50616e616d612043697479312430
eb627c00	base64	22060355040a0c1b5472757374436f722053797374656d7320532e20646520522e4c2e31273025060355040b0c1e5472
eb627c41	base64	757374436f7220436572746966696361746520417574686f72697479311f301d06035504030c165472757374436f7220
eb627cc3	base64	310b3009060355040613025041310f300d06035504080c0650616e616d613114301206035504070c0b50616e616d6120
eb627d04	base64	4369747931243022060355040a0c1b5472757374436f722053797374656d7320532e20646520522e4c2e312730250603
eb627d45	base64	55040b0c1e5472757374436f7220436572746966696361746520417574686f72697479311f301d06035504030c165472
eb629e76	base64	090603550406130255533111300f06035504080c08496c6c696e6f69733110300e06035504070c074368696361676f31
eb629eb7	base64	21301f060355040a0c1854727573747761766520486f6c64696e67732c20496e632e3131302f06035504030c28547275
eb629ef8	base64	73747761766520476c6f62616c2043657274696669636174696f6e20417574686f72697479301e170d31373038323331
eb629f7a	base64	496c6c696e6f69733110300e06035504070c074368696361676f3121301f060355040a0c185472757374776176652048
eb629fbb	base64	6f6c64696e67732c20496e632e3131302f06035504030c2854727573747761766520476c6f62616c2043657274696669
eb62bdac	base64	550406130255533111300f06035504081308496c6c696e6f69733110300e060355040713074368696361676f3121301f
eb62bded	base64	060355040a131854727573747761766520486f6c64696e67732c20496e632e313a303806035504031331547275737477
eb62be2e	base64	61766520476c6f62616c2045434320503235362043657274696669636174696f6e20417574686f72697479301e170d31
eb62beb0	base64	035504081308496c6c696e6f69733110300e060355040713074368696361676f3121301f060355040a13185472757374
eb62bef1	base64	7761766520486f6c64696e67732c20496e632e313a30380603550403133154727573747761766520476c6f62616c2045
eb62ca74	base64	550406130255533111300f06035504081308496c6c696e6f69733110300e060355040713074368696361676f3121301f
eb62cab5	base64	060355040a131854727573747761766520486f6c64696e67732c20496e632e313a303806035504031331547275737477
eb62caf6	base64	61766520476c6f62616c2045434320503338342043657274696669636174696f6e20417574686f72697479301e170d31
eb62cb78	base64	035504081308496c6c696e6f69733110300e060355040713074368696361676f3121301f060355040a13185472757374
eb62cbb9	base64	7761766520486f6c64696e67732c20496e632e313a30380603550403133154727573747761766520476c6f62616c2045
eb62da94	base64	310b300906035504061302434e3111300f060355040a0c08556e6954727573743125302306035504030c1c5543412045
eb62dad5	base64	7874656e6465642056616c69646174696f6e20526f6f74301e170d3135303331333030303030305a170d333831323331
eb62db16	base64	3030303030305a3047310b300906035504061302434e3111300f060355040a0c08556e69547275737431253023060355
eb62faf6	base64	310b300906035504061302434e3111300f060355040a0c08556e695472757374311b301906035504030c125543412047
eb62fb37	base64	6c6f62616c20473220526f6f74301e170d3136303331313030303030305a170d3430313233313030303030305a303d31
eb62fb78	base64	0b300906035504061302434e3111300f060355040a0c08556e695472757374311b301906035504030c1255434120476c
eb6318f6	base64	3009060355040613025553311330110603550408130a4e6577204a6572736579311430120603550407130b4a65727365
eb631937	base64	792043697479311e301c060355040a131554686520555345525452555354204e6574776f726b312e302c060355040313
eb631978	base64	25555345525472757374204543432043657274696669636174696f6e20417574686f72697479301e170d313030323031
eb6319fa	base64	0a4e6577204a6572736579311430120603550407130b4a65727365792043697479311e301c060355040a131554686520
eb631a3b	base64	555345525452555354204e6574776f726b312e302c060355040313255553455254727573742045434320436572746966
eb632969	base64	727365792043697479311e301c060355040a131554686520555345525452555354204e6574776f726b312e302c060355
eb6329aa	base64	04031325555345525472757374205253412043657274696669636174696f6e20417574686f72697479301e170d313030
eb632a2c	base64	0408130a4e6577204a6572736579311430120603550407130b4a65727365792043697479311e301c060355040a131554
eb632a6d	base64	686520555345525452555354204e6574776f726b312e302c060355040313255553455254727573742052534120436572
eb63497f	base64	0906035504061302555331173015060355040a130e566572695369676e2c20496e632e311f301d060355040b13165665
eb6349c0	base64	72695369676e205472757374204e6574776f726b313a3038060355040b1331286329203139393920566572695369676e
eb634a01	base64	2c20496e632e202d20466f7220617574686f72697a656420757365206f6e6c79314530430603550403133c5665726953
eb634a42	base64	69676e20436c6173732031205075626c6963205072696d6172792043657274696669636174696f6e20417574686f7269
eb634ac4	base64	5504061302555331173015060355040a130e566572695369676e2c20496e632e311f301d060355040b13165665726953
eb634b05	base64	69676e205472757374204e6574776f726b313a3038060355040b1331286329203139393920566572695369676e2c2049
eb634b46	base64	6e632e202d20466f7220617574686f72697a656420757365206f6e6c79314530430603550403133c566572695369676e
eb634b87	base64	20436c6173732031205075626c6963205072696d6172792043657274696669636174696f6e20417574686f7269747920
eb635ec9	base64	06035504061302555331173015060355040a130e566572695369676e2c20496e632e311f301d060355040b1316566572
eb635f0a	base64	695369676e205472757374204e6574776f726b313a3038060355040b1331286329203139393920566572695369676e2c
eb635f4b	base64	20496e632e202d20466f7220617574686f72697a656420757365206f6e6c79314530430603550403133c566572695369
eb635f8c	base64	676e20436c6173732032205075626c6963205072696d6172792043657274696669636174696f6e20417574686f726974
eb63600e	base64	04061302555331173015060355040a130e566572695369676e2c20496e632e311f301d060355040b1316566572695369
eb63604f	base64	676e205472757374204e6574776f726b313a3038060355040b1331286329203139393920566572695369676e2c20496e
eb636090	base64	632e202d20466f7220617574686f72697a656420757365206f6e6c79314530430603550403133c566572695369676e20
eb6360d1	base64	436c6173732032205075626c6963205072696d6172792043657274696669636174696f6e20417574686f72697479202d
eb637412	base64	3022060355040a131b5852616d7020536563757269747920536572766963657320496e63312d302b0603550403132458
eb637453	base64	52616d7020476c6f62616c2043657274696669636174696f6e20417574686f72697479301e170d303431313031313731
eb6374d5	base64	772e7872616d7073656375726974792e636f6d31243022060355040a131b5852616d7020536563757269747920536572
eb637516	base64	766963657320496e63312d302b060355040313245852616d7020476c6f62616c2043657274696669636174696f6e2041
eb638a9c	base64	02524f3111300f060355040a1308636572745349474e31193017060355040b1310636572745349474e20524f4f542043
eb638add	base64	41301e170d3036303730343137323030345a170d3331303730343137323030345a303b310b300906035504061302524f
eb639fd7	base64	04061302524f31143012060355040a130b434552545349474e205341311c301a060355040b1313636572745349474e20
eb63a018	base64	524f4f54204341204732301e170d3137303230363039323733355a170d3432303230363039323733355a3041310b3009
eb63a059	base64	06035504061302524f31143012060355040a130b434552545349474e205341311c301a060355040b1313636572745349
eb63bd85	base64	0406130248553111300f06035504070c08427564617065737431163014060355040a0c0d4d6963726f736563204c7464
eb63bdc6	base64	2e3117301506035504610c0e56415448552d3233353834343937311e301c06035504030c15652d537a69676e6f20526f
eb63be07	base64	6f742043412032303137301e170d3137303832323132303730365a170d3432303832323132303730365a3071310b3009
eb63be48	base64	0603550406130248553111300f06035504070c08427564617065737431163014060355040a0c0d4d6963726f73656320
eb63be89	base64	4c74642e3117301506035504610c0e56415448552d3233353834343937311e301c06035504030c15652d537a69676e6f
eb63ccb4	base64	310b300906035504061302545731233021060355040a0c1a4368756e676877612054656c65636f6d20436f2e2c204c74
eb63ccf5	base64	642e312a3028060355040b0c2165504b4920526f6f742043657274696669636174696f6e20417574686f72697479301e
eb63cd36	base64	170d3034313232303032333132375a170d3334313232303032333132375a305e310b3009060355040613025457312330
eb63cd77	base64	21060355040a0c1a4368756e676877612054656c65636f6d20436f2e2c204c74642e312a3028060355040b0c2165504b
eb63eb72	base64	1302555331133011060355040b130a656d5369676e20504b4931143012060355040a130b654d756468726120496e6331
eb63ebb3	base64	20301e06035504031317656d5369676e2045434320526f6f74204341202d204333301e170d3138303231383138333030
eb63ebf4	base64	305a170d3433303231383138333030305a305a310b300906035504061302555331133011060355040b130a656d536967
eb63ec35	base64	6e20504b4931143012060355040a130b654d756468726120496e633120301e06035504031317656d5369676e20454343
eb63f855	base64	1302494e31133011060355040b130a656d5369676e20504b4931253023060355040a131c654d75646872612054656368
eb63f896	base64	6e6f6c6f67696573204c696d697465643120301e06035504031317656d5369676e2045434320526f6f74204341202d20
eb63f8d7	base64	4733301e170d3138303231383138333030305a170d3433303231383138333030305a306b310b30090603550406130249
eb63f918	base64	4e31133011060355040b130a656d5369676e20504b4931253023060355040a131c654d756468726120546563686e6f6c
eb63f959	base64	6f67696573204c696d697465643120301e06035504031317656d5369676e2045434320526f6f74204341202d20473330
eb64066e	base64	035504061302555331133011060355040b130a656d5369676e20504b4931143012060355040a130b654d756468726120
eb6406af	base64	496e63311c301a06035504031313656d5369676e20526f6f74204341202d204331301e170d3138303231383138333030
eb6406f0	base64	305a170d3433303231383138333030305a3056310b300906035504061302555331133011060355040b130a656d536967
eb640731	base64	6e20504b4931143012060355040a130b654d756468726120496e63311c301a06035504031313656d5369676e20526f6f
eb64bad2	base64	5504061302494e31133011060355040b130a656d5369676e20504b4931253023060355040a131c654d75646872612054
eb64bb13	base64	6563686e6f6c6f67696573204c696d69746564311c301a06035504031313656d5369676e20526f6f74204341202d2047
eb64bb54	base64	31301e170d3138303231383138333030305a170d3433303231383138333030305a3067310b300906035504061302494e
eb64bb95	base64	31133011060355040b130a656d5369676e20504b4931253023060355040a131c654d756468726120546563686e6f6c6f
eba1dd1e	hex	666666666666666666666666666666666666666666666666666666666666
ebf27773	base64	5945145145145145145145145145145145145145145145145145
ec0974b2	base64	07137a71515a0c504a505b007a46514503685b5702357e62044836623d697a5a68520b104454567c5626237c0f20692e52275d35323a3f241b211e373b22196e420f366562
ec71253d	base64	4d45145145145145145145145145145145145145145145145145145145145145145145145145145145145145
ec712585	base64	51451451451451451451451451451451451451451451451451451451451451451451451451451451451451451a
ec7125cc	base64	014514514514514514514514514514514514514514514514514514514514514514514514514514514514514514
ed55034f	hex	2f6d6e742f686766732f446f63756d656e74732f61766d6c202f6d6e742f686766732f6d656d2e646d70
ed550aaa	hex	2f6d6e742f686766732f446f63756d656e74732f61766d6c202f6d6e742f686766732f6d656d2e646d70
ed828ea6	hex	0000000000000000000000000000000000000000000000000000000000000000
eda020ee	hex	0111111111111111111111111111111111111111111111111111111111111111111111111111111111111111111111111111111111111111111111111111111111111111111111111111111111111111111111111111111111111111111111111111111111111111111111111111111111111111111111111111111111111111
edfa91a1	base64	4130313333373236302d524d6572632e5669746f7269612d4761737465697a2054313035352046363220533831433041
edfa91e2	base64	06035504090c3a417664612064656c204d65646974657272616e656f2045746f726269646561203134202d2030313031
edfa95fd	base64	550406130248553111300f06035504070c08427564617065737431163014060355040a0c0d4d6963726f736563204c74
edfa963e	base64	642e3127302506035504030c1e4d6963726f73656320652d537a69676e6f20526f6f742043412032303039311f301d06
edfa9701	base64	163014060355040a0c0d4d6963726f736563204c74642e3127302506035504030c1e4d6963726f73656320652d537a69
edfa9be2	base64	09060355040613025553311e301c060355040a13154d6963726f736f667420436f72706f726174696f6e313630340603
edfa9c23	base64	550403132d4d6963726f736f66742045434320526f6f7420436572746966696361746520417574686f72697479203230
edfa9c64	base64	3137301e170d3139313231383233303634355a170d3432303731383233313630345a3065310b30090603550406130255
edfa9ca5	base64	53311e301c060355040a13154d6963726f736f667420436f72706f726174696f6e313630340603550403132d4d696372
edfa9ce6	base64	6f736f66742045434320526f6f7420436572746966696361746520417574686f7269747920323031373076301006072a
edfa9f7e	base64	310b3009060355040613025553311e301c060355040a13154d6963726f736f667420436f72706f726174696f6e313630
edfa9fbf	base64	340603550403132d4d6963726f736f66742052534120526f6f7420436572746966696361746520417574686f72697479
edfaa000	base64	2032303137301e170d3139313231383232353132325a170d3432303731383233303032335a3065310b30090603550406
edfaa041	base64	13025553311e301c060355040a13154d6963726f736f667420436f72706f726174696f6e313630340603550403132d4d
edfaa790	base64	05003069310b3009060355040613024b5231263024060355040a0c1d4e4156455220425553494e45535320504c415446
edfaa7d1	base64	4f524d20436f72702e3132303006035504030c294e4156455220476c6f62616c20526f6f742043657274696669636174
edfaa812	base64	696f6e20417574686f72697479301e170d3137303831383038353834325a170d3337303831383233353935395a306931
edfaa853	base64	0b3009060355040613024b5231263024060355040a0c1d4e4156455220425553494e45535320504c4154464f524d2043
edfaa894	base64	6f72702e3132303006035504030c294e4156455220476c6f62616c20526f6f742043657274696669636174696f6e2041
edfaaf9d	base64	130248553111300f06035504070c08427564617065737431153013060355040a0c0c4e65744c6f636b204b66742e3137
edfab123	base64	69636174696f6e205365727669636573293135303306035504030c2c4e65744c6f636b204172616e792028436c617373
edfab58c	base64	310b30090603550406130255533121301f060355040a13184e6574776f726b20536f6c7574696f6e73204c2e4c2e432e
edfab5cd	base64	3130302e060355040313274e6574776f726b20536f6c7574696f6e7320436572746966696361746520417574686f7269
edfab60e	base64	7479301e170d3036313230313030303030305a170d3239313233313233353935395a3062310b30090603550406130255
edfab64f	base64	533121301f060355040a13184e6574776f726b20536f6c7574696f6e73204c2e4c2e432e3130302e060355040313274e
edfab8d9	base64	6e6574736f6c73736c2e636f6d2f4e6574776f726b536f6c7574696f6e734365727469666963617465417574686f7269
edfabb32	base64	310b30090603550406130243483110300e060355040a1307574953654b657931223020060355040b13194f4953544520
edfabb73	base64	466f756e646174696f6e20456e646f72736564312830260603550403131f4f4953544520574953654b657920476c6f62
edfabbb4	base64	616c20526f6f74204742204341301e170d3134313230313135303033325a170d3339313230313135313033315a306d31
edfabbf5	base64	0b30090603550406130243483110300e060355040a1307574953654b657931223020060355040b13194f495354452046
edfabc36	base64	6f756e646174696f6e20456e646f72736564312830260603550403131f4f4953544520574953654b657920476c6f6261
edfac097	base64	090603550406130243483110300e060355040a1307574953654b657931223020060355040b13194f4953544520466f75
edfac0d8	base64	6e646174696f6e20456e646f72736564312830260603550403131f4f4953544520574953654b657920476c6f62616c20
edfac119	base64	526f6f74204743204341301e170d3137303530393039343833345a170d3432303530393039353833335a306d310b3009
edfac15a	base64	0603550406130243483110300e060355040a1307574953654b657931223020060355040b13194f4953544520466f756e
edfac19b	base64	646174696f6e20456e646f72736564312830260603550403131f4f4953544520574953654b657920476c6f62616c2052
edfac42f	base64	05003048310b300906035504061302424d31193017060355040a131051756f5661646973204c696d69746564311e301c
edfac470	base64	0603550403131551756f566164697320526f6f742043412031204733301e170d3132303131323137323734345a170d34
edfac4b1	base64	32303131323137323734345a3048310b300906035504061302424d31193017060355040a131051756f5661646973204c
edfacbc8	base64	193017060355040a131051756f5661646973204c696d69746564311b30190603550403131251756f566164697320526f
edfacc09	base64	6f742043412032301e170d3036313132343138323730305a170d3331313132343138323333335a3045310b3009060355
edfacc4a	base64	04061302424d31193017060355040a131051756f5661646973204c696d69746564311b30190603550403131251756f56
edfad019	base64	300906035504061302424d31193017060355040a131051756f5661646973204c696d69746564311b3019060355040313
eea64a56	hex	0e00100000000000000000000000000000000001
eea6607e	hex	000000000000000000000000000000000000000000000000000000000000000000000000000000000000000000000000000000000000000000000000000000000000000000000000000000000000000000000000000000000000000000000000000000000000000000000000
eea663ee	hex	0e00100000000000000000000500000000000001
eea6647e	hex	0e001000000101010100011f0800000000000001
efb6025a	hex	444444444444444444444444444444444444444444444444444444444444444444444444444444444444444444444444444444444444444444444444444444444444444444444444444444444444444444444444444444444444444444444444444444444444444444444444444444444444444444444444444444444444
efb60e60	hex	44444444444444444444444444444444444444444444444444444444444444444444444444444444444444444444444444444444444444444444444444444444444444444444444444444444444444444444444444444444444444444444444444444444444444444444444444444444444444444444444444444444444444
f0581eb6	hex	4444444444444444444444444444444444444444444444444444
f0672642	base64	303030343939372c302e353030303439393720302030203120302e33343337352c2d302e35207a272069643d277265637431313636382d3727207374796c653d27636f6c6f723a233030303030303b66696c6c3a236265626562653b66696c6c2d6f70
f0672a5e	base64	643d2767343935332720696e6b73636170653a6c6162656c3d2763617465676f7269657327207374796c653d27646973706c61793a696e6c696e65272f3e0a3c2f7376673e0a
f07085f6	hex	4444444444444444444444444444444444444444444444444444
f0708a16	hex	4444444444444444444444444444444444444444444444444444
f0712426	hex	4444444444444444444444444444444444444444444444444444
f1f70776	base64	030c09414343565241495a313110300e060355040b0c07504b4941434356310d300b060355040a0c0441434356310b30
f1f707b7	base64	09060355040613024553301e170d3131303530353039333733375a170d3330313233313039333733375a304231123010
f1f707f8	base64	06035504030c09414343565241495a313110300e060355040b0c07504b4941434356310d300b060355040a0c04414343
f1f70b86	base64	6561646d696e2f4172636869766f732f636572746966696361646f732f7261697a61636376312e637274301f06082b06
f1f70d0c	base64	430043005600200028004100670065006e0063006900610020006400650020005400650063006e006f006c006f006700
f1f70dcf	base64	430050005300200065006e00200068007400740070003a002f002f007700770077002e0061006300630076002e006500
f1f70e10	base64	73303006082b060105050702011624687474703a2f2f7777772e616363762e65732f6c656769736c6163696f6e5f632e
f1f70e92	base64	696e2f4172636869766f732f636572746966696361646f732f7261697a61636376315f6465722e63726c300e0603551d
f2b29158	base64	07137a71515a0c504a505b007a46514503685b5702357e62044836623d697a5a68520b104454567c5626237c0f20692e52275d35323a3f241b211e373b22196e420f366562
f2b2f49d	base64	07137a71515a0c504a505b007a46514503685b5702357e62044836623d697a5a68520b104454567c5626237c0f20692e52275d35323a3f241b211e373b22196e420f366562
f62bb2be	base64	736c65616b636865636b2d70612e676f6f676c65617069732e636f6d
f62bbbbe	base64	3a2f2f6166616c6a6a626c6569686d61686870636b6e676f6e646d676f686c656c6a6200
f62bbc7e	base64	3a2f2f67636f706670646b6d70646163646d626a6f6e666a6d626e63636d6e6a646f6900
f63f12b6	base64	07137a71515a0c504a505b007a46514503685b5702357e62044836623d697a5a68520b104454567c5626237c0f20692e52275d35323a3f241b211e373b22196e420f366562
f651e9c1	base64	0810410410410410410410410410410410410410410410410410410410410410410410
f651ec92	base64	3c1041041041041041041041041041041041041041041041
f81f84ce	base64	07137a71515a0c504a505b007a46514503685b5702357e62044836623d697a5a68520b104454567c5626237c0f20692e52275d35323a
f855f0ae	base64	07137a71515a0c504a505b007a46514503685b5702357e62044836623d697a5a68520b104454567c5626237c0f20692e52275d35323a3f241b211e373b22196e420f366562
f855f18e	base64	07137a71515a0c504a505b007a46514503685b5702357e62044836623d697a5a68520b104454567c5626237c0f20692e52275d35323a3f241b211e373b22196e420f366562
f85fd5db	base64	68747470733a2f2f616e74612e636f6d2e766e2f
f8621158	base64	07137a71515a0c504a505b007a46514503685b5702357e62044836623d697a5a68520b104454567c5626237c0f20692e52275d35323a3f241b211e373b22196e420f366562
f8807102	hex	4444444444444444444444444444444444444444
f97a427d	base64	6173736574732e73717561726573706163652e636f6d2f
fa83924e	base64	07137a71515a0c504a505b007a46514503685b5702357e62044836623d697a5a68520b104454567c5626237c0f20692e52275d35323a3f241b211e373b22196e420f366562
fa907986	hex	4444444444444444444444444444444444444444444444444444
fa908056	hex	4444444444444444444444444444444444444444444444444444
fa908726	hex	4444444444444444444444444444444444444444444444444444
fa908e06	hex	4444444444444444444444444444444444444444444444444444
fa90b656	hex	4444444444444444444444444444444444444444444444444444
fa90bcc6	hex	4444444444444444444444444444444444444444444444444444
faa63d4a	hex	444444444444444444444444444444444444444444444444
faa644d6	hex	4444444444444444444444444444444444444444444444444444
faa64bb6	hex	4444444444444444444444444444444444444444444444444444
faf7f0a6	hex	4444444444444444444444444444444444444444444444444444
faf7f4c6	hex	4444444444444444444444444444444444444444444444444444
faf7fa66	hex	4444444444444444444444444444444444444444444444444444
faf80006	hex	4444444444444444444444444444444444444444444444444444
faf832b6	hex	4444444444444444444444444444444444444444444444444444
faf836d6	hex	4444444444444444444444444444444444444444444444444444
faf83ca6	hex	4444444444444444444444444444444444444444444444444444
fb4d0276	hex	4444444444444444444444444444444444444444444444444444
fb4d0816	hex	4444444444444444444444444444444444444444444444444444
fb4d0db6	hex	4444444444444444444444444444444444444444444444444444
fb4dc5a6	hex	4444444444444444444444444444444444444444444444444444
fb826e06	hex	4444444444444444444444444444444444444444444444444444
fb828e96	hex	4444444444444444444444444444444444444444444444444444
fb82a106	hex	4444444444444444444444444444444444444444444444444444
fb82a736	hex	4444444444444444444444444444444444444444444444444444
fb82ad66	hex	4444444444444444444444444444444444444444444444444444
fb837786	hex	4444444444444444444444444444444444444444444444444444
fb8f2b56	hex	4444444444444444444444444444444444444444444444444444
fb8f30f6	hex	4444444444444444444444444444444444444444444444444444
fb8f3696	hex	4444444444444444444444444444444444444444444444444444
fb8f3db6	hex	4444444444444444444444444444444444444444444444444444
fb8f6136	hex	4444444444444444444444444444444444444444444444444444
fb8f6556	hex	4444444444444444444444444444444444444444444444444444
fb8f6976	hex	4444444444444444444444444444444444444444444444444444
fb8f6d96	hex	4444444444444444444444444444444444444444444444444444
fb902cd0	hex	444444444444444444444444444444444444444444
fb9a7476	hex	4444444444444444444444444444444444444444444444444444
fb9a7aa6	hex	4444444444444444444444444444444444444444444444444444
fb9a8526	hex	4444444444444444444444444444444444444444444444444444
fb9a8d16	hex	4444444444444444444444444444444444444444444444444444
fb9aa3e6	hex	4444444444444444444444444444444444444444444444444444
fb9aa806	hex	4444444444444444444444444444444444444444444444444444
fb9aac26	hex	4444444444444444444444444444444444444444444444444444
fb9ab046	hex	4444444444444444444444444444444444444444444444444444
fb9c8e46	hex	4444444444444444444444444444444444444444444444444444
fd4bf07e	base64	236e3c236e3d236e74236e75236e76236e77236e78236e
fdc6dfbe	base64	1041041041041041041041041041041041041041041041041041041041041041041041041041041041041041041041041041041041041041041041041041041041041041041041
fedb507e	base64	505b007a46514503685b5702357e62044836623d697a5a68520b104454567c5626237c0f20692e52275d35323a3f241b211e373b22196e420f366562
10022199e	base64	0410410410410410410410410410410410410410410410410410410410410410410410410410410410410410
100222b22	hex	000000000000444444444444444444444444444444
100222b5e	hex	66666666666666666666666666666666666666666666
100222d5e	base64	145145145145145145145145145145145145145145145145145145145145145145145145145145145145145145145145
1005f01da	hex	100000000000000000000000000000000000000000000000000000000000000000000000000000000000000000000000000000000000000000000000000000
10207d695	base64	035504061302415431233021060355040a131a652d636f6d6d65726365206d6f6e69746f72696e6720476d6248311930
10207d6d6	base64	1706035504031310474c4f42414c54525553542032303230301e170d3230303231303030303030305a170d3430303631
10207d717	base64	303030303030305a304d310b300906035504061302415431233021060355040a131a652d636f6d6d65726365206d6f6e
10207de58	base64	310b300906035504061302555331223020060355040a1319476f6f676c65205472757374205365727669636573204c4c
10207de99	base64	43311430120603550403130b47545320526f6f74205231301e170d3136303632323030303030305a170d333630363232
10207deda	base64	3030303030305a3047310b300906035504061302555331223020060355040a1319476f6f676c65205472757374205365
10207e5e2	base64	310b300906035504061302555331223020060355040a1319476f6f676c65205472757374205365727669636573204c4c
10207e623	base64	43311430120603550403130b47545320526f6f74205232301e170d3136303632323030303030305a170d333630363232
10207e664	base64	3030303030305a3047310b300906035504061302555331223020060355040a1319476f6f676c65205472757374205365
10207ed6c	base64	0906035504061302555331223020060355040a1319476f6f676c65205472757374205365727669636573204c4c433114
10207edad	base64	30120603550403130b47545320526f6f74205233301e170d3136303632323030303030305a170d333630363232303030
10207edee	base64	3030305a3047310b300906035504061302555331223020060355040a1319476f6f676c65205472757374205365727669
10207f07c	base64	0906035504061302555331223020060355040a1319476f6f676c65205472757374205365727669636573204c4c433114
10207f0bd	base64	30120603550403130b47545320526f6f74205234301e170d3136303632323030303030305a170d333630363232303030
10207f0fe	base64	3030305a3047310b300906035504061302555331223020060355040a1319476f6f676c65205472757374205365727669
10207f39c	base64	3022060355040b131b476c6f62616c5369676e2045434320526f6f74204341202d20523431133011060355040a130a47
10207f3dd	base64	6c6f62616c5369676e311330110603550403130a476c6f62616c5369676e301e170d3132313131333030303030305a17
10207f41e	base64	0d3338303131393033313430375a305031243022060355040b131b476c6f62616c5369676e2045434320526f6f742043
10207f45f	base64	41202d20523431133011060355040a130a476c6f62616c5369676e311330110603550403130a476c6f62616c5369676e
10207f684	base64	3022060355040b131b476c6f62616c5369676e2045434320526f6f74204341202d20523531133011060355040a130a47
10207f6c5	base64	6c6f62616c5369676e311330110603550403130a476c6f62616c5369676e301e170d3132313131333030303030305a17
10207f706	base64	0d3338303131393033313430375a305031243022060355040b131b476c6f62616c5369676e2045434320526f6f742043
10207f747	base64	41202d20523531133011060355040a130a476c6f62616c5369676e311330110603550403130a476c6f62616c5369676e
10207f9b4	base64	035504061302424531193017060355040a1310476c6f62616c5369676e206e762d73613110300e060355040b1307526f
10207f9f5	base64	6f74204341311b301906035504031312476c6f62616c5369676e20526f6f74204341301e170d39383039303131323030
10207fa36	base64	30305a170d3238303132383132303030305a3057310b300906035504061302424531193017060355040a1310476c6f62
10207fa77	base64	616c5369676e206e762d73613110300e060355040b1307526f6f74204341311b301906035504031312476c6f62616c53
10207febc	base64	0355040b1317476c6f62616c5369676e20526f6f74204341202d20523231133011060355040a130a476c6f62616c5369
10207fefd	base64	676e311330110603550403130a476c6f62616c5369676e301e170d3036313231353038303030305a170d323131323135
10207ff3e	base64	3038303030305a304c3120301e060355040b1317476c6f62616c5369676e20526f6f74204341202d2052323113301106
102080421	base64	0355040b1317476c6f62616c5369676e20526f6f74204341202d20523331133011060355040a130a476c6f62616c5369
102080462	base64	676e311330110603550403130a476c6f62616c5369676e301e170d3039303331383130303030305a170d323930333138
1020804a3	base64	3130303030305a304c3120301e060355040b1317476c6f62616c5369676e20526f6f74204341202d2052333113301106
102080909	base64	301e060355040b1317476c6f62616c5369676e20526f6f74204341202d20523631133011060355040a130a476c6f6261
10208094a	base64	6c5369676e311330110603550403130a476c6f62616c5369676e301e170d3134313231303030303030305a170d333431
10208098b	base64	3231303030303030305a304c3120301e060355040b1317476c6f62616c5369676e20526f6f74204341202d2052363113
1020810d4	base64	0b300906035504061302424531193017060355040a1310476c6f62616c5369676e206e762d7361311c301a0603550403
102081115	base64	1313476c6f62616c5369676e20526f6f7420453436301e170d3139303332303030303030305a170d3436303332303030
102081156	base64	303030305a3046310b300906035504061302424531193017060355040a1310476c6f62616c5369676e206e762d736131
1020813ec	base64	3046310b300906035504061302424531193017060355040a1310476c6f62616c5369676e206e762d7361311c301a0603
10208142d	base64	5504031313476c6f62616c5369676e20526f6f7420523436301e170d3139303332303030303030305a170d3436303332
10208146e	base64	303030303030305a3046310b300906035504061302424531193017060355040a1310476c6f62616c5369676e206e762d
102081b7e	base64	301f060355040a131854686520476f2044616464792047726f75702c20496e632e3131302f060355040b1328476f2044
102081bbf	base64	6164647920436c61737320322043657274696669636174696f6e20417574686f72697479301e170d3034303632393137
102081c00	base64	303632305a170d3334303632393137303632305a3063310b30090603550406130255533121301f060355040a13185468
102081c41	base64	6520476f2044616464792047726f75702c20496e632e3131302f060355040b1328476f20446164647920436c61737320
102081ecb	base64	2047726f75702c20496e632e3131302f060355040b1328476f20446164647920436c6173732032204365727469666963
102082152	base64	10300e060355040813074172697a6f6e61311330110603550407130a53636f74747364616c65311a3018060355040a13
102082193	base64	11476f44616464792e636f6d2c20496e632e3131302f06035504031328476f20446164647920526f6f74204365727469
1020821d4	base64	66696361746520417574686f72697479202d204732301e170d3039303930313030303030305a170d3337313233313233
102082256	base64	130a53636f74747364616c65311a3018060355040a1311476f44616464792e636f6d2c20496e632e3131302f06035504
1020826e8	base64	06035504071306417468656e7331443042060355040a133b48656c6c656e69632041636164656d696320616e64205265
102082729	base64	73656172636820496e737469747574696f6e7320436572742e20417574686f72697479314430420603550403133b4865
10208276a	base64	6c6c656e69632041636164656d696320616e6420526573656172636820496e737469747574696f6e732045434320526f
1020827ec	base64	060355040613024752310f300d06035504071306417468656e7331443042060355040a133b48656c6c656e6963204163
10208282d	base64	6164656d696320616e6420526573656172636820496e737469747574696f6e7320436572742e20417574686f72697479
10208286e	base64	314430420603550403133b48656c6c656e69632041636164656d696320616e6420526573656172636820496e73746974
102082b1c	base64	443042060355040a133b48656c6c656e69632041636164656d696320616e6420526573656172636820496e7374697475
102082b5d	base64	74696f6e7320436572742e20417574686f726974793140303e0603550403133748656c6c656e69632041636164656d69
102082b9e	base64	6320616e6420526573656172636820496e737469747574696f6e7320526f6f7443412032303131301e170d3131313230
102082c20	base64	133b48656c6c656e69632041636164656d696320616e6420526573656172636820496e737469747574696f6e73204365
102082c61	base64	72742e20417574686f726974793140303e0603550403133748656c6c656e69632041636164656d696320616e64205265
102083140	base64	0f300d06035504071306417468656e7331443042060355040a133b48656c6c656e69632041636164656d696320616e64
102083181	base64	20526573656172636820496e737469747574696f6e7320436572742e20417574686f726974793140303e060355040313
1020831c2	base64	3748656c6c656e69632041636164656d696320616e6420526573656172636820496e737469747574696f6e7320526f6f
102083244	base64	0355040613024752310f300d06035504071306417468656e7331443042060355040a133b48656c6c656e696320416361
102083285	base64	64656d696320616e6420526573656172636820496e737469747574696f6e7320436572742e20417574686f7269747931
1020832c6	base64	40303e0603550403133748656c6c656e69632041636164656d696320616e6420526573656172636820496e7374697475
1020839c6	base64	163014060355040a130d486f6e676b6f6e6720506f73743120301e06035504031317486f6e676b6f6e6720506f737420
102083a07	base64	526f6f742043412031301e170d3033303531353035313331345a170d3233303531353034353232395a3047310b300906
102083a48	base64	035504061302484b31163014060355040a130d486f6e676b6f6e6720506f73743120301e06035504031317486f6e676b
102083e71	base64	0500306f310b300906035504061302484b3112301006035504081309486f6e67204b6f6e673112301006035504071309
102083eb2	base64	486f6e67204b6f6e6731163014060355040a130d486f6e676b6f6e6720506f73743120301e06035504031317486f6e67
102083ef3	base64	6b6f6e6720506f737420526f6f742043412033301e170d3137303630333032323934365a170d34323036303330323239
102083f34	base64	34365a306f310b300906035504061302484b3112301006035504081309486f6e67204b6f6e6731123010060355040713
102083f75	base64	09486f6e67204b6f6e6731163014060355040a130d486f6e676b6f6e6720506f73743120301e06035504031317486f6e
10208469b	base64	4f310b300906035504061302555331293027060355040a1320496e7465726e6574205365637572697479205265736561
1020846dc	base64	7263682047726f7570311530130603550403130c4953524720526f6f74205831301e170d313530363034313130343338
10208471d	base64	5a170d3335303630343131303433385a304f310b300906035504061302555331293027060355040a1320496e7465726e
10208475e	base64	65742053656375726974792052657365617263682047726f7570311530130603550403130c4953524720526f6f742058
102084e50	base64	310b300906035504061302555331123010060355040a13094964656e5472757374312730250603550403131e4964656e
102084e91	base64	547275737420436f6d6d65726369616c20526f6f742043412031301e170d3134303131363138313232335a170d333430
102084ed2	base64	3131363138313232335a304a310b300906035504061302555331123010060355040a13094964656e5472757374312730
10214d5f8	base64	310b300906035504061302555331123010060355040a13094964656e5472757374312a3028060355040313214964656e
10214d639	base64	5472757374205075626c696320536563746f7220526f6f742043412031301e170d3134303131363137353333325a170d
10214d67a	base64	3334303131363137353333325a304d310b300906035504061302555331123010060355040a13094964656e5472757374
10214dd91	base64	310b300906035504061302455331143012060355040a0c0b495a454e504520532e412e3113301106035504030c0a497a
10214ddd2	base64	656e70652e636f6d301e170d3037313231333133303832385a170d3337313231333038323732355a3038310b30090603
10214de13	base64	5504061302455331143012060355040a0c0b495a454e504520532e412e3113301106035504030c0a497a656e70652e63
10240e3f5	base64	31153013060355040a0c0c442d547275737420476d62483127302506035504030c1e442d545255535420526f6f742043
10240e436	base64	6c617373203320434120322032303039301e170d3039313130353038333535385a170d3239313130353038333535385a
10240e477	base64	304d310b300906035504061302444531153013060355040a0c0c442d547275737420476d62483127302506035504030c
10240e701	base64	746f72792e642d74727573742e6e65742f434e3d442d5452555354253230526f6f74253230436c617373253230332532
10240e742	base64	30434125323032253230323030392c4f3d442d5472757374253230476d62482c433d44453f6365727469666963617465
10240ea07	base64	31153013060355040a0c0c442d547275737420476d6248312a302806035504030c21442d545255535420526f6f742043
10240ea48	base64	6c617373203320434120322045562032303039301e170d3039313130353038353034365a170d32393131303530383530
10240ea89	base64	34365a3050310b300906035504061302444531153013060355040a0c0c442d547275737420476d6248312a3028060355
10240ed13	base64	3a2f2f6469726563746f72792e642d74727573742e6e65742f434e3d442d5452555354253230526f6f74253230436c61
10240ed54	base64	7373253230332532304341253230322532304556253230323030392c4f3d442d5472757374253230476d62482c433d44
10240edd6	base64	74727573742e6e65742f63726c2f642d74727573745f726f6f745f636c6173735f335f63615f325f65765f323030392e
10240f01a	base64	31243022060355040a131b4469676974616c205369676e617475726520547275737420436f2e31173015060355040313
10240f05b	base64	0e44535420526f6f74204341205833301e170d3030303933303231313231395a170d3231303933303134303131355a30
10240f09c	base64	3f31243022060355040a131b4469676974616c205369676e617475726520547275737420436f2e311730150603550403
10240f4e9	base64	310b300906035504061302555331153013060355040a130c446967694365727420496e6331193017060355040b131077
10240f52a	base64	77772e64696769636572742e636f6d312430220603550403131b4469676943657274204173737572656420494420526f
10240f56b	base64	6f74204341301e170d3036313131303030303030305a170d3331313131303030303030305a3065310b30090603550406
10240f5ac	base64	1302555331153013060355040a130c446967694365727420496e6331193017060355040b13107777772e646967696365
10240fa4e	base64	310b300906035504061302555331153013060355040a130c446967694365727420496e6331193017060355040b131077
10240fa8f	base64	77772e64696769636572742e636f6d312430220603550403131b4469676943657274204173737572656420494420526f
10240fad0	base64	6f74204732301e170d3133303830313132303030305a170d3338303131353132303030305a3065310b30090603550406
10240fb11	base64	1302555331153013060355040a130c446967694365727420496e6331193017060355040b13107777772e646967696365
10240ff87	base64	0906035504061302555331153013060355040a130c446967694365727420496e6331193017060355040b13107777772e
10240ffc8	base64	64696769636572742e636f6d312430220603550403131b4469676943657274204173737572656420494420526f6f7420
102410009	base64	4733301e170d3133303830313132303030305a170d3338303131353132303030305a3065310b30090603550406130255
10241004a	base64	5331153013060355040a130c446967694365727420496e6331193017060355040b13107777772e64696769636572742e
10241008b	base64	636f6d312430220603550403131b4469676943657274204173737572656420494420526f6f742047333076301006072a
1024102f5	base64	310b300906035504061302555331153013060355040a130c446967694365727420496e6331193017060355040b131077
102410336	base64	77772e64696769636572742e636f6d3120301e06035504031317446967694365727420476c6f62616c20526f6f742043
102410377	base64	41301e170d3036313131303030303030305a170d3331313131303030303030305a3061310b3009060355040613025553
1024103b8	base64	31153013060355040a130c446967694365727420496e6331193017060355040b13107777772e64696769636572742e63
10241084a	base64	310b300906035504061302555331153013060355040a130c446967694365727420496e6331193017060355040b131077
10241088b	base64	77772e64696769636572742e636f6d3120301e06035504031317446967694365727420476c6f62616c20526f6f742047
1024108cc	base64	32301e170d3133303830313132303030305a170d3338303131353132303030305a3061310b3009060355040613025553
10241090d	base64	31153013060355040a130c446967694365727420496e6331193017060355040b13107777772e64696769636572742e63
102410d73	base64	0906035504061302555331153013060355040a130c446967694365727420496e6331193017060355040b13107777772e
102410db4	base64	64696769636572742e636f6d3120301e06035504031317446967694365727420476c6f62616c20526f6f74204733301e
102410df5	base64	170d3133303830313132303030305a170d3338303131353132303030305a3061310b3009060355040613025553311530
102410e36	base64	13060355040a130c446967694365727420496e6331193017060355040b13107777772e64696769636572742e636f6d31
1024110e0	base64	310b300906035504061302555331153013060355040a130c446967694365727420496e6331193017060355040b131077
102411121	base64	77772e64696769636572742e636f6d312b30290603550403132244696769436572742048696768204173737572616e63
102411162	base64	6520455620526f6f74204341301e170d3036313131303030303030305a170d3331313131303030303030305a306c310b
1024111a3	base64	300906035504061302555331153013060355040a130c446967694365727420496e6331193017060355040b1310777777
1024111e4	base64	2e64696769636572742e636f6d312b30290603550403132244696769436572742048696768204173737572616e636520
102411653	base64	310b300906035504061302555331153013060355040a130c446967694365727420496e6331193017060355040b131077
102411694	base64	77772e64696769636572742e636f6d3121301f060355040313184469676943657274205472757374656420526f6f7420
1024116d5	base64	4734301e170d3133303830313132303030305a170d3338303131353132303030305a3062310b30090603550406130255
102411716	base64	5331153013060355040a130c446967694365727420496e6331193017060355040b13107777772e64696769636572742e
102411ebc	base64	040b0c1d452d547567726120536572746966696b6173796f6e204d65726b657a693128302606035504030c1f452d5475
102411efd	base64	6772612043657274696669636174696f6e20417574686f72697479301e170d3133303330353132303934385a170d3233
102412001	base64	65726b657a693128302606035504030c1f452d54756772612043657274696669636174696f6e20417574686f72697479
102412749	base64	74696669636163696f20284e494620512d303830313137362d492931283026060355040b131f53657276656973205075
10241278a	base64	626c6963732064652043657274696669636163696f31353033060355040b132c56656765752068747470733a2f2f7777
1024127cb	base64	772e636174636572742e6e65742f766572617272656c20286329303331353033060355040b132c4a6572617271756961
10241280c	base64	20456e7469746174732064652043657274696669636163696f20436174616c616e6573310f300d060355040313064543
10241288e	base64	13024553313b3039060355040a13324167656e63696120436174616c616e612064652043657274696669636163696f20
1024128cf	base64	284e494620512d303830313137362d492931283026060355040b131f53657276656973205075626c6963732064652043
102412910	base64	657274696669636163696f31353033060355040b132c56656765752068747470733a2f2f7777772e636174636572742e
102412951	base64	6e65742f766572617272656c20286329303331353033060355040b132c4a657261727175696120456e74697461747320
102412c1c	base64	747470733a2f2f7777772e636174636572742e6e65742f766572617272656c303506082b0601050507020230291a2756
102412eac	base64	456e74727573742e6e65743140303e060355040b14377777772e656e74727573742e6e65742f4350535f323034382069
102412eed	base64	6e636f72702e206279207265662e20286c696d697473206c6961622e2931253023060355040b131c2863292031393939
102412f2e	base64	20456e74727573742e6e6574204c696d69746564313330310603550403132a456e74727573742e6e6574204365727469
102412f6f	base64	6669636174696f6e20417574686f7269747920283230343829301e170d3939313232343137353035315a170d32393037
102412ff1	base64	2e656e74727573742e6e65742f4350535f3230343820696e636f72702e206279207265662e20286c696d697473206c69
102413032	base64	61622e2931253023060355040b131c286329203139393920456e74727573742e6e6574204c696d697465643133303106
102413073	base64	03550403132a456e74727573742e6e65742043657274696669636174696f6e20417574686f7269747920283230343829
1024134b5	base64	555331163014060355040a130d456e74727573742c20496e632e31393037060355040b13307777772e656e7472757374
1024134f6	base64	2e6e65742f43505320697320696e636f72706f7261746564206279207265666572656e6365311f301d060355040b1316
102413537	base64	286329203230303620456e74727573742c20496e632e312d302b06035504031324456e747275737420526f6f74204365
102413578	base64	7274696669636174696f6e20417574686f72697479301e170d3036313132373230323334325a170d3236313132373230
1024135fa	base64	37060355040b13307777772e656e74727573742e6e65742f43505320697320696e636f72706f72617465642062792072
10241363b	base64	65666572656e6365311f301d060355040b1316286329203230303620456e74727573742c20496e632e312d302b060355
102413b4e	base64	035504061302555331163014060355040a130d456e74727573742c20496e632e31283026060355040b131f5365652077
102413b8f	base64	77772e656e74727573742e6e65742f6c6567616c2d7465726d7331393037060355040b1330286329203230313220456e
102413bd0	base64	74727573742c20496e632e202d20666f7220617574686f72697a656420757365206f6e6c79313330310603550403132a
102413c11	base64	456e747275737420526f6f742043657274696669636174696f6e20417574686f72697479202d20454331301e170d3132
102413c93	base64	55040a130d456e74727573742c20496e632e31283026060355040b131f536565207777772e656e74727573742e6e6574
102413cd4	base64	2f6c6567616c2d7465726d7331393037060355040b1330286329203230313220456e74727573742c20496e632e202d20
102413d15	base64	666f7220617574686f72697a656420757365206f6e6c79313330310603550403132a456e747275737420526f6f742043
102413fbd	base64	555331163014060355040a130d456e74727573742c20496e632e31283026060355040b131f536565207777772e656e74
102413ffe	base64	727573742e6e65742f6c6567616c2d7465726d7331393037060355040b1330286329203230303920456e74727573742c
10241403f	base64	20496e632e202d20666f7220617574686f72697a656420757365206f6e6c793132303006035504031329456e74727573
102414080	base64	7420526f6f742043657274696669636174696f6e20417574686f72697479202d204732301e170d303930373037313732
102414102	base64	74727573742c20496e632e31283026060355040b131f536565207777772e656e74727573742e6e65742f6c6567616c2d
102414143	base64	7465726d7331393037060355040b1330286329203230303920456e74727573742c20496e632e202d20666f7220617574
102414184	base64	686f72697a656420757365206f6e6c793132303006035504031329456e747275737420526f6f74204365727469666963
102414628	base64	131f536565207777772e656e74727573742e6e65742f6c6567616c2d7465726d7331393037060355040b133028632920
102414669	base64	3230313520456e74727573742c20496e632e202d20666f7220617574686f72697a656420757365206f6e6c7931323030
1024146aa	base64	06035504031329456e747275737420526f6f742043657274696669636174696f6e20417574686f72697479202d204734
10241472c	base64	31163014060355040a130d456e74727573742c20496e632e31283026060355040b131f536565207777772e656e747275
10241476d	base64	73742e6e65742f6c6567616c2d7465726d7331393037060355040b1330286329203230313520456e74727573742c2049
1024147ae	base64	6e632e202d20666f7220617574686f72697a656420757365206f6e6c793132303006035504031329456e747275737420
102414ec5	base64	061302434e31323030060355040a0c294755414e4720444f4e4720434552544946494341544520415554484f52495459
102414f06	base64	20434f2e2c4c54442e311f301d06035504030c16474443412054727573744155544820523520524f4f54301e170d3134
102414f47	base64	313132363035313331355a170d3430313233313135353935395a3062310b300906035504061302434e31323030060355
102414f88	base64	040a0c294755414e4720444f4e4720434552544946494341544520415554484f5249545920434f2e2c4c54442e311f30
102a7d2d5	base64	1302494e31133011060355040b130a656d5369676e20504b4931253023060355040a131c654d75646872612054656368
102a7d316	base64	6e6f6c6f67696573204c696d697465643120301e06035504031317656d5369676e2045434320526f6f74204341202d20
102a7d357	base64	4733301e170d3138303231383138333030305a170d3433303231383138333030305a306b310b30090603550406130249
102a7d398	base64	4e31133011060355040b130a656d5369676e20504b4931253023060355040a131c654d756468726120546563686e6f6c
102a7d3d9	base64	6f67696573204c696d697465643120301e06035504031317656d5369676e2045434320526f6f74204341202d20473330
102a7d647	base64	035504061302555331133011060355040b130a656d5369676e20504b4931143012060355040a130b654d756468726120
102a7d688	base64	496e63311c301a06035504031313656d5369676e20526f6f74204341202d204331301e170d3138303231383138333030
102a7d6c9	base64	305a170d3433303231383138333030305a3056310b300906035504061302555331133011060355040b130a656d536967
102a7d70a	base64	6e20504b4931143012060355040a130b654d756468726120496e63311c301a06035504031313656d5369676e20526f6f
102a7db47	base64	5504061302494e31133011060355040b130a656d5369676e20504b4931253023060355040a131c654d75646872612054
102a7db88	base64	6563686e6f6c6f67696573204c696d69746564311c301a06035504031313656d5369676e20526f6f74204341202d2047
102a7dbc9	base64	31301e170d3138303231383138333030305a170d3433303231383138333030305a3067310b300906035504061302494e
102a7dc0a	base64	31133011060355040b130a656d5369676e20504b4931253023060355040a131c654d756468726120546563686e6f6c6f
1031badd4	base64	6410410410410410410410410410410410410410
1031baf08	base64	5410410410410410410410410410410410410410410410
10377d416	hex	4444444444444444444444444444444444444444444444444444
10377dcc6	hex	4444444444444444444444444444444444444444444444444444
10377e576	hex	4444444444444444444444444444444444444444444444444444
10377ee16	hex	4444444444444444444444444444444444444444444444444444
10377f6c6	hex	4444444444444444444444444444444444444444444444444444
10377ff66	hex	4444444444444444444444444444444444444444444444444444
103780816	hex	4444444444444444444444444444444444444444444444444444
1037810c6	hex	4444444444444444444444444444444444444444444444444444
103781976	hex	4444444444444444444444444444444444444444444444444444
103782216	hex	4444444444444444444444444444444444444444444444444444
103782ab6	hex	4444444444444444444444444444444444444444444444444444
103783366	hex	4444444444444444444444444444444444444444444444444444
103783c16	hex	4444444444444444444444444444444444444444444444444444
1037844c6	hex	4444444444444444444444444444444444444444444444444444
103784d16	hex	4444444444444444444444444444444444444444444444444444
103785566	hex	4444444444444444444444444444444444444444444444444444
103785db6	hex	4444444444444444444444444444444444444444444444444444
103786616	hex	4444444444444444444444444444444444444444444444444444
103786e66	hex	4444444444444444444444444444444444444444444444444444
1037876c6	hex	4444444444444444444444444444444444444444444444444444
103787f26	hex	4444444444444444444444444444444444444444444444444444
103788786	hex	4444444444444444444444444444444444444444444444444444
103788fe6	hex	4444444444444444444444444444444444444444444444444444
103789846	hex	4444444444444444444444444444444444444444444444444444
10378a0a6	hex	4444444444444444444444444444444444444444444444444444
10378a906	hex	4444444444444444444444444444444444444444444444444444
10378b156	hex	4444444444444444444444444444444444444444444444444444
10378b9b6	hex	4444444444444444444444444444444444444444444444444444
10378c216	hex	4444444444444444444444444444444444444444444444444444
1037dd236	hex	4444444444444444444444444444444444444444444444444444
1037ddae6	hex	4444444444444444444444444444444444444444444444444444
1037de386	hex	4444444444444444444444444444444444444444444444444444
1037dec36	hex	4444444444444444444444444444444444444444444444444444
1037df4e6	hex	4444444444444444444444444444444444444444444444444444
1037dfd96	hex	4444444444444444444444444444444444444444444444444444
1037e0646	hex	4444444444444444444444444444444444444444444444444444
1037e0ee6	hex	4444444444444444444444444444444444444444444444444444
1037e1796	hex	4444444444444444444444444444444444444444444444444444
1037e2046	hex	4444444444444444444444444444444444444444444444444444
1037e2896	hex	4444444444444444444444444444444444444444444444444444
1037e30e6	hex	4444444444444444444444444444444444444444444444444444
1037e3946	hex	4444444444444444444444444444444444444444444444444444
1037e41a6	hex	4444444444444444444444444444444444444444444444444444
1037e4a06	hex	4444444444444444444444444444444444444444444444444444
1037e5266	hex	4444444444444444444444444444444444444444444444444444
1037e5ab6	hex	4444444444444444444444444444444444444444444444444444
1037e6316	hex	4444444444444444444444444444444444444444444444444444
1037e6b76	hex	4444444444444444444444444444444444444444444444444444
1037e73d6	hex	4444444444444444444444444444444444444444444444444444
1037e7c36	hex	4444444444444444444444444444444444444444444444444444
1037e8496	hex	4444444444444444444444444444444444444444444444444444
1037e8cf6	hex	4444444444444444444444444444444444444444444444444444
1037e9556	hex	4444444444444444444444444444444444444444444444444444
1037e9db6	hex	4444444444444444444444444444444444444444444444444444
1037ea666	hex	4444444444444444444444444444444444444444444444444444
1037ecb66	hex	4444444444444444444444444444444444444444444444444444
1038bd816	hex	4444444444444444444444444444444444444444444444444444
1038be0b6	hex	4444444444444444444444444444444444444444444444444444
1038be956	hex	4444444444444444444444444444444444444444444444444444
1038c3f96	hex	4444444444444444444444444444444444444444444444444444
1038c4836	hex	4444444444444444444444444444444444444444444444444444
1038c50d6	hex	4444444444444444444444444444444444444444444444444444
1038c5976	hex	4444444444444444444444444444444444444444444444444444
1038c6216	hex	4444444444444444444444444444444444444444444444444444
1038c6ab6	hex	4444444444444444444444444444444444444444444444444444
1038c7356	hex	4444444444444444444444444444444444444444444444444444
1038c7bf6	hex	4444444444444444444444444444444444444444444444444444
1038c8496	hex	4444444444444444444444444444444444444444444444444444
1038c8d36	hex	4444444444444444444444444444444444444444444444444444
1038c95d6	hex	4444444444444444444444444444444444444444444444444444
1038c9e76	hex	4444444444444444444444444444444444444444444444444444
1038ca6d6	hex	4444444444444444444444444444444444444444444444444444
1038caf86	hex	4444444444444444444444444444444444444444444444444444
1038cb836	hex	4444444444444444444444444444444444444444444444444444
1038cc0e6	hex	4444444444444444444444444444444444444444444444444444
1038cc996	hex	4444444444444444444444444444444444444444444444444444
1038f11b6	hex	4444444444444444444444444444444444444444444444444444
1038f1a56	hex	4444444444444444444444444444444444444444444444444444
1038f22f6	hex	4444444444444444444444444444444444444444444444444444
1038f2b96	hex	4444444444444444444444444444444444444444444444444444
1038f3436	hex	4444444444444444444444444444444444444444444444444444
1038f3cd6	hex	4444444444444444444444444444444444444444444444444444
1038f4576	hex	4444444444444444444444444444444444444444444444444444
1038f4e16	hex	4444444444444444444444444444444444444444444444444444
1038f56b6	hex	4444444444444444444444444444444444444444444444444444
1038f5f56	hex	4444444444444444444444444444444444444444444444444444
1038f67f6	hex	4444444444444444444444444444444444444444444444444444
1038f7096	hex	4444444444444444444444444444444444444444444444444444
1038f7936	hex	4444444444444444444444444444444444444444444444444444
1038f81d6	hex	4444444444444444444444444444444444444444444444444444
1038f8a76	hex	4444444444444444444444444444444444444444444444444444
1038f9316	hex	4444444444444444444444444444444444444444444444444444
1038f9bb6	hex	4444444444444444444444444444444444444444444444444444
1038fa456	hex	4444444444444444444444444444444444444444444444444444
1038facf6	hex	4444444444444444444444444444444444444444444444444444
1038fb596	hex	4444444444444444444444444444444444444444444444444444
1038fbe36	hex	4444444444444444444444444444444444444444444444444444
1038fc6d6	hex	4444444444444444444444444444444444444444444444444444
1038fcf76	hex	4444444444444444444444444444444444444444444444444444
10419533b	base64	581041041041041041041041041041041041041041041041041041041041041041041041041041041041041041041041041041041041041041041041041041041041041041041041041041041041041041041041041041041041041041041041
1046a26c0	base64	303030343939372c302e353030303439393720302030203120302e33343337352c2d302e35207a272069643d277265637431313636382d3727207374796c653d27636f6c6f723a233030303030303b66696c6c3a236265626562653b66696c6c2d6f70
1046a2adc	base64	643d2767343935332720696e6b73636170653a6c6162656c3d2763617465676f7269657327207374796c653d27646973706c61793a696e6c696e65272f3e0a3c2f7376673e0a
104792917	base64	2c1041041041041041041041041041041041041041041041041041041041041041041041041041041041041041041041041041041041041041041041041041041041
10479384c	base64	04104104104104104104104104104104104104104104104104104104104104104104104104104104104104104104104104104104104104104104104104104104104104104104104104104104104104104104104104104104104104
104793dc3	base64	0410410410410410410410410410410410410410410410410410410410410410410410410410410410410410410410410410410410410410410410410410410410410410410410410410410410410410410410410410410410410410410410410410410410410410410410410410
1047958bd	base64	20104104104104104104104104104104104104104104104104104104104104104104104104104104104104104104104104104104104104104104104104104104104104104104
104796e65	base64	04104104104104104104104104104104104104104104
104796f67	base64	04104104104104104104104104104104104104104104
104797069	base64	04104104104104104104104104104104104104104104
10479716b	base64	04104104104104104104104104104104104104104104
10479726d	base64	70104104104104104104104104104104104104104104104104
1048bccfa	base64	1410410410410410410410410410410410410410410410410410410410410410410410410410
104bf0001	base64	07137a71515a0c504a505b007a46514503685b5702357e62044836623d697a5a68520b104454567c5626237c0f20692e52275d35323a3f241b211e373b22196e420f366562
104c9fd1e	hex	666666666666666666666666666666666666666666666666666666666666
105169f34	hex	4444444444444444444444444444444444444444444444444444
105308463	base64	07137a71515a0c504a505b007a46514503685b5702357e62044836623d697a5a68520b104454567c5626237c0f20692e52275d35323a3f241b211e373b22196e420f366562
105fc8892	base64	5145175145175145185145185145185145185145185145185145185145185145185145185145185145185145185145185145185145185145185145185145185145185145185145185145185145195145195145
106222531	base64	4d45145145145145145145145145145145145145145145145145145145145145145145145145145145145145
106222579	base64	51451451451451451451451451451451451451451451451451451451451451451451451451451451451451451a
107374c5e	base64	181041041041041041041041041041041041041041041041041041041041041041041041041041041041041041041041041041041041
107374d84	base64	181041041041041041041041041041041041041041041041041041041041041041041041041041041041041041041041041041041041
107374ea7	base64	181041041041041041041041041041041041041041041041041041041041041041041041041041041041041041041041041041041041
107374fcd	base64	181041041041041041041041041041041041041041041041041041041041041041041041041041041041041041041041041041041041
1074060f0	base64	181041041041041041041041041041041041041041041041041041041041041041041041041041041041041041041041041041041041
107406216	base64	181041041041041041041041041041041041041041041041041041041041041041041041041041041041041041041041041041041041
107406339	base64	181041041041041041041041041041041041041041041041041041041041041041041041041041041041041041041041041041041041
10740645f	base64	181041041041041041041041041041041041041041041041041041041041041041041041041041041041041041041041041041041041
107406582	base64	181041041041041041041041041041041041041041041041041041041041041041041041041041041041041041041041041041041041
1074066a8	base64	181041041041041041041041041041041041041041041041041041041041041041041041041041041041041041041041041041041041
1074b53da	base64	05003048310b300906035504061302424d31193017060355040a131051756f5661646973204c696d69746564311e301c
1074b541b	base64	0603550403131551756f566164697320526f6f742043412032204733301e170d3132303131323138353933325a170d34
1074b545c	base64	32303131323138353933325a3048310b300906035504061302424d31193017060355040a131051756f5661646973204c
1074b5b73	base64	193017060355040a131051756f5661646973204c696d69746564311b30190603550403131251756f566164697320526f
1074b5bb4	base64	6f742043412033301e170d3036313132343139313132335a170d3331313132343139303634345a3045310b3009060355
1074b5bf5	base64	04061302424d31193017060355040a131051756f5661646973204c696d69746564311b30190603550403131251756f56
1074b5fc4	base64	69747574657320616363657074616e6365206f66207468652051756f566164697320526f6f7420434120332043657274
1074b6005	base64	6966696361746520506f6c696379202f2043657274696669636174696f6e2050726163746963652053746174656d656e
1074b6046	base64	742e302d06082b060105050702011621687474703a2f2f7777772e71756f7661646973676c6f62616c2e636f6d2f6370
1074b6109	base64	4d31193017060355040a131051756f5661646973204c696d69746564311b30190603550403131251756f566164697320
1074b64be	base64	05003048310b300906035504061302424d31193017060355040a131051756f5661646973204c696d69746564311e301c
1074b64ff	base64	0603550403131551756f566164697320526f6f742043412033204733301e170d3132303131323230323633325a170d34
1074b6540	base64	32303131323230323633325a3048310b300906035504061302424d31193017060355040a131051756f5661646973204c
1074b6c70	base64	5553310e300c06035504080c0554657861733110300e06035504070c07486f7573746f6e31183016060355040a0c0f53
1074b6cb1	base64	534c20436f72706f726174696f6e3134303206035504030c2b53534c2e636f6d20455620526f6f742043657274696669
1074b6cf2	base64	636174696f6e20417574686f7269747920454343301e170d3136303231323138313532335a170d343130323132313831
1074b6d33	base64	3532335a307f310b3009060355040613025553310e300c06035504080c0554657861733110300e06035504070c07486f
1074b6d74	base64	7573746f6e31183016060355040a0c0f53534c20436f72706f726174696f6e3134303206035504030c2b53534c2e636f
1074b705e	base64	040613025553310e300c06035504080c0554657861733110300e06035504070c07486f7573746f6e3118301606035504
1074b709f	base64	0a0c0f53534c20436f72706f726174696f6e3137303506035504030c2e53534c2e636f6d20455620526f6f7420436572
1074b70e0	base64	74696669636174696f6e20417574686f7269747920525341205232301e170d3137303533313138313433375a170d3432
1074b7162	base64	035504070c07486f7573746f6e31183016060355040a0c0f53534c20436f72706f726174696f6e313730350603550403
1074b71a3	base64	0c2e53534c2e636f6d20455620526f6f742043657274696669636174696f6e20417574686f7269747920525341205232
1074b78cc	base64	5553310e300c06035504080c0554657861733110300e06035504070c07486f7573746f6e31183016060355040a0c0f53
1074b790d	base64	534c20436f72706f726174696f6e3131302f06035504030c2853534c2e636f6d20526f6f742043657274696669636174
1074b794e	base64	696f6e20417574686f7269747920454343301e170d3136303231323138313430335a170d343130323132313831343033
1074b798f	base64	5a307c310b3009060355040613025553310e300c06035504080c0554657861733110300e06035504070c07486f757374
1074b79d0	base64	6f6e31183016060355040a0c0f53534c20436f72706f726174696f6e3131302f06035504030c2853534c2e636f6d2052
1074b7ca8	base64	0613025553310e300c06035504080c0554657861733110300e06035504070c07486f7573746f6e31183016060355040a
1074b7ce9	base64	0c0f53534c20436f72706f726174696f6e3131302f06035504030c2853534c2e636f6d20526f6f742043657274696669
1074b7d2a	base64	636174696f6e20417574686f7269747920525341301e170d3136303231323137333933395a170d343130323132313733
1074b7d6b	base64	3933395a307c310b3009060355040613025553310e300c06035504080c0554657861733110300e06035504070c07486f
1074b7dac	base64	7573746f6e31183016060355040a0c0f53534c20436f72706f726174696f6e3131302f06035504030c2853534c2e636f
1074b84e9	base64	05003051310b300906035504061302504c31283026060355040a0c1f4b72616a6f776120497a626120526f7a6c69637a
1074b852a	base64	656e696f776120532e412e3118301606035504030c0f535a4146495220524f4f5420434132301e170d31353130313930
1074b856b	base64	37343333305a170d3335313031393037343333305a3051310b300906035504061302504c31283026060355040a0c1f4b
1074b85ac	base64	72616a6f776120497a626120526f7a6c69637a656e696f776120532e412e3118301606035504030c0f535a4146495220
1074b89e9	base64	3029060355040a13224a6170616e2043657274696669636174696f6e2053657276696365732c20496e632e311c301a06
1074b8a2a	base64	0355040313135365637572655369676e20526f6f7443413131301e170d3039303430383034353634375a170d32393034
1074b8a6b	base64	30383034353634375a3058310b3009060355040613024a50312b3029060355040a13224a6170616e2043657274696669
1074b8aac	base64	636174696f6e2053657276696365732c20496e632e311c301a060355040313135365637572655369676e20526f6f7443
1074b8edc	base64	310b30090603550406130255533120301e060355040a1317536563757265547275737420436f72706f726174696f6e31
1074b8f1d	base64	1730150603550403130e5365637572655472757374204341301e170d3036313130373139333131385a170d3239313233
1074b8f5e	base64	313139343035355a3048310b30090603550406130255533120301e060355040a1317536563757265547275737420436f
1074b9436	base64	310b30090603550406130255533120301e060355040a1317536563757265547275737420436f72706f726174696f6e31
1074b9477	base64	1930170603550403131053656375726520476c6f62616c204341301e170d3036313130373139343232385a170d323931
1074b94b8	base64	3233313139353230365a304a310b30090603550406130255533120301e060355040a1317536563757265547275737420
1074b99a2	base64	3023060355040a131c5345434f4d2054727573742053797374656d7320434f2e2c4c54442e31273025060355040b131e
1074b99e3	base64	536563757269747920436f6d6d756e69636174696f6e20526f6f74434132301e170d3039303532393035303033395a17
1074b9a24	base64	0d3239303532393035303033395a305d310b3009060355040613024a5031253023060355040a131c5345434f4d205472
1074b9a65	base64	7573742053797374656d7320434f2e2c4c54442e31273025060355040b131e536563757269747920436f6d6d756e6963
1074b9eb1	base64	3016060355040a130f5345434f4d2054727573742e6e657431273025060355040b131e536563757269747920436f6d6d
1074b9ef2	base64	756e69636174696f6e20526f6f74434131301e170d3033303933303034323034395a170d323330393330303432303439
1074b9f33	base64	5a3050310b3009060355040613024a5031183016060355040a130f5345434f4d2054727573742e6e6574312730250603
1074ba39d	base64	4c311e301c060355040a0c15537461617420646572204e656465726c616e64656e3129302706035504030c2053746161
1074ba3de	base64	7420646572204e656465726c616e64656e20455620526f6f74204341301e170d3130313230383131313932395a170d32
1074ba41f	base64	32313230383131313032385a3058310b3009060355040613024e4c311e301c060355040a0c1553746161742064657220
1074ba460	base64	4e656465726c616e64656e3129302706035504030c20537461617420646572204e656465726c616e64656e2045562052
1074bab51	base64	3023060355040a131c537461726669656c6420546563686e6f6c6f676965732c20496e632e31323030060355040b1329
1074bab92	base64	537461726669656c6420436c61737320322043657274696669636174696f6e20417574686f72697479301e170d303430
1074babd3	base64	3632393137333931365a170d3334303632393137333931365a3068310b30090603550406130255533125302306035504
1074bac14	base64	0a131c537461726669656c6420546563686e6f6c6f676965732c20496e632e31323030060355040b1329537461726669
1074bae9e	base64	61726669656c6420546563686e6f6c6f676965732c20496e632e31323030060355040b1329537461726669656c642043
1074bb13a	base64	10300e060355040813074172697a6f6e61311330110603550407130a53636f74747364616c6531253023060355040a13
1074bb17b	base64	1c537461726669656c6420546563686e6f6c6f676965732c20496e632e3132303006035504031329537461726669656c
1074bb1bc	base64	6420526f6f7420436572746966696361746520417574686f72697479202d204732301e170d3039303930313030303030
1074bb23e	base64	6f6e61311330110603550407130a53636f74747364616c6531253023060355040a131c537461726669656c6420546563
1074bb27f	base64	686e6f6c6f676965732c20496e632e3132303006035504031329537461726669656c6420526f6f742043657274696669
1074bb6e7	base64	10300e060355040813074172697a6f6e61311330110603550407130a53636f74747364616c6531253023060355040a13
1074bb728	base64	1c537461726669656c6420546563686e6f6c6f676965732c20496e632e313b303906035504031332537461726669656c
1074bb769	base64	6420536572766963657320526f6f7420436572746966696361746520417574686f72697479202d204732301e170d3039
1074bb7eb	base64	55040813074172697a6f6e61311330110603550407130a53636f74747364616c6531253023060355040a131c53746172
1074bb82c	base64	6669656c6420546563686e6f6c6f676965732c20496e632e313b303906035504031332537461726669656c6420536572
1074bbc91	base64	04061302434831153013060355040a130c53776973735369676e204147311f301d060355040313165377697373536967
1074bbcd2	base64	6e20476f6c64204341202d204732301e170d3036313032353038333033355a170d3336313032353038333033355a3045
1074bbd13	base64	310b300906035504061302434831153013060355040a130c53776973735369676e204147311f301d0603550403131653
1074bc4aa	base64	061302434831153013060355040a130c53776973735369676e2041473121301f0603550403131853776973735369676e
1074bc4eb	base64	2053696c766572204341202d204732301e170d3036313032353038333234365a170d3336313032353038333234365a30
1074bc52c	base64	47310b300906035504061302434831153013060355040a130c53776973735369676e2041473121301f06035504031318
1074bcccb	base64	2b3029060355040a0c22542d53797374656d7320456e746572707269736520536572766963657320476d6248311f301d
1074bcd0c	base64	060355040b0c16542d53797374656d732054727573742043656e7465723125302306035504030c1c542d54656c655365
1074bcd4d	base64	6320476c6f62616c526f6f7420436c6173732032301e170d3038313030313130343031345a170d333331303031323335
1074bcdcf	base64	69736520536572766963657320476d6248311f301d060355040b0c16542d53797374656d732054727573742043656e74
10753a0c9	base64	601041041041041041041041041041041041041041
10753a1c1	base64	601041041041041041041041041041041041041041
10753a2b4	base64	601041041041041041041041041041041041041041
10753a3aa	base64	601041041041041041041041041041041041041041
107565242	base64	2b3029060355040a0c22542d53797374656d7320456e746572707269736520536572766963657320476d6248311f301d
107565283	base64	060355040b0c16542d53797374656d732054727573742043656e7465723125302306035504030c1c542d54656c655365
1075652c4	base64	6320476c6f62616c526f6f7420436c6173732033301e170d3038313030313130323935365a170d333331303031323335
107565346	base64	69736520536572766963657320476d6248311f301d060355040b0c16542d53797374656d732054727573742043656e74
1075657ca	base64	1830160603550407130f4765627a65202d204b6f6361656c6931423040060355040a13395475726b6979652042696c69
10756580b	base64	6d73656c2076652054656b6e6f6c6f6a696b20417261737469726d61204b7572756d75202d205455424954414b312d30
10756584c	base64	2b060355040b13244b616d7520536572746966696b6173796f6e204d65726b657a69202d204b616d7520534d31363034
10756588d	base64	0603550403132d5455424954414b204b616d7520534d2053534c204b6f6b20536572746966696b617369202d20537572
10756590f	base64	13025452311830160603550407130f4765627a65202d204b6f6361656c6931423040060355040a13395475726b697965
107565950	base64	2042696c696d73656c2076652054656b6e6f6c6f6a696b20417261737469726d61204b7572756d75202d205455424954
107565991	base64	414b312d302b060355040b13244b616d7520536572746966696b6173796f6e204d65726b657a69202d204b616d752053
1075659d2	base64	4d313630340603550403132d5455424954414b204b616d7520534d2053534c204b6f6b20536572746966696b61736920
107565e0f	base64	123010060355040a130954414957414e2d43413110300e060355040b1307526f6f74204341311c301a06035504031313
107565e50	base64	5457434120476c6f62616c20526f6f74204341301e170d3132303632373036323833335a170d33303132333131353539
107565e91	base64	35395a3051310b300906035504061302545731123010060355040a130954414957414e2d43413110300e060355040b13
10756658f	base64	3010060355040a0c0954414957414e2d43413110300e060355040b0c07526f6f74204341312a302806035504030c2154
1075665d0	base64	57434120526f6f742043657274696669636174696f6e20417574686f72697479301e170d303830383238303732343333
107566611	base64	5a170d3330313233313135353935395a305f310b300906035504061302545731123010060355040a0c0954414957414e
107566652	base64	2d43413110300e060355040b0c07526f6f74204341312a302806035504030c215457434120526f6f7420436572746966
107566a9e	base64	3731143012060355040a0c0b54656c6961536f6e657261311f301d06035504030c1654656c6961536f6e65726120526f
107566adf	base64	6f74204341207631301e170d3037313031383132303035305a170d3332313031383132303035305a3037311430120603
107566b20	base64	55040a0c0b54656c6961536f6e657261311f301d06035504030c1654656c6961536f6e65726120526f6f742043412076
1075671fe	base64	55040613025041310f300d06035504080c0650616e616d613114301206035504070c0b50616e616d6120436974793124
10756723f	base64	3022060355040a0c1b5472757374436f722053797374656d7320532e20646520522e4c2e31273025060355040b0c1e54
107567280	base64	72757374436f7220436572746966696361746520417574686f726974793117301506035504030c0e5472757374436f72
107567302	base64	040613025041310f300d06035504080c0650616e616d613114301206035504070c0b50616e616d612043697479312430
107567343	base64	22060355040a0c1b5472757374436f722053797374656d7320532e20646520522e4c2e31273025060355040b0c1e5472
107567384	base64	757374436f7220436572746966696361746520417574686f726974793117301506035504030c0e5472757374436f7220
1075677ed	base64	55040613025041310f300d06035504080c0650616e616d613114301206035504070c0b50616e616d6120436974793124
10756782e	base64	3022060355040a0c1b5472757374436f722053797374656d7320532e20646520522e4c2e31273025060355040b0c1e54
10756786f	base64	72757374436f7220436572746966696361746520417574686f72697479311f301d06035504030c165472757374436f72
107567932	base64	204369747931243022060355040a0c1b5472757374436f722053797374656d7320532e20646520522e4c2e3127302506
107567973	base64	0355040b0c1e5472757374436f7220436572746966696361746520417574686f72697479311f301d06035504030c1654
107567df0	base64	040613025041310f300d06035504080c0650616e616d613114301206035504070c0b50616e616d612043697479312430
107567e31	base64	22060355040a0c1b5472757374436f722053797374656d7320532e20646520522e4c2e31273025060355040b0c1e5472
107567e72	base64	757374436f7220436572746966696361746520417574686f72697479311f301d06035504030c165472757374436f7220
107567ef4	base64	310b3009060355040613025041310f300d06035504080c0650616e616d613114301206035504070c0b50616e616d6120
107567f35	base64	4369747931243022060355040a0c1b5472757374436f722053797374656d7320532e20646520522e4c2e312730250603
107567f76	base64	55040b0c1e5472757374436f7220436572746966696361746520417574686f72697479311f301d06035504030c165472
1075686b8	base64	090603550406130255533111300f06035504080c08496c6c696e6f69733110300e06035504070c074368696361676f31
1075686f9	base64	21301f060355040a0c1854727573747761766520486f6c64696e67732c20496e632e3131302f06035504030c28547275
10756873a	base64	73747761766520476c6f62616c2043657274696669636174696f6e20417574686f72697479301e170d31373038323331
1075687bc	base64	496c6c696e6f69733110300e06035504070c074368696361676f3121301f060355040a0c185472757374776176652048
1075687fd	base64	6f6c64696e67732c20496e632e3131302f06035504030c2854727573747761766520476c6f62616c2043657274696669
107568f17	base64	550406130255533111300f06035504081308496c6c696e6f69733110300e060355040713074368696361676f3121301f
107568f58	base64	060355040a131854727573747761766520486f6c64696e67732c20496e632e313a303806035504031331547275737477
107568f99	base64	61766520476c6f62616c2045434320503235362043657274696669636174696f6e20417574686f72697479301e170d31
10756901b	base64	035504081308496c6c696e6f69733110300e060355040713074368696361676f3121301f060355040a13185472757374
10756905c	base64	7761766520486f6c64696e67732c20496e632e313a30380603550403133154727573747761766520476c6f62616c2045
1075692bf	base64	550406130255533111300f06035504081308496c6c696e6f69733110300e060355040713074368696361676f3121301f
107569300	base64	060355040a131854727573747761766520486f6c64696e67732c20496e632e313a303806035504031331547275737477
107569341	base64	61766520476c6f62616c2045434320503338342043657274696669636174696f6e20417574686f72697479301e170d31
1075693c3	base64	035504081308496c6c696e6f69733110300e060355040713074368696361676f3121301f060355040a13185472757374
107569404	base64	7761766520486f6c64696e67732c20496e632e313a30380603550403133154727573747761766520476c6f62616c2045
1075696a8	base64	310b300906035504061302434e3111300f060355040a0c08556e6954727573743125302306035504030c1c5543412045
1075696e9	base64	7874656e6465642056616c69646174696f6e20526f6f74301e170d3135303331333030303030305a170d333831323331
10756972a	base64	3030303030305a3047310b300906035504061302434e3111300f060355040a0c08556e69547275737431253023060355
107569e39	base64	310b300906035504061302434e3111300f060355040a0c08556e695472757374311b301906035504030c125543412047
107569e7a	base64	6c6f62616c20473220526f6f74301e170d3136303331313030303030305a170d3430313233313030303030305a303d31
107569ebb	base64	0b300906035504061302434e3111300f060355040a0c08556e695472757374311b301906035504030c1255434120476c
10756a5c5	base64	3009060355040613025553311330110603550408130a4e6577204a6572736579311430120603550407130b4a65727365
10756a606	base64	792043697479311e301c060355040a131554686520555345525452555354204e6574776f726b312e302c060355040313
10756a647	base64	25555345525472757374204543432043657274696669636174696f6e20417574686f72697479301e170d313030323031
10756a6c9	base64	0a4e6577204a6572736579311430120603550407130b4a65727365792043697479311e301c060355040a131554686520
10756a70a	base64	555345525452555354204e6574776f726b312e302c060355040313255553455254727573742045434320436572746966
10756a9e3	base64	727365792043697479311e301c060355040a131554686520555345525452555354204e6574776f726b312e302c060355
10756aa24	base64	04031325555345525472757374205253412043657274696669636174696f6e20417574686f72697479301e170d313030
10756aaa6	base64	0408130a4e6577204a6572736579311430120603550407130b4a65727365792043697479311e301c060355040a131554
10756aae7	base64	686520555345525452555354204e6574776f726b312e302c060355040313255553455254727573742052534120436572
10756b229	base64	3022060355040a131b5852616d7020536563757269747920536572766963657320496e63312d302b0603550403132458
10756b26a	base64	52616d7020476c6f62616c2043657274696669636174696f6e20417574686f72697479301e170d303431313031313731
10756b2ec	base64	772e7872616d7073656375726974792e636f6d31243022060355040a131b5852616d7020536563757269747920536572
10756b32d	base64	766963657320496e63312d302b060355040313245852616d7020476c6f62616c2043657274696669636174696f6e2041
10756b7e5	base64	02524f3111300f060355040a1308636572745349474e31193017060355040b1310636572745349474e20524f4f542043
10756b826	base64	41301e170d3036303730343137323030345a170d3331303730343137323030345a303b310b300906035504061302524f
10756bc94	base64	04061302524f31143012060355040a130b434552545349474e205341311c301a060355040b1313636572745349474e20
10756bcd5	base64	524f4f54204341204732301e170d3137303230363039323733355a170d3432303230363039323733355a3041310b3009
10756bd16	base64	06035504061302524f31143012060355040a130b434552545349474e205341311c301a060355040b1313636572745349
10756c410	base64	0406130248553111300f06035504070c08427564617065737431163014060355040a0c0d4d6963726f736563204c7464
10756c451	base64	2e3117301506035504610c0e56415448552d3233353834343937311e301c06035504030c15652d537a69676e6f20526f
10756c492	base64	6f742043412032303137301e170d3137303832323132303730365a170d3432303832323132303730365a3071310b3009
10756c4d3	base64	0603550406130248553111300f06035504070c08427564617065737431163014060355040a0c0d4d6963726f73656320
10756c514	base64	4c74642e3117301506035504610c0e56415448552d3233353834343937311e301c06035504030c15652d537a69676e6f
10756c780	base64	310b300906035504061302545731233021060355040a0c1a4368756e676877612054656c65636f6d20436f2e2c204c74
10756c7c1	base64	642e312a3028060355040b0c2165504b4920526f6f742043657274696669636174696f6e20417574686f72697479301e
10756c802	base64	170d3034313232303032333132375a170d3334313232303032333132375a305e310b3009060355040613025457312330
10756c843	base64	21060355040a0c1a4368756e676877612054656c65636f6d20436f2e2c204c74642e312a3028060355040b0c2165504b
10756cf8c	base64	1302555331133011060355040b130a656d5369676e20504b4931143012060355040a130b654d756468726120496e6331
10756cfcd	base64	20301e06035504031317656d5369676e2045434320526f6f74204341202d204333301e170d3138303231383138333030
10756d00e	base64	305a170d3433303231383138333030305a305a310b300906035504061302555331133011060355040b130a656d536967
10756d04f	base64	6e20504b4931143012060355040a130b654d756468726120496e633120301e06035504
107e32a8a	base64	04104104104104104104104104104104104104104104104104104104104104104104
107e32fad	base64	04104104104104104104104104104104104104104104104104104104104104104104
1091180db	hex	0000000000000111111111111111122222222222222223333333333333333444444444444444455555555555555556
1095c7336	hex	4444444444444444444444444444444444444444444444444444
1095c79a6	hex	4444444444444444444444444444444444444444444444444444
10ad6dfe3	base64	481041041041041041041041041041041041041041
10ad6e15f	base64	301041041041041041041041041041041041041041
10ad6e2db	base64	181041041041041041041041041041041041041041041041041041041041041041041041041041041041041041041041041041041041041041041041041041041041041041041041041041041041041041041041041041041041041041041041
10ad6e3e8	base64	1c1041041041041041041041041041041041041041041041041041041041041041041041041041041041041041041041041041041041041041041041041041041041041041041041041041041041041041041041041041041041041041041041
10ad6e4f5	base64	201041041041041041041041041041041041041041041041041041041041041041041041041041041041041041041041041041041041041041041041041041041041041041041041041041041041041041041041041041041041041041041041
10ad6e602	base64	241041041041041041041041041041041041041041041041041041041041041041041041041041041041041041041041041041041041041041041041041041041041041041041041041041041041041041041041041041041041041041041041
10ad6e70f	base64	281041041041041041041041041041041041041041041041041041041041041041041041041041041041041041041041041041041041041041041041041041041041041041041041041041041041041041041041041041041041041041041041
10ad6fbbe	base64	04104104104104104104104104104104104104104104104104104104104104104104104104
10ad6fcc6	base64	3810410410410410410410410410410410410410410410410410410410410410410410410410
10ad6fdcf	base64	0810410410410410410410410410410410410410410410410410410410410410410410410410
10af35aba	base64	3025060355040a131e41432043616d65726669726d61205341204349462041383237343332383731233021060355040b
10af35afb	base64	131a687474703a2f2f7777772e6368616d6265727369676e2e6f72673120301e06035504031317476c6f62616c204368
10af35b3c	base64	616d6265727369676e20526f6f74301e170d3033303933303136313431385a170d3337303933303136313431385a307d
10af35b7d	base64	310b300906035504061302455531273025060355040a131e41432043616d65726669726d612053412043494620413832
10af35bbe	base64	37343332383731233021060355040b131a687474703a2f2f7777772e6368616d6265727369676e2e6f72673120301e06
10af3735a	base64	04061302465231123010060355040a0c094468696d796f7469733111300f06035504030c084365727469676e61301e17
10af3739b	base64	0d3037303632393135313330355a170d3237303632393135313330355a3034310b300906035504061302465231123010
10af38a59	base64	5a310b300906035504061302465231123010060355040a0c094468696d796f746973311c301a060355040b0c13303030
10af38a9a	base64	322034383134363330383130303033363119301706035504030c104365727469676e6120526f6f74204341301e170d31
10af38adb	base64	33313030313038333232375a170d3333313030313038333232375a305a310b3009060355040613024652311230100603
10af38b1c	base64	55040a0c094468696d796f746973311c301a060355040b0c133030303220343831343633303831303030333631193017
10af38fae	base64	687474703a2f2f63726c2e6468696d796f7469732e636f6d2f6365727469676e61726f6f7463612e63726c300d06092a
10af3abce	base64	0906035504061302504c3121301f060355040a131841737365636f20446174612053797374656d7320532e412e312730
10af3ac0f	base64	25060355040b131e43657274756d2043657274696669636174696f6e20417574686f7269747931193017060355040313
10af3ac50	base64	1043657274756d2045432d333834204341301e170d3138303332363037323435345a170d343330333236303732343534
10af3ac91	base64	5a3074310b300906035504061302504c3121301f060355040a131841737365636f20446174612053797374656d732053
10af3acd2	base64	2e412e31273025060355040b131e43657274756d2043657274696669636174696f6e20417574686f7269747931193017
10af3ba02	base64	311b3019060355040a1312556e697a65746f2053702e207a206f2e6f2e311230100603550403130943657274756d2043
10af3ba43	base64	41301e170d3032303631313130343633395a170d3237303631313130343633395a303e310b300906035504061302504c
10af3ba84	base64	311b3019060355040a1312556e697a65746f2053702e207a206f2e6f2e311230100603550403130943657274756d2043
10af3ccd3	base64	31223020060355040a1319556e697a65746f20546563686e6f6c6f6769657320532e412e31273025060355040b131e43
10af3cd14	base64	657274756d2043657274696669636174696f6e20417574686f72697479312230200603550403131943657274756d2054
10af3cd55	base64	727573746564204e6574776f726b204341301e170d3038313032323132303733375a170d323931323331313230373337
10af3cd96	base64	5a307e310b300906035504061302504c31223020060355040a1319556e697a65746f20546563686e6f6c6f6769657320
10af3cdd7	base64	532e412e31273025060355040b131e43657274756d2043657274696669636174696f6e20417574686f72697479312230
10af47704	base64	0906035504061302555331153013060355040a130c446967694365727420496e6331193017060355040b13107777772e
10af47745	base64	64696769636572742e636f6d312430220603550403131b4469676943657274204173737572656420494420526f6f7420
10af47786	base64	4733301e170d3133303830313132303030305a170d3338303131353132303030305a3065310b30090603550406130255
10af477c7	base64	5331153013060355040a130c446967694365727420496e6331193017060355040b13107777772e64696769636572742e
10af47808	base64	636f6d312430220603550403131b4469676943657274204173737572656420494420526f6f742047333076301006072a
10af48530	base64	310b300906035504061302555331153013060355040a130c446967694365727420496e6331193017060355040b131077
10af48571	base64	77772e64696769636572742e636f6d3120301e06035504031317446967694365727420476c6f62616c20526f6f742043
10af485b2	base64	41301e170d3036313131303030303030305a170d3331313131303030303030305a3061310b3009060355040613025553
10af485f3	base64	31153013060355040a130c446967694365727420496e6331193017060355040b13107777772e64696769636572742e63
10af49aa0	base64	310b300906035504061302555331153013060355040a130c446967694365727420496e6331193017060355040b131077
10af49ae1	base64	77772e64696769636572742e636f6d3120301e06035504031317446967694365727420476c6f62616c20526f6f742047
10af49b22	base64	32301e170d3133303830313132303030305a170d3338303131353132303030305a3061310b3009060355040613025553
10af49b63	base64	31153013060355040a130c446967694365727420496e6331193017060355040b13107777772e64696769636572742e63
10af4ae80	base64	0906035504061302555331153013060355040a130c446967694365727420496e6331193017060355040b13107777772e
10af4aec1	base64	64696769636572742e636f6d3120301e06035504031317446967694365727420476c6f62616c20526f6f74204733301e
10af4af02	base64	170d3133303830313132303030305a170d3338303131353132303030305a3061310b3009060355040613025553311530
10af4af43	base64	13060355040a130c446967694365727420496e6331193017060355040b13107777772e64696769636572742e636f6d31
10af4bcb1	base64	310b300906035504061302555331153013060355040a130c446967694365727420496e6331193017060355040b131077
10af4bcf2	base64	77772e64696769636572742e636f6d312b30290603550403132244696769436572742048696768204173737572616e63
10af4bd33	base64	6520455620526f6f74204341301e170d3036313131303030303030305a170d3331313131303030303030305a306c310b
10af4bd74	base64	300906035504061302555331153013060355040a130c446967694365727420496e6331193017060355040b1310777777
10af4bdb5	base64	2e64696769636572742e636f6d312b30290603550403132244696769436572742048696768204173737572616e636520
10af4d093	base64	6164656d696320616e6420526573656172636820496e737469747574696f6e7320436572742e20417574686f72697479
10af4d0d4	base64	314430420603550403133b48656c6c656e69632041636164656d696320616e6420526573656172636820496e73746974
10af4dea0	base64	443042060355040a133b48656c6c656e69632041636164656d696320616e6420526573656172636820496e7374697475
10af4dee1	base64	74696f6e7320436572742e20417574686f726974793140303e0603550403133748656c6c656e69632041636164656d69
10af4df22	base64	6320616e6420526573656172636820496e737469747574696f6e7320526f6f7443412032303131301e170d3131313230
10af4dfa4	base64	133b48656c6c656e69632041636164656d696320616e6420526573656172636820496e737469747574696f6e73204365
10af4dfe5	base64	72742e20417574686f726974793140303e0603550403133748656c6c656e69632041636164656d696320616e64205265
10af4f727	base64	0f300d06035504071306417468656e7331443042060355040a133b48656c6c656e69632041636164656d696320616e64
10af4f768	base64	20526573656172636820496e737469747574696f6e7320436572742e20417574686f726974793140303e060355040313
10af4f7a9	base64	3748656c6c656e69632041636164656d696320616e6420526573656172636820496e737469747574696f6e7320526f6f
10af4f82b	base64	0355040613024752310f300d06035504071306417468656e7331443042060355040a133b48656c6c656e696320416361
10af4f86c	base64	64656d696320616e6420526573656172636820496e737469747574696f6e7320436572742e20417574686f7269747931
10af4f8ad	base64	40303e0603550403133748656c6c656e69632041636164656d696320616e6420526573656172636820496e7374697475
10af51776	base64	163014060355040a130d486f6e676b6f6e6720506f73743120301e06035504031317486f6e676b6f6e6720506f737420
10af517b7	base64	526f6f742043412031301e170d3033303531353035313331345a170d3233303531353034353232395a3047310b300906
10af517f8	base64	035504061302484b31163014060355040a130d486f6e676b6f6e6720506f73743120301e06035504031317486f6e676b
10af52c47	base64	0500306f310b300906035504061302484b3112301006035504081309486f6e67204b6f6e673112301006035504071309
10af52c88	base64	486f6e67204b6f6e6731163014060355040a130d486f6e676b6f6e6720506f73743120301e06035504031317486f6e67
10af52cc9	base64	6b6f6e6720506f737420526f6f742043412033301e170d3137303630333032323934365a170d34323036303330323239
10af52d0a	base64	34365a306f310b300906035504061302484b3112301006035504081309486f6e67204b6f6e6731123010060355040713
10af52d4b	base64	09486f6e67204b6f6e6731163014060355040a130d486f6e676b6f6e6720506f73743120301e06035504031317486f6e
10af54dd3	base64	4f310b300906035504061302555331293027060355040a1320496e7465726e6574205365637572697479205265736561
10af54e14	base64	7263682047726f7570311530130603550403130c4953524720526f6f74205831301e170d313530363034313130343338
10af54e55	base64	5a170d3335303630343131303433385a304f310b300906035504061302555331293027060355040a1320496e7465726e
10af54e96	base64	65742053656375726974792052657365617263682047726f7570311530130603550403130c4953524720526f6f742058
10af56e62	base64	310b300906035504061302555331123010060355040a13094964656e5472757374312730250603550403131e4964656e
10af56ea3	base64	547275737420436f6d6d65726369616c20526f6f742043412031301e170d3134303131363138313232335a170d333430
10af56ee4	base64	3131363138313232335a304a310b300906035504061302555331123010060355040a13094964656e5472757374312730
10af58edd	base64	310b300906035504061302555331123010060355040a13094964656e5472757374312a3028060355040313214964656e
10af58f1e	base64	5472757374205075626c696320536563746f7220526f6f742043412031301e170d3134303131363137353333325a170d
10af58f5f	base64	3334303131363137353333325a304d310b300906035504061302555331123010060355040a13094964656e5472757374
10b02df8f	base64	07137a71515a0c504a505b007a46514503685b5702357e62044836623d697a5a68520b104454567c5626237c0f20692e52275d35323a3f241b211e373b22196e420f366562
10b87c738	base64	500000000000000020010004000000000000000000006000000000000000000000000000000000000200000000000000000000000000000018000000000000001800000000000000000000000000000008000000000000000800000000000000
10c46d902	hex	4444444444444444444444444444444444444444
110117900	hex	444444444444444444444444444444444444444444
113685cfe	base64	68747470733a2f2f616e74612e636f6d2e766e2f
113685fd4	base64	68747470733a2f2f6b6d2e706861726d61636974792e766e2f3378436a2f637575797a716d6a
1136b3dfe	base64	07137a71515a0c504a505b007a46514503685b5702357e62044836623d697a5a68520b104454567c5626237c0f20692e52275d35323a3f241b211e373b22196e420f366562
1136b6ee2	base64	07137a71515a0c504a505b007a46514503685b5702357e62044836623d697a5a68520b104454567c5626237c0f20692e52275d35323a3f241b211e373b22196e420f366562
113721c06	base64	07137a71515a0c504a505b007a46514503685b5702357e62044836623d697a5a68520b104454567c5626237c0f20692e52275d35323a3f241b211e373b22196e420f366562
113724d1a	base64	07137a71515a0c504a505b007a46514503685b5702357e62044836623d697a5a68520b104454567c5626237c0f20692e52275d35323a3f241b211e373b22196e420f366562
11372aac2	base64	07137a71515a0c504a505b007a46514503685b5702357e62044836623d697a5a68520b104454567c5626237c0f20692e52275d35323a3f241b211e373b22196e420f366562
11374524e	base64	07137a71515a0c504a505b007a46514503685b5702357e62044836623d697a5a68520b104454567c5626237c0f20692e52275d35323a3f241b211e373b22196e420f366562
11383e24e	base64	07137a71515a0c504a505b007a46514503685b5702357e62044836623d697a5a68520b104454567c5626237c0f20692e52275d35323a3f241b211e373b22196e420f366562
114ef428a	base64	07137a71515a0c504a505b007a46514503685b5702357e62044836623d697a5a68520b104454567c5626237c0f20692e52275d35323a3f241b211e373b22196e420f366562
11548f534	base64	4d45145145145145145145145145145145145145145145145145145145145145145145145145145145145145
11548f57c	base64	51451451451451451451451451451451451451451451451451451451451451451451451451451451451451451a
11548f5c3	base64	014514514514514514514514514514514514514514514514514514514514514514514514514514514514514514
115c4de14	base64	07137a71515a0c504a505b007a46514503685b5702357e62044836623d697a5a68520b104454567c5626237c0f20692e52275d35323a3f241b211e373b22196e420f366562
116075a1c	base64	0410410410410410410410410410410410410410410410410410410410410410410410410410410410410410
116076ba0	hex	000000000000444444444444444444444444444444
116076bdc	hex	66666666666666666666666666666666666666666666
116076ddc	base64	145145145145145145145145145145145145145145145145145145145145145145145145145145145145145145145145
116b16b78	base64	500000000000000020010004000000000000000000006000000000000000000000000000000000000200000000000000000000000000000018000000000000001800000000000000000000000000000008000000000000000800000000000000
11a389837	base64	541041041041041041041041041041041041041041041041041041
11a389927	base64	501041041041041041041041041041041041041041041041041041
11a389a17	base64	4c1041041041041041041041041041041041041041041041041041
11a389b0a	base64	481041041041041041041041041041041041041041041041041041
11a389bfd	base64	441041041041041041041041041041041041041041041041041041
11a38ba85	base64	04104104104104104104104104104104104104104104104104104104104104104104
11a38bfa8	base64	04104104104104104104104104104104104104104104104104104104104104104104
11a39dc62	base64	6c1041041041041041041041041041041041041041041041041041041041041041041041041041041041041041041041041041041041041041041041041041041041041041041041041041
11a39defe	base64	781041041041041041041041041041041041041041041041041041041041041041041041041041041041041041041041041041041041041041041041041041041041041041041041041041041041041041
11a39e051	base64	781041041041041041041041041041041041041041041041041041041041041041041041041041041041041041041041041041041041041041041041041041041041041041041041041041041041041041
11a39e1a4	base64	781041041041041041041041041041041041041041041041041041041041041041041041041041041041041041041041041041041041041041041041041041041041041041041041041041041041041041
11a3a3bda	base64	6410410410410410410410410410410410410410410410
11a3a3cb1	base64	6410410410410410410410410410410410410410410410
11a3a3d88	base64	6410410410410410410410410410410410410410410410
11a3a3e5f	base64	6410410410410410410410410410410410410410410410
11a3a3f37	base64	6410410410410410410410410410410410410410410410
11a3c395d	base64	04104104104104104104104104104104104104104104104104104104
11a3c3a1a	base64	04104104104104104104104104104104104104104104104104104104
11a3c3ad4	base64	04104104104104104104104104104104104104104104104104104104
11a3d072c	base64	0410410410410410410410410410410410410410410410410410410410
11a3d07ef	base64	0410410410410410410410410410410410410410410410410410410410
11a3d4bce	base64	041041041041041041041041041041041041041041041041041041041041041041041041041041041041041041041041041041041041041041041041041041041041041041041041041041041041041041041041041041041041041041041041
11a3d4da5	base64	2810410410410410410410410410410410410411010410
11a4606ca	base64	0410410410410410410410410410410410410410410410410410410410410410410410410410410410410410410410410410410410410410410410410410410410410410410410410410410410410410410410410410
11a460820	base64	2c10410410410410410410410410410410410410410410410410410410410410410410410410410410410410410410410410410410410410410410410410410410410410410410410410410410410410410410410410
11a5abe70	base64	05650104104104104104104104104104104104104104104104160104104104104104104104104104104104104104104104104104104b
11a5abf8f	base64	05650104104104104104104104104104104104104104104104160104104104104104104104104104104104104104104104104104104b
11a5ac0ae	base64	05650104104104104104104104104104104104104104104104160104104104104104104104104104104104104104104104104104104b
11a5ac1cd	base64	05650104104104104104104104104104104104104104104104160104104104104104104104104104104104104104104104104104104b
11a5ac2ec	base64	05650104104104104104104104104104104104104104104104160104104104104104104104104104104104104104104104104104104b
11a5f7568	base64	0840410410410410410410410410410410410410410410
11a5f762d	base64	1020410410410410410410410410410410410410410410
11a5f8994	base64	0410410410410410410410410410410410410410410410
11a5f8a6b	base64	0410410410410410410410410410410410410410410410
11a5f8b43	base64	0410410410410410410410410410410410410410410410
11a5f8c18	base64	0410410410410410410410410410410410410410410410
11a5f8cef	base64	0410410410410410410410410410410410410410410410
11a5f8dc9	base64	2c1041041041041041041041041041041041041041041041041041041041041041041041
11a5f8ea0	base64	04104104104104104104104104104104104104104104104104104104104104104104104104104104104104104104
11a63dc21	base64	08104104104104104104104104104104104104104104104104104104
11a63dda1	base64	30104104104104104104104104104104104104104104104104104104
11a63df21	base64	58104104104104104104104104104104104104104104104104104104
11a649d57	base64	04104104104104104104104104104104104104104104104104104104104104104104
11a649e45	base64	04104104104104104104104104104104104104104104104104104104104104104104
11a649f31	base64	04104104104104104104104104104104104104104104104104104104104104104104
11a64a01f	base64	04104104104104104104104104104104104104104104104104104104104104104104
11a64a10b	base64	04104104104104104104104104104104104104104104104104104104104104104104
11a64a1f9	base64	04104104104104104104104104104104104104104104104104104104104104104104
11a64a2e5	base64	04104104104104104104104104104104104104104104104104104104104104104104
11a64a3d3	base64	04104104104104104104104104104104104104104104104104104104104104104104
11a64a4bf	base64	101041041041041041041041041041041041041041041041041041041041041041041041
11a64a5ad	base64	101041041041041041041041041041041041041041041041041041041041041041041041
11a64b3f6	base64	701041041041041041041041041041041041041041
11a64b522	base64	701041041041041041041041041041041041041041
11a64c86d	base64	4c104104104104104104104208104104104104104104104104204104
11a64c9e1	base64	4c104104104104104104104208104104104104104104104104204104
11a64cb55	base64	4c104104104104104104104208104104104104104104104104204104
11a6524a1	base64	24161805204104104104104a1c104104104e041041041041041041041064041041381041201041
11a6525fe	base64	24161805204104104104104a1c104104104e041041041041041041041064041041381041201041
11a65275b	base64	24161805204104104104104a1c104104104e041041041041041041041064041041381041201041
11a6528b8	base64	24161805204104104104104a1c104104104e041041041041041041041064041041381041201041
11a652a15	base64	24161805204104104104104a1c104104104e041041041041041041041064041041381041201041
11a652b72	base64	24161805204104104104104a1c104104104e041041041041041041041064041041381041201041
11a652ccf	base64	24161805204104104104104a1c104104104e041041041041041041041064041041381041201041
11a652e2d	base64	24161805204104104104104a1c104104104e041041041041041041041064041041381041201041
11a652f93	base64	24161805204104104104104a1c104104104e041041041041041041041064041041381041201041
11a6530f9	base64	24161805204104104104104a1c104104104e041041041041041041041064041041381041201041
11a65314b	base64	4c104104104104104104104208104104104104104104104104204104
11a653258	base64	24161805204104104104104a1c104104104e041041041041041041041064041041381041201041
11a6532aa	base64	4c104104104104104104104208104104104104104104104104204104
11a6533b6	base64	24161805204104104104104a1c104104104e041041041041041041041064041041381041201041
11a653408	base64	4c104104104104104104104208104104104104104104104104204104
11a65359a	base64	0410410410410410410410410410410410410410410410
11a6538a9	base64	24161805204104104104104a1c104104104e041041041041041041041064041041381041201041
11a653a54	base64	4c104104104104104104104208104104104104104104104104204104
11a653be1	base64	0410410410410410410410410410410410410410410410410410410410410410410410410410410410410410410410410410
11a653d37	base64	0410410410410410410410410410410410410410410410410410410410410410410410410410410410410410410410410410
11a653e8b	base64	0410410410410410410410410410410410410410410410410410410410410410410410410410410410410410410410410410
11a653fe0	base64	0410410410410410410410410410410410410410410410410410410410410410410410410410410410410410410410410410
11a65415a	base64	6010410410410410410410410410410410410410410410410410410410410410410410410410410410410410410410410410410410410410
11a6e2635	base64	0c1041041041041041041041041041041041041041041041041041041041041041041041041041041041041041041041041041041041
11a6e2791	base64	0c1041041041041041041041041041041041041041041041041041041041041041041041041041041041041041041041041041041041
11a6e28eb	base64	0c1041041041041041041041041041041041041041041041041041041041041041041041041041041041041041041041041041041041
11a6e2a47	base64	0c1041041041041041041041041041041041041041041041041041041041041041041041041041041041041041041041041041041041
11a6e2ba1	base64	0c1041041041041041041041041041041041041041041041041041041041041041041041041041041041041041041041041041041041
11a6e2cfd	base64	0c1041041041041041041041041041041041041041041041041041041041041041041041041041041041041041041041041041041041
11a6e2e57	base64	0c1041041041041041041041041041041041041041041041041041041041041041041041041041041041041041041041041041041041
11a6e2fb3	base64	0c1041041041041041041041041041041041041041041041041041041041041041041041041041041041041041041041041041041041
11a6e310d	base64	0c1041041041041041041041041041041041041041041041041041041041041041041041041041041041041041041041041041041041
11a6e3269	base64	0c1041041041041041041041041041041041041041041041041041041041041041041041041041041041041041041041041041041041
11a6e5675	base64	60104104104104104104104104104104104104104104104104104104104104104104104104104104104104104104104104104104104104104104104104104104104104
11a6e57d0	base64	60104104104104104104104104104104104104104104104104104104104104104104104104104104104104104104104104104104104104104104104104104104104104
11a6e5928	base64	60104104104104104104104104104104104104104104104104104104104104104104104104104104104104104104104104104104104104104104104104104104104104
11a6e5a80	base64	60104104104104104104104104104104104104104104104104104104104104104104104104104104104104104104104104104104104104104104104104104104104104
11a6e718e	base64	14204104104104104104104108104104104104631310
11a6e72e9	base64	1420410410410410410410410810410410410462434c40
11a6e7449	base64	1420410410410410410410410810410410410462434c40
11a6e75a9	base64	1420410410410410410410410810410410410462434c40
11a6e7709	base64	1420410410410410410410410810410410410462434c40
11a6e95fd	base64	101041041041041041041041041041041041041041041041
11a6e961f	base64	281041041041041041041041041041041041041041041041041041041041
11a6e9719	base64	101041041041041041041041041041041041041041041041
11a6e973b	base64	281041041041041041041041041041041041041041041041041041041041
11a6e9836	base64	101041041041041041041041041041041041041041041041
11a6e9858	base64	281041041041041041041041041041041041041041041041041041041041
11a6ec86f	base64	4010410410410410410410410410410410410410
11a6f2c69	base64	7010410410410410410410410410410410410410410410410410
11a6f2ca2	base64	0c10410410410410410410410410410410410410
11a721889	base64	0410410410410410410410410410410410410410
11a7227db	base64	481041041041041041041041041041041041041041041041
11a7240e6	base64	0410410410410410410410410410410410410410410410410410410410410410410410
11a72420e	base64	3010410410410410410410410410410410410410410410410410410410410410410410410410410410410410410410410410410410
11a724279	base64	7c404104104104104104104104104104104104104104104104104104104104104104
11a72a74d	base64	64104104104104104104104104104104104104104104104104104104104104104104104104104104104104104104104104104104104104104104104104104104104104104104104104104104104104104104104104104104104104104104104104104104104104104104104104
11d0cf830	base64	500000000000000020010004000000000000000000006000000000000000000000000000000000000200000000000000000000000000000018000000000000001800000000000000000000000000000008000000000000000800000000000000
11d0cf970	base64	50000000000000002001000400000000000000000000600000000000000000000000000000000000
11d0cfa10	base64	500000000000000020010004000000000000000000006000000000000000000000000000000000000200000000000000000000000000000018000000000000001800000000000000000000000000000008000000000000000800000000000000
11d0cfab0	base64	500000000000000020010004000000000000000000006000000000000000000000000000000000000200000000000000000000000000000018000000000000001800000000000000000000000000000008000000000000000800000000000000
11d0cfb50	base64	500000000000000020010004000000000000000000006000000000000000000000000000000000000200000000000000000000000000000018000000000000001800000000000000000000000000000008000000000000000800000000000000
11dd68dcf	base64	68747470733a2f2f616e74612e636f6d2e766e2f
11e34fbe6	hex	4444444444444444444444444444444444444444444444444444
11e350006	hex	4444444444444444444444444444444444444444444444444444
123b85ccf	hex	0000000000000111111111111111122222222222
124c49a7e	base64	4d45145145145145145145145145145145145145145145145145145145145145145144
124c4d454	base64	41451451451451451451451451451451451451451451451451451450
129012040	base64	60104104104104104104104104104104104104104104104104104104104104104104104104104104104104104104
1290486b1	base64	0410410410410410410410410410410410410410410410410410410410410410410410410410410410410410
129049b4a	base64	0c10410410410410410410410410410410410410410410410410
12905565e	base64	0410410410410410410410410410410410410410410410410410410410410410410410410410410410410410
12905860f	base64	0410410410410410410410410410410410410410410410410410410410410410410410410410410410410410
12905b5b2	base64	0410410410410410410410410410410410410410410410410410410410410410410410410410410410410410
12905c37a	base64	1c1041041041041041041041041041041041041041041041041041041041041041041041041041041041041041041041041041041041041041041041041041041041041041041041041041041041041041041041041041
12905e573	base64	0410410410410410410410410410410410410410410410410410410410410410410410410410410410410410
129061431	base64	2c10410410410410410410410410410410410410410410410410410410410410410410410410410410410410410410410410410410410410410410410410410410
129062350	base64	041041041041041041041041041041041041041041041041041041041041041041041041041041041041041041041041041041041041041041041041041041041041041041041041041041041041041041041041041041041041041041041041041041041041041041
129064352	base64	2c1041041041041041041041041041041041041041041041041041041041041041041041041041041041041041041041041041041041041041041041041041041041
129067275	base64	2c1041041041041041041041041041041041041041041041041041041041041041041041041041041041041041041041041041041041041041041041041041041041
12906a19e	base64	2c1041041041041041041041041041041041041041041041041041041041041041041041041041041041041041041041041041041041041041041041041041041041
12906b0bf	base64	2410410410410410410410410410410410410410410410410410410410410410410410410410410410410410410410410410410410410410410410410410410410410410410410410410410410410410410410410410410410410410
12906b636	base64	44104104104104104104104104104104104104104104104104104104104104104104104104104104104104104104104104104104104104104104104104104104104104104104104104104104104104104104104104104104104104104104104104104104104104104104104104104104
12906e6d3	base64	7c104104104104104104104104104104104104104104
12906e7d7	base64	7c104104104104104104104104104104104104104104
12906e8db	base64	7c104104104104104104104104104104104104104104
12906e9df	base64	7c104104104104104104104104104104104104104104
12910c0c3	base64	40104104104104104104104104104104104104104104104104104104104104104104104104104104104104104104104104104104104104104104104104104104104104104104104104104104104104104104104104104104104104104104104104
129110d58	base64	18104104104104104104104104104104104104104104104104104104104104104104104104104104104104104104
129113b8f	base64	2c10410410410410410410410410410410410410410410410410410410410410410410410410410410410410410410410410410410410410410410410410410410
129113be9	base64	1410410410410410410410410410410410410410410410410410410410410410410410410410410410410410410410410410410410410410410410410410410410410410410410410410410410410410
12911504a	base64	7010410410410410410410410410410410410410410410410410410410410410410410410410410410410410410410410410410410410410410410410410410410410410410410410410410410410410410410410410410410410410410410410410
129116aba	base64	2c1041041041041041041041041041041041041041041041041041041041041041041041041041041041041041041041041041041041041041041041041041041041
129116b15	base64	1010410410410410410410410410410410410410410410410410410410410410410410410410410410410410410410410410410410410410410410410410410410410410410410410410410410410410
1291199e6	base64	2c1041041041041041041041041041041041041041041041041041041041041041041041041041041041041041041041041041041041041041041041041041041041
12982d8b2	hex	0000000000000000000000000000000000000000000000000000000000000000
129e70977	base64	14104104104104104104104104104104104104104104
129e70fb8	base64	04104104104104104104104104104104104104104104104104104104104104104104104104104104104104
129e711bb	base64	04104104104104104104104104104104104104104104104104104104104104104104104104104104104104
129ea45a9	base64	7410410410410410410410410410410410410410410410410410410410410410410410410410410410410410
129ea45e6	base64	48104104104104104104104104104104104104104104104104104104104104104104104104104104104104104104104104104104104104104104104104104104104104
129ea4711	base64	7410410410410410410410410410410410410410410410410410410410410410410410410410410410410410
129ea474e	base64	48104104104104104104104104104104104104104104104104104104104104104104104104104104104104104104104104104104104104104104104104104104104104
129ea4879	base64	7410410410410410410410410410410410410410410410410410410410410410410410410410410410410410
129ea48b6	base64	48104104104104104104104104104104104104104104104104104104104104104104104104104104104104104104104104104104104104104104104104104104104104
129ea49e1	base64	7410410410410410410410410410410410410410410410410410410410410410410410410410410410410410
129ea4a1e	base64	48104104104104104104104104104104104104104104104104104104104104104104104104104104104104104104104104104104104104104104104104104104104104
129ea4df8	base64	5410410410410410410410410410410410410410410410410410410410410410410410410410410410410410
129ea4ed8	base64	5410410410410410410410410410410410410410410410410410410410410410410410410410410410410410
129ea4fb8	base64	5410410410410410410410410410410410410410410410410410410410410410410410410410410410410410
129ea5096	base64	5410410410410410410410410410410410410410410410410410410410410410410410410410410410410410
129ec9d5a	base64	501041041042041041041041041041041041041041041041
129ec9e37	base64	501041041042041041041041041041041041041041041041
129ec9f14	base64	501041041042041041041041041041041041041041041041
129ec9ff1	base64	501041041042041041041041041041041041041041041041
129eca0ce	base64	501041041042041041041041041041041041041041041041
129edf9be	base64	0810410410410410410410410410410410410410410410410410410410410410410410
129edfc8f	base64	3c1041041041041041041041041041041041041041041041
129f08b95	base64	0c10410410410410410410410410410410410410410410410410410410410410410410410410410410
129f08c7e	base64	0c10410410410410410410410410410410410410410410410410410410410410410410410410410410
129f08d67	base64	0c10410410410410410410410410410410410410410410410410410410410410410410410410410410
129f08e4f	base64	0c10410410410410410410410410410410410410410410410410410410410410410410410410410410
129f0f1e2	base64	2c10410410410410410410410410410410410410410410410410410410410410410410410410410410
129f0f2da	base64	2c10410410410410410410410410410410410410410410410410410410410410410410410410410410
129f0f3d2	base64	2c10410410410410410410410410410410410410410410410410410410410410410410410410410410
129f0f4ca	base64	2c10410410410410410410410410410410410410410410410410410410410410410410410410410410
129f27e42	base64	2c10410410410410410410410410410410410410410410410410410410410410410410410410410410
129f27f3d	base64	2c10410410410410410410410410410410410410410410410410410410410410410410410410410410
129f3d4f5	base64	10104104104104104104104104104104104104104104104104
129f3d63b	base64	10104104104104104104104104104104104104104104104104
129f3d781	base64	10104104104104104104104104104104104104104104104104
129f3d8c7	base64	10104104104104104104104104104104104104104104104104
129f3da0d	base64	10104104104104104104104104104104104104104104104104
129f56b5d	base64	58104104104104104104104104104104104104104104104104104104104104104104104104104104104104104104104104104104104104104104104104104104104104104104
129f56c80	base64	58104104104104104104104104104104104104104104104104104104104104104104104104104104104104104104104104104104104104104104104104104104104104104104
129f56da2	base64	58104104104104104104104104104104104104104104104104104104104104104104104104104104104104104104104104104104104104104104104104104104104104104104
129f5d417	base64	441041041041041041041041041041041041041041041041
129f5d4de	base64	441041041041041041041041041041041041041041041041
129f5d5a5	base64	441041041041041041041041041041041041041041041041
129f5dad1	base64	4c1041041041041041041041041041041041041041041041
129f5db96	base64	4c1041041041041041041041041041041041041041041041
129f5dc5b	base64	4c1041041041041041041041041041041041041041041041
129f5df5f	base64	0410410410410410410410410410410410410410410410
129f5e023	base64	0410410410410410410410410410410410410410410410
129f5e0e7	base64	0410410410410410410410410410410410410410410410
129f5e5e0	base64	0410410410410410410410410410410410410410410410
129f5e6a8	base64	0410410410410410410410410410410410410410410410
129f5e770	base64	0410410410410410410410410410410410410410410410
129f5ea7c	base64	0410410410410410410410410410410410410410410410
129f5eb3e	base64	0410410410410410410410410410410410410410410410
129f5ec00	base64	0410410410410410410410410410410410410410410410
129f5f09c	base64	6c1041041041041041041041041041041041041041041041
129f5f160	base64	6c1041041041041041041041041041041041041041041041
129f5f224	base64	6c1041041041041041041041041041041041041041041041
129f5f2e4	base64	041041041041041041041041041041041041041041041041
129f5f3ab	base64	041041041041041041041041041041041041041041041041
129f5f472	base64	041041041041041041041041041041041041041041041041
129f5f911	base64	7c1041041041041041041041041041041041041041041041
129f5f9d3	base64	7c1041041041041041041041041041041041041041041041
129f5fa95	base64	7c1041041041041041041041041041041041041041041041
129f5fb53	base64	141041041041041041041041041041041041041041041041
129f5fc18	base64	141041041041041041041041041041041041041041041041
129f5fcdd	base64	141041041041041041041041041041041041041041041041
129f5fd9e	base64	7c1041041041041041041041041041041041041041041041
129f5fe5d	base64	7c1041041041041041041041041041041041041041041041
129f5ff1c	base64	7c1041041041041041041041041041041041041041041041
129f5ffd7	base64	141041041041041041041041041041041041041041041041
129f60099	base64	141041041041041041041041041041041041041041041041
129f6015b	base64	141041041041041041041041041041041041041041041041
129f6081f	base64	201041041041041041041041041041041041041041041041
129f608e8	base64	201041041041041041041041041041041041041041041041
129f609b1	base64	201041041041041041041041041041041041041041041041
129f61840	base64	1810410410410410410410410410410410410410410410
129f61907	base64	1810410410410410410410410410410410410410410410
129f619ce	base64	1810410410410410410410410410410410410410410410
129f61e8e	base64	141041041041041041041041041041041041041041041041
129f61f50	base64	141041041041041041041041041041041041041041041041
129f62012	base64	141041041041041041041041041041041041041041041041
129f620d0	base64	7c1041041041041041041041041041041041041041041041
129f62195	base64	7c1041041041041041041041041041041041041041041041
129f6225a	base64	7c1041041041041041041041041041041041041041041041
129f6231b	base64	141041041041041041041041041041041041041041041041
129f623de	base64	141041041041041041041041041041041041041041041041
129f624a1	base64	141041041041041041041041041041041041041041041041
129f62560	base64	7c1041041041041041041041041041041041041041041041
129f62626	base64	7c1041041041041041041041041041041041041041041041
129f626ec	base64	7c1041041041041041041041041041041041041041041041
129f629a5	base64	341041041041041041041041041041041041041041041041
129f62a65	base64	341041041041041041041041041041041041041041041041
129f62b25	base64	341041041041041041041041041041041041041041041041
129f631e1	base64	401041041041041041041041041041041041041041041041
129f632a6	base64	401041041041041041041041041041041041041041041041
129f6336b	base64	401041041041041041041041041041041041041041041041
129f638ce	base64	0410410410410410410410410410410410410410410410
129f63994	base64	0410410410410410410410410410410410410410410410
129f63a5a	base64	0410410410410410410410410410410410410410410410
129f63d22	base64	0410410410410410410410410410410410410410410410
129f63de5	base64	0410410410410410410410410410410410410410410410
129f63ea8	base64	0410410410410410410410410410410410410410410410
129f63f67	base64	0410410410410410410410410410410410410410410410
129f64027	base64	0410410410410410410410410410410410410410410410
129f640e7	base64	0410410410410410410410410410410410410410410410
129f643a5	base64	201041041041041041041041041041041041041041041041
129f64466	base64	201041041041041041041041041041041041041041041041
129f64527	base64	201041041041041041041041041041041041041041041041
12a006c38	base64	181041041041041041041041041041041041041041041041041041041041041041041041041041041041041041041041041041041041
12a006d5e	base64	181041041041041041041041041041041041041041041041041041041041041041041041041041041041041041041041041041041041
12a006e81	base64	181041041041041041041041041041041041041041041041041041041041041041041041041041041041041041041041041041041041
12a006fa7	base64	181041041041041041041041041041041041041041041041041041041041041041041041041041041041041041041041041041041041
12a0070ca	base64	181041041041041041041041041041041041041041041041041041041041041041041041041041041041041041041041041041041041
12a0071f0	base64	181041041041041041041041041041041041041041041041041041041041041041041041041041041041041041041041041041041041
12a007313	base64	181041041041041041041041041041041041041041041041041041041041041041041041041041041041041041041041041041041041
12a007439	base64	181041041041041041041041041041041041041041041041041041041041041041041041041041041041041041041041041041041041
12a00755c	base64	181041041041041041041041041041041041041041041041041041041041041041041041041041041041041041041041041041041041
12a007682	base64	181041041041041041041041041041041041041041041041041041041041041041041041041041041041041041041041041041041041
12a00c0a3	base64	601041041041041041041041041041041041041041
12a00c19b	base64	601041041041041041041041041041041041041041
12a00c28e	base64	601041041041041041041041041041041041041041
12a00c384	base64	601041041041041041041041041041041041041041
12a017dae	base64	6410410410410410410410410410410410410410
12a017ee2	base64	5410410410410410410410410410410410410410410410
12a0552e9	base64	2c1041041041041041041041041041041041041041041041041041041041
12a0553e0	base64	2c1041041041041041041041041041041041041041041041041041041041
12a0554d9	base64	2c1041041041041041041041041041041041041041041041041041041041
12a055c72	base64	6010410410410410410410410410410410410410410410410410410410410410
12a055d78	base64	6010410410410410410410410410410410410410410410410410410410410410
12a055e7e	base64	6010410410410410410410410410410410410410410410410410410410410410
12a055f84	base64	6010410410410410410410410410410410410410410410410410410410410410
12a056085	base64	04104104104104104104104104104104104104104104
12a056164	base64	04104104104104104104104104104104104104104104
12a056245	base64	04104104104104104104104104104104104104104104
12a0992a1	base64	4c10410410410410410410410410410410410410410410410410410410410410410410410410410410
12a099434	base64	4c10410410410410410410410410410410410410410410410410410410410410410410410410410410
12a0b15e4	base64	0c1041041041041041041041041041041041041041041041041041041041
12a0b16f1	base64	0c1041041041041041041041041041041041041041041041041041041041
12a0b17fe	base64	0c1041041041041041041041041041041041041041041041041041041041
12a0e7e35	base64	041041041041041041041041041041041041041041041041041041041041041041041041041041041041041041041041041041041041041041041041041041041041041041041041041041041041041041041041041041
12a0e9e9a	base64	0c104104104104104104104104104104104104104104104104104104104104104104104104104104104104104104104104104104
12a0e9f7d	base64	20104104104104104104104104104104104104104104104104104104104104104104104104104104104104104104104104104104
12a0ea060	base64	34104104104104104104104104104104104104104104104104104104104104104104104104104104104104104104104104104104
12a0ea143	base64	48104104104104104104104104104104104104104104104104104104104104104104104104104104104104104104104104104104
12a0ea226	base64	5c104104104104104104104104104104104104104104104104104104104104104104104104104104104104104104104104104104
12a0eca88	base64	44104104104104104104104104104104104104104104104104104104104104104104104104104104104104104104104104104104104104104104104104104104104104104104104104104104104104104104104104104104104104104104104104104104104104104104104104
12a0ecba7	base64	78104104104104104104104104104104104104104104104104104104104104104104104104104104104104104104104104104104104104104104104104104104104104104104104104104104104104104104104104104104104104104104104104104104104104104104104104
12a0ecde5	base64	28104104104104104104104104104104104104104104104104104104104104104104104104104104104104104104104104104104104104104104104104104104104104104104104104104104104104104104104104104104104104104104104104104104104104104104104104
12a0ed3eb	base64	6810410410410410410410410410410410410410410410410410410410410410410410410410410410410410410410
12a0ed4c8	base64	04104104104104104104104104104104104104104104104104104104104104104104104104104104104104104104
12a0ed680	base64	04104104104104104104104104104104104104104104104104104104104104104104104104104104104104104104
12a0ed75c	base64	04104104104104104104104104104104104104104104104104104104104104104104104104104104104104104104
12a0ee7d9	base64	28104104104104104104104104104104104104104104104104104104104104104104104104104104104104104104104104104104104104104104104104104104104104104104
12a0ee997	base64	20104104104104104104104104104104104104104104104104104104104104104104104104104104104104104104104104104104104104104104104104104104104104104104
12a0eeb55	base64	18104104104104104104104104104104104104104104104104104104104104104104104104104104104104104104104104104104104104104104104104104104104104104104
12a0ef509	base64	0410410410410410410410410410410410410410410410410410410410410410410410410410410410410410410410410410410410410410410410410410410410410410410410410410410410410410410410
12a0ef796	base64	6c1041041041041041041041041041041041041041041041041041041041041041041041041041041041041041041041041041041041041041041041041041041041041041041041041041041041041041041041
12a0ef8dd	base64	481041041041041041041041041041041041041041041041041041041041041041041041041041041041041041041041041041041041041041041041041041041041041041041041041041041041041041041041
12a0efa24	base64	0c1041041041041041041041041041041041041041041041041041041041041041041041041041041041041041041041041041041041041041041041041041041041041041041041041041041041041041041041
12a0f32ce	base64	2c1041041041041041041041041041041041041041041041041041041041041041041041041041041041041041041041041041041041041041041041041041041041041041041041041041041041041041041041041041041041041041041041041041041041041041041041041041041041041041
12a0f3408	base64	2c1041041041041041041041041041041041041041041041041041041041041041041041041041041041041041041041041041041041041041041041041041041041041041041041041041041041041041041041041041041041041041041041041041041041041041041041041041041041041041
12a0f3542	base64	2c1041041041041041041041041041041041041041041041041041041041041041041041041041041041041041041041041041041041041041041041041041041041041041041041041041041041041041041041041041041041041041041041041041041041041041041041041041041041041041
12a0f367c	base64	2c1041041041041041041041041041041041041041041041041041041041041041041041041041041041041041041041041041041041041041041041041041041041041041041041041041041041041041041041041041041041041041041041041041041041041041041041041041041041041041
12a0f37b6	base64	2c1041041041041041041041041041041041041041041041041041041041041041041041041041041041041041041041041041041041041041041041041041041041041041041041041041041041041041041041041041041041041041041041041041041041041041041041041041041041041041
12a0f3c01	base64	201041041041041041041041041041041041041041041041041041041041041041041041041041041041041041041041041041041041041041041041
12a0f3cd5	base64	641041041041041041041041041041041041041041041041041041041041041041041041041041041041041041041041041041041041041041041041
12a0f3e7e	base64	0410410410410410410410410410410410410410410410410410410410410410410410410410410410410410410410410410410410410410410410
12a0f3f51	base64	301041041041041041041041041041041041041041041041041041041041041041041041041041041041041041041041041041041041041041041041
12a0f8950	base64	30104104104104104104104104104104104104104104104104104104104104104104104104104104104104104104104104104104104104104104104104104104104104104104104104104104104104104104104104104104104104104104104104104104104104104104
12a0f9b60	base64	3c104104104104104104104104104104104104104104104104104104104104104104104104
12a0f9c3f	base64	08104104104104104104104104104104104104104104104104104104104104104104104104
12a0faae8	base64	7410410410410410410410410410410410410410410410410410410410410410410410410410410410410410
12a0fac92	base64	6410410410410410410410410410410410410410410410410410410410410410410410410410410410410410
12a0fc389	base64	6410410410410410410410410410410410410410410410410410410410410410
12a0fc45c	base64	1410410410410410410410410410410410410410410410410410410410410410
12a0fc603	base64	04104104104104104104104104104104104104104104104104104104104104
12a133679	base64	2810410410410410410410410410410410410410
12a133758	base64	2810410410410410410410410410410410410410
12a133837	base64	2810410410410410410410410410410410410410
12a133916	base64	2810410410410410410410410410410410410410
12a1339f5	base64	2810410410410410410410410410410410410410
12a137b82	base64	18104104104104104104104104104104104104104104104104104104104104104104104104104104104104104104104104104104
12a137c80	base64	34104104104104104104104104104104104104104104104104104104104104104104104104104104104104104104104104104104
12a137d7e	base64	50104104104104104104104104104104104104104104104104104104104104104104104104104104104104104104104104104104
12a141415	base64	0c10410410410410410410410410410410410410
12a14163d	base64	5c10410410410410410410410410410410410410
12a142b25	base64	50104104104104104104104104104104104104104104104104104104104104104104104104104104
12a142c0e	base64	2c104104104104104104104104104104104104104104104104104104104104104104104104104104
12a142cf7	base64	08104104104104104104104104104104104104104104104104104104104104104104104104104104
12a143bf2	base64	0410410410410410410410410410410410410410
12a143d79	base64	541041041041041041041041041041041041041041
12a143f01	base64	3c1041041041041041041041041041041041041041
12a1445b9	base64	1c104104104104104104104104104104104104104104104104104104104104104104104104104104104104104104104104104104104104104104104104104104104104104104104104104104104104104104104104104104104104104104104104104104104104
12a1446e7	base64	48104104104104104104104104104104104104104104104104104104104104104104104104104104104104104104104104104104104104104104104104104104104104104104104104104104104104104104104104104104104104104104104104104104104104
12a145f41	base64	481041041041041041041041041041041041041041
12a1460bd	base64	301041041041041041041041041041041041041041
12a146239	base64	181041041041041041041041041041041041041041041041041041041041041041041041041041041041041041041041041041041041041041041041041041041041041041041041041041041041041041041041041041041041041041041041
12a146346	base64	1c1041041041041041041041041041041041041041041041041041041041041041041041041041041041041041041041041041041041041041041041041041041041041041041041041041041041041041041041041041041041041041041041
12a146453	base64	201041041041041041041041041041041041041041041041041041041041041041041041041041041041041041041041041041041041041041041041041041041041041041041041041041041041041041041041041041041041041041041041
12a146560	base64	241041041041041041041041041041041041041041041041041041041041041041041041041041041041041041041041041041041041041041041041041041041041041041041041041041041041041041041041041041041041041041041041
12a14666d	base64	281041041041041041041041041041041041041041041041041041041041041041041041041041041041041041041041041041041041041041041041041041041041041041041041041041041041041041041041041041041041041041041041
12a147b1c	base64	04104104104104104104104104104104104104104104104104104104104104104104104104
12a147c24	base64	3810410410410410410410410410410410410410410410410410410410410410410410410410
12a147d2d	base64	0810410410410410410410410410410410410410410410410410410410410410410410410410
12a180cec	base64	3410410410410410410410410410410410410410410410410410410410410410410410410410410410410410410410410410410410410410410410410410410410
12a180ded	base64	7810410410410410410410410410410410410410410410410410410410410410410410410410410410410410410410410410410410410410410410410410410410
12a180eef	base64	04104104104104104104104104104104104104104104104104104104104104104104104104104104104104104104104104104104104104104104104104104104
12a180fef	base64	4810410410410410410410410410410410410410410410410410410410410410410410410410410410410410410410410410410410410410410410410410410410
12a181f99	base64	041041041041041041041041041041041041041041041041041041041041041041041041041041041041041041041041041041041041041041041041041041041041041041041041041041041041041041
12a185b81	base64	041041041041041041041041041041041041041041041041041041041041041041041041041041041041041041041041041041041041041041041041041041041041041041041041041041041041041041041041041041041041041041041041041041041041041041041041
12a18fd90	base64	041041041041041041041041041041041041041041041041041041041041041041041041041041041041041041041041041041041041041041041041041041041041041041041041041041041041041041041041041041041041041041041041041041041041041041041041041041041041041041041041041041
12a190be2	base64	24104104104104104104104104104104104104104104104104104104104104
12a190d5e	base64	54104104104104104104104104104104104104104104104104104104104104
12a190eda	base64	6c104104104104104104104104104104104104104104104104104104104104
12a198fa4	base64	041041041041041041041041041041041041041041041041041041041041041041041041041041041041
12a19d079	base64	041041041041041041041041041041041041041041041041041041041041041041041041041041041041041041
12a19d161	base64	041041041041041041041041041041041041041041041041041041041041041041041041041041041041041041
12a19d249	base64	041041041041041041041041041041041041041041041041041041041041041041041041041041041041041041
12a1d840f	base64	3810410410410410410410410410410410410410
12a1d84ea	base64	3810410410410410410410410410410410410410
12a1d85c5	base64	3810410410410410410410410410410410410410
12a1d86a0	base64	3810410410410410410410410410410410410410
12a1d88b5	base64	3810410410410410410410410410410410410410
12a1d8a3a	base64	4c104104104104104104104104104104104104104104104104104104104104104104104104104104104104104104104104104104104104104104104104104104104104104104104104104104104104
12a1d8b5e	base64	3810410410410410410410410410410410410410
12a1d8e07	base64	3810410410410410410410410410410410410410
12a1d8e3c	base64	4c104104104104104104104104104104104104104104104104104104104104104104104104104104104104104104104104104104104104104104104104104104104104104104104104104104104104
12a1d90b5	base64	3810410410410410410410410410410410410410
12c079304	base64	500000000000000020010004000000000000000000006000000000000000000000000000000000000200000000000000000000000000000018000000000000001800000000000000000000000000000008000000000000000800000000000000
12df740f6	hex	4444444444444444444444444444444444444444444444444444
12df747f6	hex	4444444444444444444444444444444444444444444444444444
12df89d96	hex	4444444444444444444444444444444444444444444444444444
12df9b466	hex	4444444444444444444444444444444444444444444444444444
12df9bad6	hex	4444444444444444444444444444444444444444444444444444
12df9e9d6	hex	4444444444444444444444444444444444444444444444444444
12df9f046	hex	4444444444444444444444444444444444444444444444444444
12df9f706	hex	4444444444444444444444444444444444444444444444444444
134b4ddc2	base64	514514514514514514514514514514514514514514514514514514
141df168e	base64	214764214764214764214764214764214764214764214764214764214764214764214764
15080bfba	base64	51451451451451451451451451451451451451451451
15080c123	base64	514514514514514514514514514514514514514514514514514514514514
15080c297	base64	5145145145145145145145145145145145145145145145145145145145145145145145145145
170e1fcc8	base64	0c4104104104104104104104104104104104104104104104104105145145145145
17c6f5e9d	base64	3173173173173173173173173173173173173178
18b1b90e8	hex	00000000000001111111111111111222222222222222233333333333
18dec06a5	base64	106104104104104104104104104104104104104104104104
18e3b9158	base64	07137a71515a0c504a505b007a46514503685b5702357e62044836623d697a5a68520b104454567c5626237c0f20692e52275d35323a3f241b211e373b22196e420f366562
18e43e605	base64	4d45145145145145145145145145145145145145145145145145145145145145145145145145145145145145
18f46ad03	base64	7010410410410410410410410410410410410410410410410410
18f46ad3c	base64	0c10410410410410410410410410410410410410
18f46b70f	base64	60104104104104104104104104104104104104104104104104104104104104104104104104104104104104104104104104104104104104104104104104104104104104
18f46b86a	base64	60104104104104104104104104104104104104104104104104104104104104104104104104104104104104104104104104104104104104104104104104104104104104
18f46b9c2	base64	60104104104104104104104104104104104104104104104104104104104104104104104104104104104104104104104104104104104104104104104104104104104104
18f46bb1a	base64	60104104104104104104104104104104104104104104104104104104104104104104104104104104104104104104104104104104104104104104104104104104104104
18f68919a	base64	07137a71515a0c504a505b007a46514503685b5702357e62044836623d697a5a68520b104454567c5626237c0f20692e52275d35323a3f241b211e373b22196e420f366562
18f6892fa	base64	07137a71515a0c504a505b007a46514503685b5702357e62044836623d697a5a68520b104454567c5626237c0f20692e52275d35323a3f241b211e373b22196e420f366562
18f68945a	base64	07137a71515a0c504a505b007a46514503685b5702357e62044836623d697a5a68520b104454567c5626237c0f20692e52275d35323a3f241b211e373b22196e420f366562
18f68971a	base64	07137a71515a0c504a505b007a46514503685b5702357e62044836623d697a5a68520b104454567c5626237c0f20692e52275d35323a3f241b211e373b22196e420f366562
18f68987a	base64	07137a71515a0c504a505b007a46514503685b5702357e62044836623d697a5a68520b104454567c5626237c0f20692e52275d35323a3f241b211e373b22196e420f366562
18f689f5a	base64	07137a71515a0c504a505b007a46514503685b5702357e62044836623d697a5a68520b104454567c5626237c0f20692e52275d35323a3f241b211e373b22196e420f366562
18fb2c01a	base64	3c7376672077696474683d22313622206865696768743d223136222076696577426f783d22302030203136203136222066696c6c3d226e6f6e652220786d6c6e733d22687474703a2f2f77
18fb5b194	hex	33333333333333333333333333333333333333333333333333
18fd6eee6	base64	4d45145145145145145145145145145145145145145145145145145145145145145145145145145145145145
18fd7795c	base64	4d45145145145145145145145145145145145145145145145145145145145145145145145145145145145145
18fd779a4	base64	51451451451451451451451451451451451451451451451451451451451451451451451451451451451451451a
18fd779eb	base64	014514514514514514514514514514514514514514514514514514514514514514514514514514514514514514
18fd84f6d	base64	51451451451451451451451451451451451451451451451451451451451451451451451451451451451451451a
18fd84fb4	base64	014514514514514514514514514514514514514514514514514514514514514514514514514514514514514514
18fd88c3a	base64	4d45145145145145145145145145145145145145145145145145145145145145145145145145145145145145
18fd96d0e	base64	4d45145145145145145145145145145145145145145145145145145145145145145145145145145145145145
18fd96d56	base64	51451451451451451451451451451451451451451451451451451451451451451451451451451451451451451a
18fd96d9d	base64	014514514514514514514514514514514514514514514514514514514514514514514514514514514514514514
18fd971b1	base64	4d45145145145145145145145145145145145145145145145145145145145145145145145145145145145145
18fda772b	base64	4d45145145145145145145145145145145145145145145145145145145145145145145145145145145145145
18fda7773	base64	51451451451451451451451451451451451451451451451451451451451451451451451451451451451451451a
18fda77ba	base64	014514514514514514514514514514514514514514514514514514514514514514514514514514514514514514
18fdb519c	base64	4d45145145145145145145145145145145145145145145145145145145145145145145145145145145145145
18fdb565c	base64	4d45145145145145145145145145145145145145145145145145145145145145145145145145145145145145
18fddccc2	base64	4d45145145145145145145145145145145145145145145145145145145145145145145145145145145145145
18fddcd0a	base64	51451451451451451451451451451451451451451451451451451451451451451451451451451451451451451a
18fddcd51	base64	014514514514514514514514514514514514514514514514514514514514514514514514514514514514514514
18fde99a3	base64	4d45145145145145145145145145145145145145145145145145145145145145145145145145145145145145
18fde99eb	base64	51451451451451451451451451451451451451451451451451451451451451451451451451451451451451451a
18fde9a32	base64	014514514514514514514514514514514514514514514514514514514514514514514514514514514514514514
18fdec7f6	base64	4d45145145145145145145145145145145145145145145145145145145145145145145145145145145145145
18fdec83e	base64	51451451451451451451451451451451451451451451451451451451451451451451451451451451451451451a
18fdec885	base64	014514514514514514514514514514514514514514514514514514514514514514514514514514514514514514
18fdfad47	base64	4d45145145145145145145145145145145145145145145145145145145145145145145145145145145145145
18fdfad8f	base64	51451451451451451451451451451451451451451451451451451451451451451451451451451451451451451a
18fe0611c	base64	4d45145145145145145145145145145145145145145145145145145145145145145145145145145145145145
18fe18fbf	base64	4d45145145145145145145145145145145145145145145145145145145145145145145145145145145145145
18fe19007	base64	51451451451451451451451451451451451451451451451451451451451451451451451451451451451451451a
18fe1ee87	base64	014514514514514514514514514514514514514514514514514514514514514514514514514514514514514514
18fe2707e	base64	514514514514514514514514514514514514514514514514514514514514514514
18fe31cde	base64	4d45145145145145145145145145145145145145145145145145145145145145145145145145145145145145
18fe36b9e	base64	4d45145145145145145145145145145145145145145145145145145145145145145145145145145145145145
18fe36be6	base64	51451451451451451451451451451451451451451451451451451451451451451451451451451451451451451a
18fe36c2d	base64	014514514514514514514514514514514514514514514514514514514514514514514514514514514514514514
18fe44828	base64	4d45145145145145145145145145145145145145145145145145145145145145145145145145145145145145
18fe44870	base64	514514514514514514514514514514514514514514514514514514514514514514514514514514514514514522
18fe44d1b	base64	4d45145145145145145145145145145145145145145145145145145145145145145145145145145145145145
18fe4d758	base64	4d45145145145145145145145145145145145145145145145145145145145145145145145145145145145145
18fe4d7a0	base64	51451451451451451451451451451451451451451451451451451451451451451451451451451451451451451a
18fe5bb55	base64	4d45145145145145145145145145145145145145145145145145145145145145145145145145145145145145
18fe5bb9d	base64	51451451451451451451451451451451451451451451451451451451451451451451451451451451451451451a
18fe5bbe4	base64	014514514514514514514514514514514514514514514514514514514514514514514514514514514514514514
18fe871bd	base64	4d45145145145145145145145145145145145145145145145145145145145145145145145145145145145145
18fe87205	base64	51451451451451451451451451451451451451451451451451451451451451451451451451451451451451451a
18fe99330	base64	4d45145145145145145145145145145145145145145145145145145145145145145145145145145145145145
18fea363c	base64	4d45145145145145145145145145145145145145145145145145145145145145145145145145145145145145
18fed1940	base64	4d45145145145145145145145145145145145145145145145145145145145145145145145145145145145145
18fede025	base64	51451451451451451451451451451451451451451451451451451451451451451451451451451451451451451a
18ff027ae	base64	07137a71515a0c504a505b007a46514503685b5702357e62044836623d697a5a68520b104454567c5626237c0f20692e52275d35323a3f241b211e373b22196e420f366562
18ff05343	base64	4d45145145145145145145145145145145145145145145145145145145145145145145145145145145145145
18ff0538b	base64	51451451451451451451451451451451451451451451451451451451451451451451451451451451451451451a
18ff053d2	base64	014514514514514514514514514514514514514514514514514514514514514514514514514514514514514514
18ff3d0fa	base64	4d45145145145145145145145145145145145145145145145145145145145145145145145145145145145145
18ff3d142	base64	514514514514514514514514514514514514514514514514514514514514514514514514514514514514514522
18ff3d5ff	base64	4d45145145145145145145145145145145145145145145145145145145145145145145145145145145145145
19006e098	base64	3c7376672077696474683d22313622206865696768743d223136222076696577426f783d22302030203136203136222066696c6c3d226e6f6e652220786d6c6e733d22687474703a2f2f77
190090d8c	base64	4d45145145145145145145145145145145145145145145145145145145145145145145145145145145145145
190090dd4	base64	51451451451451451451451451451451451451451451451451451451451451451451451451451451451451451a
190090e1b	base64	014514514514514514514514514514514514514514514514514514514514514514514514514514514514514514
19009122f	base64	4d45145145145145145145145145145145145145145145145145145145145145145145145145145145145145
1900a17a9	base64	4d45145145145145145145145145145145145145145145145145145145145145145145145145145145145145
1900a17f1	base64	51451451451451451451451451451451451451451451451451451451451451451451451451451451451451451a
1900a1838	base64	014514514514514514514514514514514514514514514514514514514514514514514514514514514514514514
190ee8f64	base64	4d45145145145145145145145145145145145145145145145145145145145145145145145145145145145145
190f3f046	base64	041041041041041041041041041041041041041041041041041041041041041041041041041041041041
190faf158	base64	07137a71515a0c504a505b007a46514503685b5702357e62044836623d697a5a68520b104454567c5626237c0f20692e52275d35323a3f241b211e373b22196e420f366562
19109f2a1	base64	07137a71515a0c504a505b007a46514503685b5702357e62044836623d697a5a68520b104454567c5626237c0f20692e52275d35323a3f241b211e373b22196e420f366562
1911724d2	base64	07137a71515a0c504a505b007a46514503685b5702357e62044836623d697a5a68520b104454567c5626237c0f20692e52275d35323a3f241b211e373b22196e420f366562
1911ce158	base64	07137a71515a0c504a505b007a46514503685b5702357e62044836623d697a5a68520b104454567c5626237c0f20692e52275d35323a3f241b211e373b22196e420f366562
1911d4e1d	base64	07137a71515a0c504a505b007a46514503685b5702357e62044836623d697a5a68520b104454567c5626237c0f20692e52275d35323a3f241b211e373b22196e420f366562
1911dc958	base64	07137a71515a0c504a505b007a46514503685b5702357e62044836623d697a5a68520b104454567c5626237c0f20692e52275d35323a3f241b211e373b22196e420f366562
1911de958	base64	07137a71515a0c504a505b007a46514503685b5702357e62044836623d697a5a68520b104454567c5626237c0f20692e52275d35323a3f241b211e373b22196e420f366562
191227158	base64	07137a71515a0c504a505b007a46514503685b5702357e62044836623d697a5a68520b104454567c5626237c0f20692e52275d35323a3f241b211e373b22196e420f366562
191233d55	base64	07137a71515a0c504a505b007a46514503685b5702357e62044836623d697a5a68520b104454567c5626237c0f20692e52275d35323a3f241b211e373b22196e420f366562
191246158	base64	07137a71515a0c504a505b007a46514503685b5702357e62044836623d697a5a68520b104454567c5626237c0f20692e52275d35323a3f241b211e373b22196e420f366562
19124b3b5	base64	07137a71515a0c504a505b007a46514503685b5702357e62044836623d697a5a68520b104454567c5626237c0f20692e52275d35323a3f241b211e373b22196e420f366562
191251158	base64	07137a71515a0c504a505b007a46514503685b5702357e62044836623d697a5a68520b104454567c5626237c0f20692e52275d35323a3f241b211e373b22196e420f366562
19126002a	base64	07137a71515a0c504a505b007a46514503685b5702357e62044836623d697a5a68520b104454567c5626237c0f20692e52275d35323a3f241b211e373b2219
191266cf4	base64	07137a71515a0c504a505b007a46514503685b5702357e62044836623d697a5a68520b104454567c5626237c0f20692e52275d35323a3f241b211e373b22196e420f366562
19126d158	base64	07137a71515a0c504a505b007a46514503685b5702357e62044836623d697a5a68520b104454567c5626237c0f20692e52275d35323a3f241b211e373b22196e420f366562
19127f7fd	base64	07137a71515a0c504a505b007a46514503685b5702357e62044836623d697a5a68520b104454567c5626237c0f20692e52275d35323a3f241b211e373b22196e420f366562
191e385c3	hex	2f7573722f62696e2f707974686f6e33002d73002f7573722f7362696e2f6669726577616c6c64002d2d6e6f666f726b002d2d6e6f706964
191e38673	hex	2f7573722f62696e2f707974686f6e33002d73002f7573722f7362696e2f6669726577616c6c64002d2d6e6f666f726b002d2d6e6f706964
1928252d8	hex	444444444444444444444444444444444444444444444444444444444444444444444444444444444444444444444444444444444444444444444444444444444444444444444444444444444444444444444444444444444444444444444444444444444444444444444444444444444444444444444444444444444444
192825ede	hex	44444444444444444444444444444444444444444444444444444444444444444444444444444444444444444444444444444444444444444444444444444444444444444444444444444444444444444444444444444444444444444444444444444444444444444444444444444444444444444444444444444444444444
1928f8254	base64	07137a71515a0c504a505b007a46514503685b5702357e62044836623d697a5a68520b104454567c5626237c0f20692e52275d35323a3f241b211e373b22196e420f366562
192bfa5ad	base64	555331143012060355040a0c0b41666669726d54727573743120301e06035504030c1741666669726d54727573742050
192bfa5ee	base64	72656d69756d20454343301e170d3130303132393134323032345a170d3430313233313134323032345a3045310b3009
192bfa62f	base64	06035504061302555331143012060355040a0c0b41666669726d54727573743120301e06035504030c1741666669726d
192bfb30a	base64	003039310b3009060355040613025553310f300d060355040a1306416d617a6f6e3119301706035504031310416d617a
192bfb34b	base64	6f6e20526f6f742043412031301e170d3135303532363030303030305a170d3338303131373030303030305a3039310b
192bfb38c	base64	3009060355040613025553310f300d060355040a1306416d617a6f6e3119301706035504031310416d617a6f6e20526f
192bfc87c	base64	003039310b3009060355040613025553310f300d060355040a1306416d617a6f6e3119301706035504031310416d617a
192bfc8bd	base64	6f6e20526f6f742043412032301e170d3135303532363030303030305a170d3430303532363030303030305a3039310b
192bfc8fe	base64	3009060355040613025553310f300d060355040a1306416d617a6f6e3119301706035504031310416d617a6f6e20526f
192bfd3a9	base64	41303f303d0604551d20003035303306082b060105050702011627687474703a2f2f7777772e646967696e6f7461722e
192bfd46c	base64	0355040613024e4c311e301c060355040a0c15537461617420646572204e656465726c616e64656e312b302906035504
192bff3ae	base64	061302434e31323030060355040a0c294755414e4720444f4e4720434552544946494341544520415554484f52495459
192bff3ef	base64	20434f2e2c4c54442e311f301d06035504030c16474443412054727573744155544820523520524f4f54301e170d3134
192bff430	base64	313132363035313331355a170d3430313233313135353935395a3062310b300906035504061302434e31323030060355
192bff471	base64	040a0c294755414e4720444f4e4720434552544946494341544520415554484f5249545920434f2e2c4c54442e311f30
192c01473	base64	035504061302415431233021060355040a131a652d636f6d6d65726365206d6f6e69746f72696e6720476d6248311930
192c014b4	base64	1706035504031310474c4f42414c54525553542032303230301e170d3230303231303030303030305a170d3430303631
192c014f5	base64	303030303030305a304d310b300906035504061302415431233021060355040a131a652d636f6d6d65726365206d6f6e
192c0354a	base64	310b300906035504061302555331223020060355040a1319476f6f676c65205472757374205365727669636573204c4c
192c0358b	base64	43311430120603550403130b47545320526f6f74205231301e170d3136303632323030303030305a170d333630363232
192c035cc	base64	3030303030305a3047310b300906035504061302555331223020060355040a1319476f6f676c65205472757374205365
192c0556f	base64	310b300906035504061302555331223020060355040a1319476f6f676c65205472757374205365727669636573204c4c
192c055b0	base64	43311430120603550403130b47545320526f6f74205232301e170d3136303632323030303030305a170d333630363232
192c055f1	base64	3030303030305a3047310b300906035504061302555331223020060355040a1319476f6f676c65205472757374205365
192c0e4ae	base64	5553310e300c06035504080c0554657861733110300e06035504070c07486f7573746f6e31183016060355040a0c0f53
192c0e4ef	base64	534c20436f72706f726174696f6e3134303206035504030c2b53534c2e636f6d20455620526f6f742043657274696669
192c0e530	base64	636174696f6e20417574686f7269747920454343301e170d3136303231323138313532335a170d343130323132313831
192c0e571	base64	3532335a307f310b3009060355040613025553310e300c06035504080c0554657861733110300e06035504070c07486f
192c0e5b2	base64	7573746f6e31183016060355040a0c0f53534c20436f72706f726174696f6e3134303206035504030c2b53534c2e636f
192c0f547	base64	040613025553310e300c06035504080c0554657861733110300e06035504070c07486f7573746f6e3118301606035504
192c0f588	base64	0a0c0f53534c20436f72706f726174696f6e3137303506035504030c2e53534c2e636f6d20455620526f6f7420436572
192c0f5c9	base64	74696669636174696f6e20417574686f7269747920525341205232301e170d3137303533313138313433375a170d3432
192c0f64b	base64	035504070c07486f7573746f6e31183016060355040a0c0f53534c20436f72706f726174696f6e313730350603550403
192c0f68c	base64	0c2e53534c2e636f6d20455620526f6f742043657274696669636174696f6e20417574686f7269747920525341205232
192c1151f	base64	5553310e300c06035504080c0554657861733110300e06035504070c07486f7573746f6e31183016060355040a0c0f53
192c11560	base64	534c20436f72706f726174696f6e3131302f06035504030c2853534c2e636f6d20526f6f742043657274696669636174
192c115a1	base64	696f6e20417574686f7269747920454343301e170d3136303231323138313430335a170d343130323132313831343033
192c115e2	base64	5a307c310b3009060355040613025553310e300c06035504080c0554657861733110300e06035504070c07486f757374
192c11623	base64	6f6e31183016060355040a0c0f53534c20436f72706f726174696f6e3131302f06035504030c2853534c2e636f6d2052
192c125b3	base64	0613025553310e300c06035504080c0554657861733110300e06035504070c07486f7573746f6e31183016060355040a
192c125f4	base64	0c0f53534c20436f72706f726174696f6e3131302f06035504030c2853534c2e636f6d20526f6f742043657274696669
192c12635	base64	636174696f6e20417574686f7269747920525341301e170d3136303231323137333933395a170d343130323132313733
192c12676	base64	3933395a307c310b3009060355040613025553310e300c06035504080c0554657861733110300e06035504070c07486f
192c126b7	base64	7573746f6e31183016060355040a0c0f53534c20436f72706f726174696f6e3131302f06035504030c2853534c2e636f
192c2e084	base64	0355040a130f437962657274727573742c20496e63311f301d060355040313164379626572747275737420476c6f6261
192c2e0c5	base64	6c20526f6f74301e170d3036313231353038303030305a170d3231313231353038303030305a303b3118301606035504
192c2e106	base64	0a130f437962657274727573742c20496e63311f301d060355040313164379626572747275737420476c6f62616c2052
192c2f5fa	base64	31153013060355040a0c0c442d547275737420476d6248311f301d06035504030c16442d545255535420526f6f742043
192c2f63b	base64	4120332032303133301e170d3133303932303038323535315a170d3238303932303038323535315a3045310b30090603
192c2f67c	base64	5504061302444531153013060355040a0c0c442d547275737420476d6248311f301d06035504030c16442d5452555354
192c2f906	base64	434e3d442d5452555354253230526f6f74253230434125323033253230323031332c4f3d442d5472757374253230476d
192c2f988	base64	63726c2e642d74727573742e6e65742f63726c2f642d74727573745f726f6f745f63615f335f323031332e63726c300d
192c30c31	base64	31153013060355040a0c0c442d547275737420476d62483127302506035504030c1e442d545255535420526f6f742043
192c30c72	base64	6c617373203320434120322032303039301e170d3039313130353038333535385a170d3239313130353038333535385a
192c30cb3	base64	304d310b300906035504061302444531153013060355040a0c0c442d547275737420476d62483127302506035504030c
192c30f3d	base64	746f72792e642d74727573742e6e65742f434e3d442d5452555354253230526f6f74253230436c617373253230332532
192c30f7e	base64	30434125323032253230323030392c4f3d442d5472757374253230476d62482c433d44453f6365727469666963617465
192c322c2	base64	31153013060355040a0c0c442d547275737420476d6248312a302806035504030c21442d545255535420526f6f742043
192c32303	base64	6c617373203320434120322045562032303039301e170d3039313130353038353034365a170d32393131303530383530
192c32344	base64	34365a3050310b300906035504061302444531153013060355040a0c0c442d547275737420476d6248312a3028060355
192c325ce	base64	3a2f2f6469726563746f72792e642d74727573742e6e65742f434e3d442d5452555354253230526f6f74253230436c61
192c3260f	base64	7373253230332532304341253230322532304556253230323030392c4f3d442d5472757374253230476d62482c433d44
192c32691	base64	74727573742e6e65742f63726c2f642d74727573745f726f6f745f636c6173735f335f63615f325f65765f323030392e
192c3394f	base64	31243022060355040a131b4469676974616c205369676e617475726520547275737420436f2e31173015060355040313
192c33990	base64	0e44535420526f6f74204341205833301e170d3030303933303231313231395a170d3231303933303134303131355a30
192c339d1	base64	3f31243022060355040a131b4469676974616c205369676e617475726520547275737420436f2e311730150603550403
192c34d7c	base64	310b300906035504061302555331153013060355040a130c446967694365727420496e6331193017060355040b131077
192c34dbd	base64	77772e64696769636572742e636f6d312430220603550403131b4469676943657274204173737572656420494420526f
192c34dfe	base64	6f74204341301e170d3036313131303030303030305a170d3331313131303030303030305a3065310b30090603550406
192c34e3f	base64	1302555331153013060355040a130c446967694365727420496e6331193017060355040b13107777772e646967696365
192d1a639	base64	310b3009060355040613025553310f300d060355040a1306416d617a6f6e3119301706035504031310416d617a6f6e20
192d1a67a	base64	526f6f742043412033301e170d3135303532363030303030305a170d3430303532363030303030305a3039310b300906
192d1a6bb	base64	0355040613025553310f300d060355040a1306416d617a6f6e3119301706035504031310416d617a6f6e20526f6f7420
192d1b168	base64	310b3009060355040613025553310f300d060355040a1306416d617a6f6e3119301706035504031310416d617a6f6e20
192d1b1a9	base64	526f6f742043412034301e170d3135303532363030303030305a170d3430303532363030303030305a3039310b300906
192d1b1ea	base64	0355040613025553310f300d060355040a1306416d617a6f6e3119301706035504031310416d617a6f6e20526f6f7420
192d1beda	base64	030c1541746f732054727573746564526f6f742032303131310d300b060355040a0c0441746f73310b30090603550406
192d1bf1b	base64	13024445301e170d3131303730373134353833305a170d3330313233313233353935395a303c311e301c06035504030c
192d1bf5c	base64	1541746f732054727573746564526f6f742032303131310d300b060355040a0c0441746f73310b300906035504061302
192d1d3b3	base64	310b300906035504061302555331153013060355040a130c446967694365727420496e6331193017060355040b131077
192d1d3f4	base64	77772e64696769636572742e636f6d3121301f060355040313184469676943657274205472757374656420526f6f7420
192d1d435	base64	4734301e170d3133303830313132303030305a170d3338303131353132303030305a3062310b30090603550406130255
192d1d476	base64	5331153013060355040a130c446967694365727420496e6331193017060355040b13107777772e64696769636572742e
192d1f50c	base64	040b0c1d452d547567726120536572746966696b6173796f6e204d65726b657a693128302606035504030c1f452d5475
192d1f54d	base64	6772612043657274696669636174696f6e20417574686f72697479301e170d3133303330353132303934385a170d3233
192d1f651	base64	65726b657a693128302606035504030c1f452d54756772612043657274696669636174696f6e20417574686f72697479
192d2162a	base64	74696669636163696f20284e494620512d303830313137362d492931283026060355040b131f53657276656973205075
192d2166b	base64	626c6963732064652043657274696669636163696f31353033060355040b132c56656765752068747470733a2f2f7777
192d216ac	base64	772e636174636572742e6e65742f766572617272656c20286329303331353033060355040b132c4a6572617271756961
192d216ed	base64	20456e7469746174732064652043657274696669636163696f20436174616c616e6573310f300d060355040313064543
192d2176f	base64	13024553313b3039060355040a13324167656e63696120436174616c616e612064652043657274696669636163696f20
192d217b0	base64	284e494620512d303830313137362d492931283026060355040b131f53657276656973205075626c6963732064652043
192d217f1	base64	657274696669636163696f31353033060355040b132c56656765752068747470733a2f2f7777772e636174636572742e
192d21832	base64	6e65742f766572617272656c20286329303331353033060355040b132c4a657261727175696120456e74697461747320
192d21afd	base64	747470733a2f2f7777772e636174636572742e6e65742f766572617272656c303506082b0601050507020230291a2756
192d22fa7	base64	456e74727573742e6e65743140303e060355040b14377777772e656e74727573742e6e65742f4350535f323034382069
192d22fe8	base64	6e636f72702e206279207265662e20286c696d697473206c6961622e2931253023060355040b131c2863292031393939
192d23029	base64	20456e74727573742e6e6574204c696d69746564313330310603550403132a456e74727573742e6e6574204365727469
192d2306a	base64	6669636174696f6e20417574686f7269747920283230343829301e170d3939313232343137353035315a170d32393037
192d230ec	base64	2e656e74727573742e6e65742f4350535f3230343820696e636f72702e206279207265662e20286c696d697473206c69
192d2312d	base64	61622e2931253023060355040b131c286329203139393920456e74727573742e6e6574204c696d697465643133303106
192d2316e	base64	03550403132a456e74727573742e6e65742043657274696669636174696f6e20417574686f7269747920283230343829
192d245af	base64	555331163014060355040a130d456e74727573742c20496e632e31393037060355040b13307777772e656e7472757374
192d245f0	base64	2e6e65742f43505320697320696e636f72706f7261746564206279207265666572656e6365311f301d060355040b1316
192d24631	base64	286329203230303620456e74727573742c20496e632e312d302b06035504031324456e747275737420526f6f74204365
192d24672	base64	7274696669636174696f6e20417574686f72697479301e170d3036313132373230323334325a170d3236313132373230
192d246f4	base64	37060355040b13307777772e656e74727573742e6e65742f43505320697320696e636f72706f72617465642062792072
192d24735	base64	65666572656e6365311f301d060355040b1316286329203230303620456e74727573742c20496e632e312d302b060355
192d25cc1	base64	035504061302555331163014060355040a130d456e74727573742c20496e632e31283026060355040b131f5365652077
192d25d02	base64	77772e656e74727573742e6e65742f6c6567616c2d7465726d7331393037060355040b1330286329203230313220456e
192d25d43	base64	74727573742c20496e632e202d20666f7220617574686f72697a656420757365206f6e6c79313330310603550403132a
192d25d84	base64	456e747275737420526f6f742043657274696669636174696f6e20417574686f72697479202d20454331301e170d3132
192d25e06	base64	55040a130d456e74727573742c20496e632e31283026060355040b131f536565207777772e656e74727573742e6e6574
192d25e47	base64	2f6c6567616c2d7465726d7331393037060355040b1330286329203230313220456e74727573742c20496e632e202d20
192d25e88	base64	666f7220617574686f72697a656420757365206f6e6c79313330310603550403132a456e747275737420526f6f742043
192d26c95	base64	555331163014060355040a130d456e74727573742c20496e632e31283026060355040b131f536565207777772e656e74
192d26cd6	base64	727573742e6e65742f6c6567616c2d7465726d7331393037060355040b1330286329203230303920456e74727573742c
192d26d17	base64	20496e632e202d20666f7220617574686f72697a656420757365206f6e6c793132303006035504031329456e74727573
192d26d58	base64	7420526f6f742043657274696669636174696f6e20417574686f72697479202d204732301e170d303930373037313732
192d26dda	base64	74727573742c20496e632e31283026060355040b131f536565207777772e656e74727573742e6e65742f6c6567616c2d
192d26e1b	base64	7465726d7331393037060355040b1330286329203230303920456e74727573742c20496e632e202d20666f7220617574
192d26e5c	base64	686f72697a656420757365206f6e6c793132303006035504031329456e747275737420526f6f74204365727469666963
192d28453	base64	131f536565207777772e656e74727573742e6e65742f6c6567616c2d7465726d7331393037060355040b133028632920
192d28494	base64	3230313520456e74727573742c20496e632e202d20666f7220617574686f72697a656420757365206f6e6c7931323030
192d284d5	base64	06035504031329456e747275737420526f6f742043657274696669636174696f6e20417574686f72697479202d204734
192d28557	base64	31163014060355040a130d456e74727573742c20496e632e31283026060355040b131f536565207777772e656e747275
192d28598	base64	73742e6e65742f6c6567616c2d7465726d7331393037060355040b1330286329203230313520456e74727573742c2049
192d285d9	base64	6e632e202d20666f7220617574686f72697a656420757365206f6e6c793132303006035504031329456e747275737420
192d2aaa9	base64	310b3009060355040613024e4c31123010060355040a1309446967694e6f746172311a30180603550403131144696769
192d2ab2b	base64	1e170d3037303732373137313933375a170d3235303333313138313932325a305f310b3009060355040613024e4c3112
192d2ab6c	base64	3010060355040a1309446967694e6f746172311a301806035504031311446967694e6f74617220526f6f742043413120
192d2cf99	base64	4c31173015060355040a0c0e446967694e6f74617220422e562e3132303006035504030c29446967694e6f7461722050
192d2cfda	base64	4b496f76657268656964204341204f7267616e697361746965202d204732301e170d3130303531323038353133395a17
192d2d01b	base64	0d3230303332333039353030355a305a310b3009060355040613024e4c31173015060355040a0c0e446967694e6f7461
192d2d05c	base64	7220422e562e3132303006035504030c29446967694e6f7461
192dc5289	base64	514514514514514414514514514514514514514514514514514514514514514514514514514514514514514514514514514514514514
192dc53c3	base64	4d4514514514514514514514514514514514514514514514514514514514
192dc5534	base64	4545145145145145145145145145145145145145145145145145
192dc56b6	base64	4d4514514514214514514514514514514514514514
192dc571b	base64	5145145145145145145145145145145145145145142145145145145145145145
192dc57db	base64	2545145145145145145145145145145145145145145145145145145145
192dc582e	base64	4545145145145145145145145145145145145145145145145145145145145145145145
192dc588c	base64	4d4514514514514514514514514514514514514514514514514514
192e015a9	base64	06130245533142304006035504030c394175746f72696461642064652043657274696669636163696f6e204669726d61
192e015ea	base64	70726f666573696f6e616c2043494620413632363334303638301e170d3039303532303038333831355a170d33303132
192e0162b	base64	33313038333831355a3051310b30090603550406130245533142304006035504030c394175746f726964616420646520
192e01a3b	base64	726d6170726f666573696f6e616c2e636f6d2f637073305c06082b0601050507020230501e4e0050006100730065006f
192e01a7c	base64	0020006400650020006c006100200042006f006e0061006e006f00760061002000340037002000420061007200630065
192e0368d	base64	4531123010060355040a130942616c74696d6f726531133011060355040b130a43796265725472757374312230200603
192e036ce	base64	550403131942616c74696d6f7265204379626572547275737420526f6f74301e170d3030303531323138343630305a17
192e0370f	base64	0d3235303531323233353930305a305a310b300906035504061302494531123010060355040a130942616c74696d6f72
192e03750	base64	6531133011060355040b130a43796265725472757374312230200603550403131942616c74696d6f7265204379626572
192e04c37	base64	301b060355040a0c14427579706173732041532d3938333136333332373120301e06035504030c174275797061737320
192e04c78	base64	436c617373203220526f6f74204341301e170d3130313032363038333830335a170d3430313032363038333830335a30
192e04cb9	base64	4e310b3009060355040613024e4f311d301b060355040a0c14427579706173732041532d393833313633333237312030
192e06378	base64	412e31273025060355040b131e43657274756d2043657274696669636174696f6e20417574686f726974793124302206
192e063b9	base64	03550403131b43657274756d2054727573746564204e6574776f726b20434120323022180f3230313131303036303833
192e0643b	base64	556e697a65746f20546563686e6f6c6f6769657320532e412e31273025060355040b131e43657274756d204365727469
192e0647c	base64	6669636174696f6e20417574686f72697479312430220603550403131b43657274756d2054727573746564204e657477
192e0849b	base64	310b300906035504061302504c3121301f060355040a131841737365636f20446174612053797374656d7320532e412e
192e084dc	base64	31273025060355040b131e43657274756d2043657274696669636174696f6e20417574686f72697479311f301d060355
192e0851d	base64	0403131643657274756d205472757374656420526f6f74204341301e170d3138303331363132313031335a170d343330
192e0855e	base64	3331363132313031335a307a310b300906035504061302504c3121301f060355040a131841737365636f204461746120
192e0859f	base64	53797374656d7320532e412e31273025060355040b131e43657274756d2043657274696669636174696f6e2041757468
192e0a5d2	base64	55040613024555314330410603550407133a4d616472696420287365652063757272656e742061646472657373206174
192e0a613	base64	207777772e63616d65726669726d612e636f6d2f61646472657373293112301006035504051309413832373433323837
192e0a654	base64	311b3019060355040a131241432043616d65726669726d6120532e412e31293027060355040313204368616d62657273
192e0a695	base64	206f6620436f6d6d6572636520526f6f74202d2032303038301e170d3038303830313132323935305a170d3338303733
192e0a717	base64	757272656e742061646472657373206174207777772e63616d65726669726d612e636f6d2f6164647265737329311230
192e0a758	base64	1006035504051309413832373433323837311b3019060355040a131241432043616d65726669726d6120532e412e3129
192e0ab68	base64	616472696420287365652063757272656e742061646472657373206174207777772e63616d65726669726d612e636f6d
192e0aba9	base64	2f61646472657373293112301006035504051309413832373433323837311b3019060355040a131241432043616d6572
192e0abea	base64	6669726d6120532e412e31293027060355040313204368616d62657273206f6620436f6d6d6572636520526f6f74202d
192e0ac6c	base64	1d2000302a302806082b06010505070201161c687474703a2f2f706f6c6963792e63616d65726669726d612e636f6d30
192e0ca21	base64	301906035504080c1247726561746572204d616e636865737465723110300e06035504070c0753616c666f7264311a30
192e0ca62	base64	18060355040a0c11436f6d6f646f204341204c696d697465643121301f06035504030c18414141204365727469666963
192e0caa3	base64	617465205365727669636573301e170d3034303130313030303030305a170d3238313233313233353935395a307b310b
192e0cae4	base64	3009060355040613024742311b301906035504080c1247726561746572204d616e636865737465723110300e06035504
192e0cb25	base64	070c0753616c666f7264311a3018060355040a0c11436f6d6f646f204341204c696d697465643121301f06035504030c
192e14f1c	base64	310b300906035504061302455331143012060355040a0c0b495a454e504520532e412e3113301106035504030c0a497a
192e14f5d	base64	656e70652e636f6d301e170d3037313231333133303832385a170d3337313231333038323732355a3038310b30090603
192e14f9e	base64	5504061302455331143012060355040a0c0b495a454e504520532e412e3113301106035504030c0a497a656e70652e63
192e1532c	base64	4130313333373236302d524d6572632e5669746f7269612d4761737465697a2054313035352046363220533831433041
192e1536d	base64	06035504090c3a417664612064656c204d65646974657272616e656f2045746f726269646561203134202d2030313031
192e17389	base64	550406130248553111300f06035504070c08427564617065737431163014060355040a0c0d4d6963726f736563204c74
192e173ca	base64	642e3127302506035504030c1e4d6963726f73656320652d537a69676e6f20526f6f742043412032303039311f301d06
192e1748d	base64	163014060355040a0c0d4d6963726f736563204c74642e3127302506035504030c1e4d6963726f73656320652d537a69
192e18907	base64	09060355040613025553311e301c060355040a13154d6963726f736f667420436f72706f726174696f6e313630340603
192e18948	base64	550403132d4d6963726f736f66742045434320526f6f7420436572746966696361746520417574686f72697479203230
192e18989	base64	3137301e170d3139313231383233303634355a170d3432303731383233313630345a3065310b30090603550406130255
192e189ca	base64	53311e301c060355040a13154d6963726f736f667420436f72706f726174696f6e313630340603550403132d4d696372
192e18a0b	base64	6f736f66742045434320526f6f7420436572746966696361746520417574686f7269747920323031373076301006072a
192e198fc	base64	310b3009060355040613025553311e301c060355040a13154d6963726f736f667420436f72706f726174696f6e313630
192e1993d	base64	340603550403132d4d6963726f736f66742052534120526f6f7420436572746966696361746520417574686f72697479
192e1997e	base64	2032303137301e170d3139313231383232353132325a170d3432303731383233303032335a3065310b30090603550406
192e199bf	base64	13025553311e301c060355040a13154d6963726f736f667420436f72706f726174696f6e313630340603550403132d4d
192e1ba4f	base64	05003069310b3009060355040613024b5231263024060355040a0c1d4e4156455220425553494e45535320504c415446
192e1ba90	base64	4f524d20436f72702e3132303006035504030c294e4156455220476c6f62616c20526f6f742043657274696669636174
192e1bad1	base64	696f6e20417574686f72697479301e170d3137303831383038353834325a170d3337303831383233353935395a306931
192e1bb12	base64	0b3009060355040613024b5231263024060355040a0c1d4e4156455220425553494e45535320504c4154464f524d2043
192e1bb53	base64	6f72702e3132303006035504030c294e4156455220476c6f62616c20526f6f742043657274696669636174696f6e2041
192e1da27	base64	130248553111300f06035504070c08427564617065737431153013060355040a0c0c4e65744c6f636b204b66742e3137
192e1dbad	base64	69636174696f6e205365727669636573293135303306035504030c2c4e65744c6f636b204172616e792028436c617373
192e1f049	base64	310b30090603550406130255533121301f060355040a13184e6574776f726b20536f6c7574696f6e73204c2e4c2e432e
192e1f08a	base64	3130302e060355040313274e6574776f726b20536f6c7574696f6e7320436572746966696361746520417574686f7269
192e1f0cb	base64	7479301e170d3036313230313030303030305a170d3239313233313233353935395a3062310b30090603550406130255
192e1f10c	base64	533121301f060355040a13184e6574776f726b20536f6c7574696f6e73204c2e4c2e432e3130302e060355040313274e
192e1f396	base64	6e6574736f6c73736c2e636f6d2f4e6574776f726b536f6c7574696f6e734365727469666963617465417574686f7269
192e20655	base64	6967687420286329203230303531223020060355040b13194f4953544520466f756e646174696f6e20456e646f727365
192e20696	base64	64312830260603550403131f4f4953544520574953654b657920476c6f62616c20526f6f74204741204341301e170d30
192e20718	base64	0355040a1307574953654b6579311b3019060355040b1312436f70797269676874202863292032303035312230200603
192e20759	base64	55040b13194f4953544520466f756e646174696f6e20456e646f72736564312830260603550403131f4f495354452057
192e21bed	base64	310b30090603550406130243483110300e060355040a1307574953654b657931223020060355040b13194f4953544520
192e21c2e	base64	466f756e646174696f6e20456e646f72736564312830260603550403131f4f4953544520574953654b657920476c6f62
192e21c6f	base64	616c20526f6f74204742204341301e170d3134313230313135303033325a170d3339313230313135313033315a306d31
192e21cb0	base64	0b30090603550406130243483110300e060355040a1307574953654b657931223020060355040b13194f495354452046
192e21cf1	base64	6f756e646174696f6e20456e646f72736564312830260603550403131f4f4953544520574953654b657920476c6f6261
192e2305a	base64	090603550406130243483110300e060355040a1307574953654b657931223020060355040b13194f4953544520466f75
192e2309b	base64	6e646174696f6e20456e646f72736564312830260603550403131f4f4953544520574953654b657920476c6f62616c20
192e230dc	base64	526f6f74204743204341301e170d3137303530393039343833345a170d3432303530393039353833335a306d310b3009
192e2311d	base64	0603550406130243483110300e060355040a1307574953654b657931223020060355040b13194f4953544520466f756e
192e2315e	base64	646174696f6e20456e646f72736564312830260603550403131f4f4953544520574953654b657920476c6f62616c2052
192e24044	base64	05003048310b300906035504061302424d31193017060355040a131051756f5661646973204c696d69746564311e301c
192e24085	base64	0603550403131551756f566164697320526f6f742043412031204733301e170d3132303131323137323734345a170d34
192e240c6	base64	32303131323137323734345a3048310b300906035504061302424d31193017060355040a131051756f5661646973204c
192e260a9	base64	193017060355040a131051756f5661646973204c696d69746564311b30190603550403131251756f566164697320526f
192e260ea	base64	6f742043412032301e170d3036313132343138323730305a170d3331313132343138323333335a3045310b3009060355
192e2612b	base64	04061302424d31193017060355040a131051756f5661646973204c696d69746564311b30190603550403131251756f56
192e264fa	base64	300906035504061302424d31193017060355040a131051756f5661646973204c696d69746564311b3019060355040313
192e28208	base64	05003048310b300906035504061302424d31193017060355040a131051756f5661646973204c696d69746564311e301c
192e28249	base64	0603550403131551756f566164697320526f6f742043412032204733301e170d3132303131323138353933325a170d34
192e2828a	base64	32303131323138353933325a3048310b300906035504061302424d31193017060355040a131051756f5661646973204c
192e2a26d	base64	193017060355040a131051756f5661646973204c696d69746564311b30190603550403131251756f566164697320526f
192e2a2ae	base64	6f742043412033301e170d3036313132343139313132335a170d3331313132343139303634345a3045310b3009060355
192e2a2ef	base64	04061302424d31193017060355040a131051756f5661646973204c696d69746564311b30190603550403131251756f56
192e2a6be	base64	69747574657320616363657074616e6365206f66207468652051756f566164697320526f6f7420434120332043657274
192e2a6ff	base64	6966696361746520506f6c696379202f2043657274696669636174696f6e2050726163746963652053746174656d656e
192e2a740	base64	742e302d06082b060105050702011621687474703a2f2f7777772e71756f7661646973676c6f62616c2e636f6d2f6370
192e2a803	base64	4d31193017060355040a131051756f5661646973204c696d69746564311b30190603550403131251756f566164697320
192e2c67c	base64	05003048310b300906035504061302424d31193017060355040a131051756f5661646973204c696d69746564311e301c
192e2c6bd	base64	0603550403131551756f566164697320526f6f742043412033204733301e170d3132303131323230323633325a170d34
192e2c6fe	base64	32303131323230323633325a3048310b300906035504061302424d31193017060355040a131051756f5661646973204c
192ef934b	base64	0906035504061302555331223020060355040a1319476f6f676c65205472757374205365727669636573204c4c433114
192ef938c	base64	30120603550403130b47545320526f6f74205233301e170d3136303632323030303030305a170d333630363232303030
192ef93cd	base64	3030305a3047310b300906035504061302555331223020060355040a1319476f6f676c65205472757374205365727669
192ef9fc4	base64	0906035504061302555331223020060355040a1319476f6f676c65205472757374205365727669636573204c4c433114
192efa005	base64	30120603550403130b47545320526f6f74205234301e170d3136303632323030303030305a170d333630363232303030
192efa046	base64	3030305a3047310b300906035504061302555331223020060355040a1319476f6f676c65205472757374205365727669
192efac4e	base64	3022060355040b131b476c6f62616c5369676e2045434320526f6f74204341202d20523431133011060355040a130a47
192efac8f	base64	6c6f62616c5369676e311330110603550403130a476c6f62616c5369676e301e170d3132313131333030303030305a17
192efacd0	base64	0d3338303131393033313430375a305031243022060355040b131b476c6f62616c5369676e2045434320526f6f742043
192efad11	base64	41202d20523431133011060355040a130a476c6f62616c5369676e311330110603550403130a476c6f62616c5369676e
192efb7e0	base64	3022060355040b131b476c6f62616c5369676e2045434320526f6f74204341202d20523531133011060355040a130a47
192efb821	base64	6c6f62616c5369676e311330110603550403130a476c6f62616c5369676e301e170d3132313131333030303030305a17
192efb862	base64	0d3338303131393033313430375a305031243022060355040b131b476c6f62616c5369676e2045434320526f6f742043
192efb8a3	base64	41202d20523531133011060355040a130a476c6f62616c5369676e311330110603550403130a476c6f62616c5369676e
192efc59c	base64	035504061302424531193017060355040a1310476c6f62616c5369676e206e762d73613110300e060355040b1307526f
192efc5dd	base64	6f74204341311b301906035504031312476c6f62616c5369676e20526f6f74204341301e170d39383039303131323030
192efc61e	base64	30305a170d3238303132383132303030305a3057310b300906035504061302424531193017060355040a1310476c6f62
192efc65f	base64	616c5369676e206e762d73613110300e060355040b1307526f6f74204341311b301906035504031312476c6f62616c53
192efda0d	base64	0355040b1317476c6f62616c5369676e20526f6f74204341202d20523231133011060355040a130a476c6f62616c5369
192efda4e	base64	676e311330110603550403130a476c6f62616c5369676e301e170d3036313231353038303030305a170d323131323135
192efda8f	base64	3038303030305a304c3120301e060355040b1317476c6f62616c5369676e20526f6f74204341202d2052323113301106
192efefd2	base64	0355040b1317476c6f62616c5369676e20526f6f74204341202d20523331133011060355040a130a476c6f62616c5369
192eff013	base64	676e311330110603550403130a476c6f62616c5369676e301e170d3039303331383130303030305a170d323930333138
192eff054	base64	3130303030305a304c3120301e060355040b1317476c6f62616c5369676e20526f6f74204341202d2052333113301106
192f00578	base64	301e060355040b1317476c6f62616c5369676e20526f6f74204341202d20523631133011060355040a130a476c6f6261
192f005b9	base64	6c5369676e311330110603550403130a476c6f62616c5369676e301e170d3134313231303030303030305a170d333431
192f005fa	base64	3231303030303030305a304c3120301e060355040b1317476c6f62616c5369676e20526f6f74204341202d2052363113
192f0241f	base64	0b300906035504061302424531193017060355040a1310476c6f62616c5369676e206e762d7361311c301a0603550403
192f02460	base64	1313476c6f62616c5369676e20526f6f7420453436301e170d3139303332303030303030305a170d3436303332303030
192f024a1	base64	303030305a3046310b300906035504061302424531193017060355040a1310476c6f62616c5369676e206e762d736131
192f03305	base64	3046310b300906035504061302424531193017060355040a1310476c6f62616c5369676e206e762d7361311c301a0603
192f03346	base64	5504031313476c6f62616c5369676e20526f6f7420523436301e170d3139303332303030303030305a170d3436303332
192f03387	base64	303030303030305a3046310b300906035504061302424531193017060355040a1310476c6f62616c5369676e206e762d
192f05120	base64	0906035504061302424531193017060355040a1310476c6f62616c5369676e206e762d7361312830260603550403131f
192f05161	base64	476c6f62616c5369676e20536563757265204d61696c20526f6f7420453435301e170d3230303331383030303030305a
192f051a2	base64	170d3435303331383030303030305a3052310b300906035504061302424531193017060355040a1310476c6f62616c53
192f051e3	base64	69676e206e762d7361312830260603550403131f476c6f62616c5369676e20536563757265204d61696c20526f6f7420
192f0604d	base64	310b300906035504061302424531193017060355040a1310476c6f62616c5369676e206e762d73613128302606035504
192f0608e	base64	03131f476c6f62616c5369676e20536563757265204d61696c20526f6f7420523435301e170d32303033313830303030
192f060cf	base64	30305a170d3435303331383030303030305a3052310b300906035504061302424531193017060355040a1310476c6f62
192f06110	base64	616c5369676e206e762d7361312830260603550403131f476c6f62616c5369676e20536563757265204d61696c20526f
192f080e2	base64	55040613024555314330410603550407133a4d616472696420287365652063757272656e742061646472657373206174
192f08123	base64	207777772e63616d65726669726d612e636f6d2f61646472657373293112301006035504051309413832373433323837
192f08164	base64	311b3019060355040a131241432043616d65726669726d6120532e412e312730250603550403131e476c6f62616c2043
192f081a5	base64	68616d6265727369676e20526f6f74202d2032303038301e170d3038303830313132333134305a170d33383037333131
192f08227	base64	72656e742061646472657373206174207777772e63616d65726669726d612e636f6d2f61646472657373293112301006
192f08268	base64	035504051309413832373433323837311b3019060355040a131241432043616d65726669726d6120532e412e31273025
192f08678	base64	6420287365652063757272656e742061646472657373206174207777772e63616d65726669726d612e636f6d2f616464
192f086b9	base64	72657373293112301006035504051309413832373433323837311b3019060355040a131241432043616d65726669726d
192f0a518	base64	301f060355040a131854686520476f2044616464792047726f75702c20496e632e3131302f060355040b1328476f2044
192f0a559	base64	6164647920436c61737320322043657274696669636174696f6e20417574686f72697479301e170d3034303632393137
192f0a59a	base64	303632305a170d3334303632393137303632305a3063310b30090603550406130255533121301f060355040a13185468
192f0a5db	base64	6520476f2044616464792047726f75702c20496e632e3131302f060355040b1328476f20446164647920436c61737320
192f0a865	base64	2047726f75702c20496e632e3131302f060355040b1328476f20446164647920436c6173732032204365727469666963
192f0bae7	base64	10300e060355040813074172697a6f6e61311330110603550407130a53636f74747364616c65311a3018060355040a13
192f0bb28	base64	11476f44616464792e636f6d2c20496e632e3131302f06035504031328476f20446164647920526f6f74204365727469
192f0bb69	base64	66696361746520417574686f72697479202d204732301e170d3039303930313030303030305a170d3337313233313233
192f0bbeb	base64	130a53636f74747364616c65311a3018060355040a1311476f44616464792e636f6d2c20496e632e3131302f06035504
192f0cf4e	base64	06035504071306417468656e7331443042060355040a133b48656c6c656e69632041636164656d696320616e64205265
192f0cf8f	base64	73656172636820496e737469747574696f6e7320436572742e20417574686f72697479314430420603550403133b4865
192f0cfd0	base64	6c6c656e69632041636164656d696320616e6420526573656172636820496e737469747574696f6e732045434320526f
192f0e308	base64	310b300906035504061302555331153013060355040a130c446967694365727420496e6331193017060355040b131077
192f0e349	base64	77772e64696769636572742e636f6d312430220603550403131b4469676943657274204173737572656420494420526f
192f0e38a	base64	6f74204732301e170d3133303830313132303030305a170d3338303131353132303030305a3065310b30090603550406
192f0e3cb	base64	1302555331153013060355040a130c446967694365727420496e6331193017060355040b13107777772e646967696365
192f1ec4d	base64	301b060355040a0c14427579706173732041532d3938333136333332373120301e06035504030c174275797061737320
192f1ec8e	base64	436c617373203320526f6f74204341301e170d3130313032363038323835385a170d3430313032363038323835385a30
192f1eccf	base64	4e310b3009060355040613024e4f311d301b060355040a0c14427579706173732041532d393833313633333237312030
192f20c71	base64	04061302534b311330110603550407130a4272617469736c61766131133011060355040a130a446973696720612e732e
192f20cb2	base64	3119301706035504031310434120446973696720526f6f74205232301e170d3132303731393039313533305a170d3432
192f20cf3	base64	303731393039313533305a3052310b300906035504061302534b311330110603550407130a4272617469736c61766131
192f20d34	base64	133011060355040a130a446973696720612e732e3119301706035504031310434120446973696720526f6f7420523230
192f22ca0	base64	4e3130302e060355040a0c274368696e612046696e616e6369616c2043657274696669636174696f6e20417574686f72
192f22ce1	base64	6974793115301306035504030c0c4346434120455620524f4f54301e170d3132303830383033303730315a170d323931
192f22d22	base64	3233313033303730315a3056310b300906035504061302434e3130302e060355040a0c274368696e612046696e616e63
192f22d63	base64	69616c2043657274696669636174696f6e20417574686f726974793115301306035504030c0c4346434120455620524f
19395654c	base64	07137a71515a0c504a505b007a46514503685b5702357e62044836623d697a5a68520b104454567c5626237c0f20692e52275d35323a
193d9f03c	base64	1041041041041041041041041041041041041041041041041041041041041041041041041041041041041041041041041041041041041041041041041041041041041041041041
194873b08	base64	04104104104104104104104104104104104104104104104104104104104104104104
19487402b	base64	04104104104104104104104104104104104104104104104104104104104104104104
1957f8907	base64	0410410410410410410410410410410410410410
1957f9859	base64	481041041041041041041041041041041041041041041041
1957fb164	base64	0410410410410410410410410410410410410410410410410410410410410410410410
1957fb28c	base64	3010410410410410410410410410410410410410410410410410410410410410410410410410410410410410410410410410410410
1957fb2f7	base64	7c404104104104104104104104104104104104104104104104104104104104104104
1958017cb	base64	64104104104104104104104104104104104104104104104104104104104104104104104104104104104104104104104104104104104104104104104104104104104104104104104104104104104104104104104104104104104104104104104104104104104104104104104104
1958c9ce7	base64	7010410410410410410410410410410410410410410410410410
1958c9d20	base64	0c10410410410410410410410410410410410410
19634deb3	base64	041041041041041041041041041041041041041041041041041041041041041041041041041041041041041041041041041041041041041041041041041041041041041041041041041041041041041041041041041041
19634ff18	base64	0c104104104104104104104104104104104104104104104104104104104104104104104104104104104104104104104104104104
19634fffb	base64	20104104104104104104104104104104104104104104104104104104104104104104104104104104104104104104104104104104
1963500de	base64	34104104104104104104104104104104104104104104104104104104104104104104104104104104104104104104104104104104
1963501c1	base64	48104104104104104104104104104104104104104104104104104104104104104104104104104104104104104104104104104104
1963502a4	base64	5c104104104104104104104104104104104104104104104104104104104104104104104104104104104104104104104104104104
196352b06	base64	44104104104104104104104104104104104104104104104104104104104104104104104104104104104104104104104104104104104104104104104104104104104104104104104104104104104104104104104104104104104104104104104104104104104104104104104104
196352c25	base64	78104104104104104104104104104104104104104104104104104104104104104104104104104104104104104104104104104104104104104104104104104104104104104104104104104104104104104104104104104104104104104104104104104104104104104104104104
196352e63	base64	28104104104104104104104104104104104104104104104104104104104104104104104104104104104104104104104104104104104104104104104104104104104104104104104104104104104104104104104104104104104104104104104104104104104104104104104104
196353469	base64	6810410410410410410410410410410410410410410410410410410410410410410410410410410410410410410410
196353546	base64	04104104104104104104104104104104104104104104104104104104104104104104104104104104104104104104
1963536fe	base64	04104104104104104104104104104104104104104104104104104104104104104104104104104104104104104104
1963537da	base64	04104104104104104104104104104104104104104104104104104104104104104104104104104104104104104104
196354857	base64	28104104104104104104104104104104104104104104104104104104104104104104104104104104104104104104104104104104104104104104104104104104104104104104
196354a15	base64	20104104104104104104104104104104104104104104104104104104104104104104104104104104104104104104104104104104104104104104104104104104104104104104
196354bd3	base64	18104104104104104104104104104104104104104104104104104104104104104104104104104104104104104104104104104104104104104104104104104104104104104104
196355587	base64	0410410410410410410410410410410410410410410410410410410410410410410410410410410410410410410410410410410410410410410410410410410410410410410410410410410410410410410410
196355814	base64	6c1041041041041041041041041041041041041041041041041041041041041041041041041041041041041041041041041041041041041041041041041041041041041041041041041041041041041041041041
19635595b	base64	481041041041041041041041041041041041041041041041041041041041041041041041041041041041041041041041041041041041041041041041041041041041041041041041041041041041041041041041
196355aa2	base64	0c1041041041041041041041041041041041041041041041041041041041041041041041041041041041041041041041041041041041041041041041041041041041041041041041041041041041041041041041
19635934c	base64	2c1041041041041041041041041041041041041041041041041041041041041041041041041041041041041041041041041041041041041041041041041041041041041041041041041041041041041041041041041041041041041041041041041041041041041041041041041041041041041041
196359486	base64	2c1041041041041041041041041041041041041041041041041041041041041041041041041041041041041041041041041041041041041041041041041041041041041041041041041041041041041041041041041041041041041041041041041041041041041041041041041041041041041041
1963595c0	base64	2c1041041041041041041041041041041041041041041041041041041041041041041041041041041041041041041041041041041041041041041041041041041041041041041041041041041041041041041041041041041041041041041041041041041041041041041041041041041041041041
1963596fa	base64	2c1041041041041041041041041041041041041041041041041041041041041041041041041041041041041041041041041041041041041041041041041041041041041041041041041041041041041041041041041041041041041041041041041041041041041041041041041041041041041041
196359834	base64	2c1041041041041041041041041041041041041041041041041041041041041041041041041041041041041041041041041041041041041041041041041041041041041041041041041041041041041041041041041041041041041041041041041041041041041041041041041041041041041041
196359c7f	base64	201041041041041041041041041041041041041041041041041041041041041041041041041041041041041041041041041041041041041041041041
196359d53	base64	641041041041041041041041041041041041041041041041041041041041041041041041041041041041041041041041041041041041041041041041
196359efc	base64	0410410410410410410410410410410410410410410410410410410410410410410410410410410410410410410410410410410410410410410410
196359fcf	base64	301041041041041041041041041041041041041041041041041041041041041041041041041041041041041041041041041041041041041041041041
19635e9ce	base64	30104104104104104104104104104104104104104104104104104104104104104104104104104104104104104104104104104104104104104104104104104104104104104104104104104104104104104104104104104104104104104104104104104104104104104104
19635fbde	base64	3c104104104104104104104104104104104104104104104104104104104104104104104104
19635fcbd	base64	08104104104104104104104104104104104104104104104104104104104104104104104104
196360b66	base64	7410410410410410410410410410410410410410410410410410410410410410410410410410410410410410
196360d10	base64	6410410410410410410410410410410410410410410410410410410410410410410410410410410410410410
196362407	base64	6410410410410410410410410410410410410410410410410410410410410410
1963624da	base64	1410410410410410410410410410410410410410410410410410410410410410
196362681	base64	04104104104104104104104104104104104104104104104104104104104104
1999119da	base64	4d45145145145145145145145145145145145145145145145145145145145145145145145145145145145145
199911a22	base64	51451451451451451451451451451451451451451451451451451451451451451451451451451451451451451a
199911a69	base64	014514514514514514514514514514514514514514514514514514514514514514514514514514514514514514
19991efeb	base64	51451451451451451451451451451451451451451451451451451451451451451451451451451451451451451a
19991f032	base64	014514514514514514514514514514514514514514514514514514514514514514514514514514514514514514
199922cb8	base64	4d45145145145145145145145145145145145145145145145145145145145145145145145145145145145145
199934dc5	base64	4d45145145145145145145145145145145145145145145145145145145145145145145145145145145145145
199934e0d	base64	51451451451451451451451451451451451451451451451451451451451451451451451451451451451451451a
19994019a	base64	4d45145145145145145145145145145145145145145145145145145145145145145145145145145145145145
199df6526	hex	0000000000000000000000000000000000000000000000000000000000000000
199df6567	hex	0000000000000000000000000000000000000000000000000000000000000000
199df65a8	hex	0000000000000000000000000000000000000000000000000000000000000000
199df65e9	hex	0000000000000000000000000000000000000000000000000000000000000000
199df662a	hex	0000000000000000000000000000000000000000000000000000000000000000
199df666b	hex	0000000000000000000000000000000000000000000000000000000000000000
199df66ac	hex	0000000000000000000000000000000000000000000000000000000000000000
199df66ed	hex	0000000000000000000000000000000000000000000000000000000000000000
199dfc7fa	hex	0000000000000000000000000000000000000000000000000000000000000000
199dfc83b	hex	0000000000000000000000000000000000000000000000000000000000000000
199dfc87c	hex	0000000000000000000000000000000000000000000000000000000000000000
199dfc8bd	hex	0000000000000000000000000000000000000000000000000000000000000000
199dfc8fe	hex	0000000000000000000000000000000000000000000000000000000000000000
199dfc93f	hex	0000000000000000000000000000000000000000000000000000000000000000
199dfc980	hex	0000000000000000000000000000000000000000000000000000000000000000
199e52fc2	hex	0000000000000000000000000000000000000000000000000000000000000000
199e53003	hex	0000000000000000000000000000000000000000000000000000000000000000
199e53044	hex	0000000000000000000000000000000000000000000000000000000000000000
199e53085	hex	0000000000000000000000000000000000000000000000000000000000000000
199e530c6	hex	0000000000000000000000000000000000000000000000000000000000000000
199e53107	hex	0000000000000000000000000000000000000000000000000000000000000000
199e53148	hex	0000000000000000000000000000000000000000000000000000000000000000
199e53189	hex	0000000000000000000000000000000000000000000000000000000000000000
199ea38ab	hex	0000000000000000000000000000000000000000000000000000000000000000
199ea38ec	hex	0000000000000000000000000000000000000000000000000000000000000000
199ea392d	hex	0000000000000000000000000000000000000000000000000000000000000000
199ea396e	hex	0000000000000000000000000000000000000000000000000000000000000000
199ea39af	hex	0000000000000000000000000000000000000000000000000000000000000000
199ea39f0	hex	0000000000000000000000000000000000000000000000000000000000000000
199ea3a31	hex	0000000000000000000000000000000000000000000000000000000000000000
199ea3a72	hex	0000000000000000000000000000000000000000000000000000000000000000
199ee4d32	hex	0000000000000000000000000000000000000000000000000000000000000000
199ee4d73	hex	0000000000000000000000000000000000000000000000000000000000000000
199ee4db4	hex	0000000000000000000000000000000000000000000000000000000000000000
199ee4df5	hex	0000000000000000000000000000000000000000000000000000000000000000
199ee4e36	hex	0000000000000000000000000000000000000000000000000000000000000000
199ee4e77	hex	0000000000000000000000000000000000000000000000000000000000000000
199ee4eb8	hex	0000000000000000000000000000000000000000000000000000000000000000
199f252ab	hex	0000000000000000000000000000000000000000000000000000000000000000
199f252ec	hex	0000000000000000000000000000000000000000000000000000000000000000
199f2532d	hex	0000000000000000000000000000000000000000000000000000000000000000
199f2536e	hex	0000000000000000000000000000000000000000000000000000000000000000
199f253af	hex	0000000000000000000000000000000000000000000000000000000000000000
199f253f0	hex	0000000000000000000000000000000000000000000000000000000000000000
199f25431	hex	0000000000000000000000000000000000000000000000000000000000000000
199f25472	hex	0000000000000000000000000000000000000000000000000000000000000000
199fb9eed	hex	0000000000000000000000000000000000000000000000000000000000000000
199fb9f2e	hex	0000000000000000000000000000000000000000000000000000000000000000
199fb9f6f	hex	0000000000000000000000000000000000000000000000000000000000000000
199fb9fb0	hex	0000000000000000000000000000000000000000000000000000000000000000
199fb9ff1	hex	0000000000000000000000000000000000000000000000000000000000000000
199fba032	hex	0000000000000000000000000000000000000000000000000000000000000000
199fba073	hex	0000000000000000000000000000000000000000000000000000000000000000
19a01a565	hex	0000000000000000000000000000000000000000000000000000000000000000
19a01a5a6	hex	0000000000000000000000000000000000000000000000000000000000000000
19a01a5e7	hex	0000000000000000000000000000000000000000000000000000000000000000
19a01a628	hex	0000000000000000000000000000000000000000000000000000000000000000
19a01a669	hex	0000000000000000000000000000000000000000000000000000000000000000
19a01a6aa	hex	0000000000000000000000000000000000000000000000000000000000000000
19a01a6eb	hex	0000000000000000000000000000000000000000000000000000000000000000
19a01a72c	hex	0000000000000000000000000000000000000000000000000000000000000000
19a07aecd	hex	0000000000000000000000000000000000000000000000000000000000000000
19a07af0e	hex	0000000000000000000000000000000000000000000000000000000000000000
19a07af4f	hex	0000000000000000000000000000000000000000000000000000000000000000
19a07af90	hex	0000000000000000000000000000000000000000000000000000000000000000
19a07afd1	hex	0000000000000000000000000000000000000000000000000000000000000000
19a07b012	hex	0000000000000000000000000000000000000000000000000000000000000000
19a07b053	hex	0000000000000000000000000000000000000000000000000000000000000000
19a07b094	hex	0000000000000000000000000000000000000000000000000000000000000000
19a08e93e	hex	0000000000000000000000000000000000000000000000000000000000000000
19a08e97f	hex	0000000000000000000000000000000000000000000000000000000000000000
19a08e9c0	hex	0000000000000000000000000000000000000000000000000000000000000000
19a08ea01	hex	0000000000000000000000000000000000000000000000000000000000000000
19a08ea42	hex	0000000000000000000000000000000000000000000000000000000000000000
19a08ea83	hex	0000000000000000000000000000000000000000000000000000000000000000
19a08eac4	hex	0000000000000000000000000000000000000000000000000000000000000000
19a08eb05	hex	0000000000000000000000000000000000000000000000000000000000000000
19a094635	hex	0000000000000000000000000000000000000000000000000000000000000000
19a094676	hex	0000000000000000000000000000000000000000000000000000000000000000
19a0946b7	hex	0000000000000000000000000000000000000000000000000000000000000000
19a0946f8	hex	0000000000000000000000000000000000000000000000000000000000000000
19a094739	hex	0000000000000000000000000000000000000000000000000000000000000000
19a09477a	hex	0000000000000000000000000000000000000000000000000000000000000000
19a0947bb	hex	0000000000000000000000000000000000000000000000000000000000000000
19a0947fc	hex	0000000000000000000000000000000000000000000000000000000000000000
19a134bc8	hex	0000000000000000000000000000000000000000000000000000000000000000
19a134c09	hex	0000000000000000000000000000000000000000000000000000000000000000
19a134c4a	hex	0000000000000000000000000000000000000000000000000000000000000000
19a134c8b	hex	0000000000000000000000000000000000000000000000000000000000000000
19a134ccc	hex	0000000000000000000000000000000000000000000000000000000000000000
19a134d0d	hex	0000000000000000000000000000000000000000000000000000000000000000
19a134d4e	hex	0000000000000000000000000000000000000000000000000000000000000000
19a134d8f	hex	0000000000000000000000000000000000000000000000000000000000000000
19a18c7f8	hex	0000000000000000000000000000000000000000000000000000000000000000
19a18c839	hex	0000000000000000000000000000000000000000000000000000000000000000
19a18c87a	hex	0000000000000000000000000000000000000000000000000000000000000000
19a18c8bb	hex	0000000000000000000000000000000000000000000000000000000000000000
19a18c8fc	hex	0000000000000000000000000000000000000000000000000000000000000000
19a18c93d	hex	0000000000000000000000000000000000000000000000000000000000000000
19a18c97e	hex	0000000000000000000000000000000000000000000000000000000000000000
19a18c9bf	hex	0000000000000000000000000000000000000000000000000000000000000000
19a1e9deb	hex	0000000000000000000000000000000000000000000000000000000000000000
19a1e9e2c	hex	0000000000000000000000000000000000000000000000000000000000000000
19a1e9e6d	hex	0000000000000000000000000000000000000000000000000000000000000000
19a1e9eae	hex	0000000000000000000000000000000000000000000000000000000000000000
19a1e9eef	hex	0000000000000000000000000000000000000000000000000000000000000000
19a1e9f30	hex	0000000000000000000000000000000000000000000000000000000000000000
19a1e9f71	hex	0000000000000000000000000000000000000000000000000000000000000000
19a1e9fb2	hex	0000000000000000000000000000000000000000000000000000000000000000
19a1ef7c8	hex	0000000000000000000000000000000000000000000000000000000000000000
19a1ef809	hex	0000000000000000000000000000000000000000000000000000000000000000
19a1ef84a	hex	0000000000000000000000000000000000000000000000000000000000000000
19a1ef88b	hex	0000000000000000000000000000000000000000000000000000000000000000
19a1ef8cc	hex	0000000000000000000000000000000000000000000000000000000000000000
19a1ef90d	hex	0000000000000000000000000000000000000000000000000000000000000000
19a1ef94e	hex	0000000000000000000000000000000000000000000000000000000000000000
19a22de6d	hex	0000000000000000000000000000000000000000000000000000000000000000
19a22deae	hex	0000000000000000000000000000000000000000000000000000000000000000
19a22deef	hex	0000000000000000000000000000000000000000000000000000000000000000
19a22df30	hex	0000000000000000000000000000000000000000000000000000000000000000
19a22df71	hex	0000000000000000000000000000000000000000000000000000000000000000
19a22dfb2	hex	0000000000000000000000000000000000000000000000000000000000000000
19a22dff3	hex	0000000000000000000000000000000000000000000000000000000000000000
19a22e034	hex	0000000000000000000000000000000000000000000000000000000000000000
19a27826e	hex	0000000000000000000000000000000000000000000000000000000000000000
19a2782af	hex	0000000000000000000000000000000000000000000000000000000000000000
19a2782f0	hex	0000000000000000000000000000000000000000000000000000000000000000
19a278331	hex	0000000000000000000000000000000000000000000000000000000000000000
19a278372	hex	0000000000000000000000000000000000000000000000000000000000000000
19a2783b3	hex	0000000000000000000000000000000000000000000000000000000000000000
19a2783f4	hex	0000000000000000000000000000000000000000000000000000000000000000
19a278435	hex	0000000000000000000000000000000000000000000000000000000000000000
19a2c5900	hex	0000000000000000000000000000000000000000000000000000000000000000
19a2c5941	hex	0000000000000000000000000000000000000000000000000000000000000000
19a2c5982	hex	0000000000000000000000000000000000000000000000000000000000000000
19a2c59c3	hex	0000000000000000000000000000000000000000000000000000000000000000
19a2c5a04	hex	0000000000000000000000000000000000000000000000000000000000000000
19a2c5a45	hex	0000000000000000000000000000000000000000000000000000000000000000
19a2c5a86	hex	0000000000000000000000000000000000000000000000000000000000000000
19a2c5ac7	hex	0000000000000000000000000000000000000000000000000000000000000000
19a3849d0	base64	500000000000000020010004000000000000000000006000000000000000000000000000000000000200000000000000000000000000000018000000000000001800000000000000000000000000000008000000000000000800000000000000
19a384a70	base64	500000000000000020010004000000000000000000006000000000000000000000000000000000000200000000000000000000000000000018000000000000001800000000000000000000000000000008000000000000000800000000000000
19a43bf03	base64	07137a71515a0c504a505b007a46514503685b5702357e62044836623d697a5a68520b104454567c5626237c0f20692e52275d35323a3f241b211e373b22196e420f366562
19aba82ce	base64	000000000000000000006000000000000000000000000000000000000200000000000000000000000000000018000000000000001800000000000000000000000000000008000000000000000800000000000000
19aba834e	base64	500000000000000020010004000000000000000000006000000000000000000000000000000000000200000000000000000000000000000018000000000000001800000000000000000000000000000008000000000000000800000000000000
19abb345a	base64	500000000000000020010004000000000000000000006000000000000000000000000000000000000200000000000000000000000000000018000000000000001800000000000000000000000000000008000000000000000800000000000000
19acfe158	base64	500000000000000020010004000000000000000000006000000000000000000000000000000000000200000000000000000000000000000018000000000000001800000000000000000000000000000008000000000000000800000000000000
19acfe44d	base64	500000000000000020010004000000000000000000006000000000000000000000000000000000000200000000000000000000000000000018000000000000001800000000000000000000000000000008000000000000000800000000000000
19acfea38	base64	50000000000000002001000400000000000000000000600000000000000000000000000000000000
19acfed4d	base64	500000000000000020010004000000000000000000006000000000000000000000000000000000000200000000000000000000000000000018000000000000001800000000000000000000000000000008000000000000000800000000000000
19bce623e	base64	2b444e45427956437474425434420d0a7062734b6569384e304f326543446447616352424f6c4661714463316f6b54355843315448326b4d67656c776a4f4f65436a494e4732785646777139524672320d0a6f6e6d6d415072724f4e38335878384e4c514944415141420d0a2d2d2d2d2d454e4420505542
19c396d8e	base64	6f3d3226747970653d3126636f64653d3430363426746c3d3433323030
19c9d8642	base64	07137a71515a0c504a505b007a46514503685b5702357e62044836623d697a5a68520b104454567c5626237c0f20692e52275d35323a3f241b211e373b22196e420f366562
19cd46176	base64	6d325878507853523235556c424278624b754b527057676a6d75752f476d78454537435036326e7668694d4c0d0a68514944415141420d0a2d2d2d2d2d454e44205055424c4943204b45592d2d2d2d2d0d0a
19cdda37e	base64	07137a71515a0c504a505b007a46514503685b5702357e62044836623d697a5a68520b104454567c5626237c0f20692e52275d35323a3f241b211e373b22196e420f366562
19cebdc8d	base64	6f3d3226747970653d3126636f64653d3432373426746c3d313239363030
19cebdd34	base64	6f3d3226747970653d3126636f64653d3131313326746c3d3433323030
19d049e0d	base64	6f3d3226747970653d3126636f64653d3337303726746c3d3230313630
19d47a958	base64	07137a71515a0c504a505b007a46514503685b5702357e62044836623d697a5a68520b104454567c5626237c0f20692e52275d35323a3f241b211e373b22196e420f366562
19ea52bc3	base64	07137a71515a0c504a505b007a46514503685b5702357e62044836623d697a5a68520b104454567c5626237c0f20692e52275d35323a3f241b211e373b22196e420f366562
19ea993be	base64	07137a71515a0c504a505b007a46514503685b5702357e62044836623d697a5a68520b104454567c5626237c0f20692e52275d35323a3f241b211e373b22196e420f366562
19eb7245d	base64	4d45145145145145145145145145145145145145145145145145145145145145145145145145145145145145
19eb724a5	base64	51451451451451451451451451451451451451451451451451451451451451451451451451451451451451451a
19eb78683	base64	4d45145145145145145145145145145145145145145145145145145145145145145145145145145145145145
19eb786cb	base64	51451451451451451451451451451451451451451451451451451451451451451451451451451451451451451a
19eb78712	base64	014514514514514514514514514514514514514514514514514514514514514514514514514514514514514514
19eb787a2	base64	4d45145145145145145145145145145145145145145145145145145145145145145145145145145145145145
19eb9bcb2	base64	4d45145145145145145145145145145145145145145145145145145145145145145145145145145145145145
19eb9bcfa	base64	51451451451451451451451451451451451451451451451451451451451451451451451451451451451451451a
19edd0422	base64	68747470733a2f2f616e74612e636f6d2e766e2f
19f06782d	base64	6f3d3226747970653d3126636f64653d3336323826746c3d3231363030
1a2c82ede	base64	2c51451451451451451441041041041041041041
1a5fa8f0e	base64	676f6f676c652f6368726f6d652f6d616368696e652d6c6576656c2d75736572
1a6470766	base64	07137a71515a0c504a505b007a46514503685b5702357e62044836623d697a5a68520b104454567c5626237c0f20692e52275d35323a3f241b211e373b22196e420f366562
1a6568e58	base64	4d45145145145145145145145145145145145145145145145145145145145145145145145145145145145145
1a6568ea0	base64	514514514514514514514514514514514514514514514514514514514514514514514514514514514514514522
1a69a9996	base64	7b22736f63636572223a7b2274797065223a225445414d5f4649585455524553222c227061796c6f6164223a7b227465616d41223a33317d7d7d
1a69a9b16	base64	7b22736f63636572223a7b2274797065223a225445414d5f4649585455524553222c227061796c6f6164223a7b227465616d41223a3132387d7d7d
1a69a9bda	base64	7b22736f63636572223a7b2274797065223a224d415443485f44455441494c222c227061796c6f6164223a7b2273634c65616775654964223a31312c22686f6d6553634964223a33312c226177617953634964223a3132382c226461746554696d65223a5b323032362c392c382c32332c34355d7d7d7d
1a69aa1e6	base64	7b22736f63636572223a7b2274797065223a225445414d5f4649585455524553222c227061796c6f6164223a7b227465616d41223a37337d7d7d
1a69aa296	base64	7b22736f63636572223a7b2274797065223a225445414d5f4649585455524553222c227061796c6f6164223a7b227465616d41223a38377d7d7d
1a69aa35a	base64	7b22736f63636572223a7b2274797065223a224d415443485f44455441494c222c227061796c6f6164223a7b2273634c65616775654964223a31312c22686f6d6553634964223a37332c226177617953634964223a38372c226461746554696d65223a5b323032362c392c392c322c305d7d7d7d
1a69aa4c6	base64	7b22736f63636572223a7b2274797065223a225445414d5f4649585455524553222c227061796c6f6164223a7b227465616d41223a36317d7d7d
1a69aa576	base64	7b22736f63636572223a7b2274797065223a225445414d5f4649585455524553222c227061796c6f6164223a7b227465616d41223a37347d7d7d
1a69aa62a	base64	7b22736f63636572223a7b2274797065223a224d415443485f44455441494c222c227061796c6f6164223a7b2273634c65616775654964223a332c22686f6d6553634964223a36312c226177617953634964223a37342c226461746554696d65223a5b323032362c392c372c312c34355d7d7d7d
1a6a2ce7e	base64	07137a71515a0c504a505b007a46514503685b5702357e62044836623d697a5a68520b104454567c5626237c0f20692e52275d35323a3f241b211e373b22196e420f366562
1a6a6314b	base64	07137a71515a0c504a505b007a46514503685b5702357e62044836623d697a5a68520b104454567c5626237c0f20692e52275d35323a3f241b211e373b22196e420f366562
1a6b66c7e	base64	044836623d697a5a68520b104454567c5626237c0f20692e52275d35323a3f241b211e373b22196e420f366562
1a78970cf	base64	07137a71515a0c504a505b007a46514503685b5702357e62044836623d697a5a68520b104454567c5626237c0f20692e52275d35323a3f241b211e373b22196e420f366562
1a7d4cc3e	base64	2b444e45427956437474425434420d0a7062734b6569384e304f326543446447616352424f6c4661714463316f6b54355843315448326b4d67656c776a4f4f65436a494e4732785646777139524672320d0a6f6e6d6d415072724f4e38335878384e4c514944415141420d0a2d2d2d2d2d454e4420505542
1a7e73494	hex	4444444444444444444444444444444444444444444444444444
1a7e73d44	hex	4444444444444444444444444444444444444444444444444444
1a7e745f4	hex	4444444444444444444444444444444444444444444444444444
1a7e74e94	hex	4444444444444444444444444444444444444444444444444444
1a7e75744	hex	4444444444444444444444444444444444444444444444444444
1a7e75fe4	hex	4444444444444444444444444444444444444444444444444444
1a7e76894	hex	4444444444444444444444444444444444444444444444444444
1a7e77144	hex	4444444444444444444444444444444444444444444444444444
1a7e779f4	hex	4444444444444444444444444444444444444444444444444444
1a7e78294	hex	4444444444444444444444444444444444444444444444444444
1a7e78b34	hex	4444444444444444444444444444444444444444444444444444
1a7e793e4	hex	4444444444444444444444444444444444444444444444444444
1a7e79c94	hex	4444444444444444444444444444444444444444444444444444
1a7e7a544	hex	4444444444444444444444444444444444444444444444444444
1a7e7ad94	hex	4444444444444444444444444444444444444444444444444444
1a7e7b5e4	hex	4444444444444444444444444444444444444444444444444444
1a7e7be34	hex	4444444444444444444444444444444444444444444444444444
1a7e7c694	hex	4444444444444444444444444444444444444444444444444444
1a7e7cee4	hex	4444444444444444444444444444444444444444444444444444
1a7e7d744	hex	4444444444444444444444444444444444444444444444444444
1a7e7dfa4	hex	4444444444444444444444444444444444444444444444444444
1a7e7e804	hex	4444444444444444444444444444444444444444444444444444
1a7e7f064	hex	4444444444444444444444444444444444444444444444444444
1a7e7f8c4	hex	4444444444444444444444444444444444444444444444444444
1a7e80124	hex	4444444444444444444444444444444444444444444444444444
1a7e80984	hex	4444444444444444444444444444444444444444444444444444
1a7e811d4	hex	4444444444444444444444444444444444444444444444444444
1a7e81a34	hex	4444444444444444444444444444444444444444444444444444
1a7e82294	hex	4444444444444444444444444444444444444444444444444444
1a7ed32b4	hex	4444444444444444444444444444444444444444444444444444
1a7ed3b64	hex	4444444444444444444444444444444444444444444444444444
1a7ed4404	hex	4444444444444444444444444444444444444444444444444444
1a7ed4cb4	hex	4444444444444444444444444444444444444444444444444444
1a7ed5564	hex	4444444444444444444444444444444444444444444444444444
1a7ed5e14	hex	4444444444444444444444444444444444444444444444444444
1a7ed66c4	hex	4444444444444444444444444444444444444444444444444444
1a7ed6f64	hex	4444444444444444444444444444444444444444444444444444
1a7ed7814	hex	4444444444444444444444444444444444444444444444444444
1a7ed80c4	hex	4444444444444444444444444444444444444444444444444444
1a7ed8914	hex	4444444444444444444444444444444444444444444444444444
1a7ed9164	hex	4444444444444444444444444444444444444444444444444444
1a7ed99c4	hex	4444444444444444444444444444444444444444444444444444
1a7eda224	hex	4444444444444444444444444444444444444444444444444444
1a7edaa84	hex	4444444444444444444444444444444444444444444444444444
1a7edb2e4	hex	4444444444444444444444444444444444444444444444444444
1a7edbb34	hex	4444444444444444444444444444444444444444444444444444
1a7edc394	hex	4444444444444444444444444444444444444444444444444444
1a7edcbf4	hex	4444444444444444444444444444444444444444444444444444
1a7edd454	hex	4444444444444444444444444444444444444444444444444444
1a7eddcb4	hex	4444444444444444444444444444444444444444444444444444
1a7ede514	hex	4444444444444444444444444444444444444444444444444444
1a7eded74	hex	4444444444444444444444444444444444444444444444444444
1a7edf5d4	hex	4444444444444444444444444444444444444444444444444444
1a7edfe34	hex	4444444444444444444444444444444444444444444444444444
1a7ee06e4	hex	4444444444444444444444444444444444444444444444444444
1a7ee2be4	hex	4444444444444444444444444444444444444444444444444444
1a7fdc35e	base64	4d45145145145145145145145145145145145145145145145145145145145145145145145145145145145145
1a7fdc3a6	base64	514514514514514514514514514514514514514514514514514514514514514514514514514514514514514522
1a7fdc852	base64	4d45145145145145145145145145145145145145145145145145145145145145145145145145145145145145
1a7fdc89a	base64	51451451451451451451451451451451451451451451451451451451451451451451451451451451451451451a
1a7fdc8e1	base64	014514514514514514514514514514514514514514514514514514514514514514514514514514514514514514
1a7fdc971	base64	4d45145145145145145145145145145145145145145145145145145145145145145145145145145145145145
1a7fdc9b9	base64	51451451451451451451451451451451451451451451451451451451451451451451451451451451451451451a
1a7fdca00	base64	014514514514514514514514514514514514514514514514514514514514514514514514514514514514514514
1a7fdca90	base64	4d45145145145145145145145145145145145145145145145145145145145145145145145145145145145145
1a7fdcad8	base64	51451451451451451451451451451451451451451451451451451451451451451451451451451451451451451a
1a7fe6768	base64	4d45145145145145145145145145145145145145145145145145145145145145145145145145145145145145
1a7fe67b0	base64	51451451451451451451451451451451451451451451451451451451451451451451451451451451451451451a
1a7fe67f7	base64	014514514514514514514514514514514514514514514514514514514514514514514514514514514514514514
1a7fe6887	base64	4d45145145145145145145145145145145145145145145145145145145145145145145145145145145145145
1a7fe68cf	base64	51451451451451451451451451451451451451451451451451451451451451451451451451451451451451451a
1a7fe6916	base64	014514514514514514514514514514514514514514514514514514514514514514514514514514514514514514
1a7fe69a6	base64	4d45145145145145145145145145145145145145145145145145145145145145145145145145145145145145
1a7ffd3cf	base64	014514514514514514514514514514514514514514514514514514514514514514514514514514514514514514
1a7ffd45f	base64	4d45145145145145145145145145145145145145145145145145145145145145145145145145145145145145
1a7ffd90d	base64	4d45145145145145145145145145145145145145145145145145145145145145145145145145145145145145
1a7ffd955	base64	51451451451451451451451451451451451451451451451451451451451451451451451451451451451451451a
1a7ffd99c	base64	014514514514514514514514514514514514514514514514514514514514514514514514514514514514514514
1a7ffda2c	base64	4d45145145145145145145145145145145145145145145145145145145145145145145145145145145145145
1a7ffda74	base64	51451451451451451451451451451451451451451451451451451451451451451451451451451451451451451a
1a7ffdabb	base64	014514514514514514514514514514514514514514514514514514514514514514514514514514514514514514
1a80138ee	base64	014514514514514514514514514514514514514514514514514514514514514514514514514514514514514514
1a801397e	base64	4d45145145145145145145145145145145145145145145145145145145145145145145145145145145145145
1a8013e27	base64	4d45145145145145145145145145145145145145145145145145145145145145145145145145145145145145
1a8013e6f	base64	51451451451451451451451451451451451451451451451451451451451451451451451451451451451451451a
1a8013eb6	base64	014514514514514514514514514514514514514514514514514514514514514514514514514514514514514514
1a8013f46	base64	4d45145145145145145145145145145145145145145145145145145145145145145145145145145145145145
1a8013f8e	base64	51451451451451451451451451451451451451451451451451451451451451451451451451451451451451451a
1a8013fd5	base64	014514514514514514514514514514514514514514514514514514514514514514514514514514514514514514
1a8014065	base64	4d45145145145145145145145145145145145146
1a80294db	base64	4d45145145145145145145145145145145145145145145145145145145145145145145145145145145145145
1a8029523	base64	51451451451451451451451451451451451451451451451451451451451451451451451451451451451451451a
1a802956a	base64	014514514514514514514514514514514514514514514514514514514514514514514514514514514514514514
1a80295fa	base64	4d45145145145145145145145145145145145145145145145145145145145145145145145145145145145145
1a802a27e	base64	4d45145145145145145145145145145145145145145145145145145145145145145145145145145145145145
1a802a2c6	base64	51451451451451451451451451451451451451451451451451451451451451451451451451451451451451451a
1a802a30d	base64	014514514514514514514514514514514514514514514514514514514514514514514514514514514514514514
1a802a39d	base64	4d45145145145145145145145145145145145145145145145145145145145145145145145145145145145145
1a802a3e5	base64	51451451451451451451451451451451451451451451451451451451451451451451451451451451451451451a
1a802a42c	base64	014514514514514514514514514514514514514514514514514514514514514514514514514514514514514514
1a802a4bc	base64	4d45145145145145145145145145145145145145145145145145145145145145145145145145145145145145
1a802a504	base64	51451451451451451451451451451451451451451451451451451451451451451451451451451451451451451a
1a860f5ca	base64	07137a71515a0c504a505b007a46514503685b5702357e62044836623d697a5a68520b104454567c5626237c0f20692e52275d35323a
1a8bef21a	base64	4d45145145145145145145145145145145145145145145145145145145145145145145145145145145145145
1a8bef6da	base64	4d45145145145145145145145145145145145145145145145145145145145145145145145145145145145145
1a8c16d40	base64	4d45145145145145145145145145145145145145145145145145145145145145145145145145145145145145
1a8c16d88	base64	51451451451451451451451451451451451451451451451451451451451451451451451451451451451451451a
1a8c16dcf	base64	014514514514514514514514514514514514514514514514514514514514514514514514514514514514514514
1a8c23a21	base64	4d45145145145145145145145145145145145145145145145145145145145145145145145145145145145145
1a8c23a69	base64	51451451451451451451451451451451451451451451451451451451451451451451451451451451451451451a
1a8c23ab0	base64	014514514514514514514514514514514514514514514514514514514514514514514514514514514514514514
1a8c26874	base64	4d45145145145145145145145145145145145145145145145145145145145145145145145145145145145145
1a8c268bc	base64	51451451451451451451451451451451451451451451451451451451451451451451451451451451451451451a
1a8c26903	base64	014514514514514514514514514514514514514514514514514514514514514514514514514514514514514514
1a9417c24	base64	18104104104104104104104104104104104104104104104104104104104104104104104104104104104104104104104104104104
1a9417d22	base64	34104104104104104104104104104104104104104104104104104104104104104104104104104104104104104104104104104104
1a9417e20	base64	50104104104104104104104104104104104104104104104104104104104104104104104104104104104104104104104104104104
1a9589e43	base64	4d45145145145145145145145145145145145145145145145145145145145145145145145145145145145145
1a9589e8b	base64	51451451451451451451451451451451451451451451451451451451451451451451451451451451451451451a
1a9595218	base64	4d45145145145145145145145145145145145145145145145145145145145145145145145145145145145145
1aa114efc	base64	07137a71515a0c504a505b007a46514503685b5702357e62044836623d697a5a68520b104454567c5626237c0f20692e52275d35323a3f241b211e373b22196e420f366562
1aa50565b	base64	1c104104104104104104104104104104104104104104104104104104104104104104104104104104104104104104104104104104104104104104104104104104104104104104104104104104104104104104104104104104104104104104104104104104104104
1aa505789	base64	48104104104104104104104104104104104104104104104104104104104104104104104104104104104104104104104104104104104104104104104104104104104104104104104104104104104104104104104104104104104104104104104104104104104104
1aa5ffad4	hex	0e00100000000000000000000000000000000001
1aa6010fc	hex	000000000000000000000000000000000000000000000000000000000000000000000000000000000000000000000000000000000000000000000000000000000000000000000000000000000000000000000000000000000000000000000000000000000000000000000000
1aa60146c	hex	0e00100000000000000000000500000000000001
1aa6014fc	hex	0e001000000101010100011f0800000000000001
1ac097d9c	hex	666666666666666666666666666666666666666666666666666666666666
1ac1b9536	base64	4d45145145145145145145145145145145145145145145145145145145145145145145145145145145145145
1ac1b957e	base64	51451451451451451451451451451451451451451451451451451451451451451451451451451451451451451a
1ac1b95c5	base64	014514514514514514514514514514514514514514514514514514514514514514514514514514514514514514
1ac23d957	base64	07137a71515a0c504a505b007a46514503685b5702357e62044836623d697a5a68520b104454567c5626237c0f20692e52275d35323a3f241b211e373b22196e420f366562
1ac25fd57	base64	07137a71515a0c504a505b007a46514503685b5702357e62044836623d697a5a68520b104454567c5626237c0f20692e52275d35323a3f241b211e373b22196e420f366562
1adf8c48d	base64	3810410410410410410410410410410410410410
1adf8c568	base64	3810410410410410410410410410410410410410
1adf8c643	base64	3810410410410410410410410410410410410410
1adf8c71e	base64	3810410410410410410410410410410410410410
1adf8c933	base64	3810410410410410410410410410410410410410
1adf8cab8	base64	4c104104104104104104104104104104104104104104104104104104104104104104104104104104104104104104104104104104104104104104104104104104104104104104104104104104104104
1adf8cbdc	base64	3810410410410410410410410410410410410410
1adf8ce85	base64	3810410410410410410410410410410410410410
1adf8ceba	base64	4c104104104104104104104104104104104104104104104104104104104104104104104104104104104104104104104104104104104104104104104104104104104104104104104104104104104104
1adf93022	base64	041041041041041041041041041041041041041041041041041041041041041041041041041041041041
1b1923016	hex	0000000000000000000000000000000000000000000000000000000000000000
1b1923057	hex	0000000000000000000000000000000000000000000000000000000000000000
1b1923098	hex	0000000000000000000000000000000000000000000000000000000000000000
1b19230d9	hex	0000000000000000000000000000000000000000000000000000000000000000
1b192311a	hex	0000000000000000000000000000000000000000000000000000000000000000
1b192315b	hex	0000000000000000000000000000000000000000000000000000000000000000
1b192319c	hex	0000000000000000000000000000000000000000000000000000000000000000
1b19231dd	hex	0000000000000000000000000000000000000000000000000000000000000000
1b19684ab	hex	0000000000000000000000000000000000000000000000000000000000000000
1b19684ec	hex	0000000000000000000000000000000000000000000000000000000000000000
1b196852d	hex	0000000000000000000000000000000000000000000000000000000000000000
1b196856e	hex	0000000000000000000000000000000000000000000000000000000000000000
1b19685af	hex	0000000000000000000000000000000000000000000000000000000000000000
1b19685f0	hex	0000000000000000000000000000000000000000000000000000000000000000
1b1968631	hex	0000000000000000000000000000000000000000000000000000000000000000
1b1968672	hex	0000000000000000000000000000000000000000000000000000000000000000
1b1d140ae	base64	500000000000000020010004000000000000000000006000000000000000000000000000000000000200000000000000000000000000000018000000000000001800000000000000000000000000000008000000000000000800000000000000
1b1d141ce	base64	500000000000000020010004000000000000000000006000000000000000000000000000000000000200000000000000000000000000000018000000000000001800000000000000000000000000000008000000000000000800000000000000
1b1e14683	base64	07137a71515a0c504a505b007a46514503685b5702357e62044836623d697a5a68520b104454567c5626237c0f20692e52275d35323a3f241b211e373b22196e420f366562
1b1e147a3	base64	07137a71515a0c504a505b007a46514503685b5702357e62044836623d697a5a68520b104454567c5626237c0f20692e52275d35323a3f241b211e373b22196e420f366562
1b1e14d43	base64	07137a71515a0c504a505b007a46514503685b5702357e62044836623d697a5a68520b104454567c5626237c0f20692e52275d35323a3f241b211e373b22196e420f366562
1b26b8970	base64	50000000000000002001000400000000000000000000600000000000000000000000000000000000
1b26b8a10	base64	500000000000000020010004000000000000000000006000000000000000000000000000000000000200000000000000000000000000000018000000000000001800000000000000000000000000000008000000000000000800000000000000
1b26ce304	base64	500000000000000020010004000000000000000000006000000000000000000000000000000000000200000000000000000000000000000018000000000000001800000000000000000000000000000008000000000000000800000000000000
1b2711757	base64	5f4f657a01545806481e5300625f534300725f57
1b32aec8e	base64	6f3d3226747970653d3126636f64653d3330333126746c3d313239363030
1b37b673e	base64	180000001200000068747470733a2f2f636f63636f632e636f6d0000
1b37b68fe	base64	180000001200000068747470733a2f2f636f63636f632e636f6d0000
1b37b6abe	base64	180000001200000068747470733a2f2f636f63636f632e636f6d0000
1b38b197e	base64	180000001200000068747470733a2f2f636f63636f632e636f6d0000
1b38b19fe	base64	180000001200000068747470733a2f2f636f63636f632e636f6d0000
1b38b1b7e	base64	180000001200000068747470733a2f2f636f63636f632e636f6d0000
1b3a3744d	base64	500000000000000020010004000000000000000000006000000000000000000000000000000000000200000000000000000000000000000018000000000000001800000000000000000000000000000008000000000000000800000000000000
1b3a37a38	base64	50000000000000002001000400000000000000000000600000000000000000000000000000000000
1b3abc2ce	base64	000000000000000000006000000000000000000000000000000000000200000000000000000000000000000018000000000000001800000000000000000000000000000008000000000000000800000000000000
1b3abc35e	base64	000000000000000000006000000000000000000000000000000000000200000000000000000000000000000018000000000000001800000000000000000000000000000008000000000000000800000000000000
1b3abf830	base64	500000000000000020010004000000000000000000006000000000000000000000000000000000000200000000000000000000000000000018000000000000001800000000000000000000000000000008000000000000000800000000000000
1b3abf970	base64	50000000000000002001000400000000000000000000600000000000000000000000000000000000
1b3abfa10	base64	500000000000000020010004000000000000000000006000000000000000000000000000000000000200000000000000000000000000000018000000000000001800000000000000000000000000000008000000000000000800000000000000
1b3abfab0	base64	500000000000000020010004000000000000000000006000000000000000000000000000000000000200000000000000000000000000000018000000000000001800000000000000000000000000000008000000000000000800000000000000
1b3abfb50	base64	500000000000000020010004000000000000000000006000000000000000000000000000000000000200000000000000000000000000000018000000000000001800000000000000000000000000000008000000000000000800000000000000
1b3ac3738	base64	500000000000000020010004000000000000000000006000000000000000000000000000000000000200000000000000000000000000000018000000000000001800000000000000000000000000000008000000000000000800000000000000
1b4294497	base64	5f4f657a01545806481e5300625f534300725f57
1b4338292	base64	07137a71515a0c504a505b007a46514503685b5702357e62044836623d697a5a68520b104454567c5626237c0f20692e52275d35323a3f241b211e373b22196e420f366562
1b433883e	base64	505b007a46514503685b5702357e62044836623d697a5a68520b104454567c5626237c0f20692e52275d35323a3f241b211e373b22196e420f366562
1b445da27	base64	4454567c5626237c0f20692e52275d35323a3f241b211e373b22196e420f366562
1b471c823	base64	07137a71515a0c504a505b007a46514503685b5702357e62044836623d697a5a68520b104454567c5626237c0f20692e52275d35323a3f241b211e373b22196e420f366562
1b4829b2e	base64	07137a71515a0c504a505b007a46514503685b5702357e62044836623d697a5a68520b104454567c5626237c0f20692e52275d35323a3f241b211e373b22196e420f366562
1b482b76f	base64	07137a71515a0c504a505b007a46514503685b5702357e62044836623d697a5a68520b104454567c5626237c0f20692e52275d35323a3f241b211e373b22196e420f366562
1b4cc073a	base64	07137a71515a0c504a505b007a46514503685b5702357e62044836623d697a5a68520b104454567c5626237c0f20692e52275d35323a3f241b211e373b22196e420f366562
1b60011bf	base64	68747470733a2f2f616e74612e636f6d2e766e2f
1b609e158	base64	07137a71515a0c504a505b007a46514503685b5702357e62044836623d697a5a68520b104454567c5626237c0f20692e52275d35323a3f241b211e373b22196e420f366562
1b60d9e46	base64	2d454e44205055424c4943204b45592d2d2d2d2d0d0a
1b615a43e	base64	6f3d3226747970653d31266a733d3126636f64653d3239343526746c3d313239363030
1b61c1a74	base64	4d45145145145145145145145145145145145145145145145145145145145145145145145145145145145145
1b61c1abc	base64	51451451451451451451451451451451451451451451451451451451451451451451451451451451451451451a
1b61cc912	base64	4d45145145145145145145145145145145145145145145145145145145145145145145145145145145145145
1b61cc95a	base64	51451451451451451451451451451451451451451451451451451451451451451451451451451451451451451a
1b61cc9a1	base64	014514514514514514514514514514514514514514514514514514514514514514514514514514514514514514
1b61eaca7	base64	4d45145145145145145145145145145145145145145145145145145145145145145145145145145145145145
1b61eacef	base64	51451451451451451451451451451451451451451451451451451451451451451451451451451451451451451a
1b61ead36	base64	014514514514514514514514514514514514514514514514514514514514514514514514514514514514514514
1b6288eff	base64	4d45145145145145145145145145145145145145145145145145145145145145145145145145145145145145
1b6288f47	base64	51451451451451451451451451451451451451451451451451451451451451451451451451451451451451451a
1b629c207	base64	4d45145145145145145145145145145145145145145145145145145145145145145145145145145145145145
1b629c24f	base64	51451451451451451451451451451451451451451451451451451451451451451451451451451451451451451a
1b629c296	base64	01451451451451451451451451451451451451451451
1b63518ac	base64	4d45145145145145145145145145145145145145145145145145145145145145145145145145145145145145
1b63518f4	base64	51451451451451451451451451451451451451451451451451451451451451451451451451451451451451451a
1b635193b	base64	014514514514514514514514514514514514514514514514514514514514514514514514514514514514514514
1b63519cb	base64	4d45145145145145145145145145145145145145145145145145145145145145145145145145145145145145
1b6351a13	base64	51451451451451451451451451451451451451451451451451451451451451451451451451451451451451451a
1b6351a5a	base64	014514514514514514514514514514514514514514514514514514514514514514514514514514514514514514
1b695f14e	base64	6f3d3226747970653d3126636f64653d34363126746c3d3130303830
1b6a43023	base64	104104104104104104104104104104104104104104104104104104104104104104104104104104
1b6a43063	base64	104104104104104104104104104104104104104104104104104104104104104104104104104104104104104104104104
1b6aad8b2	hex	3444444444444444444444444444344444444444444444444444444434444444444444444444444444443444444444444444444444444444
1b6b1e157	base64	07137a71515a0c504a505b007a46514503685b5702357e62044836623d697a5a68520b104454567c5626237c0f20692e52275d35323a3f241b211e373b22196e420f366562
1b6bb828f	base64	07137a71515a0c504a505b007a46514503685b5702357e62044836623d697a5a68520b104454567c5626237c0f20692e52275d35323a3f241b211e373b22196e420f366562
1b6cdb4a3	base64	07137a71515a0c504a505b007a46514503685b5702357e62044836623d697a5a68520b104454567c5626237c0f20692e52275d35323a3f241b211e373b22196e420f366562
1b6cdbda3	base64	07137a71515a0c504a505b007a46514503685b5702357e62044836623d697a5a68520b104454567c5626237c0f20692e52275d35323a3f241b211e373b22196e420f366562
1b6d4d9bd	base64	6f3d3226747970653d3126636f64653d3332303226746c3d313239363030
1b6d4dbfd	base64	6f3d3226747970653d3126636f64653d3430353226746c3d313239363030
1b6d520ad	base64	6f3d3226747970653d31266a733d3126636f64653d383226746c3d313537363830302664705f69643d3232
1b6d64e3c	base64	6f3d3226747970653d31266a733d3126636f64653d38303626746c3d353138343030
1b6dc7948	base64	6f3d3226747970653d31266a733d3126636f64653d3231393126746c3d323539323030
1b753307e	base64	5843315448326b4d67656c776a4f4f65436a494e4732785646777139524672320d0a6f6e6d6d415072724f4e38335878384e4c514944415141420d0a2d2d2d2d2d454e4420505542
1b77a4ad8	base64	5f4f657a01545806481e5300625f534300725f57
1b82361fe	base64	07137a71515a0c504a505b007a46514503685b5702357e62044836623d697a5a68520b104454567c5626237c0f20692e52275d35323a3f241b211e373b22196e420f366562
1b871023e	base64	2b444e45427956437474425434420d0a7062734b6569384e304f326543446447616352424f6c4661714463316f6b54355843315448326b4d67656c776a4f4f65436a494e4732785646777139524672320d0a6f6e6d6d415072724f4e38335878384e4c514944415141420d0a2d2d2d2d2d454e4420505542
1b8e159be	base64	2b444e45427956437474425434420d0a7062734b6569384e304f326543446447616352424f6c4661714463316f6b54355843315448326b4d67656c776a4f4f65436a494e4732785646777139524672320d0a6f6e6d6d415072724f4e38335878384e4c514944415141420d0a2d2d2d2d2d454e4420505542
1b927df77	base64	180000001200000068747470733a2f2f636f63636f632e636f6d0000
1b927e003	base64	180000001200000068747470733a2f2f636f63636f632e636f6d0000
1b929b53d	base64	4d45145145145145145145145145145145145145145145145145145145145145145145145145145145145145
1b929b585	base64	51451451451451451451451451451451451451451451451451451451451451451451451451451451451451451a
1b933bff3	base64	180000001200000068747470733a2f2f636f63636f632e636f6d0000
1b933c04d	base64	180000001200000068747470733a2f2f636f63636f632e636f6d0000
1b933cc52	base64	180000001200000068747470733a2f2f636f63636f632e636f6d0000
1b933cd7e	base64	180000001200000068747470733a2f2f636f63636f632e636f6d0000
1b933cea7	base64	180000001200000068747470733a2f2f636f63636f632e636f6d0000
1b933cf49	base64	180000001200000068747470733a2f2f636f63636f632e636f6d0000
1b933cfeb	base64	180000001200000068747470733a2f2f636f63636f632e636f6d0000
1b933dd42	base64	180000001200000068747470733a2f2f636f63636f632e636f6d0000
1b933de6b	base64	180000001200000068747470733a2f2f636f63636f632e636f6d0000
1b933df0a	base64	180000001200000068747470733a2f2f636f63636f632e636f6d0000
1b933dfab	base64	180000001200000068747470733a2f2f636f63636f632e636f6d0000
1b933e04c	base64	180000001200000068747470733a2f2f636f63636f632e636f6d0000
1b933ee3f	base64	180000001200000068747470733a2f2f636f63636f632e636f6d0000
1b933eeb2	base64	180000001200000068747470733a2f2f636f63636f632e636f6d0000
1b933ef25	base64	180000001200000068747470733a2f2f636f63636f632e636f6d0000
1b933efa1	base64	180000001200000068747470733a2f2f636f63636f632e636f6d0000
1b933f016	base64	180000001200000068747470733a2f2f636f63636f632e636f6d0000
1b933febc	base64	180000001200000068747470733a2f2f636f63636f632e636f6d0000
1b933ff1d	base64	180000001200000068747470733a2f2f636f63636f632e636f6d0000
1b933ff86	base64	180000001200000068747470733a2f2f636f63636f632e636f6d0000
1b933ffe9	base64	180000001200000068747470733a2f2f636f63636f632e636f6d0000
1b934004c	base64	180000001200000068747470733a2f2f636f63636f632e636f6d0000
1b93aee6c	base64	464c41477b7064665f6533766964656e63655f64336330795f307839396163667d
1b94cbed3	base64	464c41477b63306e6631726d33645f62795f6368346c6c5f6d346b33725f746831735f31735f7468335f666c34677d
1b94f8ed1	base64	464c41477b7064665f6533766964656e63655f64336330795f307839396163667d
1b9617fbe	base64	2b444e45427956437474425434420d0a7062734b6569384e304f326543446447616352424f6c4661714463316f6b54355843315448326b4d67656c776a4f4f65436a494e4732785646777139524672320d0a6f6e6d6d415072724f4e38335878384e4c514944415141420d0a2d2d2d2d2d454e4420505542
1b961a667	base64	623d697a5a68520b104454567c5626237c0f20692e52275d35323a3f241b211e373b22196e420f366562
1b9a8654e	base64	4d45145145145145145145145145145145145145145145145145145145145145145145145145145145145145
1b9a86596	base64	51451451451451451451451451451451451451451451451451451451451451451451451451451451451451451a
1b9abdd1e	hex	666666666666666666666666666666666666666666666666666666666666
1ba0bcebe	base64	2b444e45427956437474425434420d0a7062734b6569384e304f326543446447616352424f6c4661714463316f6b54355843315448326b4d67656c776a4f4f65436a494e4732785646777139524672320d0a6f6e6d6d415072724f4e38335878384e4c514944415141420d0a2d2d2d2d2d454e4420505542
1ba2a45ab	base64	464c41477b746831735f31735f7468335f7233346c5f666c34675f63306e6631726d33645f62795f6368346c6c5f6d346b33727d
1ba6331d6	base64	07137a71515a0c504a505b007a46514503685b5702357e62044836623d697a5a68520b104454567c5626237c0f20692e52275d35323a3f241b211e373b22196e420f366562
1ba6fc550	base64	07137a71515a0c504a505b007a46514503685b5702357e62044836623d697a5a68520b104454567c5626237c0f20692e52275d35323a3f241b211e373b22196e420f366562
1ba7903d3	base64	464c41477b63306e6631726d33645f62795f6368346c6c5f6d346b33725f746831735f31735f7468335f666c34677d
1ba7bca1e	base64	6f3d3226747970653d3126636f64653d3238373526746c3d3433323030
1baeb464e	base64	07137a71515a0c504a505b007a46514503685b5702357e62044836623d697a5a68520b104454567c5626237c0f20692e52275d35323a
1baeb6cc3	base64	07137a71515a0c504a505b007a46514503685b5702357e62044836623d697a5a68520b104454567c5626237c0f20692e52275d35323a3f241b211e373b22196e420f366562
1bb35e518	base64	4d45145145145145145145145145145145145145145145145145145145145145145145145145145145145145
1bb35e560	base64	51451451451451451451451451451451451451451451451451451451451451451451451451451451451451451a
1bb35e5a7	base64	014514514514514514514514514514514514514514514514514514514514514514514514514514514514514514
1bb35e637	base64	4d45145145145145145145145145145145145145145145145145145145145145145145145145145145145145
1bb35e67f	base64	51451451451451451451451451451451451451451451451451451451451451451451451451451451451451451a
1bb35e6c6	base64	014514514514514514514514514514514514514514514514514514514514514514514514514514514514514514
1bb35e756	base64	4d45145145145145145145145145145145145145145145145145145145145145145145145145145145145145
1bb35e79e	base64	51451451451451451451451451451451451451451451451451451451451451451451451451451451451451451a
1bb35e7e5	base64	014514514514514514514514514514514514514514514514514514514514514514514514514514514514514514
1bb5eb07e	base64	51451451451451451451451451451451451451451451451451
1bb737a10	base64	07137a71515a0c504a505b007a46514503685b5702357e62044836623d697a5a68520b104454567c5626237c0f20692e52275d35323a3f241b211e373b22196e420f366562
1bb746548	base64	4d45145145145145145145145145145145145145145145145145145145145145145145145145145145145145
1bb746590	base64	51451451451451451451451451451451451451451451451451451451451451451451451451451451451451451a
1bb7465d7	base64	014514514514514514514514514514514514514514514514514514514514514514514514514514514514514514
1bb8a851f	base64	4d45145145145145145145145145145145145145145145145145145145145145145145145145145145145145
1bb8a8567	base64	51451451451451451451451451451451451451451451451451451451451451451451451451451451451451451a
1bb8a85ae	base64	014514514514514514514514514514514514514514514514514514514514514514514514514514514514514514
1bb8a863e	base64	4d45145145145145145145145145145145145145145145145145145145145145145145145145145145145145
1bb8a8686	base64	51451451451451451451451451451451451451451451451451451451451451451451451451451451451451451a
1bb8a86cd	base64	014514514514514514514514514514514514514514514514514514514514514514514514514514514514514514
1bb8a875d	base64	4d45145145145145145145145145145145145145145145145145145145145145145145145145145145145145
1bb8d1982	base64	07137a71515a0c504a505b007a46514503685b5702357e62044836623d697a5a68520b104454567c5626237c0f20692e52275d35323a3f241b211e373b22196e420f366562
1bc642158	base64	07137a71515a0c504a505b007a46514503685b5702357e62044836623d697a5a68520b104454567c5626237c0f20692e52275d35323a3f241b211e373b22196e420f366562
1bc6eb857	base64	4d45145145145145145145145145145145145145145145145145145145145145145145145145145145145145
1bc6eb89f	base64	51451451451451451451451451451451451451451451451451451451451451451451451451451451451451451a
1bc6fdfdf	base64	4d45145145145145145145145145145145145145145145145145145145145145145145145145145145145145
1bc6fe027	base64	51451451451451451451451451451451451451451451451451451451451451451451451451451451451451451a
1bc700db2	base64	014514514514514514514514514514514514514514514514514514514514514514514514514514514514514514
1bc700e42	base64	4d45145145145145145145145145145145145145145145145145145145145145145145145145145145145145
1bc729522	base64	4d45145145145145145145145145145145145145145145145145145145145145145145145145145145145145
1bc72956a	base64	51451451451451451451451451451451451451451451451451451451451451451451451451451451451451451a
1bc7295b1	base64	014514514514514514514514514514514514514514514514514514514514514514514514514514514514514514
1bc729641	base64	4d45145145145145145145145145145145145145145145145145145145145145145145145145145145145145
1bc729689	base64	51451451451451451451451451451451451451451451451451451451451451451451451451451451451451451a
1bc7296d0	base64	014514514514514514514514514514514514514514514514514514514514514514514514514514514514514514
1bc729760	base64	4d45145145145145145145145145145145145145145145145145145145145145145145145145145145145145
1bc7297a8	base64	51451451451451451451451451451451451451451451451451451451451451451451451451451451451451451a
1bc7297ef	base64	014514514514514514514514514514514514514514514514514514514514514514514514514514514514514514
1bc891ffe	base64	2d2d2d2d2d424547494e205055424c4943204b45592d2d2d2d2d0d0a4d494942496a414e42676b71686b6947397730424151454641414f43415138414d49494243674b4341514541794a626e6270664e316f45396e4a5558574279510d0a4335
1bc9f887b	base64	07137a71515a0c504a505b007a46514503685b5702357e62044836623d697a5a68520b104454567c5626237c0f20692e52275d35323a3f241b211e373b22196e420f366562
1bcab7be8	base64	07137a71515a0c504a505b007a46514503685b5702357e62044836623d697a5a68520b104454567c5626237c0f20692e52275d35323a3f241b211e373b22196e420f366562
1bcc5c1d6	base64	07137a71515a0c504a505b007a46514503685b5702357e62044836623d697a5a68520b104454567c5626237c0f20692e52275d35323a3f241b211e373b22196e420f366562
1bcc6b433	base64	07137a71515a0c504a505b007a46514503685b5702357e62044836623d697a5a68520b104454567c5626237c0f20692e52275d35323a3f241b211e373b22196e420f366562
1bce171d6	base64	07137a71515a0c504a505b007a46514503685b5702357e62044836623d697a5a68520b104454567c5626237c0f20692e52275d35323a3f241b211e373b22196e420f366562
1bcff4e9b	base64	07137a71515a0c504a505b007a46514503685b5702357e62044836623d697a5a68520b104454567c5626237c0f20692e52275d35323a3f241b211e373b22196e420f366562
1bd09ad7e	base64	140000000f00000068747470733a2f2f6d6567612e696f00
1bd86d63e	base64	2b444e45427956437474425434420d0a7062734b6569384e304f326543446447616352424f6c4661714463316f6b54355843315448326b4d67656c776a4f4f65436a494e4732785646777139524672320d0a6f6e6d6d415072724f4e38335878384e4c514944415141420d0a2d2d2d2d2d454e4420505542
1bd946524	base64	4d45145145145145145145145145145145145145145145145145145145145145145145145145145145145145
1bd94656c	base64	51451451451451451451451451451451451451451451451451451451451451451451451451451451451451451a
1bd9465b3	base64	014514514514514514514514514514514514514514514514514514514514514514514514514514514514514514
1bdb36403	base64	07137a71515a0c504a505b007a46514503685b5702357e62044836623d697a5a68520b104454567c5626237c0f20692e52275d35323a3f241b211e373b22196e420f366562
1bdb36763	base64	07137a71515a0c504a505b007a46514503685b5702357e62044836623d697a5a68520b104454567c5626237c0f20692e52275d35323a3f241b211e373b22196e420f366562
1bdb36883	base64	07137a71515a0c504a505b007a46514503685b5702357e62044836623d697a5a68520b104454567c5626237c0f20692e52275d35323a3f241b211e373b22196e420f366562
1bdb369a3	base64	07137a71515a0c504a505b007a46514503685b5702357e62044836623d697a5a68520b104454567c5626237c0f20692e52275d35323a3f241b211e373b22196e420f366562
1bdb36be3	base64	07137a71515a0c504a505b007a46514503685b5702357e62044836623d697a5a68520b104454567c5626237c0f20692e52275d35323a3f241b211e373b22196e420f366562
1bdb36f43	base64	07137a71515a0c504a505b007a46514503685b5702357e62044836623d697a5a68520b104454567c5626237c0f20692e52275d35323a3f241b211e373b22196e420f366562
1bdc128fe	base64	180000001200000068747470733a2f2f636f63636f632e636f6d0000
1bdc12d7e	base64	140000001000000068747470733a2f2f6579656f2e636f6d
1bdc12dfe	base64	180000001200000068747470733a2f2f636f63636f632e636f6d0000
1bdc12efe	base64	180000001200000068747470733a2f2f676f6f676c652e636f6d0000
1bdc13183	base64	07137a71515a0c504a505b007a46514503685b5702357e62044836623d697a5a68520b104454567c5626237c0f20692e52275d35323a3f241b211e373b22196e420f366562
1bdc132c3	base64	07137a71515a0c504a505b007a46514503685b5702357e62044836623d697a5a68520b104454567c5626237c0f20692e52275d35323a3f241b211e373b22196e420f366562
1bdc158ce	base64	07137a71515a0c504a505b007a46514503685b5702357e62044836623d697a5a68520b104454567c5626237c0f20692e
1bdc313c3	base64	07137a71515a0c504a505b007a46514503685b5702357e62044836623d697a5a68520b104454567c5626237c0f20692e52275d35323a3f241b211e373b22196e420f366562
1bdd23c07	base64	464c41477b6d3367345f6e7a5f636c3075645f6b33795f707231763474335f7634756c745f3078393932617d
1bdd42f63	base64	07137a71515a0c504a505b007a46514503685b5702357e62044836623d697a5a68520b104454567c5626237c0f20692e52275d35323a3f241b211e373b22196e420f366562
1be053958	base64	07137a71515a0c504a505b007a46514503685b5702357e62044836623d697a5a68520b104454567c5626237c0f20692e52275d35323a3f241b211e373b22196e420f366562
1be06459e	base64	6f3d3226747970653d3126636f64653d3333323626746c3d313239363030
1be081157	base64	07137a71515a0c504a505b007a46514503685b5702357e62044836623d697a5a68520b104454567c5626237c0f20692e52275d35323a3f241b211e373b22196e420f366562
1be1c80b3	base64	0000410410410410410410410410410410410400
1be25d52f	base64	4d45145145145145145145145145145145145145145145145145145145145145145145145145145145145145
1be25d577	base64	51451451451451451451451451451451451451451451451451451451451451451451451451451451451451451a
1be25d5be	base64	014514514514514514514514514514514514514514514514514514514514514514514514514514514514514514
1be462958	base64	07137a71515a0c504a505b007a46514503685b5702357e62044836623d697a5a68520b104454567c5626237c0f20692e52275d35323a3f241b211e373b22196e420f366562
1be4a9bbe	base64	2b444e45427956437474425434420d0a7062734b6569384e304f326543446447616352424f6c4661714463316f6b54355843315448326b4d67656c776a4f4f65436a494e4732785646777139524672320d0a6f6e6d6d415072724f4e38335878384e4c514944415141420d0a2d2d2d2d2d454e4420505542
1be6236b2	base64	7b22736f63636572223a7b2274797065223a224d415443485f44455441494c222c227061796c6f6164223a7b2273634c65616775654964223a31312c22686f6d6553634964223a33312c226177617953634964223a3132382c226461746554696d65223a5b323032362c392c382c32332c34355d7d7d7d
1be62381e	base64	7b22736f63636572223a7b2274797065223a224d415443485f44455441494c222c227061796c6f6164223a7b2273634c65616775654964223a332c22686f6d6553634964223a36312c226177617953634964223a37342c226461746554696d65223a5b323032362c392c372c312c34355d7d7d7d
1be623992	base64	7b22736f63636572223a7b2274797065223a224d415443485f44455441494c222c227061796c6f6164223a7b2273634c65616775654964223a31312c22686f6d6553634964223a37332c226177617953634964223a38372c226461746554696d65223a5b323032362c392c392c322c305d7d7d7d
1be9aa66e	base64	07137a71515a0c504a505b007a46514503685b5702357e62044836623d697a5a68520b104454567c5626237c0f20692e52275d35323a3f241b211e373b22196e420f366562
1bec9fb3e	base64	180000001200000068747470733a2f2f636f63636f632e636f6d0000
1bed63e33	base64	07137a71515a0c504a505b007a46514503685b5702357e62044836623d697a5a68520b104454567c5626237c0f20692e52275d35323a3f241b211e373b22196e420f366562
1beeca958	base64	07137a71515a0c504a505b007a46514503685b5702357e62044836623d697a5a68520b104454567c5626237c0f20692e52275d35323a3f241b211e373b22196e420f366562
1bef7f6c7	base64	7b22736f63636572223a7b2274797065223a224d415443485f44455441494c222c227061796c6f6164223a7b2273634c65616775654964223a31312c22686f6d6553634964223a33312c226177617953634964223a3132382c226461746554696d65223a5b323032362c392c382c32332c34355d7d7d7d
1bef7f967	base64	7b22736f63636572223a7b2274797065223a224d415443485f44455441494c222c227061796c6f6164223a7b2273634c65616775654964223a31312c22686f6d6553634964223a37332c226177617953634964223a38372c226461746554696d65223a5b323032362c392c392c322c305d7d7d7d
1bef7fbf4	base64	7b22736f63636572223a7b2274797065223a224d415443485f44455441494c222c227061796c6f6164223a7b2273634c65616775654964223a332c22686f6d6553634964223a36312c226177617953634964223a37342c226461746554696d65223a5b323032362c392c372c312c34355d7d7d7d
1befb4a2e	base64	464c41477b696d6167655f6d657461646174615f6465636f795f393932317d
1bf17a157	base64	07137a71515a0c504a505b007a46514503685b5702357e62044836623d697a5a68520b104454567c5626237c0f20692e52275d35323a3f241b211e373b22196e420f366562
1bf1bad57	base64	07137a71515a0c504a505b007a46514503685b5702357e62044836623d697a5a68520b104454567c5626237c0f20692e52275d35323a3f241b211e373b22196e420f366562
1bf1dc957	base64	07137a71515a0c504a505b007a46514503685b5702357e62044836623d697a5a68520b104454567c5626237c0f20692e52275d35323a3f241b211e373b22196e420f366562
1bf1f7157	base64	07137a71515a0c504a505b007a46514503685b5702357e62044836623d697a5a68520b104454567c5626237c0f20692e52275d35323a3f241b211e373b22196e420f366562
1bf1ff957	base64	07137a71515a0c504a505b007a46514503685b5702357e62044836623d697a5a68520b104454567c5626237c0f20692e52275d35323a3f241b211e373b22196e420f366562
1bf20e557	base64	07137a71515a0c504a505b007a46514503685b5702357e62044836623d697a5a68520b104454567c5626237c0f20692e52275d35323a3f241b211e373b22196e420f366562
1bf4c8d57	base64	07137a71515a0c504a505b007a46514503685b5702357e62044836623d697a5a68520b104454567c5626237c0f20692e52275d35323a3f241b211e373b22196e420f366562
1bf53d0de	base64	4d45145145145145145145145145145145145145145145145145145145145145145145145145145145145145
1bf53d126	base64	514514514514514514514514514514514514514514514514514514514514514514514514514514514514514522
1bf5a88ee	base64	6f3d3226747970653d3126636f64653d3334333126746c3d313239363030
1bf5b474e	base64	07137a71515a0c504a505b007a46514503685b5702357e62044836623d697a5a68520b104454567c5626237c0f20692e52275d35323a
1bf6990ae	base64	07137a71515a0c504a505b007a46514503685b5702357e62044836623d697a5a68520b104454567c5626237c0f20692e52275d35323a3f241b211e373b22196e420f366562
1bf69924f	base64	07137a71515a0c504a505b007a46514503685b5702357e62044836623d697a5a68520b104454567c5626237c0f20692e52275d35323a3f241b211e373b22196e420f366562
1bf6993cf	base64	07137a71515a0c504a505b007a46514503685b5702357e62044836623d697a5a68520b104454567c5626237c0f20692e52275d35323a3f241b211e373b22196e420f366562
1bf69952e	base64	07137a71515a0c504a505b007a46514503685b5702357e62044836623d697a5a68520b104454567c5626237c0f20692e52275d35323a3f241b211e373b22196e420f366562
1bf6d716e	base64	6f3d3226747970653d3126636f64653d3333343326746c3d313239363030
1bf6f4557	base64	07137a71515a0c504a505b007a46514503685b5702357e62044836623d697a5a68520b104454567c5626237c0f20692e52275d35323a3f241b211e373b22196e420f366562
1bf798157	base64	07137a71515a0c504a505b007a46514503685b5702357e62044836623d697a5a68520b104454567c5626237c0f20692e52275d35323a3f241b211e373b22196e420f366562
1bf79b957	base64	07137a71515a0c504a505b007a46514503685b5702357e62044836623d697a5a68520b104454567c5626237c0f20692e52275d35323a3f241b211e373b22196e420f366562
1bf7c9957	base64	07137a71515a0c504a505b007a46514503685b5702357e62044836623d697a5a68520b104454567c5626237c0f20692e52275d35323a3f241b211e373b22196e420f366562
1bf903957	base64	07137a71515a0c504a505b007a46514503685b5702357e62044836623d697a5a68520b104454567c5626237c0f20692e52275d35323a3f241b211e373b22196e420f366562
1bf9c6557	base64	07137a71515a0c504a505b007a46514503685b5702357e62044836623d697a5a68520b104454567c5626237c0f20692e52275d35323a3f241b211e373b22196e420f366562
1bf9e2e23	base64	07137a71515a0c504a505b007a46514503685b5702357e620448
1bfdf7557	base64	07137a71515a0c504a505b007a46514503685b5702357e62044836623d697a5a68520b104454567c5626237c0f20692e52275d35323a3f241b211e373b22196e420f366562
1bff609fe	base64	68747470733a2f2f616e74612e636f6d2e766e2f
1bff60cd4	base64	68747470733a2f2f6b6d2e706861726d61636974792e766e2f3378436a2f637575797a716d6a
1c01d8957	base64	07137a71515a0c504a505b007a46514503685b5702357e62044836623d697a5a68520b104454567c5626237c0f20692e52275d35323a3f241b211e373b22196e420f366562
1c0271d57	base64	07137a71515a0c504a505b007a46514503685b5702357e62044836623d697a5a68520b104454567c5626237c0f20692e52275d35323a3f241b211e373b22196e420f366562
1c027f157	base64	07137a71515a0c504a505b007a46514503685b5702357e62044836623d697a5a68520b104454567c5626237c0f20692e52275d35323a3f241b211e373b22196e420f366562
1c02b5957	base64	07137a71515a0c504a505b007a46514503685b5702357e62044836623d697a5a68520b104454567c5626237c0f20692e52275d35323a3f241b211e373b22196e420f366562
1c02be375	base64	07137a71515a0c504a505b007a46514503685b5702357e62044836623d697a5a68520b104454567c5626237c0f20692e52275d35323a3f241b211e373b22196e420f366562
1c030c6be	base64	180000001200000068747470733a2f2f636f63636f632e636f6d0000
1c030c93e	base64	180000001200000068747470733a2f2f636f63636f632e636f6d0000
1c036352a	base64	4d45145145145145145145145145145145145145145145145145145145145145145145145145145145145145
1c049ac43	base64	07137a71515a0c504a505b007a46514503685b5702357e62044836623d697a5a68520b104454567c5626237c0f20692e52275d35323a3f241b211e373b22196e420f366562
1c058c157	base64	07137a71515a0c504a505b007a46514503685b5702357e62044836623d697a5a68520b104454567c5626237c0f20692e52275d35323a3f241b211e373b22196e420f366562
1c0598d57	base64	07137a71515a0c504a505b007a46514503685b5702357e62044836623d697a5a68520b104454567c5626237c0f20692e52275d35323a3f241b211e373b22196e420f366562
1c05fa957	base64	07137a71515a0c504a505b007a46514503685b5702357e62044836623d697a5a68520b104454567c5626237c0f20692e52275d35323a3f241b211e373b22196e420f366562
1c072a0fa	base64	07137a71515a0c504a505b007a46514503685b5702357e62044836623d697a5a68520b104454567c5626237c0f20692e52275d35323a3f241b211e373b22196e420f366562
1c072a24e	base64	71515a0c504a505b007a46514503685b5702357e62044836623d697a5a68520b104454567c5626237c0f20692e52275d35323a3f241b211e373b22196e420f366562
1c072a32e	base64	71515a0c504a505b007a46514503685b5702357e62044836623d697a5a68520b104454567c5626237c0f20692e52275d35323a3f241b211e373b22196e420f366562
1c076e032	base64	07137a71515a0c504a505b007a46514503685b5702357e62044836623d697a5a68520b104454567c5626237c0f
1c083ed71	base64	07137a71515a0c504a505b007a46514503685b5702357e62044836623d697a5a68520b104454567c5626237c0f20692e52275d35323a3f241b211e373b22196e420f366562
1c08a2524	base64	4d45145145145145145145145145145145145145145145145145145145145145145145145145145145145145
1c08a256c	base64	51451451451451451451451451451451451451451451451451451451451451451451451451451451451451451a
1c08a25b3	base64	014514514514514514514514514514514514514514514514514514514514514514514514514514514514514514
1c08a2643	base64	4d45145145145145145145145145145145145145145145145145145145145145145145145145145145145145
1c08a268b	base64	51451451451451451451451451451451451451451451451451451451451451451451451451451451451451451a
1c08a26d2	base64	014514514514514514514514514514514514514514514514514514514514514514514514514514514514514514
1c08af52b	base64	4d45145145145145145145145145145145145145145145145145145145145145145145145145145145145145
1c0917958	base64	07137a71515a0c504a505b007a46514503685b5702357e62044836623d697a5a68520b104454567c5626237c0f20692e52275d35323a3f241b211e373b22196e420f366562
1c099a158	base64	07137a71515a0c504a505b007a46514503685b5702357e62044836623d697a5a68520b104454567c5626237c0f20692e52275d35323a3f241b211e373b22196e420f366562
1c09d31ba	base64	07137a71515a0c504a505b007a46514503685b5702357e62044836623d697a5a68520b104454567c5626237c0f20692e52275d35323a3f241b
1c0ba6e33	base64	07137a71515a0c504a505b007a46514503685b5702357e62044836623d697a5a68520b104454567c5626237c0f20692e52275d35323a3f241b211e373b22196e420f366562
1c0ea68c2	base64	7b22736f63636572223a7b2274797065223a225445414d5f4649585455524553222c227061796c6f6164223a7b227465616d41223a37337d7d7d
1c0ea6999	base64	7b22736f63636572223a7b2274797065223a225445414d5f4649585455524553222c227061796c6f6164223a7b227465616d41223a38377d7d7d
1c0ea6a5c	base64	7b22736f63636572223a7b2274797065223a224d415443485f44455441494c222c227061796c6f6164223a7b2273634c65616775654964223a31312c22686f6d6553634964223a37332c226177617953634964223a38372c226461746554696d65223a5b323032362c392c392c322c305d7d7d7d
1c0ea6bde	base64	7b22736f63636572223a7b2274797065223a225445414d5f4649585455524553222c227061796c6f6164223a7b227465616d41223a36317d7d7d
1c0ea6cbb	base64	7b22736f63636572223a7b2274797065223a225445414d5f4649585455524553222c227061796c6f6164223a7b227465616d41223a37347d7d7d
1c0ea6d6f	base64	7b22736f63636572223a7b2274797065223a224d415443485f44455441494c222c227061796c6f6164223a7b2273634c65616775654964223a332c22686f6d6553634964223a36312c226177617953634964223a37342c226461746554696d65223a5b323032362c392c372c312c34355d7d7d7d
1c0ea6ef1	base64	7b22736f63636572223a7b2274797065223a225445414d5f4649585455524553222c227061796c6f6164223a7b227465616d41223a33317d7d7d
1c0ea6fd4	base64	7b22736f63636572223a7b2274797065223a225445414d5f4649585455524553222c227061796c6f6164223a7b227465616d41223a3132387d7d7d
1c0ea7097	base64	7b22736f63636572223a7b2274797065223a224d415443485f44455441494c222c227061796c6f6164223a7b2273634c65616775654964223a31312c22686f6d6553634964223a33312c226177617953634964223a3132382c226461746554696d65223a5b323032362c392c382c32332c34355d7d7d7d
1c0f391c0	base64	7b22736f63636572223a7b2274797065223a225445414d5f4649585455524553222c227061796c6f6164223a7b227465616d41223a33317d7d7d
1c0f392a3	base64	7b22736f63636572223a7b2274797065223a225445414d5f4649585455524553222c227061796c6f6164223a7b227465616d41223a3132387d7d7d
1c0f39366	base64	7b22736f63636572223a7b2274797065223a224d415443485f44455441494c222c227061796c6f6164223a7b2273634c65616775654964223a31312c22686f6d6553634964223a33312c226177617953634964223a3132382c226461746554696d65223a5b323032362c392c382c32332c34355d7d7d7d
1c0f394f2	base64	7b22736f63636572223a7b2274797065223a225445414d5f4649585455524553222c227061796c6f6164223a7b227465616d41223a37337d7d7d
1c0f395c9	base64	7b22736f63636572223a7b2274797065223a225445414d5f4649585455524553222c227061796c6f6164223a7b227465616d41223a38377d7d7d
1c0f3968c	base64	7b22736f63636572223a7b2274797065223a224d415443485f44455441494c222c227061796c6f6164223a7b2273634c65616775654964223a31312c22686f6d6553634964223a37332c226177617953634964223a38372c226461746554696d65223a5b323032362c392c392c322c305d7d7d7d
1c0f3980e	base64	7b22736f63636572223a7b2274797065223a225445414d5f4649585455524553222c227061796c6f6164223a7b227465616d41223a36317d7d7d
1c0f398eb	base64	7b22736f63636572223a7b2274797065223a225445414d5f4649585455524553222c227061796c6f6164223a7b227465616d41223a37347d7d7d
1c0f3999f	base64	7b22736f63636572223a7b2274797065223a224d415443485f44455441494c222c227061796c6f6164223a7b2273634c65616775654964223a332c22686f6d6553634964223a36312c226177617953634964223a37342c226461746554696d65223a5b323032362c392c372c312c34355d7d7d7d
1c10e6b8e	hex	2f6d6e742f686766732f446f63756d656e74732f61766d6c202f6d6e742f686766732f446f63756d656e74732f6d656d2e646d70
1c116a8ab	base64	6f3d3226747970653d3126636f64653d3336323826746c3d3231363030
1c187f158	base64	07137a71515a0c504a505b007a46514503685b5702357e62044836623d697a5a68520b104454567c5626237c0f20692e52275d35323a3f241b211e373b22196e420f366562
1c1889958	base64	07137a71515a0c504a505b007a46514503685b5702357e62044836623d697a5a68520b104454567c5626237c0f20692e52275d35323a3f241b211e373b22196e420f366562
1c188b109	base64	07137a71515a0c504a505b007a46514503685b5702357e62044836623d697a5a68520b104454567c5626237c0f20692e52275d35323a3f241b211e373b22196e420f366562
1c18e014b	base64	07137a71515a0c504a505b007a46514503685b5702357e62044836623d697a5a68520b104454567c5626237c0f20692e52275d35323a3f241b211e373b22196e420f366562
1c1903958	base64	07137a71515a0c504a505b007a46514503685b5702357e62044836623d697a5a68520b104454567c5626237c0f20692e52275d35323a3f241b211e373b22196e420f366562
1c19b6158	base64	07137a71515a0c504a505b007a46514503685b5702357e62044836623d697a5a68520b104454567c5626237c0f20692e52275d35323a3f241b211e373b22196e420f366562
1c1ab2683	base64	07137a71515a0c504a505b007a46514503685b5702357e62044836623d697a5a68520b104454567c5626237c0f20692e52275d35323a3f241b211e373b22196e420f366562
1c1da1166	hex	55555555555555555555555555555555555555555555555555
1c1ea417e	base64	4d45145145145145145145145145145145145145145145145145145145145145145145145145145145145145
1c1f56c5a	base64	07137a71515a0c504a505b007a46514503685b5702357e62044836623d697a5a68520b104454567c5626237c0f20692e52275d35323a3f241b211e373b22196e420f366562
1c1f56dba	base64	07137a71515a0c504a505b007a46514503685b5702357e62044836623d697a5a68520b104454567c5626237c0f20692e52275d35323a3f241b211e373b22196e420f366562
1c1f56f1a	base64	07137a71515a0c504a505b007a46514503685b5702357e62044836623d697a5a68520b104454567c5626237c0f20692e52275d35323a3f241b211e373b22196e420f366562
1c1f830ba	base64	07137a71515a0c504a505b007a46514503685b5702357e62044836623d697a5a68520b104454567c5626237c0f20692e52275d35323a3f241b211e373b22196e420f366562
1c1f8321a	base64	07137a71515a0c504a505b007a46514503685b5702357e62044836623d697a5a68520b104454567c5626237c0f20692e52275d35323a3f241b211e373b22196e420f366562
1c1f8337a	base64	07137a71515a0c504a505b007a46514503685b5702357e62044836623d697a5a68520b104454567c5626237c0f20692e52275d35323a3f241b211e373b22196e420f366562
1c1f838fa	base64	07137a71515a0c504a505b007a46514503685b5702357e62044836623d697a5a68520b104454567c5626237c0f20692e52275d35323a3f241b211e373b22196e420f366562
1c1f83fda	base64	07137a71515a0c504a505b007a46514503685b5702357e62044836623d697a5a68520b104454567c5626237c0f20692e52275d35323a3f241b211e373b22196e420f366562
1c1fba527	base64	4d45145145145145145145145145145145145145145145145145145145145145145145145145145145145145
1c1fba56f	base64	51451451451451451451451451451451451451451451451451451451451451451451451451451451451451451a
1c1fba5b6	base64	014514514514514514514514514514514514514514514514514514514514514514514514514514514514514514
1c204e158	base64	07137a71515a0c504a505b007a46514503685b5702357e62044836623d697a5a68520b104454567c5626237c0f20692e52275d35323a3f241b211e373b22196e420f366562
1c2061958	base64	07137a71515a0c504a505b007a46514503685b5702357e62044836623d697a5a68520b104454567c5626237c0f20692e52275d35323a3f241b211e373b22196e420f366562
1c2073158	base64	07137a71515a0c504a505b007a46514503685b5702357e62044836623d697a5a68520b104454567c5626237c0f20692e52275d35323a3f241b211e373b22196e420f366562
1c2178158	base64	07137a71515a0c504a505b007a46514503685b5702357e62044836623d697a5a68520b104454567c5626237c0f20692e52275d35323a3f241b211e373b22196e420f366562
1c23682bc	base64	2b444e45427956437474425434420d0a7062734b6569384e304f326543446447616352424f6c4661714463316f6b54355843315448326b4d67656c776a4f4f65436a494e4732785646777139524672320d0a6f6e6d6d415072724f4e38335878384e4c514944415141420d0a2d2d2d2d2d454e4420505542
1c24ae353	base64	1302494e31133011060355040b130a656d5369676e20504b4931253023060355040a131c654d75646872612054656368
1c24ae394	base64	6e6f6c6f67696573204c696d697465643120301e06035504031317656d5369676e2045434320526f6f74204341202d20
1c24ae3d5	base64	4733301e170d3138303231383138333030305a170d3433303231383138333030305a306b310b30090603550406130249
1c24ae416	base64	4e31133011060355040b130a656d5369676e20504b4931253023060355040a131c654d756468726120546563686e6f6c
1c24ae457	base64	6f67696573204c696d697465643120301e06035504031317656d5369676e2045434320526f6f74204341202d20473330
1c24ae6c5	base64	035504061302555331133011060355040b130a656d5369676e20504b4931143012060355040a130b654d756468726120
1c24ae706	base64	496e63311c301a06035504031313656d5369676e20526f6f74204341202d204331301e170d3138303231383138333030
1c24ae747	base64	305a170d3433303231383138333030305a3056310b300906035504061302555331133011060355040b130a656d536967
1c24ae788	base64	6e20504b4931143012060355040a130b654d756468726120496e63311c301a06035504031313656d5369676e20526f6f
1c24aebc5	base64	5504061302494e31133011060355040b130a656d5369676e20504b4931253023060355040a131c654d75646872612054
1c24aec06	base64	6563686e6f6c6f67696573204c696d69746564311c301a06035504031313656d5369676e20526f6f74204341202d2047
1c24aec47	base64	31301e170d3138303231383138333030305a170d3433303231383138333030305a3067310b300906035504061302494e
1c24aec88	base64	31133011060355040b130a656d5369676e20504b4931253023060355040a131c654d756468726120546563686e6f6c6f
1c256beba	base64	6f3d3226747970653d31266a733d3126636f64653d38303626746c3d353138343030
1c268c457	base64	4d45145145145145145145145145145145145145145145145145145145145145145145145145145145145145
1c268c49f	base64	514514514514514514514514514514514514514514514514514514514514514514514514514514514514514522
1c2b94b77	base64	4d45145145145145145145145145145145145145145145145145145145145145145145145145145145145145
1c2b94bbf	base64	51451451451451451451451451451451451451451451451451451451451451451451451451451451451451451a
1c2b94c06	base64	014514514514514514514514514514514514514514514514514514514514514514514514514514514514514514
1c2bb8f3f	base64	4d45145145145145145145145145145145145145145145145145145145145145145145145145145145145145
1c2bb8f87	base64	51451451451451451451451451451451451451451451451451451451451451451451451451451451451451451a
1c2bb8fce	base64	014514514514514514514514514514514514514514514514514514514514514514514514514514514514514514
1c2bc4d19	base64	51451451451451451451451451451451451451451451451451451451451451451451451451451451451451451a
1c2bc4d60	base64	014514514514514514514514514514514514514514514514514514514514514514514514514514514514514514
1c2bc4df0	base64	4d45145145145145145145145145145145145145145145145145145145145145145145145145145145145145
1c2bc4e38	base64	51451451451451451451451451451451451451451451451451451451451451451451451451451451451451451a
1c2bda557	base64	4d45145145145145145145145145145145145145145145145145145145145145145145145145145145145145
1c2bda59f	base64	51451451451451451451451451451451451451451451451451451451451451451451451451451451451451451a
1c2bda5e6	base64	014514514514514514514514514514514514514514514514514514514514514514514514514514514514514514
1c2c7308a	base64	6f726269746a61636b6c616e6540676d61696c2e636f6d
1c2f6c2ff	base64	68747470733a2f2f6b6d2e706861726d61636974792e766e2f3378436a2f637575797a716d6a
1c320e57e	base64	1c0000001800000068747470733a2f2f7163636f63636f636d656469612e766e
1c320e6be	base64	180000001200000068747470733a2f2f636f63636f632e636f6d0000
1c320e73e	base64	180000001200000068747470733a2f2f636f63636f632e636f6d0000
1c320e77e	base64	180000001200000068747470733a2f2f636f63636f632e636f6d0000
1c320e9be	base64	180000001200000068747470733a2f2f636f63636f632e636f6d0000
1c320ecfe	base64	180000001200000068747470733a2f2f636f63636f632e636f6d0000
1c3766ffe	base64	00000000000000000000000000000000000000000000000000
1c388807e	base64	3d2763617465676f7269657327207374796c653d27646973706c61793a696e6c696e65272f3e0a3c2f7376673e0a
1c3d3de5b	base64	6f3d3226747970653d3126636f64653d3334313126746c3d3230313630
1c3dc1194	hex	00000000000000000000000000000000000000000000000000
1c4085178	base64	07137a71515a0c504a505b007a46514503685b5702357e62044836623d697a5a68520b104454567c5626237c0f20692e52275d35323a3f241b211e373b22196e420f366562
1c40852cc	base64	71515a0c504a505b007a46514503685b5702357e62044836623d697a5a68520b104454567c5626237c0f20692e52275d35323a3f241b211e373b22196e420f366562
1c40853ac	base64	71515a0c504a505b007a46514503685b5702357e62044836623d697a5a68520b104454567c5626237c0f20692e52275d35323a3f241b211e373b22196e420f366562
1c408d40f	base64	014514514514514514514514514514514514514514514514514514514514514514514514514514514514514514
1c45a2532	base64	4d45145145145145145145145145145145145145145145145145145145145145145145145145145145145145
1c46bd922	base64	7b22736f63636572223a7b2274797065223a225445414d5f4649585455524553222c227061796c6f6164223a7b227465616d41223a38377d7d7d
1c46bd9be	base64	7b22736f63636572223a7b2274797065223a225445414d5f4649585455524553222c227061796c6f6164223a7b227465616d41223a37337d7d7d
1c46bda52	base64	7b22736f63636572223a7b2274797065223a225445414d5f4649585455524553222c227061796c6f6164223a7b227465616d41223a37347d7d7d
1c46bdae6	base64	7b22736f63636572223a7b2274797065223a225445414d5f4649585455524553222c227061796c6f6164223a7b227465616d41223a36317d7d7d
1c46bdb7a	base64	7b22736f63636572223a7b2274797065223a225445414d5f4649585455524553222c227061796c6f6164223a7b227465616d41223a3132387d7d7d
1c46bdc16	base64	7b22736f63636572223a7b2274797065223a225445414d5f4649585455524553222c227061796c6f6164223a7b227465616d41223a33317d7d7d
1c4a34cbe	base64	2b444e45427956437474425434420d0a7062734b6569384e304f326543446447616352424f6c4661714463316f6b54355843315448326b4d67656c776a4f4f65436a494e4732785646777139524672320d0a6f6e6d6d415072724f4e38335878384e4c514944415141420d0a2d2d2d2d2d454e4420505542
1c4aa1194	base64	00000000000000000000000000000000000000000000000000000000000000000000000000
1c5092194	base64	00000000000000000000000000000000000000000000000000000000000000000000000000
1c50f3d32	base64	7777772e726f6c6c696e6773746f6e652e636f6d5f6f6e6c6f6164
1c53b747a	base64	464c41477b696d6167655f6d657461646174615f6465636f795f393932317d
1c545be42	base64	7777772e696e646965776972652e636f6d5f6f6e6c6f6164
1c5618194	hex	00000000000000000000000000000000000000000000000000
1c5eb0a77	base64	464c41477b6d3367345f6e7a5f636c3075645f6b33795f707231763474335f7634756c745f3078393932617d
1c60e0109	base64	07137a71515a0c504a505b007a46514503685b5702357e62044836623d697a5a68520b104454567c5626237c0f20692e52275d35323a3f241b211e373b22196e420f366562
1c61900fc	base64	5843315448326b4d67656c776a4f4f65436a494e4732785646777139524672320d0a6f6e6d6d415072724f4e38335878384e4c514944415141420d0a2d2d2d2d2d454e4420505542
1c636333e	base64	180000001200000068747470733a2f2f636f63636f632e636f6d0000
1c6419521	base64	4d45145145145145145145145145145145145145145145145145145145145145145145145145145145145145
1c6419569	base64	51451451451451451451451451451451451451451451451451451451451451451451451451451451451451451a
1c64195b0	base64	014514514514514514514514514514514514514514514514514514514514514514514514514514514514514514
1c6419640	base64	4d45145145145145145145145145145145145145145145145145145145145145145145145145145145145145
1c6419688	base64	51451451451451451451451451451451451451451451451451451451451451451451451451451451451451451a
1c64196cf	base64	014514514514514514514514514514514514514514514514514514514514514514514514514514514514514514
1c641975f	base64	4d45145145145145145145145145145145145145145145145145145145145145145145145145145145145145
1c64197a7	base64	51451451451451451451451451451451451451451451451451451451451451451451451451451451451451451a
1c647631f	base64	07137a71515a0c504a505b007a46514503685b5702357e62044836623d697a5a68520b104454567c5626237c0f20692e52275d35323a3f241b211e373b22196e420f366562
1c6590158	base64	07137a71515a0c504a505b007a46514503685b5702357e62044836623d697a5a68520b104454567c5626237c0f20692e52275d35323a3f241b211e373b22196e420f366562
1c65f107e	base64	51451451451451451451451451451451451451451451451451451451451451
1c65f158b	base64	4d45145145145145145145145145145145145145145145145145145145145145145145145145145145145145
1c65f15d3	base64	51451451451451451451451451451451451451451451451451451451451451451451451451451451451451451a
1c65f7158	base64	07137a71515a0c504a505b007a46514503685b5702357e62044836623d697a5a68520b104454567c5626237c0f20692e52275d35323a3f241b211e373b22196e420f366562
1c6b10b8e	base64	07137a71515a0c504a505b007a46514503685b5702357e62044836623d697a5a68520b104454567c5626237c0f20692e52275d35323a
1c6b10f03	base64	07137a71515a0c504a505b007a46514503685b5702357e62044836623d697a5a68520b104454567c5626237c0f20692e52275d35323a3f241b211e373b22196e420f366562
1c6b11183	base64	07137a71515a0c504a505b007a46514503685b5702357e62044836623d697a5a68520b104454567c5626237c0f20692e52275d35323a3f241b211e373b22196e420f366562
1c6bcf9ca	base64	7777772e676f6c6464657262792e636f6d5f6f6e6c6f6164
1c6c0d19f	hex	00000000000000000000000000000000000000000000000000
1c6db3a33	base64	464c41477b63306e6631726d33645f62795f6368346c6c5f6d346b33725f746831735f31735f7468335f666c34677d
1c6eab07e	base64	66696c6c3d2275726c28237061696e74305f6c696e6561725f333834345f3437353029222f3e0a3c7061746820643d224d3332302e3738362032342e32343637433331392e3739372032332e32353731203331382e3435342032322e3730
1c703919f	hex	33333333333333333333333333333333333333333333333333
1c715a19f	hex	55555555555555555555555555555555555555555555555555
1c720b19f	hex	33333333333333333333333333333333333333333333333333
1c722819f	base64	00000000000000000000000000000000000000000000000000000000000000000000000000
1c723a19f	hex	33333333333333333333333333333333333333333333333333
1c72ef057	base64	68747470733a2f2f6b6d2e706861726d61636974792e766e2f3378436a
1c746219f	hex	22222222222222222222222222222222222222222222222222
1c76a3f37	base64	51451451451451451451451451451451451451451451451451451451451451451451451451451451451451451a
1c76a3f7e	base64	014514514514514514514514514514514514514514514514514514514514514514514514514514514514514514
1c78a2205	hex	2f6d6e742f686766732f446f63756d656e74732f61766d6c202f6d6e742f686766732f446f63756d656e74732f6d656d2e646d70
1c7d43158	base64	07137a71515a0c504a505b007a46514503685b5702357e62044836623d697a5a68520b104454567c5626237c0f20692e52275d35323a3f241b211e373b22196e420f366562
1c7e9a19f	hex	00000000000000000000000000000000000000000000000000
1c84e618e	base64	07137a71515a0c504a505b007a46514503685b5702357e62044836623d697a5a68520b104454567c5626237c0f20692e52275d35323a3f241b211e373b22196e420f366562
1c8d2242e	base64	07137a71515a0c504a505b007a46514503685b5702357e62044836623d697a5a68520b104454567c5626237c0f20692e52275d35323a3f241b211e373b22196e420f366562
1c980363e	base64	2b444e45427956437474425434420d0a7062734b6569384e304f326543446447616352424f6c4661714463316f6b54355843315448326b4d67656c776a4f4f65436a494e4732785646777139524672320d0a6f6e6d6d415072724f4e38335878384e4c514944415141420d0a2d2d2d2d2d454e4420505542
1c9bf1df3	base64	464c41477b63306e6631726d33645f62795f6368346c6c5f6d346b33725f746831735f31735f7468335f666c34677d
1c9d8c3be	base64	2b444e45427956437474425434420d0a7062734b6569384e304f326543446447616352424f6c4661714463316f6b54355843315448326b4d67656c776a4f4f65436a494e4732785646777139524672320d0a6f6e6d6d415072724f4e38335878384e4c514944415141420d0a2d2d2d2d2d454e4420505542
1c9e1a158	base64	07137a71515a0c504a505b007a46514503685b5702357e62044836623d697a5a68520b104454567c5626237c0f20692e52275d35323a3f241b211e373b22196e420f366562
1ca154c1a	base64	7b22736f63636572223a7b2274797065223a224d415443485f44455441494c222c227061796c6f6164223a7b2273634c65616775654964223a31312c22686f6d6553634964223a37332c226177617953634964223a38372c226461746554696d65223a5b323032362c392c392c322c305d7d7d7d
1ca154d82	base64	7b22736f63636572223a7b2274797065223a224d415443485f44455441494c222c227061796c6f6164223a7b2273634c65616775654964223a31312c22686f6d6553634964223a33312c226177617953634964223a3132382c226461746554696d65223a5b323032362c392c382c32332c34355d7d7d7d
1ca216ebe	base64	2b444e45427956437474425434420d0a7062734b6569384e304f326543446447616352424f6c4661714463316f6b54355843315448326b4d67656c776a4f4f65436a494e4732785646777139524672320d0a6f6e6d6d415072724f4e38335878384e4c514944415141420d0a2d2d2d2d2d454e4420505542
1ca21bc5e	base64	38000000330000006368726f6d652d657874656e73696f6e3a2f2f6166616c6a6a626c6569686d61686870636b6e676f6e646d676f686c656c6a6200
1ca2dcb23	base64	07137a71515a0c504a505b007a46514503685b5702357e62044836623d697a5a68520b104454567c5626237c0f20692e52275d35323a3f241b211e373b22196e420f366562
1ca716102	hex	6666666666666666666666666666666666666666666666666666666666666658
1cad7907e	base64	180000001200000068747470733a2f2f636f63636f632e636f6d0000
1cad794fe	base64	180000001200000068747470733a2f2f636f63636f632e636f6d0000
1cad797fe	base64	180000001200000068747470733a2f2f636f63636f632e636f6d0000
1cad79abe	base64	180000001200000068747470733a2f2f636f63636f632e636f6d0000
1cad79cbe	base64	180000001200000068747470733a2f2f636f63636f632e636f6d0000
1caeb9333	base64	464c41477b63306e6631726d33645f62795f6368346c6c5f6d346b33725f746831735f31735f7468335f666c34677d
1cb004532	base64	4d45145145145145145145145145145145145145145145145145145145145145145145145145145145145145
1cb00457a	base64	51451451451451451451451451451451451451451451451451451451451451451451451451451451451451451a
1cb0045c1	base64	014514514514514514514514514514514514514514514514514514514514514514514514514514514514514514
1cb086318	base64	254514514514514514514514514514514514514514514514
1cb086447	base64	25451451451451451451451451451451451451451451451451451451451451451451451451
1cb086525	base64	4d45145145145145145145145145145145145145
1cb0866a4	base64	4545145145145145145145145145145145145145145145145145145145145145145145145145145145145145145145145145145145
1cb08685b	base64	514514514514514514514514514514514514514514514514514514514514514514514514514514514514514514514514454514514514514514514514514514504514514514514514514514
1cb694fae	base64	6f3d3226747970653d3126636f64653d373826746c3d31353736383030
1cb9f7158	base64	07137a71515a0c504a505b007a46514503685b5702357e62044836623d697a5a68520b104454567c5626237c0f20692e52275d35323a3f241b211e373b22196e420f366562
1cbb6952f	base64	4d45145145145145145145145145145145145145145145145145145145145145145145145145145145145145
1cc225a14	base64	7b22736f63636572223a7b2274797065223a225445414d5f4649585455524553222c227061796c6f6164223a7b227465616d41223a33317d7d7d
1cc225b94	base64	7b22736f63636572223a7b2274797065223a225445414d5f4649585455524553222c227061796c6f6164223a7b227465616d41223a3132387d7d7d
1cc225c58	base64	7b22736f63636572223a7b2274797065223a224d415443485f44455441494c222c227061796c6f6164223a7b2273634c65616775654964223a31312c22686f6d6553634964223a33312c226177617953634964223a3132382c226461746554696d65223a5b323032362c392c382c32332c34355d7d7d7d
1cc226264	base64	7b22736f63636572223a7b2274797065223a225445414d5f4649585455524553222c227061796c6f6164223a7b227465616d41223a37337d7d7d
1cc226314	base64	7b22736f63636572223a7b2274797065223a225445414d5f4649585455524553222c227061796c6f6164223a7b227465616d41223a38377d7d7d
1cc2263d8	base64	7b22736f63636572223a7b2274797065223a224d415443485f44455441494c222c227061796c6f6164223a7b2273634c65616775654964223a31312c22686f6d6553634964223a37332c226177617953634964223a38372c226461746554696d65223a5b323032362c392c392c322c305d7d7d7d
1cc226544	base64	7b22736f63636572223a7b2274797065223a225445414d5f4649585455524553222c227061796c6f6164223a7b227465616d41223a36317d7d7d
1cc2265f4	base64	7b22736f63636572223a7b2274797065223a225445414d5f4649585455524553222c227061796c6f6164223a7b227465616d41223a37347d7d7d
1cc2266a8	base64	7b22736f63636572223a7b2274797065223a224d415443485f44455441494c222c227061796c6f6164223a7b2273634c65616775654964223a332c22686f6d6553634964223a36312c226177617953634964223a37342c226461746554696d65223a5b323032362c392c372c312c34355d7d7d7d
1cc35ed46	base64	0c4104104104104104104104104104104104104104104104104105145145145145
1cc84c7d6	base64	07137a71515a0c504a505b007a46514503685b5702357e62044836623d697a5a68520b104454567c5626237c0f20692e52275d35323a3f241b211e373b22196e420f366562
1cc86d07e	base64	2231372e33363033222079323d22302e35373534303222207374726f6b653d2257696e646f7754657874222f3e0d0a3c2f7376673e
1ccbe20cf	base64	4d45145145145145145145145145145145145145145145145145145145145145145145145145145145145145
1ccc0d206	base64	6b4d67656c776a4f4f65436a494e4732785646777139524672320d0a6f6e6d6d415072724f4e38335878384e4c514944415141420d0a
1ccd04e5a	hex	6666666666666666666666666666666666666666666666666666666666666658
1cd39a9d6	base64	07137a71515a0c504a505b007a46514503685b5702357e62044836623d697a5a68520b104454567c5626237c0f20692e52275d35323a3f241b211e373b22196e420f366562
1cd482519	base64	4d45145145145145145145145145145145145145145145145145145145145145145145145145145145145145
1cd482561	base64	51451451451451451451451451451451451451451451451451451451451451451451451451451451451451451a
1cd4825a8	base64	014514514514514514514514514514514514514514514514514514514514514514514514514514514514514514
1cd48707e	base64	5145145145145145145145145145145145145145145145145145145145145145
1cd4870b6	base64	4d45145145145145145145145145145145145145145145145145145145145145145145145145145145145145
1cd4870fe	base64	51451451451451451451451451451451451451451451451451451451451451451451451451451451451451451a
1cd487145	base64	014514514514514514514514514514514514514514514514514514514514514514514514514514514514514514
1cd87d957	base64	07137a71515a0c504a505b007a46514503685b5702357e62044836623d697a5a68520b104454567c5626237c0f20692e52275d35323a3f241b211e373b22196e420f366562
1cd8aedd3	base64	07137a71515a0c504a505b007a46514503685b5702357e62044836623d697a5a68520b104454567c5626237c0f20692e52275d35323a3f241b211e373b22196e420f366562
1cd8ca1d6	base64	07137a71515a0c504a505b007a46514503685b5702357e62044836623d697a5a68520b104454567c5626237c0f20692e52275d35323a3f241b211e373b22196e420f366562
1cda99d72	base64	07137a71515a0c504a505b007a46514503685b5702357e62044836623d697a5a68520b104454567c5626237c0f20692e52275d35323a3f241b211e373b22196e420f366562
1cdaba1d6	base64	07137a71515a0c504a505b007a46514503685b5702357e62044836623d697a5a68520b104454567c5626237c0f20692e52275d35323a3f241b211e373b22196e420f366562
1cdac00a8	base64	07137a71515a0c504a505b007a46514503685b5702357e62044836623d697a5a68520b104454567c5626237c0f20692e52275d35323a3f241b211e373b2219
1cdc4c8c2	base64	7b22736f63636572223a7b2274797065223a225445414d5f4649585455524553222c227061796c6f6164223a7b227465616d41223a37337d7d7d
1cdc4c999	base64	7b22736f63636572223a7b2274797065223a225445414d5f4649585455524553222c227061796c6f6164223a7b227465616d41223a38377d7d7d
1cdc4ca5c	base64	7b22736f63636572223a7b2274797065223a224d415443485f44455441494c222c227061796c6f6164223a7b2273634c65616775654964223a31312c22686f6d6553634964223a37332c226177617953634964223a38372c226461746554696d65223a5b323032362c392c392c322c305d7d7d7d
1cdc4cbde	base64	7b22736f63636572223a7b2274797065223a225445414d5f4649585455524553222c227061796c6f6164223a7b227465616d41223a36317d7d7d
1cdc4ccbb	base64	7b22736f63636572223a7b2274797065223a225445414d5f4649585455524553222c227061796c6f6164223a7b227465616d41223a37347d7d7d
1cdc4cd6f	base64	7b22736f63636572223a7b2274797065223a224d415443485f44455441494c222c227061796c6f6164223a7b2273634c65616775654964223a332c22686f6d6553634964223a36312c226177617953634964223a37342c226461746554696d65223a5b323032362c392c372c312c34355d7d7d7d
1cdc4cef1	base64	7b22736f63636572223a7b2274797065223a225445414d5f4649585455524553222c227061796c6f6164223a7b227465616d41223a33317d7d7d
1cdc4cfd4	base64	7b22736f63636572223a7b2274797065223a225445414d5f4649585455524553222c227061796c6f6164223a7b227465616d41223a3132387d7d7d
1cdc4d097	base64	7b22736f63636572223a7b2274797065223a224d415443485f44455441494c222c227061796c6f6164223a7b2273634c65616775654964223a31312c22686f6d6553634964223a33312c226177617953634964223a3132382c226461746554696d65223a5b323032362c392c382c32332c34355d7d7d7d
1cdceb9d6	base64	07137a71515a0c504a505b007a46514503685b5702357e62044836623d697a5a68520b104454567c5626237c0f20692e52275d35323a3f241b211e373b22196e420f366562
1cde9f8ee	base64	7b22736f63636572223a7b2274797065223a225445414d5f4649585455524553222c227061796c6f6164223a7b227465616d41223a37337d7d7d
1cde9f9c5	base64	7b22736f63636572223a7b2274797065223a225445414d5f4649585455524553222c227061796c6f6164223a7b227465616d41223a38377d7d7d
1cde9fa88	base64	7b22736f63636572223a7b2274797065223a224d415443485f44455441494c222c227061796c6f6164223a7b2273634c65616775654964223a31312c22686f6d6553634964223a37332c226177617953634964223a38372c226461746554696d65223a5b323032362c392c392c322c305d7d7d7d
1cde9fc0a	base64	7b22736f63636572223a7b2274797065223a225445414d5f4649585455524553222c227061796c6f6164223a7b227465616d41223a36317d7d7d
1cde9fce7	base64	7b22736f63636572223a7b2274797065223a225445414d5f4649585455524553222c227061796c6f6164223a7b227465616d41223a37347d7d7d
1cde9fd9b	base64	7b22736f63636572223a7b2274797065223a224d415443485f44455441494c222c227061796c6f6164223a7b2273634c65616775654964223a332c22686f6d6553634964223a36312c226177617953634964223a37342c226461746554696d65223a5b323032362c392c372c312c34355d7d7d7d
1cde9ff1d	base64	7b22736f63636572223a7b2274797065223a225445414d5f4649585455524553222c227061796c6f6164223a7b227465616d41223a33317d7d7d
1cdea0000	base64	7b22736f63636572223a7b2274797065223a225445414d5f4649585455524553222c227061796c6f6164223a7b227465616d41223a3132387d7d7d
1cdea00c3	base64	7b22736f63636572223a7b2274797065223a224d415443485f44455441494c222c227061796c6f6164223a7b2273634c65616775654964223a31312c22686f6d6553634964223a33312c226177617953634964223a3132382c226461746554696d65223a5b323032362c392c382c32332c34355d7d7d7d
1ce267776	base64	7b22736f63636572223a7b2274797065223a224d415443485f44455441494c222c227061796c6f6164223a7b2273634c65616775654964223a332c22686f6d6553634964223a36312c226177617953634964223a37342c226461746554696d65223a5b323032362c392c372c312c34355d7d7d7d
1ce2be5df	base64	07137a71515a0c504a505b007a46514503685b5702357e62044836623d697a5a68520b104454567c5626237c0f20692e52275d35323a3f241b211e373b22196e420f366562
1ce54e158	base64	07137a71515a0c504a505b007a46514503685b5702357e62044836623d697a5a68520b104454567c5626237c0f20692e52275d35323a3f241b211e373b22196e420f366562
1ce5d4f3e	base64	2b444e45427956437474425434420d0a7062734b6569384e304f326543446447616352424f6c4661714463316f6b54355843315448326b4d67656c776a4f4f65436a494e4732785646777139524672320d0a6f6e6d6d415072724f4e38335878384e4c514944415141420d0a2d2d2d2d2d454e4420505542
1ce6ac1d5	base64	07137a71515a0c504a505b007a46514503685b5702357e62044836623d697a5a68520b104454567c5626237c0f20692e52275d35323a3f241b211e373b22196e420f366562
1ce8df9be	base64	2b444e45427956437474425434420d0a7062734b6569384e304f326543446447616352424f6c4661714463316f6b54355843315448326b4d67656c776a4f4f65436a494e4732785646777139524672320d0a6f6e6d6d415072724f4e38335878384e4c514944415141420d0a2d2d2d2d2d454e4420505542
1cea50103	base64	0c504a505b007a46514503685b5702357e62044836623d697a5a68520b
1ceb9a354	base64	464c41477b696d6167655f6d657461646174615f6465636f795f393932317d
1cebcc170	base64	07137a71515a0c504a505b007a46514503685b5702357e62044836623d697a5a68520b104454567c5626237c0f20692e52275d35323a3f241b211e373b22196e420f366562
1cebcc318	base64	07137a71515a0c504a505b007a46514503685b5702357e62044836623d697a5a68520b104454567c5626237c0f20692e52275d35323a3f241b211e373b22196e420f366562
1cebcc880	base64	07137a71515a0c504a505b007a46514503685b5702357e62044836623d697a5a68520b104454567c5626237c0f20692e52275d35323a3f241b211e373b22196e420f366562
1cebccc48	base64	07137a71515a0c504a505b007a46514503685b5702357e62044836623d697a5a68520b104454567c5626237c0f20692e52275d35323a3f241b211e373b22196e420f366562
1cebf15f5	base64	07137a71515a0c504a505b007a46514503685b5702357e62044836623d697a5a68520b104454567c5626237c0f20692e52275d35323a3f241b211e373b22196e420f366562
1cebf313e	base64	180000001200000068747470733a2f2f636f63636f632e636f6d0000
1cebf317e	base64	180000001200000068747470733a2f2f636f63636f632e636f6d0000
1cebf35fe	base64	180000001200000068747470733a2f2f636f63636f632e636f6d0000
1cebf3b7e	base64	180000001200000068747470733a2f2f636f63636f632e636f6d0000
1cebf3bfe	base64	180000001200000068747470733a2f2f636f63636f632e636f6d0000
1cebfc53e	base64	180000001200000068747470733a2f2f636f63636f632e636f6d0000
1cebfc6fe	base64	140000000f00000068747470733a2f2f6d6567612e696f00
1cebfc7fe	base64	180000001200000068747470733a2f2f636f63636f632e636f6d0000
1cebfc8be	base64	180000001200000068747470733a2f2f636f63636f632e636f6d0000
1cebfcf7e	base64	180000001200000068747470733a2f2f636f63636f632e636f6d0000
1cebfd03e	base64	180000001200000068747470733a2f2f636f63636f632e636f6d0000
1ced0953b	base64	4d45145145145145145145145145145145145145145145145145145145145145145145145145145145145145
1ced282dd	base64	51451451451451451451451451451451451451451451451451451451451451451451451451451451451451451a
1ced28324	base64	014514514514514514514514514514514514514514514514514514514514514514514514514514514514514514
1ced7e51e	base64	4d45145145145145145145145145145145145145145145145145145145145145145145145145145145145145
1ced7e566	base64	51451451451451451451451451451451451451451451451451451451451451451451451451451451451451451a
1ced7e5ad	base64	014514514514514514514514514514514514514514514514514514514514514514514514514514514514514514
1ced7e63d	base64	4d45145145145145145145145145145145145145145145145145145145145145145145145145145145145145
1ced7e685	base64	51451451451451451451451451451451451451451451451451451451451451451451451451451451451451451a
1ced7e6cc	base64	014514514514514514514514514514514514514514514514514514514514514514514514514514514514514514
1ced7e75c	base64	4d45145145145145145145145145145145145145145145145145145145145145145145145145145145145145
1ced7e7a4	base64	51451451451451451451451451451451451451451451451451451451451451451451451451451451451451451a
1cf0d4575	base64	07137a71515a0c504a505b007a46514503685b5702357e62044836623d697a5a68520b104454567c5626237c0f20692e52275d35323a3f241b211e373b22196e420f366562
1cf1fc22e	base64	6f3d3226747970653d3126636f64653d3330353426746c3d3433323030
1cf566158	base64	07137a71515a0c504a505b007a46514503685b5702357e62044836623d697a5a68520b104454567c5626237c0f20692e52275d35323a3f241b211e373b22196e420f366562
1cf56acbe	base64	2b444e45427956437474425434420d0a7062734b6569384e304f326543446447616352424f6c4661714463316f6b54355843315448326b4d67656c776a4f4f65436a494e4732785646777139524672320d0a6f6e6d6d415072724f4e38335878384e4c514944415141420d0a2d2d2d2d2d454e4420505542
1cf5fc7fa	base64	07137a71515a0c504a505b007a46514503685b5702357e62044836623d697a5a68520b104454567c5626237c0f20692e52275d35323a3f241b211e373b22196e420f366562
1cf5fcc1a	base64	07137a71515a0c504a505b007a46514503685b5702357e62044836623d697a5a68520b104454567c5626237c0f20692e52275d35323a3f241b211e373b22196e420f366562
1cf5fceda	base64	07137a71515a0c504a505b007a46514503685b5702357e62044836623d697a5a68520b104454567c5626237c0f20692e52275d35323a3f241b211e373b22196e420f366562
1cfc58557	base64	07137a71515a0c504a505b007a46514503685b5702357e62044836623d697a5a68520b104454567c5626237c0f20692e52275d35323a3f241b211e373b22196e420f366562
1cfd5f109	base64	07137a71515a0c504a505b007a46514503685b5702357e62044836623d697a5a68520b104454567c5626237c0f20692e52275d35323a3f241b211e373b22196e420f366562
1cffd71ad	base64	07137a71515a0c504a505b007a46514503685b5702357e62044836623d697a5a68520b104454567c5626237c0f20692e52275d35323a3f241b211e373b22196e420f366562
1cffd7292	base64	07137a71515a0c504a505b007a46514503685b5702357e62044836623d697a5a68520b104454567c5626237c0f20692e52275d35323a3f241b211e373b22196e420f366562
1cffd738d	base64	07137a71515a0c504a505b007a46514503685b5702357e62044836623d697a5a68520b104454567c5626237c0f20692e52275d35323a3f241b211e373b22196e420f366562
1cffd747d	base64	07137a71515a0c504a505b007a46514503685b5702357e62044836623d697a5a68520b104454567c5626237c0f20692e52275d35323a3f241b211e373b22196e420f366562
1cffd7562	base64	07137a71515a0c504a505b007a46514503685b5702357e62044836623d697a5a68520b104454567c5626237c0f20692e52275d35323a3f241b211e373b22196e420f366562
1cffd765d	base64	07137a71515a0c504a505b007a46514503685b5702357e62044836623d697a5a68520b104454567c5626237c0f20692e52275d35323a3f241b211e373b22196e420f366562
1cffd774d	base64	07137a71515a0c504a505b007a46514503685b5702357e62044836623d697a5a68520b104454567c5626237c0f20692e52275d35323a3f241b211e373b22196e420f366562
1cffffd75	base64	07137a71515a0c504a505b007a46514503685b5702357e62044836623d697a5a68520b104454567c5626237c0f20692e52275d35323a3f241b211e373b22196e420f366562
1d0094937	base64	4d45145145145145145145145145145145145145145145145145145145145145145145145145145145145145
1d009497f	base64	51451451451451451451451451451451451451451451451451451451451451451451451451451451451451451a
1d00949c6	base64	014514514514514514514514514514514514514514514514514514514514514514514514514514514514514514
1d011d958	base64	07137a71515a0c504a505b007a46514503685b5702357e62044836623d697a5a68520b104454567c5626237c0f20692e52275d35323a3f241b211e373b22196e420f366562
1d012910d	base64	6f3d3226747970653d3126636f64653d3430353926746c3d313239363030
1d01bfebe	base64	140000000f00000068747470733a2f2f6d6567612e6e7a00
1d01eb158	base64	07137a71515a0c504a505b007a46514503685b5702357e62044836623d697a5a68520b104454567c5626237c0f20692e52275d35323a3f241b211e373b22196e420f366562
1d02c2157	base64	07137a71515a0c504a505b007a46514503685b5702357e62044836623d697a5a68520b104454567c5626237c0f20692e52275d35323a3f241b211e373b22196e420f366562
1d03b9957	base64	07137a71515a0c504a505b007a46514503685b5702357e62044836623d697a5a68520b104454567c5626237c0f20692e52275d35323a3f241b211e373b22196e420f366562
1d04d6158	base64	07137a71515a0c504a505b007a46514503685b5702357e62044836623d697a5a68520b104454567c5626237c0f20692e52275d35323a3f241b211e373b22196e420f366562
1d04ec958	base64	07137a71515a0c504a505b007a46514503685b5702357e62044836623d697a5a68520b104454567c5626237c0f20692e52275d35323a3f241b211e373b22196e420f366562
1d050f4ce	base64	6f3d3226747970653d3126636f64653d33363226746c3d313239363030
1d052ecfe	base64	52275d35323a3f241b211e373b22196e420f366562
1d05a6158	base64	07137a71515a0c504a505b007a46514503685b5702357e62044836623d697a5a68520b104454567c5626237c0f20692e52275d35323a3f241b211e373b22196e420f366562
1d0607158	base64	07137a71515a0c504a505b007a46514503685b5702357e62044836623d697a5a68520b104454567c5626237c0f20692e52275d35323a3f241b211e373b22196e420f366562
1d06e7a7e	base64	52275d35323a3f241b211e373b22196e420f366562
1d0876157	base64	07137a71515a0c504a505b007a46514503685b5702357e62044836623d697a5a68520b104454567c5626237c0f20692e52275d35323a3f241b211e373b22196e420f366562
1d0ab0157	base64	07137a71515a0c504a505b007a46514503685b5702357e62044836623d697a5a68520b104454567c5626237c0f20692e52275d35323a3f241b211e373b22196e420f366562
1d0b38297	base64	5f4f657a01545806481e5300625f534300725f57
1d0bba521	base64	4d45145145145145145145145145145145145145145145145145145145145145145145145145145145145145
1d0bba569	base64	51451451451451451451451451451451451451451451451451451451451451451451451451451451451451451a
1d0bba5b0	base64	014514514514514514514514514514514514514514514514514514514514514514514514514514514514514514
1d0bcd555	base64	51451451451451451451451451451451451451451451451451451451451451451451451451451451451451451a
1d0bcd59c	base64	014514514514514514514514514514514514514514514514514514514514514514514514514514514514514514
1d0f5d194	base64	00000000000000000000000000000000000000000000000000000000000000000000000000
1d0f83521	base64	4d45145145145145145145145145145145145145145145145145145145145145145145145145145145145145
1d10709ee	base64	014514514514514514514514514514514514514514514514514514514514514514514514514514514514514514
1d10d0194	hex	55555555555555555555555555555555555555555555555555
1d11e50d2	base64	07137a71515a0c504a505b007a46514503685b5702357e62044836623d697a5a68520b104454567c5626237c0f20692e52275d35323a3f241b211e373b22196e420f366562
1d1282157	base64	07137a71515a0c504a505b007a46514503685b5702357e62044836623d697a5a68520b104454567c5626237c0f20692e52275d35323a3f241b211e373b22196e420f366562
1d136314b	base64	07137a71515a0c504a505b007a46514503685b5702357e62044836623d697a5a68520b104454567c5626237c0f20692e52275d35323a3f241b211e373b22196e420f366562
1d142e958	base64	07137a71515a0c504a505b007a46514503685b5702357e62044836623d697a5a68520b104454567c5626237c0f20692e52275d35323a3f241b211e373b22196e420f366562
1d14eb158	base64	07137a71515a0c504a505b007a46514503685b5702357e62044836623d697a5a68520b104454567c5626237c0f20692e52275d35323a3f241b211e373b22196e420f366562
1d150c158	base64	07137a71515a0c504a505b007a46514503685b5702357e62044836623d697a5a68520b104454567c5626237c0f20692e52275d35323a3f241b211e373b22196e420f366562
1d151f958	base64	07137a71515a0c504a505b007a46514503685b5702357e62044836623d697a5a68520b104454567c5626237c0f20692e52275d35323a3f241b211e373b22196e420f366562
1d1567158	base64	07137a71515a0c504a505b007a46514503685b5702357e62044836623d697a5a68520b104454567c5626237c0f20692e52275d35323a3f241b211e373b22196e420f366562
1d15ee158	base64	07137a71515a0c504a505b007a46514503685b5702357e62044836623d697a5a68520b104454567c5626237c0f20692e52275d35323a3f241b211e373b22196e420f366562
1d160f158	base64	07137a71515a0c504a505b007a46514503685b5702357e62044836623d697a5a68520b104454567c5626237c0f20692e52275d35323a3f241b211e373b22196e420f366562
1d16110ae	base64	6f3d3226747970653d3126636f64653d3430363426746c3d3433323030
1d1687158	base64	07137a71515a0c504a505b007a46514503685b5702357e62044836623d697a5a68520b104454567c5626237c0f20692e52275d35323a3f241b211e373b22196e420f366562
1d16e0157	base64	07137a71515a0c504a505b007a46514503685b5702357e62044836623d697a5a68520b104454567c5626237c0f20692e52275d35323a3f241b211e373b22196e420f366562
1d1966157	base64	07137a71515a0c504a505b007a46514503685b5702357e62044836623d697a5a68520b104454567c5626237c0f20692e52275d35323a3f241b211e373b22196e420f366562
1d1970157	base64	07137a71515a0c504a505b007a46514503685b5702357e62044836623d697a5a68520b104454567c5626237c0f20692e52275d35323a3f241b211e373b22196e420f366562
1d197f31a	base64	07137a71515a0c504a505b007a46514503685b5702357e62044836623d697a5a68520b104454567c5626237c0f20692e52275d35323a3f241b211e373b22196e420f366562
1d197f5da	base64	07137a71515a0c504a505b007a46514503685b5702357e62044836623d697a5a68520b104454567c5626237c0f20692e52275d35323a3f241b211e373b22196e420f366562
1d1987157	base64	07137a71515a0c504a505b007a46514503685b5702357e62044836623d697a5a68520b104454567c5626237c0f20692e52275d35323a3f241b211e373b22196e420f366562
1d1994157	base64	07137a71515a0c504a505b007a46514503685b5702357e62044836623d697a5a68520b104454567c5626237c0f20692e52275d35323a3f241b211e373b22196e420f366562
1d1999157	base64	07137a71515a0c504a505b007a46514503685b5702357e62044836623d697a5a68520b104454567c5626237c0f20692e52275d35323a3f241b211e373b22196e420f366562
1d1b5047d	base64	464c41477b6d3367345f6e7a5f636c3075645f6b33795f707231763474335f7634756c745f3078393932617d
1d1bb4158	base64	07137a71515a0c504a505b007a46514503685b5702357e62044836623d697a5a68520b104454567c5626237c0f20692e52275d35323a3f241b211e373b22196e420f366562
1d1c19492	base64	7b22736f63636572223a7b2274797065223a225445414d5f4649585455524553222c227061796c6f6164223a7b227465616d41223a3132387d7d7d
1d1c1952e	base64	7b22736f63636572223a7b2274797065223a225445414d5f4649585455524553222c227061796c6f6164223a7b227465616d41223a33317d7d7d
1d1c195ca	base64	7b22736f63636572223a7b2274797065223a225445414d5f4649585455524553222c227061796c6f6164223a7b227465616d41223a38377d7d7d
1d1c19666	base64	7b22736f63636572223a7b2274797065223a225445414d5f4649585455524553222c227061796c6f6164223a7b227465616d41223a37337d7d7d
1d1c196fa	base64	7b22736f63636572223a7b2274797065223a225445414d5f4649585455524553222c227061796c6f6164223a7b227465616d41223a37347d7d7d
1d1c1978e	base64	7b22736f63636572223a7b2274797065223a225445414d5f4649585455524553222c227061796c6f6164223a7b227465616d41223a36317d7d7d
1d1c72157	base64	07137a71515a0c504a505b007a46514503685b5702357e62044836623d697a5a68520b104454567c5626237c0f20692e52275d35323a3f241b211e373b22196e420f366562
1d1cc0157	base64	07137a71515a0c504a505b007a46514503685b5702357e62044836623d697a5a68520b104454567c5626237c0f20692e52275d35323a3f241b211e373b22196e420f366562
1d1e36109	base64	07137a71515a0c504a505b007a46514503685b5702357e62044836623d697a5a68520b104454567c5626237c0f20692e52275d35323a3f241b211e373b22196e420f366562
1d1f92158	base64	07137a71515a0c504a505b007a46514503685b5702357e62044836623d697a5a68520b104454567c5626237c0f20692e52275d35323a3f241b211e373b22196e420f366562
1d1fa18c2	base64	7b22736f63636572223a7b2274797065223a225445414d5f4649585455524553222c227061796c6f6164223a7b227465616d41223a37337d7d7d
1d1fa1999	base64	7b22736f63636572223a7b2274797065223a225445414d5f4649585455524553222c227061796c6f6164223a7b227465616d41223a38377d7d7d
1d1fa1a5c	base64	7b22736f63636572223a7b2274797065223a224d415443485f44455441494c222c227061796c6f6164223a7b2273634c65616775654964223a31312c22686f6d6553634964223a37332c226177617953634964223a38372c226461746554696d65223a5b323032362c392c392c322c305d7d7d7d
1d1fa1bde	base64	7b22736f63636572223a7b2274797065223a225445414d5f4649585455524553222c227061796c6f6164223a7b227465616d41223a36317d7d7d
1d1fa1cbb	base64	7b22736f63636572223a7b2274797065223a225445414d5f4649585455524553222c227061796c6f6164223a7b227465616d41223a37347d7d7d
1d1fa1d6f	base64	7b22736f63636572223a7b2274797065223a224d415443485f44455441494c222c227061796c6f6164223a7b2273634c65616775654964223a332c22686f6d6553634964223a36312c226177617953634964223a37342c226461746554696d65223a5b323032362c392c372c312c34355d7d7d7d
1d1fa1ef1	base64	7b22736f63636572223a7b2274797065223a225445414d5f4649585455524553222c227061796c6f6164223a7b227465616d41223a33317d7d7d
1d1fa1fd4	base64	7b22736f63636572223a7b2274797065223a225445414d5f4649585455524553222c227061796c6f6164223a7b227465616d41223a3132387d7d7d
1d1fa2097	base64	7b22736f63636572223a7b2274797065223a224d415443485f44455441494c222c227061796c6f6164223a7b2273634c65616775654964223a31312c22686f6d6553634964223a33312c226177617953634964223a3132382c226461746554696d65223a5b323032362c392c382c32332c34355d7d7d7d
1d227ce33	base64	07137a71515a0c504a505b007a46514503685b5702357e62044836623d697a5a68520b104454567c5626237c0f20692e52275d35323a3f241b211e373b22196e420f366562
1d23ad1fe	base64	180000001200000068747470733a2f2f636f63636f632e636f6d0000
1d23ad6fe	base64	180000001200000068747470733a2f2f636f63636f632e636f6d0000
1d23adabe	base64	180000001200000068747470733a2f2f636f63636f632e636f6d0000
1d23adffe	base64	140000000f00000068747470733a2f2f6d6567612e6e7a00
1d2454958	base64	07137a71515a0c504a505b007a46514503685b5702357e62044836623d697a5a68520b104454567c5626237c0f20692e52275d35323a3f241b211e373b22196e420f366562
1d27c8158	base64	07137a71515a0c504a505b007a46514503685b5702357e62044836623d697a5a68520b104454567c5626237c0f20692e52275d35323a3f241b211e373b22196e420f366562
1d2b4d158	base64	07137a71515a0c504a505b007a46514503685b5702357e62044836623d697a5a68520b104454567c5626237c0f20692e52275d35323a3f241b211e373b22196e420f366562
1d2bd988d	base64	6f3d3226747970653d3126636f64653d3334383926746c3d3433323030
1d2bff7ba	base64	07137a71515a0c504a505b007a46514503685b5702357e62044836623d697a5a68520b104454567c5626237c0f20692e52275d35323a3f241b211e373b22196e420f366562
1d2bffbda	base64	07137a71515a0c504a505b007a46514503685b5702357e62044836623d697a5a68520b104454567c5626237c0f20692e52275d35323a3f241b211e373b22196e420f366562
1d2bffd3a	base64	07137a71515a0c504a505b007a46514503685b5702357e62044836623d697a5a68520b104454567c5626237c0f20692e52275d35323a3f241b211e373b22196e420f366562
1d2d429c6	base64	6f3d3226747970653d31266a733d3126636f64653d3231393126746c3d323539323030
1d2d71e0e	base64	041041041041041041041041041041041041041041041041041041041041041041041041041041041041041041041041041041041041041041041041041041041041041041041041041041041041041041041041041041041041041041041041041041041041041041041041041041041041041041041041041041
1d2d72c60	base64	24104104104104104104104104104104104104104104104104104104104104
1d2d72ddc	base64	54104104104104104104104104104104104104104104104104104104104104
1d2d72f58	base64	6c104104104104104104104104104104104104104104104104104104104104
1d2de3536	base64	4d45145145145145145145145145145145145145145145145145145145145145145145145145145145145145
1d2e26158	base64	07137a71515a0c504a505b007a46514503685b5702357e62044836623d697a5a68520b104454567c5626237c0f20692e52275d35323a3f241b211e373b22196e420f366562
1d2e5c158	base64	07137a71515a0c504a505b007a46514503685b5702357e62044836623d697a5a68520b104454567c5626237c0f20692e52275d35323a3f241b211e373b22196e420f366562
1d327233a	base64	07137a71515a0c504a505b007a46514503685b5702357e62044836623d697a5a68520b104454567c5626237c0f20692e52275d35323a3f241b211e373b22196e420f366562
1d327249a	base64	07137a71515a0c504a505b007a46514503685b5702357e62044836623d697a5a68520b104454567c5626237c0f20692e52275d35323a3f241b211e373b22196e420f366562
1d3272a1a	base64	07137a71515a0c504a505b007a46514503685b5702357e62044836623d697a5a68520b104454567c5626237c0f20692e52275d35323a3f241b211e373b22196e420f366562
1d3272e3a	base64	07137a71515a0c504a505b007a46514503685b5702357e62044836623d697a5a68520b104454567c5626237c0f20692e52275d35323a3f241b211e373b22196e420f366562
1d3272f9a	base64	07137a71515a0c504a505b007a46514503685b5702357e62044836623d697a5a68520b104454567c5626237c0f20692e52275d35323a3f241b211e373b22196e420f366562
1d3422a23	base64	07137a71515a0c504a505b007a46514503685b5702357e62044836623d697a5a68520b104454567c5626237c0f20692e52275d35323a3f241b211e373b22196e420f366562
1d3422c63	base64	07137a71515a0c504a505b007a46514503685b5702357e62044836623d697a5a68520b104454567c5626237c0f20692e52275d35323a3f241b211e373b22196e420f366562
1d3422ea3	base64	07137a71515a0c504a505b007a46514503685b5702357e62044836623d697a5a68520b104454567c5626237c0f20692e52275d35323a3f241b211e373b22196e420f366562
1d378d158	base64	07137a71515a0c504a505b007a46514503685b5702357e62044836623d697a5a68520b104454567c5626237c0f20692e52275d35323a3f241b211e373b22196e420f366562
1d387f0b0	base64	07137a71515a0c504a505b007a46514503685b5702357e62044836623d697a5a68520b104454567c5626237c0f
1d38cd520	base64	4d45145145145145145145145145145145145145145145145145145145145145145145145145145145145145
1d38cd568	base64	51451451451451451451451451451451451451451451451451451451451451451451451451451451451451451a
1d38cd5af	base64	014514514514514514514514514514514514514514514514514514514514514514514514514514514514514514
1d390f73e	base64	2b444e45427956437474425434420d0a7062734b6569384e304f326543446447616352424f6c4661714463316f6b54355843315448326b4d67656c776a4f4f65436a494e4732785646777139524672320d0a6f6e6d6d415072724f4e38335878384e4c514944415141420d0a2d2d2d2d2d454e4420505542
1d392f539	base64	4d45145145145145145145145145145145145145145145145145145145145145145145145145145145145145
1d392f581	base64	51451451451451451451451451451451451451451451451451451451451451451451451451451451451451451a
1d392f5c8	base64	014514514514514514514514514514514514514514514514514514514514514514514514514514514514514514
1d3943958	base64	07137a71515a0c504a505b007a46514503685b5702357e62044836623d697a5a68520b104454567c5626237c0f20692e52275d35323a3f241b211e373b22196e420f366562
1d39bc158	base64	07137a71515a0c504a505b007a46514503685b5702357e62044836623d697a5a68520b104454567c5626237c0f20692e52275d35323a3f241b211e373b22196e420f366562
1d3bdb7fe	base64	280000002100000068747470733a2f2f7261772e67697468756275736572636f6e74656e742e636f6d000000
1d3d0b158	base64	07137a71515a0c504a505b007a46514503685b5702357e62044836623d697a5a68520b104454567c5626237c0f20692e52275d35323a3f241b211e373b22196e420f366562
1d433407e	base64	2e38383434203334322e3636382036362e303038203334322e3636382036362e31353438433334322e3636382036362e33303136203334322e3631372036362e34323639203334322e3531332036362e35333038433334322e3430392036
1d448e0aa	base64	7b22736f63636572223a7b2274797065223a225445414d5f4649585455524553222c227061796c6f6164223a7b227465616d41223a33317d7d7d
1d448e162	base64	7b22736f63636572223a7b2274797065223a225445414d5f4649585455524553222c227061796c6f6164223a7b227465616d41223a3132387d7d7d
1d448e226	base64	7b22736f63636572223a7b2274797065223a224d415443485f44455441494c222c227061796c6f6164223a7b2273634c65616775654964223a31312c22686f6d6553634964223a33312c226177617953634964223a3132382c226461746554696d65223a5b323032362c392c382c32332c34355d7d7d7d
1d448e39e	base64	7b22736f63636572223a7b2274797065223a225445414d5f4649585455524553222c227061796c6f6164223a7b227465616d41223a37337d7d7d
1d448e44e	base64	7b22736f63636572223a7b2274797065223a225445414d5f4649585455524553222c227061796c6f6164223a7b227465616d41223a38377d7d7d
1d448e512	base64	7b22736f63636572223a7b2274797065223a224d415443485f44455441494c222c227061796c6f6164223a7b2273634c65616775654964223a31312c22686f6d6553634964223a37332c226177617953634964223a38372c226461746554696d65223a5b323032362c392c392c322c305d7d7d7d
1d448e67e	base64	7b22736f63636572223a7b2274797065223a225445414d5f4649585455524553222c227061796c6f6164223a7b227465616d41223a36317d7d7d
1d448e72e	base64	7b22736f63636572223a7b2274797065223a225445414d5f4649585455524553222c227061796c6f6164223a7b227465616d41223a37347d7d7d
1d448e7e2	base64	7b22736f63636572223a7b2274797065223a224d415443485f44455441494c222c227061796c6f6164223a7b2273634c65616775654964223a332c22686f6d6553634964223a36312c226177617953634964223a37342c226461746554696d65223a5b323032362c392c372c312c34355d7d7d7d
1d44f2817	base64	5f4f657a01545806481e5300625f534300725f57
1d45f6c3e	base64	180000001200000068747470733a2f2f636f63636f632e636f6d0000
1d47d2194	hex	33333333333333333333333333333333333333333333333333
1d4a5d19f	base64	00000000000000000000000000000000000000000000000000000000000000000000000000
1d4b58166	base64	00000000000000000000000000000000000000000000000000000000000000000000000000
1d4d0d9ef	base64	464c41477b6d3367345f6e7a5f636c3075645f6b33795f707231763474335f7634756c745f3078393932617d
1d4d3b19f	hex	00000000000000000000000000000000000000000000000000
1d4ec719f	hex	55555555555555555555555555555555555555555555555555
1d524d1d6	base64	07137a71515a0c504a505b007a46514503685b5702357e62044836623d697a5a68520b104454567c5626237c0f20692e52275d35323a3f241b211e373b22196e420f366562
1d54bd166	hex	33333333333333333333333333333333333333333333333333
1d553c776	base64	07137a71515a0c504a505b007a46514503685b5702357e62044836623d697a5a68520b104454567c5626237c0f20692e52275d35323a3f241b211e373b22196e420f366562
1d5588a02	base64	7777772e686f6c6c79776f6f647265706f727465722e636f6d5f6f6e6c6f6164
1d5684435	hex	2f6d6e742f686766732f446f63756d656e74732f61766d6c202f6d6e742f686766732f446f63756d656e74732f6d656d2e646d70
1d573b194	hex	55555555555555555555555555555555555555555555555555
1d581d19f	hex	33333333333333333333333333333333333333333333333333
1d5978db0	base64	7777772e726f6c6c696e6773746f6e652e636f6d5f6f6e6c6f6164
1d5998194	base64	00000000000000000000000000000000000000000000000000000000000000000000000000
1d5d1030e	base64	07137a71515a0c504a505b007a46514503685b5702357e62044836623d697a5a68520b104454567c5626237c0f20692e
1d5eb2158	base64	07137a71515a0c504a505b007a46514503685b5702357e62044836623d697a5a68520b104454567c5626237c0f20692e52275d35323a3f241b211e373b22196e420f366562
1d5f669d0	base64	014514514514514514514514514514514514514514514514514514514514514514514514514514514514514514
1d5fca0c3	base64	07137a71515a0c504a505b007a46514503685b5702357e62044836623d697a5a68520b104454567c5626237c0f20692e52275d35323a3f241b211e373b22196e420f366562
1d61342fe	base64	180000001200000068747470733a2f2f636f63636f632e636f6d0000
1d61343be	base64	180000001200000068747470733a2f2f636f63636f632e636f6d0000
1d613443e	base64	180000001200000068747470733a2f2f636f63636f632e636f6d0000
1d613477e	base64	180000001200000068747470733a2f2f636f63636f632e636f6d0000
1d61347be	base64	180000001200000068747470733a2f2f636f63636f632e636f6d0000
1d613487e	base64	140000001000000068747470733a2f2f677674312e636f6d
1d61348be	base64	140000001000000068747470733a2f2f677674312e636f6d
1d61348fe	base64	140000001000000068747470733a2f2f63616368652e766e
1d61349fe	base64	18000000120000006368726f6d653a2f2f77686174732d6e65770000
1d6134abe	base64	180000001200000068747470733a2f2f636f63636f632e636f6d0000
1d61461fe	base64	180000001200000068747470733a2f2f636f63636f632e636f6d0000
1d614627e	base64	180000001200000068747470733a2f2f636f63636f632e636f6d0000
1d614653e	base64	180000001200000068747470733a2f2f636f63636f632e636f6d0000
1d61465be	base64	180000001200000068747470733a2f2f636f63636f632e636f6d0000
1d614697e	base64	180000001200000068747470733a2f2f636f63636f632e636f6d0000
1d61469be	base64	180000001200000068747470733a2f2f636f63636f632e636f6d0000
1d6146a3e	base64	180000001200000068747470733a2f2f636f63636f632e636f6d0000
1d6146a7e	base64	180000001200000068747470733a2f2f636f63636f632e636f6d0000
1d6146b3e	base64	180000001200000068747470733a2f2f636f63636f632e636f6d0000
1d6146b7e	base64	180000001200000068747470733a2f2f636f63636f632e636f6d0000
1d6146bbe	base64	180000001200000068747470733a2f2f636f63636f632e636f6d0000
1d6146bfe	base64	180000001200000068747470733a2f2f636f63636f632e636f6d0000
1d6146c7e	base64	180000001200000068747470733a2f2f636f63636f632e636f6d0000
1d61a7cbe	base64	38000000330000006368726f6d652d657874656e73696f6e3a2f2f67636f706670646b6d70646163646d626a6f6e666a6d626e63636d6e6a646f6900
1d61dccb4	base64	07137a71515a0c504a505b007a46514503685b5702357e62044836623d697a5a68520b104454567c5626237c0f20692e52275d35323a3f241b211e373b22196e420f366562
1d623019f	hex	00000000000000000000000000000000000000000000000000
1d637519f	base64	00000000000000000000000000000000000000000000000000000000000000000000000000
1d63ba1cc	base64	6f3d3226747970653d3126636f64653d34363126746c3d3130303830
1d64c054b	base64	4d45145145145145145145145145145145145145145145145145145145145145145145145145145145145145
1d64c0593	base64	51451451451451451451451451451451451451451451451451451451451451451451451451451451451451451a
1d670a109	base64	07137a71515a0c504a505b007a46514503685b5702357e62044836623d697a5a68520b104454567c5626237c0f20692e52275d35323a3f241b211e373b22196e420f366562
1d69136be	base64	180000001200000068747470733a2f2f636f63636f632e636f6d0000
1d69139be	base64	180000001200000068747470733a2f2f636f63636f632e636f6d0000
1d6aa07be	base64	74696f6e67756964652d70612e676f6f676c65617069732e636f6d00
1d6d12958	base64	07137a71515a0c504a505b007a46514503685b5702357e62044836623d697a5a68520b104454567c5626237c0f20692e52275d35323a3f241b211e373b22196e420f366562
1d6d17958	base64	07137a71515a0c504a505b007a46514503685b5702357e62044836623d697a5a68520b104454567c5626237c0f20692e52275d35323a3f241b211e373b22196e420f366562
1d6d95158	base64	07137a71515a0c504a505b007a46514503685b5702357e62044836623d697a5a68520b104454567c5626237c0f20692e52275d35323a3f241b211e373b22196e420f366562
1d6d98109	base64	07137a71515a0c504a505b007a46514503685b5702357e62044836623d697a5a68520b104454567c5626237c0f20692e52275d35323a3f241b211e373b22196e420f366562
1d6da6158	base64	07137a71515a0c504a505b007a46514503685b5702357e62044836623d697a5a68520b104454567c5626237c0f20692e52275d35323a3f241b211e373b22196e420f366562
1d72fd77e	base64	140000000f00000068747470733a2f2f6d6567612e6e7a00
1d74cb838	base64	07137a71515a0c504a505b007a46514503685b5702357e62044836623d697a5a68520b104454567c5626237c0f20692e52275d35323a3f241b211e373b22196e420f366562
1d74cbc58	base64	07137a71515a0c504a505b007a46514503685b5702357e62044836623d697a5a68520b104454567c5626237c0f20692e52275d35323a3f241b211e373b22196e420f366562
1d74cbdb8	base64	07137a71515a0c504a505b007a46514503685b5702357e62044836623d697a5a68520b104454567c5626237c0f20692e52275d35323a3f241b211e373b22196e420f366562
1d7c1a3be	base64	180000001200000068747470733a2f2f636f63636f632e636f6d0000
1d7c1ab3e	base64	180000001200000068747470733a2f2f636f63636f632e636f6d0000
1d7c1abbe	base64	180000001200000068747470733a2f2f636f63636f632e636f6d0000
1d7c1e1fe	base64	180000001200000068747470733a2f2f636f63636f632e636f6d0000
1d7c1ef3e	base64	180000001200000068747470733a2f2f636f63636f632e636f6d0000
1d7ce8b8e	base64	07137a71515a0c504a505b007a46514503685b5702357e62044836623d697a5a68520b104454567c5626237c0f20692e52275d35323a
1d7e48533	base64	4d45145145145145145145145145145145145145145145145145145145145145145145145145145145145145
1d7e926f2	base64	7777772e62696c6c626f6172642e636f6d5f6f6e6c6f6164
1d7edafbc	base64	2b444e45427956437474425434420d0a7062734b6569384e304f326543446447616352424f6c4661714463316f6b54355843315448326b4d67656c776a4f4f65436a494e4732785646777139524672320d0a6f6e6d6d415072724f4e38335878384e4c514944415141420d0a2d2d2d2d2d454e4420505542
1d7f2cc0f	base64	101010101010101010101010101010101010101010101010101010101010101010101010101010101010101010101010101010101f
1d818b37c	base64	464c41477b7064665f6533766964656e63655f64336330795f307839396163667d
1d8d59158	base64	07137a71515a0c504a505b007a46514503685b5702357e62044836623d697a5a68520b104454567c5626237c0f20692e52275d35323a3f241b211e373b22196e420f366562
1d90dc19f	hex	33333333333333333333333333333333333333333333333333
1d91c719f	hex	55555555555555555555555555555555555555555555555555
1d920e769	base64	464c41477b696d6167655f6d657461646174615f6465636f795f393932317d
1d947b0a1	base64	104104104104104104104104104104104104104104104104104104104104104104104104104104
1d947b0e1	base64	104104104104104104104104104104104104104104104104104104104104104104104104104104104104104104104104
1d95aa158	base64	07137a71515a0c504a505b007a46514503685b5702357e62044836623d697a5a68520b104454567c5626237c0f20692e52275d35323a3f241b211e373b22196e420f366562
1d95bc109	base64	07137a71515a0c504a505b007a46514503685b5702357e62044836623d697a5a68520b104454567c5626237c0f20692e52275d35323a3f241b211e373b22196e420f366562
1d9695958	base64	07137a71515a0c504a505b007a46514503685b5702357e62044836623d697a5a68520b104454567c5626237c0f20692e52275d35323a3f241b211e373b22196e420f366562
1d969f158	base64	07137a71515a0c504a505b007a46514503685b5702357e62044836623d697a5a68520b104454567c5626237c0f20692e52275d35323a3f241b211e373b22196e420f366562
1d98ec19f	hex	22222222222222222222222222222222222222222222222222
1d9bce521	base64	07137a71515a0c504a505b007a46514503685b5702357e62044836623d697a5a68520b104454567c5626237c0f20692e52275d35323a3f241b211e373b22196e420f366562
1d9bcee21	base64	07137a71515a0c504a505b007a46514503685b5702357e62044836623d697a5a68520b104454567c5626237c0f20692e52275d35323a3f241b211e373b22196e420f366562
1d9c5219f	base64	00000000000000000000000000000000000000000000000000000000000000000000000000
1da0cb650	base64	7b22736f63636572223a7b2274797065223a224d415443485f44455441494c222c227061796c6f6164223a7b2273634c65616775654964223a31312c22686f6d6553634964223a33312c226177617953634964223a3132382c226461746554696d65223a5b323032362c392c382c32332c34355d7d7d7d
1da0cb8f1	base64	7b22736f63636572223a7b2274797065223a224d415443485f44455441494c222c227061796c6f6164223a7b2273634c65616775654964223a31312c22686f6d6553634964223a37332c226177617953634964223a38372c226461746554696d65223a5b323032362c392c392c322c305d7d7d7d
1da0cbb7e	base64	7b22736f63636572223a7b2274797065223a224d415443485f44455441494c222c227061796c6f6164223a7b2273634c65616775654964223a332c22686f6d6553634964223a36312c226177617953634964223a37342c226461746554696d65223a5b323032362c392c372c312c34355d7d7d7d
1da4752c6	base64	7b22736f63636572223a7b2274797065223a225445414d5f4649585455524553222c227061796c6f6164223a7b227465616d41223a33317d7d7d
1da47538a	base64	7b22736f63636572223a7b2274797065223a224d415443485f44455441494c222c227061796c6f6164223a7b2273634c65616775654964223a31312c22686f6d6553634964223a33312c226177617953634964223a3132382c226461746554696d65223a5b323032362c392c382c32332c34355d7d7d7d
1da4754c2	base64	7b22736f63636572223a7b2274797065223a225445414d5f4649585455524553222c227061796c6f6164223a7b227465616d41223a37337d7d7d
1da47557e	base64	7b22736f63636572223a7b2274797065223a224d415443485f44455441494c222c227061796c6f6164223a7b2273634c65616775654964223a31312c22686f6d6553634964223a37332c226177617953634964223a38372c226461746554696d65223a5b323032362c392c392c322c305d7d7d7d
1da4756aa	base64	7b22736f63636572223a7b2274797065223a225445414d5f4649585455524553222c227061796c6f6164223a7b227465616d41223a36317d7d7d
1da47575e	base64	7b22736f63636572223a7b2274797065223a224d415443485f44455441494c222c227061796c6f6164223a7b2273634c65616775654964223a332c22686f6d6553634964223a36312c226177617953634964223a37342c226461746554696d65223a5b323032362c392c372c312c34355d7d7d7d
1da48426a	base64	7b22736f63636572223a7b2274797065223a225445414d5f4649585455524553222c227061796c6f6164223a7b227465616d41223a33317d7d7d
1da48432e	base64	7b22736f63636572223a7b2274797065223a224d415443485f44455441494c222c227061796c6f6164223a7b2273634c65616775654964223a31312c22686f6d6553634964223a33312c226177617953634964223a3132382c226461746554696d65223a5b323032362c392c382c32332c34355d7d7d7d
1da484466	base64	7b22736f63636572223a7b2274797065223a225445414d5f4649585455524553222c227061796c6f6164223a7b227465616d41223a37337d7d7d
1da484522	base64	7b22736f63636572223a7b2274797065223a224d415443485f44455441494c222c227061796c6f6164223a7b2273634c65616775654964223a31312c22686f6d6553634964223a37332c226177617953634964223a38372c226461746554696d65223a5b323032362c392c392c322c305d7d7d7d
1da48464e	base64	7b22736f63636572223a7b2274797065223a225445414d5f4649585455524553222c227061796c6f6164223a7b227465616d41223a36317d7d7d
1da484702	base64	7b22736f63636572223a7b2274797065223a224d415443485f44455441494c222c227061796c6f6164223a7b2273634c65616775654964223a332c22686f6d6553634964223a36312c226177617953634964223a37342c226461746554696d65223a5b323032362c392c372c312c34355d7d7d7d
1da68f2d2	base64	7b22736f63636572223a7b2274797065223a225445414d5f4649585455524553222c227061796c6f6164223a7b227465616d41223a37347d7d7d
1da68f366	base64	7b22736f63636572223a7b2274797065223a225445414d5f4649585455524553222c227061796c6f6164223a7b227465616d41223a38377d7d7d
1da68f402	base64	7b22736f63636572223a7b2274797065223a225445414d5f4649585455524553222c227061796c6f6164223a7b227465616d41223a3132387d7d7d
1da692c8e	base64	7b22736f63636572223a7b2274797065223a225445414d5f4649585455524553222c227061796c6f6164223a7b227465616d41223a37347d7d7d
1da692d22	base64	7b22736f63636572223a7b2274797065223a225445414d5f4649585455524553222c227061796c6f6164223a7b227465616d41223a38377d7d7d
1da692dbe	base64	7b22736f63636572223a7b2274797065223a225445414d5f4649585455524553222c227061796c6f6164223a7b227465616d41223a3132387d7d7d
1da70463e	base64	180000001200000068747470733a2f2f636f63636f632e636f6d0000
1da704d7e	base64	180000001200000068747470733a2f2f636f63636f632e636f6d0000
1da7184be	base64	180000001200000068747470733a2f2f636f63636f632e636f6d0000
1dbf4630d	base64	07137a71515a0c504a505b007a46514503685b5702357e62044836623d697a5a68520b104454567c5626237c0f20692e52275d35323a3f241b211e373b22196e420f366562
1dbf93716	base64	014514514514514514514514514514514514514514514514514514514514514514514514514514514514514514
1dbfddf3d	base64	51451451451451451451451451451451451451451451451451451451451451451451451451451451451451451a
1dbfddf84	base64	014514514514514514514514514514514514514514514514514514514514514514514514514514514514514514
1dc09b7de	base64	464c41477b696d6167655f6d657461646174615f6465636f795f393932317d
1dc0e3263	base64	4d45145145145145145145145145145145145145145145145145145145145145145145145145145145145145
1dc0e32ab	base64	51451451451451451451451451451451451451451451451451451451451451451451451451451451451451451a
1dc0e32f2	base64	014514514514514514514514514514514514514514514514514514514514514514514514514514514514514514
1dc11cd8e	base64	4d45145145145145145145145145145145145145145145145145145145145145145145145145145145145145
1dc11cdd6	base64	51451451451451451451451451451451451451451451451451451451451451451451451451451451451451451a
1dc11ce1d	base64	014514514514514514514514514514514514514514514514514514514514514514514514514514514514514514
1dc15acf4	base64	014514514514514514514514514514514514514514514514514514514514514514514514514514514514514514
1dc182089	base64	014514514514514514514514514514514514514514514514514514514514514514514514514514514514514514
1dc182119	base64	4d45145145145145145145145145145145145145145145145145145145145145145145145145145145145145
1dc1aa43f	base64	4d45145145145145145145145145145145145145145145145145145145145145145145145145145145145145
1dc1aa487	base64	51451451451451451451451451451451451451451451451451451451451451451451451451451451451451451a
1dc6f5207	base64	51451451451451451451451451451451451451451451451451451451451451451451451451451451451451451a
1dc6f524e	base64	014514514514514514514514514514514514514514514514514514514514514514514514514514514514514514
1dcc1f52f	base64	4d45145145145145145145145145145145145145145145145145145145145145145145145145145145145145
1dcc1f577	base64	51451451451451451451451451451451451451451451451451451451451451451451451451451451451451451a
1dcc1f5be	base64	014514514514514514514514514514514514514514514514514514514514514514514514514514514514514514
1dcebb1ce	base64	07137a71515a0c504a505b007a46514503685b5702357e62044836623d697a5a68520b104454567c5626237c0f20692e52275d35323a3f241b211e373b22196e420f366562
1dcefc1b7	base64	68747470733a2f2f616e74612e636f6d2e766e2f
1dd79abfe	base64	180000001200000068747470733a2f2f636f63636f632e636f6d0000
1dd79ac7e	base64	180000001200000068747470733a2f2f636f63636f632e636f6d0000
1dd79acbe	base64	180000001200000068747470733a2f2f636f63636f632e636f6d0000
1dd79afbe	base64	180000001200000068747470733a2f2f636f63636f632e636f6d0000
1dd7d0d68	base64	51451451451451451451451451451451451451451451451451451451451451451451451451451451451451451a
1dd7d0daf	base64	014514514514514514514514514514514514514514514514514514514514514514514514514514514514514514
1dd877423	base64	4d45145145145145145145145145145145145145145145145145145145145145145145145145145145145145
1dd87746b	base64	51451451451451451451451451451451451451451451451451451451451451451451451451451451451451451a
1dd8774b2	base64	014514514514514514514514514514514514514514514514514514514514514514514514514514514514514514
1dd877542	base64	4d45145145145145145145145145145145145145145145145145145145145145145145145145145145145145
1dd87758a	base64	51451451451451451451451451451451451451451451451451451451451451451451451451451451451451451a
1dd8775d1	base64	014514514514514514514514514514514514514514514514514514514514514514514514514514514514514514
1dd877661	base64	4d45145145145145145145145145145145145145145145145145145145145145145145145145145145145145
1dd8776a9	base64	51451451451451451451451451451451451451451451451451451451451451451451451451451451451451451a
1dd894684	base64	4d45145145145145145145145145145145145145145145145145145145145145145145145145145145145145
1dd928535	base64	4d45145145145145145145145145145145145145145145145145145145145145145145145145145145145145
1dd92c3f0	base64	4d45145145145145145145145145145145145145145145145145145145145145145145145145145145145145
1dd92f52b	base64	4d45145145145145145145145145145145145145145145145145145145145145145145145145145145145145
1dd933521	base64	4d45145145145145145145145145145145145145145145145145145145145145145145145145145145145145
1dd93c533	base64	4d45145145145145145145145145145145145145145145145145145145145145145145145145145145145145
1dd93c57b	base64	51451451451451451451451451451451451451451451451451451451451451451451451451451451451451451a
1dd95051e	base64	4d45145145145145145145145145145145145145145145145145145145145145145145145145145145145145
1dd950566	base64	51451451451451451451451451451451451451451451451451451451451451451451451451451451451451451a
1dd9505ad	base64	014514514514514514514514514514514514514514514514514514514514514514514514514514514514514514
1dd954529	base64	4d45145145145145145145145145145145145145145145145145145145145145145145145145145145145145
1dd954571	base64	51451451451451451451451451451451451451451451451451451451451451451451451451451451451451451a
1de107fb3	base64	014514514514514514514514514514514514514514514514514514514514514514514514514514514514514514
1de108043	base64	4d45145145145145145145145145145145145145145145145145145145145145145145145145145145145145
1de10808b	base64	51451451451451451451451451451451451451451451451451451451451451451451451451451451451451451a
1de1b49e4	base64	51451451451451451451451451451451451451451451451451451451451451451451451451451451451451451a
1de1b4a2b	base64	014514514514514514514514514514514514514514514514514514514514514514514514514514514514514514
1de29796a	base64	014514514514514514514514514514514514514514514505
1de2a8304	base64	4d45145145145145145145145145145145145145145145145145145145145145145145145145145145145145
1de2a834c	base64	51451451451451451451451451451451451451451451451451451451451451451451451451451451451451451a
1de2a8393	base64	014514514514514514514514514514514514514514514514514514514514514514514514514514514514514514
1de375344	base64	7b22736f63636572223a7b2274797065223a225445414d5f4649585455524553222c227061796c6f6164223a7b227465616d41223a33317d7d7d
1de375408	base64	7b22736f63636572223a7b2274797065223a224d415443485f44455441494c222c227061796c6f6164223a7b2273634c65616775654964223a31312c22686f6d6553634964223a33312c226177617953634964223a3132382c226461746554696d65223a5b323032362c392c382c32332c34355d7d7d7d
1de375540	base64	7b22736f63636572223a7b2274797065223a225445414d5f4649585455524553222c227061796c6f6164223a7b227465616d41223a37337d7d7d
1de3755fc	base64	7b22736f63636572223a7b2274797065223a224d415443485f44455441494c222c227061796c6f6164223a7b2273634c65616775654964223a31312c22686f6d6553634964223a37332c226177617953634964223a38372c226461746554696d65223a5b323032362c392c392c322c305d7d7d7d
1de375728	base64	7b22736f63636572223a7b2274797065223a225445414d5f4649585455524553222c227061796c6f6164223a7b227465616d41223a36317d7d7d
1de3757dc	base64	7b22736f63636572223a7b2274797065223a224d415443485f44455441494c222c227061796c6f6164223a7b2273634c65616775654964223a332c22686f6d6553634964223a36312c226177617953634964223a37342c226461746554696d65223a5b323032362c392c372c312c34355d7d7d7d
1de483a1c	base64	464c41477b7064665f6533766964656e63655f64336330795f307839396163667d
1de4a2586	base64	6b4d67656c776a4f4f65436a494e4732785646777139524672320d0a6f6e6d6d415072724f4e38335878384e4c514944415141420d0a2d2d2d2d2d454e4420505542
1de60febe	base64	180000001200000068747470733a2f2f636f63636f632e636f6d0000
1de60ff7e	base64	180000001200000068747470733a2f2f636f63636f632e636f6d0000
1deb71d0c	base64	4d45145145145145145145145145145145145145145145145145145145145145145145145145145145145145
1deb71d54	base64	51451451451451451451451451451451451451451451451451451451451451451451451451451451451451451a
1deb71d9b	base64	014514514514514514514514514514514514514514514514514514514514514514514514514514514514514514
1deb71e2b	base64	4d45145145145145145145145145145145145145145145145145145145145145145145145145145145145145
1ded3ef7b	base64	68747470733a2f2f616e74612e636f6d2e766e2f
1defbaf23	base64	014514514514514514514514514514514514514514514514514514514514514514514514514514514514514514
1defbafb3	base64	4d45145145145145145145145145145145145145145145145145145145145145145145145145145145145145
1defbaffb	base64	51451451451451451451451451451451451451451451451451451451451451451451451451451451451451451a
1dfa1f51c	base64	4d45145145145145145145145145145145145145145145145145145145145145145145145145145145145145
1dfa1f564	base64	51451451451451451451451451451451451451451451451451451451451451451451451451451451451451451a
1dfa1f5ab	base64	014514514514514514514514514514514514514514514514514514514514514514514514514514514514514514
1dfa1f63b	base64	4d45145145145145145145145145145145145145145145145145145145145145145145145145145145145145
1dfa1f683	base64	51451451451451451451451451451451451451451451451451451451451451451451451451451451451451451a
1dfa1f6ca	base64	014514514514514514514514514514514514514514514514514514514514514514514514514514514514514514
1dfa1f75a	base64	4d45145145145145145145145145145145145145145145145145145145145145145145145145145145145145
1dfa1f7a2	base64	51451451451451451451451451451451451451451451451451451451451451451451451451451451451451451a
1dfb5a2ee	hex	0000000000000000000000000000000000000000000000000000000000000000000000000000000000
1dfce152f	base64	4d45145145145145145145145145145145145145145145145145145145145145145145145145145145145145
1dfce1577	base64	51451451451451451451451451451451451451451451451451451451451451451451451451451451451451451a
1e002f1d2	base64	464c41477b63306e6631726d33645f62795f6368346c6c5f6d346b33725f746831735f31735f7468335f666c34677d
1e00ae525	base64	4d45145145145145145145145145145145145145145145145145145145145145145145145145145145145145
1e00ae56d	base64	51451451451451451451451451451451451451451451451451451451451451451451451451451451451451451a
1e00ae5b4	base64	014514514514514514514514514514514514514514514514514514514514514514514514514514514514514514
1e01a953a	base64	07137a71515a0c504a505b007a46514503685b5702357e62044836623d697a5a68520b104454567c5626237c0f20692e52275d35323a3f241b211e373b22196e420f366562
1e01dcc92	base64	000000000000000000000000000000000000000000000000000000000000000000000000000000000000000000
1e02075c2	base64	07137a71515a0c504a505b007a46514503685b5702357e62044836623d697a5a68520b104454567c5626237c0f20692e52275d35323a3f241b211e373b22196e420f366562
1e0280523	base64	4d45145145145145145145145145145145145145145145145145145145145145145145145145145145145145
1e028056b	base64	51451451451451451451451451451451451451451451451451451451451451451451451451451451451451451a
1e02805b2	base64	014514514514514514514514514514514514514514514514514514514514514514514514514514514514514514
1e0280642	base64	4d45145145145145145145145145145145145145145145145145145145145145145145145145145145145145
1e028068a	base64	51451451451451451451451451451451451451451451451451451451451451451451451451451451451451451a
1e02806d1	base64	014514514514514514514514514514514514514514514514514514514514514514514514514514514514514514
1e04d8ffe	base64	2d2d2d2d2d424547494e205055424c4943204b45592d2d2d2d2d0d0a4d4947664d413047435371475349623344514542415155414134474e4144434269514b42675144466f76344a6376424e4a782f4765614c3072694f41736c6a6d0d0a592f
1e0634a3b	base64	6f3d3226747970653d3126636f64653d3332303226746c3d313239363030
1e0634c7b	base64	6f3d3226747970653d3126636f64653d3430353226746c3d313239363030
1e06fad13	base64	4d45145145145145145145145145145145145145145145145145145145145145145145145145145145145145
1e06fad5b	base64	51451451451451451451451451451451451451451451451451451451451451451451451451451451451451451a
1e06fada2	base64	014514514514514514514514514514514514514514514514514514514514514514514514514514514514514514
1e089651b	base64	4d45145145145145145145145145145145145145145145145145145145145145145145145145145145145145
1e0896563	base64	51451451451451451451451451451451451451451451451451451451451451451451451451451451451451451a
1e08965aa	base64	014514514514514514514514514514514514514514514514514514514514514514514514514514514514514514
1e089663a	base64	4d45145145145145145145145145145145145145145145145145145145145145145145145145145145145145
1e0896682	base64	51451451451451451451451451451451451451451451451451451451451451451451451451451451451451451a
1e08966c9	base64	014514514514514514514514514514514514514514514514514514514514514514514514514514514514514514
1e0897520	base64	4d45145145145145145145145145145145145145145145145145145145145145145145145145145145145145
1e08a552d	base64	4d45145145145145145145145145145145145145145145145145145145145145145145145145145145145145
1e08a5575	base64	51451451451451451451451451451451451451451451451451451451451451451451451451451451451451451a
1e08a55bc	base64	014514514514514514514514514514514514514514514514514514514514514514514514514514514514514514
1e08a6524	base64	4d45145145145145145145145145145145145145145145145145145145145145145145145145145145145145
1e08a656c	base64	51451451451451451451451451451451451451451451451451451451451451451451451451451451451451451a
1e08a65b3	base64	014514514514514514514514514514514514514514514514514514514514514514514514514514514514514514
1e08a6643	base64	4d45145145145145145145145145145145145145145145145145145145145145145145145145145145145145
1e08a7525	base64	4d45145145145145145145145145145145145145145145145145145145145145145145145145145145145145
1e08a756d	base64	51451451451451451451451451451451451451451451451451451451451451451451451451451451451451451a
1e08a75b4	base64	014514514514514514514514514514514514514514514514514514514514514514514514514514514514514514
1e08a7644	base64	4d45145145145145145145145145145145145145145145145145145145145145145145145145145145145145
1e08a8526	base64	4d45145145145145145145145145145145145145145145145145145145145145145145145145145145145145
1e08a856e	base64	51451451451451451451451451451451451451451451451451451451451451451451451451451451451451451a
1e08a85b5	base64	014514514514514514514514514514514514514514514514514514514514514514514514514514514514514514
1e08a8645	base64	4d45145145145145145145145145145145145145145145145145145145145145145145145145145145145145
1e08a868d	base64	51451451451451451451451451451451451451451451451451451451451451451451451451451451451451451a
1e08af9e5	base64	4d45145145145145145145145145145145145145145145145145145145145145145145145145145145145145
1e08afa2d	base64	514514514514514514514514514514514514514514514514514514514514514514514514514514514514514522
1e08afedd	base64	4d45145145145145145145145145145145145145145145145145145145145145145145145145145145145145
1e08aff25	base64	51451451451451451451451451451451451451451451451451451451451451451451451451451451451451451a
1e08aff6c	base64	014514514514514514514514514514514514514514514514514514514514514514514514514514514514514514
1e08afffc	base64	4d45145145145145145145145145145145145145145145145145145145145145145145145145145145145145
1e08b0044	base64	51451451451451451451451451451451451451451451451451451451451451451451451451451451451451
1e0acc9ed	base64	68747470733a2f2f616e74612e636f6d2e766e2f
1e0acccc3	base64	68747470733a2f2f6b6d2e706861726d61636974792e766e2f3378436a2f637575797a716d6a
1e0adab8e	base64	07137a71515a0c504a505b007a46514503685b5702357e62044836623d697a5a68520b104454567c5626237c0f20692e52275d35323a3f241b211e373b22196e420f366562
1e0e49fd8	base64	5f4f657a01545806481e5300625f534300725f57
1e0e75a0c	base64	4d45145145145145145145145145145145145145145145145145145145145145145145145145145145145145
1e0e75a54	base64	51451451451451451451451451451451451451451451451451451451451451451451451451451451451451451a
1e0e75a9b	base64	01451451451451451451451451451451451451451451
1e0f15d61	base64	014514514514514514514514514514514514514514514514514514514514514514514514514514514514514514
1e0f1624c	base64	4d45145145145145145145145145145145145145145145145145145145145145145145145145145145145145
1e0f16294	base64	51451451451451451451451451451451451451451451451451451451451451451451451451451451451451451a
1e0f162db	base64	014514514514514514514514514514514514514514514514514514514514514514514514514514514514514514
1e0f1636b	base64	4d45145145145145145145145145145145145145145145145145145145145145145145145145145145145145
1e0f163b3	base64	51451451451451451451451451451451451451451451451451451451451451451451451451451451451451451a
1e0f163fa	base64	014514514514514514514514514514514514514514514514514514514514514514514514514514514514514514
1e0f1648a	base64	4d45145145145145145145145145145145145145145145145145145145145145145145145145145145145145
1e0f164d2	base64	51451451451451451451451451451451451451451451451451451451451451451451451451451451451451451a
1e0f16519	base64	014514514514514514514514514514514514514514514514514514514514514514514514514514514514514514
1e107d258	base64	5f4f657a01545806481e5300625f534300725f57
1e107d4d8	base64	5f4f657a01545806481e5300625f534300725f57
1e11ff165	hex	22222222222222222222222222222222222222222222222222
1e18a5166	hex	22222222222222222222222222222222222222222222222222
1e18a6166	hex	22222222222222222222222222222222222222222222222222
1e1ade4a1	base64	51451451451451451451451451451451451451451451451451451451451451451451451451451451451451451a
1e1ade4e8	base64	014514514514514514514514514514514514514514514514514514514514514514514514514514514514514514
1e1ade578	base64	4d45145145145145145145145145145145145145145145145145145145145145145145145145145145145145
1e1ade5c0	base64	51451451451451451451451451451451451451451451451451451451451451451451451451451451451451451a
1e1b2b403	base64	4d45145145145145145145145145145145145145145145145145145145145145145145145145145145145145
1e1b2b44b	base64	51451451451451451451451451451451451451451451451451451451451451451451451451451451451451451a
1e1c8b166	hex	22222222222222222222222222222222222222222222222222
1e1cdb07e	base64	35373534222078323d2231372e33363033222079323d22302e35373534303222207374726f6b653d2257696e646f7754657874222f3e0d0a3c2f7376673e
1e1e0aa04	base64	4d45145145145145145145145145145145145145145145145145145145145145145145145145145145145145
1e1e0aa4c	base64	51451451451451451451451451451451451451451451451451451451451451451451451451451451451451451a
1e1e0aa93	base64	014514514514514514514514514514514514514514514514514514514514514514514514514514514514514514
1e1e0ab23	base64	4d45145145145145145145145145145145145145145145145145145145145145145145145145145145145145
1e1f8e8f0	base64	4d45145145145145145145145145145145145145145145145145145145145145145145145145145145145145
1e20a5638	base64	4d45145145145145145145145145145145145145145145145145145145145145145145145145145145145145
1e20a5680	base64	51451451451451451451451451451451451451451451451451451451451451451451451451451451451451451a
1e20a56c7	base64	014514514514514514514514514514514514514514514514514514514514514514514514514514514514514514
1e3435336	hex	7669766976697669766976697669766976697669
1e343a0d2	hex	7669766976697669766976697669766976697669
1e343baae	hex	7669766976697669766976697669766976697669
1e343d48e	hex	7669766976697669766976697669766976697669
1e3449802	hex	7669766976697669766976697669766976697669
1e344ff7e	hex	7669766976697669766976697669766976697669
1e345419a	hex	7669766976697669444611137669766976697669
1e3455b72	hex	76697669766976697669766976697669766976697669
1e3458f32	hex	7669766976697669000200027669766976697669
1e345dcca	hex	7669766976694336444676697669766976697669
1e345f6aa	hex	7669766976697669322543367669766976697769
1e346108a	hex	7669766976697669766976697669766976697669
1e347161a	hex	7669655811137669222443367669766976697669
1e347976e	hex	76697669766965584446211411137669766976697669
1e347e50a	hex	7669766976692114322432256558211476697669
1e348a882	hex	76697669766976697669766976697669766976697669
1e400d332	base64	5945145145145145145145145145145145145145145145145145
1e403725b	base64	4d45145145145145145145145145145145145145145145145145145145145145145145145145145145145145
1e40372a3	base64	51451451451451451451451451451451451451451451451451451451451451451451451451451451451451451a
1e40372ea	base64	014514514514514514514514514514514514514514514514514514514514514514514514514514514514514514
1e403737a	base64	4d45145145145145145145145145145145145145145145145145145145145145145145145145145145145145
1e40373c2	base64	51451451451451451451451451451451451451451451451451451451451451451451451451451451451451451a
1e4037409	base64	014514514514514514514514514514514514514514514514514514514514514514514514514514514514514514
1e4037499	base64	4d45145145145145145145145145145145145145145145145145145145145145145145145145145145145145
1e40374e1	base64	51451451451451451451451451451451451451451451451451451451451451451451451451451451451451451a
1e4037528	base64	014514514514514514514514514514514514514514514514514514514514514514514514514514514514514514
1e416c180	hex	6666666666666666666666666666666666666666666666666666666666666658
1e4c05d45	base64	4d45145145145145145145145145145145145145145145145145145145145145145145145145145145145145
1e4c05d8d	base64	51451451451451451451451451451451451451451451451451451451451451451451451451451451451451451a
1e4c05dd4	base64	014514514514514514514514514514514514514514514514514514514514514514514514514514514514514514
1e7ae63d8	base64	464c41477b7064665f6533766964656e63655f64336330795f307839396163667d
1e7b566b6	hex	4444444444444444444444444444444444444444444444444444
1e7b56ad6	hex	4444444444444444444444444444444444444444444444444444
1e9477647	base64	2056656e646f72204669726d776172652050726f6a656374301e170d3235303131363030303030305a170d3335303131
1e9477c1e	base64	300e060355040313074c56465320434131263024060355040a131d4c696e75782056656e646f72204669726d77617265
1e949f017	base64	6a656374311730150603550403130e4c56465320434120323032355051301e170d3235303131363030303030305a170d
1e949f058	base64	3335303131363030303030305a301b31193017060355
1e949fe90	base64	1768747470733a2f2f66777570642e6f72672f6c7666
1e965484b	base64	464c41477b63306e6631726d33645f62795f6368346c6c5f6d346b33725f746831735f31735f7468335f666c34677d
1ea04b148	base64	6f726269746a61636b6c616e6540676d61696c2e636f6d
1ea06b90f	base64	00010100000000010000000000000001010000000000000000000000000000
1eac5253a	base64	07137a71515a0c504a505b007a46514503685b5702357e62044836623d697a5a68520b104454567c5626237c0f20692e52275d35323a3f241b211e373b22196e420f366562
1eb144eaf	base64	68747470733a2f2f6b6d2e706861726d61636974792e766e2f3378436a2f637575797a716d6a
1eb592f67	base64	464c41477b6d3367345f6e7a5f636c3075645f6b33795f707231763474335f7634756c745f3078393932617d
1eb71b097	base64	68656c6c6f5f776f726c645f66616b655f6b65795f646f5f6e6f745f757365
1eb71b0fc	base64	66616b655f7075626c69635f6b65795f666f725f74657374696e675f31323334
1ebb2b21d	hex	33333333333333333333333333333333333333333333333333
1ec624cfb	base64	464c41477b746831735f31735f7468335f7233346c5f666c34675f63306e6631726d33645f62795f6368346c6c5f6d346b33727d
1ed395b1f	base64	68747470733a2f2f616e74612e636f6d2e766e2f
1edcdf302	hex	4444444444444444444444444444444444444444
1f00c4958	base64	07137a71515a0c504a505b007a46514503685b5702357e62044836623d697a5a68520b104454567c5626237c0f20692e52275d35323a3f241b211e373b22196e420f366562
1f03771fe	base64	52275d35323a3f241b211e373b22196e420f366562
1f03cd73e	base64	4454567c5626237c0f20692e52275d35323a3f241b211e373b22196e420f366562
1f03fb43e	base64	38000000330000006368726f6d652d657874656e73696f6e3a2f2f67636f706670646b6d70646163646d626a6f6e666a6d626e63636d6e6a646f6900
1f040397e	base64	7a46514503685b5702357e62044836623d697a5a68520b104454567c5626237c0f20692e52275d35323a3f241b211e373b22196e420f366562
1f04039fe	base64	044836623d697a5a68520b104454567c5626237c0f20692e52275d35323a3f241b211e373b22196e420f366562
1f043e77e	base64	180000001200000068747470733a2f2f636f63636f632e636f6d0000
1f044897e	base64	180000001200000068747470733a2f2f636f63636f632e636f6d0000
1f045fa7e	base64	180000001200000068747470733a2f2f636f63636f632e636f6d0000
1f046125e	base64	300000002c00000068747470733a2f2f70617373776f7264736c65616b636865636b2d70612e676f6f676c65617069732e636f6d
1f04615be	base64	300000002b00000068747470733a2f2f6f7074696d697a6174696f6e67756964652d70612e676f6f676c65617069732e636f6d00
1f057d23e	base64	52275d35323a3f241b211e373b22196e420f366562
1f057d27e	base64	3a2f2f67636f706670646b6d70646163646d626a6f6e666a6d626e63636d6e6a646f6900
1f057dafe	base64	07137a71515a0c504a505b007a46514503685b5702357e62044836623d697a5a68520b104454567c5626237c0f20692e52275d35323a3f241b211e373b22196e420f366562
1f057dcfe	base64	3a2f2f6166616c6a6a626c6569686d61686870636b6e676f6e646d676f686c656c6a6200
1f06f2965	base64	4d45145145145145145145145145145145145145145145145145145145145145145145145145145145145145
1f06f29ad	base64	514514514514514514514514514514514514514514514514514514514514514514514514514514514514514522
1f076152a	base64	4d45145145145145145145145145145145145145145145145145145145145145145145145145145145145145
1f0761572	base64	51451451451451451451451451451451451451451451451451451451451451451451451451451451451451451a
1f07615b9	base64	014514514514514514514514514514514514514514514514514514514514514514514514514514514514514514
1f0a8258b	base64	4d45145145145145145145145145145145145145145145145145145145145145145145145145145145145145
1f0a825d3	base64	51451451451451451451451451451451451451451451451451451451451451451451451451451451451451451a
1f0a8261a	base64	014514514514514514514514514514514514514514514514514514514514514514514514514514514514514514
1f0a826aa	base64	4d45145145145145145145145145145145145145145145145145145145145145145145145145145145145145
1f0e9936a	base64	4d45145145145145145145145145145145145145145145145145145145145145145145145145145145145145
1f0e993b2	base64	51451451451451451451451451451451451451451451451451451451451451451451451451451451451451451a
1f0e993f9	base64	014514514514514514514514514514514514514514514514514514514514514514514514514514514514514514
1f0e998a8	base64	4d45145145145145145145145145145145145145145145145145145145145145145145145145145145145145
1f0e998f0	base64	51451451451451451451451451451451451451451451451451451451451451451451451451451451451451451a
1f0e99937	base64	014514514514514514514514514514514514514514514514514514514514514514514514514514514514514514
1f0e999c7	base64	4d45145145145145145145145145145145145145145145145145145145145145145145145145145145145145
1f0e99a0f	base64	51451451451451451451451451451451451451451451451451451451451451451451451451451451451451451a
1f0e99a56	base64	014514514514514514514514514514514514514514514514514514514514514514514514514514514514514514
1f0f56b9e	base64	07137a71515a0c504a505b007a46514503685b5702357e62044836623d697a5a68520b104454567c5626237c0f20692e52275d35323a3f241b211e373b22196e420f366562
1f1818d08	base64	014514514514514514514514514514514514514514514514514514514514514514514514514514514514514514
1f189efd0	base64	0145145145145145145145145145145145145145145146
1f1c40c84	base64	0431041041041041041041041041041041041041041041041030
1f1ca159e	base64	4d45145145145145145145145145145145145145145145145145145145145145145145145145145145145145
1f1ca15e6	base64	51451451451451451451451451451451451451451451451451451451451451451451451451451451451451451a
1f1ca162d	base64	014514514514514514514514514514514514514514514514514514514514514514514514514514514514514514
1f25ed354	base64	0145145145145145145145145145145145145145145146
1f25f51ce	base64	07137a71515a0c504a505b007a46514503685b5702357e62044836623d697a5a68520b104454567c5626237c0f20692e52275d35323a3f241b211e373b22196e420f366562
1f2693520	base64	4d45145145145145145145145145145145145145145145145145145145145145145145145145145145145145
1f2693568	base64	51451451451451451451451451451451451451451451451451451451451451451451451451451451451451451a
1f26935af	base64	014514514514514514514514514514514514514514514514514514514514514514514514514514514514514514
1f269363f	base64	4d45145145145145145145145145145145145145145145145145145145145145145145145145145145145145
1f2693687	base64	51451451451451451451451451451451451451451451451451451451451451451451451451451451451451451a
1f26936ce	base64	014514514514514514514514514514514514514514514514514514514514514514514514514514514514514514
1f269375e	base64	4d45145145145145145145145145145145145145145145145145145145145145145145145145145145145145
1f273259d	base64	4d45145145145145145145145145145145145145145145145145145145145145145145145145145145145145
1f27325e5	base64	51451451451451451451451451451451451451451451451451451451451451451451451451451451451451451a
1f273262c	base64	014514514514514514514514514514514514514514514514514514514514514514514514514514514514514514
1f2b7352d	base64	4d45145145145145145145145145145145145145145145145145145145145145145145145145145145145145
1f2b73575	base64	51451451451451451451451451451451451451451451451451451451451451451451451451451451451451451a
1f2b735bc	base64	014514514514514514514514514514514514514514514514514514514514514514514514514514514514514514
1f2bef1d8	base64	5f4f657a01545806481e5300625f534300725f57
1f2bef457	base64	5f4f657a01545806481e5300625f534300725f57
1f2bef6d8	base64	5f4f657a01545806481e5300625f534300725f57
1f2bef958	base64	5f4f657a01545806481e5300625f534300725f57
1f2d99db2	base64	00010100000000010000000000000001010000000000000000000000000000
1f2d99fb0	base64	6f726269746a61636b6c616e6540676d61696c2e636f6d
1f2da1a33	base64	464c41477b63306e6631726d33645f62795f6368346c6c5f6d346b33725f746831735f31735f7468335f666c34677d
1f2f6d1d6	base64	07137a71515a0c504a505b007a46514503685b5702357e62044836623d697a5a68520b104454567c5626237c0f20692e52275d35323a3f241b211e373b22196e420f366562
1f3185eb6	base64	07137a71515a0c504a505b007a46514503685b5702357e62044836623d697a5a68520b104454567c5626237c0f20692e52275d35323a3f241b211e373b22196e420f366562
1f3411eb6	base64	07137a71515a0c504a505b007a46514503685b5702357e62044836623d697a5a68520b104454567c5626237c0f20692e52275d35323a3f241b211e373b22196e420f366562
1f34d0c0a	base64	07137a71515a0c504a505b007a46514503685b5702357e62044836623d697a5a68520b104454567c5626237c0f20692e52275d35323a3f241b211e373b22196e420f366562
1f3521eb6	base64	07137a71515a0c504a505b007a46514503685b5702357e62044836623d697a5a68520b104454567c5626237c0f20692e52275d35323a3f241b211e373b22196e420f366562
1f3595eb6	base64	07137a71515a0c504a505b007a46514503685b5702357e62044836623d697a5a68520b104454567c5626237c0f20692e52275d35323a3f241b211e373b22196e420f366562
1f3684cd2	base64	07137a71515a0c504a505b007a46514503685b5702357e62044836623d697a5a68520b104454567c5626237c0f20692e52275d35323a3f241b211e373b22196e420f366562
1f3829246	base64	07137a71515a0c504a505b007a46514503685b5702357e62044836623d697a5a68520b104454567c5626237c0f20692e52275d35323a3f241b211e373b22196e420f366562
1f3b7f558	base64	514514514514514514514514514514514514514514
1f3be1504	base64	014514514514514514514514514514514514514514514514514514514514514514514514514514514514514514
1f3be1594	base64	4d45145145145145145145145145145145145145145145145145145145145145145145145145145145145145
1f3be55a3	base64	4d45145145145145145145145145145145145145145145145145145145145145145145145145145145145145
1f3be55eb	base64	51451451451451451451451451451451451451451451451451451451451451451451451451451451451451451a
1f3be5632	base64	014514514514514514514514514514514514514514514514514514514514514514514514514514514514514514
1f3be56c2	base64	4d45145145145145145145145145145145145145145145145145145145145145145145145145145145145145
1f3cce930	hex	3444444444444444444444444444344444444444444444444444444434444444444444444444444444443444444444444444444444444444
1f3e6d11d	base64	5f4f657a01545806481e5300625f534300725f57
1f4006186	base64	014514514514514514514514514514514514514514514514514514514514514514514514514514514514514514
1f4006216	base64	4d45145145145145145145145145145145145145145145145145145145145145145145145145145145145145
1f4017203	base64	51451451451451451451451451451451451451451451451451451451451451451451451451451451451451451a
1f401724a	base64	014514514514514514514514514514514514514514514514514514514514514514514514514514514514514514
1f436f29e	base64	07137a71515a0c504a505b007a46514503685b5702357e62044836623d697a5a68520b104454567c5626237c0f20692e52275d35323a3f241b211e373b22196e420f366562
