file_name;key_repr
xortool_out/00000.out;b'un\xb8\xfb[\xd0\x1bP'
xortool_out/00001.out;b'un\xb8\xfb[\xd0\x1b\x15'
xortool_out/00002.out;b'un\xb8\xfb[\xd0\x1bl'
xortool_out/00003.out;b'un\xb8\xfb[\xd0\x1aP'
xortool_out/00004.out;b'un\xb8\xfb[\xd0\x1a\x15'
xortool_out/00005.out;b'un\xb8\xfb[\xd0\x1al'
xortool_out/00006.out;b'un\xb8\xfb[\xd0EP'
xortool_out/00007.out;b'un\xb8\xfb[\xd0E\x15'
xortool_out/00008.out;b'un\xb8\xfb[\xd0El'
xortool_out/00009.out;b'un\xb8\xfb[\xd0IP'
xortool_out/00010.out;b'un\xb8\xfb[\xd0I\x15'
xortool_out/00011.out;b'un\xb8\xfb[\xd0Il'
xortool_out/00012.out;b'un\xb8\xfb[\x81\x1bP'
xortool_out/00013.out;b'un\xb8\xfb[\x81\x1b\x15'
xortool_out/00014.out;b'un\xb8\xfb[\x81\x1bl'
xortool_out/00015.out;b'un\xb8\xfb[\x81\x1aP'
xortool_out/00016.out;b'un\xb8\xfb[\x81\x1a\x15'
xortool_out/00017.out;b'un\xb8\xfb[\x81\x1al'
xortool_out/00018.out;b'un\xb8\xfb[\x81EP'
xortool_out/00019.out;b'un\xb8\xfb[\x81E\x15'
xortool_out/00020.out;b'un\xb8\xfb[\x81El'
xortool_out/00021.out;b'un\xb8\xfb[\x81IP'
xortool_out/00022.out;b'un\xb8\xfb[\x81I\x15'
xortool_out/00023.out;b'un\xb8\xfb[\x81Il'
xortool_out/00024.out;b'un\xb8\xfb[\xc5\x1bP'
xortool_out/00025.out;b'un\xb8\xfb[\xc5\x1b\x15'
xortool_out/00026.out;b'un\xb8\xfb[\xc5\x1bl'
xortool_out/00027.out;b'un\xb8\xfb[\xc5\x1aP'
xortool_out/00028.out;b'un\xb8\xfb[\xc5\x1a\x15'
xortool_out/00029.out;b'un\xb8\xfb[\xc5\x1al'
xortool_out/00030.out;b'un\xb8\xfb[\xc5EP'
xortool_out/00031.out;b'un\xb8\xfb[\xc5E\x15'
xortool_out/00032.out;b'un\xb8\xfb[\xc5El'
xortool_out/00033.out;b'un\xb8\xfb[\xc5IP'
xortool_out/00034.out;b'un\xb8\xfb[\xc5I\x15'
xortool_out/00035.out;b'un\xb8\xfb[\xc5Il'
xortool_out/00036.out;b'un\xb8\xfb[\xcc\x1bP'
xortool_out/00037.out;b'un\xb8\xfb[\xcc\x1b\x15'
xortool_out/00038.out;b'un\xb8\xfb[\xcc\x1bl'
xortool_out/00039.out;b'un\xb8\xfb[\xcc\x1aP'
xortool_out/00040.out;b'un\xb8\xfb[\xcc\x1a\x15'
xortool_out/00041.out;b'un\xb8\xfb[\xcc\x1al'
xortool_out/00042.out;b'un\xb8\xfb[\xccEP'
xortool_out/00043.out;b'un\xb8\xfb[\xccE\x15'
xortool_out/00044.out;b'un\xb8\xfb[\xccEl'
xortool_out/00045.out;b'un\xb8\xfb[\xccIP'
xortool_out/00046.out;b'un\xb8\xfb[\xccI\x15'
xortool_out/00047.out;b'un\xb8\xfb[\xccIl'
xortool_out/00048.out;b'un\xb8\xfbA\xd0\x1bP'
xortool_out/00049.out;b'un\xb8\xfbA\xd0\x1b\x15'
xortool_out/00050.out;b'un\xb8\xfbA\xd0\x1bl'
xortool_out/00051.out;b'un\xb8\xfbA\xd0\x1aP'
xortool_out/00052.out;b'un\xb8\xfbA\xd0\x1a\x15'
xortool_out/00053.out;b'un\xb8\xfbA\xd0\x1al'
xortool_out/00054.out;b'un\xb8\xfbA\xd0EP'
xortool_out/00055.out;b'un\xb8\xfbA\xd0E\x15'
xortool_out/00056.out;b'un\xb8\xfbA\xd0El'
xortool_out/00057.out;b'un\xb8\xfbA\xd0IP'
xortool_out/00058.out;b'un\xb8\xfbA\xd0I\x15'
xortool_out/00059.out;b'un\xb8\xfbA\xd0Il'
xortool_out/00060.out;b'un\xb8\xfbA\x81\x1bP'
xortool_out/00061.out;b'un\xb8\xfbA\x81\x1b\x15'
xortool_out/00062.out;b'un\xb8\xfbA\x81\x1bl'
xortool_out/00063.out;b'un\xb8\xfbA\x81\x1aP'
xortool_out/00064.out;b'un\xb8\xfbA\x81\x1a\x15'
xortool_out/00065.out;b'un\xb8\xfbA\x81\x1al'
xortool_out/00066.out;b'un\xb8\xfbA\x81EP'
xortool_out/00067.out;b'un\xb8\xfbA\x81E\x15'
xortool_out/00068.out;b'un\xb8\xfbA\x81El'
xortool_out/00069.out;b'un\xb8\xfbA\x81IP'
xortool_out/00070.out;b'un\xb8\xfbA\x81I\x15'
xortool_out/00071.out;b'un\xb8\xfbA\x81Il'
xortool_out/00072.out;b'un\xb8\xfbA\xc5\x1bP'
xortool_out/00073.out;b'un\xb8\xfbA\xc5\x1b\x15'
xortool_out/00074.out;b'un\xb8\xfbA\xc5\x1bl'
xortool_out/00075.out;b'un\xb8\xfbA\xc5\x1aP'
xortool_out/00076.out;b'un\xb8\xfbA\xc5\x1a\x15'
xortool_out/00077.out;b'un\xb8\xfbA\xc5\x1al'
xortool_out/00078.out;b'un\xb8\xfbA\xc5EP'
xortool_out/00079.out;b'un\xb8\xfbA\xc5E\x15'
xortool_out/00080.out;b'un\xb8\xfbA\xc5El'
xortool_out/00081.out;b'un\xb8\xfbA\xc5IP'
xortool_out/00082.out;b'un\xb8\xfbA\xc5I\x15'
xortool_out/00083.out;b'un\xb8\xfbA\xc5Il'
xortool_out/00084.out;b'un\xb8\xfbA\xcc\x1bP'
xortool_out/00085.out;b'un\xb8\xfbA\xcc\x1b\x15'
xortool_out/00086.out;b'un\xb8\xfbA\xcc\x1bl'
xortool_out/00087.out;b'un\xb8\xfbA\xcc\x1aP'
xortool_out/00088.out;b'un\xb8\xfbA\xcc\x1a\x15'
xortool_out/00089.out;b'un\xb8\xfbA\xcc\x1al'
xortool_out/00090.out;b'un\xb8\xfbA\xccEP'
xortool_out/00091.out;b'un\xb8\xfbA\xccE\x15'
xortool_out/00092.out;b'un\xb8\xfbA\xccEl'
xortool_out/00093.out;b'un\xb8\xfbA\xccIP'
xortool_out/00094.out;b'un\xb8\xfbA\xccI\x15'
xortool_out/00095.out;b'un\xb8\xfbA\xccIl'
xortool_out/00096.out;b'un\xb8\xfbv\xd0\x1bP'
xortool_out/00097.out;b'un\xb8\xfbv\xd0\x1b\x15'
xortool_out/00098.out;b'un\xb8\xfbv\xd0\x1bl'
xortool_out/00099.out;b'un\xb8\xfbv\xd0\x1aP'
xortool_out/00100.out;b'un\xb8\xfbv\xd0\x1a\x15'
xortool_out/00101.out;b'un\xb8\xfbv\xd0\x1al'
xortool_out/00102.out;b'un\xb8\xfbv\xd0EP'
xortool_out/00103.out;b'un\xb8\xfbv\xd0E\x15'
xortool_out/00104.out;b'un\xb8\xfbv\xd0El'
xortool_out/00105.out;b'un\xb8\xfbv\xd0IP'
xortool_out/00106.out;b'un\xb8\xfbv\xd0I\x15'
xortool_out/00107.out;b'un\xb8\xfbv\xd0Il'
xortool_out/00108.out;b'un\xb8\xfbv\x81\x1bP'
xortool_out/00109.out;b'un\xb8\xfbv\x81\x1b\x15'
xortool_out/00110.out;b'un\xb8\xfbv\x81\x1bl'
xortool_out/00111.out;b'un\xb8\xfbv\x81\x1aP'
xortool_out/00112.out;b'un\xb8\xfbv\x81\x1a\x15'
xortool_out/00113.out;b'un\xb8\xfbv\x81\x1al'
xortool_out/00114.out;b'un\xb8\xfbv\x81EP'
xortool_out/00115.out;b'un\xb8\xfbv\x81E\x15'
xortool_out/00116.out;b'un\xb8\xfbv\x81El'
xortool_out/00117.out;b'un\xb8\xfbv\x81IP'
xortool_out/00118.out;b'un\xb8\xfbv\x81I\x15'
xortool_out/00119.out;b'un\xb8\xfbv\x81Il'
xortool_out/00120.out;b'un\xb8\xfbv\xc5\x1bP'
xortool_out/00121.out;b'un\xb8\xfbv\xc5\x1b\x15'
xortool_out/00122.out;b'un\xb8\xfbv\xc5\x1bl'
xortool_out/00123.out;b'un\xb8\xfbv\xc5\x1aP'
xortool_out/00124.out;b'un\xb8\xfbv\xc5\x1a\x15'
xortool_out/00125.out;b'un\xb8\xfbv\xc5\x1al'
xortool_out/00126.out;b'un\xb8\xfbv\xc5EP'
xortool_out/00127.out;b'un\xb8\xfbv\xc5E\x15'
xortool_out/00128.out;b'un\xb8\xfbv\xc5El'
xortool_out/00129.out;b'un\xb8\xfbv\xc5IP'
xortool_out/00130.out;b'un\xb8\xfbv\xc5I\x15'
xortool_out/00131.out;b'un\xb8\xfbv\xc5Il'
xortool_out/00132.out;b'un\xb8\xfbv\xcc\x1bP'
xortool_out/00133.out;b'un\xb8\xfbv\xcc\x1b\x15'
xortool_out/00134.out;b'un\xb8\xfbv\xcc\x1bl'
xortool_out/00135.out;b'un\xb8\xfbv\xcc\x1aP'
xortool_out/00136.out;b'un\xb8\xfbv\xcc\x1a\x15'
xortool_out/00137.out;b'un\xb8\xfbv\xcc\x1al'
xortool_out/00138.out;b'un\xb8\xfbv\xccEP'
xortool_out/00139.out;b'un\xb8\xfbv\xccE\x15'
xortool_out/00140.out;b'un\xb8\xfbv\xccEl'
xortool_out/00141.out;b'un\xb8\xfbv\xccIP'
xortool_out/00142.out;b'un\xb8\xfbv\xccI\x15'
xortool_out/00143.out;b'un\xb8\xfbv\xccIl'
xortool_out/00144.out;b'un\xb8\xfbK\xd0\x1bP'
xortool_out/00145.out;b'un\xb8\xfbK\xd0\x1b\x15'
xortool_out/00146.out;b'un\xb8\xfbK\xd0\x1bl'
xortool_out/00147.out;b'un\xb8\xfbK\xd0\x1aP'
xortool_out/00148.out;b'un\xb8\xfbK\xd0\x1a\x15'
xortool_out/00149.out;b'un\xb8\xfbK\xd0\x1al'
xortool_out/00150.out;b'un\xb8\xfbK\xd0EP'
xortool_out/00151.out;b'un\xb8\xfbK\xd0E\x15'
xortool_out/00152.out;b'un\xb8\xfbK\xd0El'
xortool_out/00153.out;b'un\xb8\xfbK\xd0IP'
xortool_out/00154.out;b'un\xb8\xfbK\xd0I\x15'
xortool_out/00155.out;b'un\xb8\xfbK\xd0Il'
xortool_out/00156.out;b'un\xb8\xfbK\x81\x1bP'
xortool_out/00157.out;b'un\xb8\xfbK\x81\x1b\x15'
xortool_out/00158.out;b'un\xb8\xfbK\x81\x1bl'
xortool_out/00159.out;b'un\xb8\xfbK\x81\x1aP'
xortool_out/00160.out;b'un\xb8\xfbK\x81\x1a\x15'
xortool_out/00161.out;b'un\xb8\xfbK\x81\x1al'
xortool_out/00162.out;b'un\xb8\xfbK\x81EP'
xortool_out/00163.out;b'un\xb8\xfbK\x81E\x15'
xortool_out/00164.out;b'un\xb8\xfbK\x81El'
xortool_out/00165.out;b'un\xb8\xfbK\x81IP'
xortool_out/00166.out;b'un\xb8\xfbK\x81I\x15'
xortool_out/00167.out;b'un\xb8\xfbK\x81Il'
xortool_out/00168.out;b'un\xb8\xfbK\xc5\x1bP'
xortool_out/00169.out;b'un\xb8\xfbK\xc5\x1b\x15'
xortool_out/00170.out;b'un\xb8\xfbK\xc5\x1bl'
xortool_out/00171.out;b'un\xb8\xfbK\xc5\x1aP'
xortool_out/00172.out;b'un\xb8\xfbK\xc5\x1a\x15'
xortool_out/00173.out;b'un\xb8\xfbK\xc5\x1al'
xortool_out/00174.out;b'un\xb8\xfbK\xc5EP'
xortool_out/00175.out;b'un\xb8\xfbK\xc5E\x15'
xortool_out/00176.out;b'un\xb8\xfbK\xc5El'
xortool_out/00177.out;b'un\xb8\xfbK\xc5IP'
xortool_out/00178.out;b'un\xb8\xfbK\xc5I\x15'
xortool_out/00179.out;b'un\xb8\xfbK\xc5Il'
xortool_out/00180.out;b'un\xb8\xfbK\xcc\x1bP'
xortool_out/00181.out;b'un\xb8\xfbK\xcc\x1b\x15'
xortool_out/00182.out;b'un\xb8\xfbK\xcc\x1bl'
xortool_out/00183.out;b'un\xb8\xfbK\xcc\x1aP'
xortool_out/00184.out;b'un\xb8\xfbK\xcc\x1a\x15'
xortool_out/00185.out;b'un\xb8\xfbK\xcc\x1al'
xortool_out/00186.out;b'un\xb8\xfbK\xccEP'
xortool_out/00187.out;b'un\xb8\xfbK\xccE\x15'
xortool_out/00188.out;b'un\xb8\xfbK\xccEl'
xortool_out/00189.out;b'un\xb8\xfbK\xccIP'
xortool_out/00190.out;b'un\xb8\xfbK\xccI\x15'
xortool_out/00191.out;b'un\xb8\xfbK\xccIl'
xortool_out/00192.out;b'un\xb8\xbe[\xd0\x1bP'
xortool_out/00193.out;b'un\xb8\xbe[\xd0\x1b\x15'
xortool_out/00194.out;b'un\xb8\xbe[\xd0\x1bl'
xortool_out/00195.out;b'un\xb8\xbe[\xd0\x1aP'
xortool_out/00196.out;b'un\xb8\xbe[\xd0\x1a\x15'
xortool_out/00197.out;b'un\xb8\xbe[\xd0\x1al'
xortool_out/00198.out;b'un\xb8\xbe[\xd0EP'
xortool_out/00199.out;b'un\xb8\xbe[\xd0E\x15'
xortool_out/00200.out;b'un\xb8\xbe[\xd0El'
xortool_out/00201.out;b'un\xb8\xbe[\xd0IP'
xortool_out/00202.out;b'un\xb8\xbe[\xd0I\x15'
xortool_out/00203.out;b'un\xb8\xbe[\xd0Il'
xortool_out/00204.out;b'un\xb8\xbe[\x81\x1bP'
xortool_out/00205.out;b'un\xb8\xbe[\x81\x1b\x15'
xortool_out/00206.out;b'un\xb8\xbe[\x81\x1bl'
xortool_out/00207.out;b'un\xb8\xbe[\x81\x1aP'
xortool_out/00208.out;b'un\xb8\xbe[\x81\x1a\x15'
xortool_out/00209.out;b'un\xb8\xbe[\x81\x1al'
xortool_out/00210.out;b'un\xb8\xbe[\x81EP'
xortool_out/00211.out;b'un\xb8\xbe[\x81E\x15'
xortool_out/00212.out;b'un\xb8\xbe[\x81El'
xortool_out/00213.out;b'un\xb8\xbe[\x81IP'
xortool_out/00214.out;b'un\xb8\xbe[\x81I\x15'
xortool_out/00215.out;b'un\xb8\xbe[\x81Il'
xortool_out/00216.out;b'un\xb8\xbe[\xc5\x1bP'
xortool_out/00217.out;b'un\xb8\xbe[\xc5\x1b\x15'
xortool_out/00218.out;b'un\xb8\xbe[\xc5\x1bl'
xortool_out/00219.out;b'un\xb8\xbe[\xc5\x1aP'
xortool_out/00220.out;b'un\xb8\xbe[\xc5\x1a\x15'
xortool_out/00221.out;b'un\xb8\xbe[\xc5\x1al'
xortool_out/00222.out;b'un\xb8\xbe[\xc5EP'
xortool_out/00223.out;b'un\xb8\xbe[\xc5E\x15'
xortool_out/00224.out;b'un\xb8\xbe[\xc5El'
xortool_out/00225.out;b'un\xb8\xbe[\xc5IP'
xortool_out/00226.out;b'un\xb8\xbe[\xc5I\x15'
xortool_out/00227.out;b'un\xb8\xbe[\xc5Il'
xortool_out/00228.out;b'un\xb8\xbe[\xcc\x1bP'
xortool_out/00229.out;b'un\xb8\xbe[\xcc\x1b\x15'
xortool_out/00230.out;b'un\xb8\xbe[\xcc\x1bl'
xortool_out/00231.out;b'un\xb8\xbe[\xcc\x1aP'
xortool_out/00232.out;b'un\xb8\xbe[\xcc\x1a\x15'
xortool_out/00233.out;b'un\xb8\xbe[\xcc\x1al'
xortool_out/00234.out;b'un\xb8\xbe[\xccEP'
xortool_out/00235.out;b'un\xb8\xbe[\xccE\x15'
xortool_out/00236.out;b'un\xb8\xbe[\xccEl'
xortool_out/00237.out;b'un\xb8\xbe[\xccIP'
xortool_out/00238.out;b'un\xb8\xbe[\xccI\x15'
xortool_out/00239.out;b'un\xb8\xbe[\xccIl'
xortool_out/00240.out;b'un\xb8\xbeA\xd0\x1bP'
xortool_out/00241.out;b'un\xb8\xbeA\xd0\x1b\x15'
xortool_out/00242.out;b'un\xb8\xbeA\xd0\x1bl'
xortool_out/00243.out;b'un\xb8\xbeA\xd0\x1aP'
xortool_out/00244.out;b'un\xb8\xbeA\xd0\x1a\x15'
xortool_out/00245.out;b'un\xb8\xbeA\xd0\x1al'
xortool_out/00246.out;b'un\xb8\xbeA\xd0EP'
xortool_out/00247.out;b'un\xb8\xbeA\xd0E\x15'
xortool_out/00248.out;b'un\xb8\xbeA\xd0El'
xortool_out/00249.out;b'un\xb8\xbeA\xd0IP'
xortool_out/00250.out;b'un\xb8\xbeA\xd0I\x15'
xortool_out/00251.out;b'un\xb8\xbeA\xd0Il'
xortool_out/00252.out;b'un\xb8\xbeA\x81\x1bP'
xortool_out/00253.out;b'un\xb8\xbeA\x81\x1b\x15'
xortool_out/00254.out;b'un\xb8\xbeA\x81\x1bl'
xortool_out/00255.out;b'un\xb8\xbeA\x81\x1aP'
xortool_out/00256.out;b'un\xb8\xbeA\x81\x1a\x15'
xortool_out/00257.out;b'un\xb8\xbeA\x81\x1al'
xortool_out/00258.out;b'un\xb8\xbeA\x81EP'
xortool_out/00259.out;b'un\xb8\xbeA\x81E\x15'
xortool_out/00260.out;b'un\xb8\xbeA\x81El'
xortool_out/00261.out;b'un\xb8\xbeA\x81IP'
xortool_out/00262.out;b'un\xb8\xbeA\x81I\x15'
xortool_out/00263.out;b'un\xb8\xbeA\x81Il'
xortool_out/00264.out;b'un\xb8\xbeA\xc5\x1bP'
xortool_out/00265.out;b'un\xb8\xbeA\xc5\x1b\x15'
xortool_out/00266.out;b'un\xb8\xbeA\xc5\x1bl'
xortool_out/00267.out;b'un\xb8\xbeA\xc5\x1aP'
xortool_out/00268.out;b'un\xb8\xbeA\xc5\x1a\x15'
xortool_out/00269.out;b'un\xb8\xbeA\xc5\x1al'
xortool_out/00270.out;b'un\xb8\xbeA\xc5EP'
xortool_out/00271.out;b'un\xb8\xbeA\xc5E\x15'
xortool_out/00272.out;b'un\xb8\xbeA\xc5El'
xortool_out/00273.out;b'un\xb8\xbeA\xc5IP'
xortool_out/00274.out;b'un\xb8\xbeA\xc5I\x15'
xortool_out/00275.out;b'un\xb8\xbeA\xc5Il'
xortool_out/00276.out;b'un\xb8\xbeA\xcc\x1bP'
xortool_out/00277.out;b'un\xb8\xbeA\xcc\x1b\x15'
xortool_out/00278.out;b'un\xb8\xbeA\xcc\x1bl'
xortool_out/00279.out;b'un\xb8\xbeA\xcc\x1aP'
xortool_out/00280.out;b'un\xb8\xbeA\xcc\x1a\x15'
xortool_out/00281.out;b'un\xb8\xbeA\xcc\x1al'
xortool_out/00282.out;b'un\xb8\xbeA\xccEP'
xortool_out/00283.out;b'un\xb8\xbeA\xccE\x15'
xortool_out/00284.out;b'un\xb8\xbeA\xccEl'
xortool_out/00285.out;b'un\xb8\xbeA\xccIP'
xortool_out/00286.out;b'un\xb8\xbeA\xccI\x15'
xortool_out/00287.out;b'un\xb8\xbeA\xccIl'
xortool_out/00288.out;b'un\xb8\xbev\xd0\x1bP'
xortool_out/00289.out;b'un\xb8\xbev\xd0\x1b\x15'
xortool_out/00290.out;b'un\xb8\xbev\xd0\x1bl'
xortool_out/00291.out;b'un\xb8\xbev\xd0\x1aP'
xortool_out/00292.out;b'un\xb8\xbev\xd0\x1a\x15'
xortool_out/00293.out;b'un\xb8\xbev\xd0\x1al'
xortool_out/00294.out;b'un\xb8\xbev\xd0EP'
xortool_out/00295.out;b'un\xb8\xbev\xd0E\x15'
xortool_out/00296.out;b'un\xb8\xbev\xd0El'
xortool_out/00297.out;b'un\xb8\xbev\xd0IP'
xortool_out/00298.out;b'un\xb8\xbev\xd0I\x15'
xortool_out/00299.out;b'un\xb8\xbev\xd0Il'
xortool_out/00300.out;b'un\xb8\xbev\x81\x1bP'
xortool_out/00301.out;b'un\xb8\xbev\x81\x1b\x15'
xortool_out/00302.out;b'un\xb8\xbev\x81\x1bl'
xortool_out/00303.out;b'un\xb8\xbev\x81\x1aP'
xortool_out/00304.out;b'un\xb8\xbev\x81\x1a\x15'
xortool_out/00305.out;b'un\xb8\xbev\x81\x1al'
xortool_out/00306.out;b'un\xb8\xbev\x81EP'
xortool_out/00307.out;b'un\xb8\xbev\x81E\x15'
xortool_out/00308.out;b'un\xb8\xbev\x81El'
xortool_out/00309.out;b'un\xb8\xbev\x81IP'
xortool_out/00310.out;b'un\xb8\xbev\x81I\x15'
xortool_out/00311.out;b'un\xb8\xbev\x81Il'
xortool_out/00312.out;b'un\xb8\xbev\xc5\x1bP'
xortool_out/00313.out;b'un\xb8\xbev\xc5\x1b\x15'
xortool_out/00314.out;b'un\xb8\xbev\xc5\x1bl'
xortool_out/00315.out;b'un\xb8\xbev\xc5\x1aP'
xortool_out/00316.out;b'un\xb8\xbev\xc5\x1a\x15'
xortool_out/00317.out;b'un\xb8\xbev\xc5\x1al'
xortool_out/00318.out;b'un\xb8\xbev\xc5EP'
xortool_out/00319.out;b'un\xb8\xbev\xc5E\x15'
xortool_out/00320.out;b'un\xb8\xbev\xc5El'
xortool_out/00321.out;b'un\xb8\xbev\xc5IP'
xortool_out/00322.out;b'un\xb8\xbev\xc5I\x15'
xortool_out/00323.out;b'un\xb8\xbev\xc5Il'
xortool_out/00324.out;b'un\xb8\xbev\xcc\x1bP'
xortool_out/00325.out;b'un\xb8\xbev\xcc\x1b\x15'
xortool_out/00326.out;b'un\xb8\xbev\xcc\x1bl'
xortool_out/00327.out;b'un\xb8\xbev\xcc\x1aP'
xortool_out/00328.out;b'un\xb8\xbev\xcc\x1a\x15'
xortool_out/00329.out;b'un\xb8\xbev\xcc\x1al'
xortool_out/00330.out;b'un\xb8\xbev\xccEP'
xortool_out/00331.out;b'un\xb8\xbev\xccE\x15'
xortool_out/00332.out;b'un\xb8\xbev\xccEl'
xortool_out/00333.out;b'un\xb8\xbev\xccIP'
xortool_out/00334.out;b'un\xb8\xbev\xccI\x15'
xortool_out/00335.out;b'un\xb8\xbev\xccIl'
xortool_out/00336.out;b'un\xb8\xbeK\xd0\x1bP'
xortool_out/00337.out;b'un\xb8\xbeK\xd0\x1b\x15'
xortool_out/00338.out;b'un\xb8\xbeK\xd0\x1bl'
xortool_out/00339.out;b'un\xb8\xbeK\xd0\x1aP'
xortool_out/00340.out;b'un\xb8\xbeK\xd0\x1a\x15'
xortool_out/00341.out;b'un\xb8\xbeK\xd0\x1al'
xortool_out/00342.out;b'un\xb8\xbeK\xd0EP'
xortool_out/00343.out;b'un\xb8\xbeK\xd0E\x15'
xortool_out/00344.out;b'un\xb8\xbeK\xd0El'
xortool_out/00345.out;b'un\xb8\xbeK\xd0IP'
xortool_out/00346.out;b'un\xb8\xbeK\xd0I\x15'
xortool_out/00347.out;b'un\xb8\xbeK\xd0Il'
xortool_out/00348.out;b'un\xb8\xbeK\x81\x1bP'
xortool_out/00349.out;b'un\xb8\xbeK\x81\x1b\x15'
xortool_out/00350.out;b'un\xb8\xbeK\x81\x1bl'
xortool_out/00351.out;b'un\xb8\xbeK\x81\x1aP'
xortool_out/00352.out;b'un\xb8\xbeK\x81\x1a\x15'
xortool_out/00353.out;b'un\xb8\xbeK\x81\x1al'
xortool_out/00354.out;b'un\xb8\xbeK\x81EP'
xortool_out/00355.out;b'un\xb8\xbeK\x81E\x15'
xortool_out/00356.out;b'un\xb8\xbeK\x81El'
xortool_out/00357.out;b'un\xb8\xbeK\x81IP'
xortool_out/00358.out;b'un\xb8\xbeK\x81I\x15'
xortool_out/00359.out;b'un\xb8\xbeK\x81Il'
xortool_out/00360.out;b'un\xb8\xbeK\xc5\x1bP'
xortool_out/00361.out;b'un\xb8\xbeK\xc5\x1b\x15'
xortool_out/00362.out;b'un\xb8\xbeK\xc5\x1bl'
xortool_out/00363.out;b'un\xb8\xbeK\xc5\x1aP'
xortool_out/00364.out;b'un\xb8\xbeK\xc5\x1a\x15'
xortool_out/00365.out;b'un\xb8\xbeK\xc5\x1al'
xortool_out/00366.out;b'un\xb8\xbeK\xc5EP'
xortool_out/00367.out;b'un\xb8\xbeK\xc5E\x15'
xortool_out/00368.out;b'un\xb8\xbeK\xc5El'
xortool_out/00369.out;b'un\xb8\xbeK\xc5IP'
xortool_out/00370.out;b'un\xb8\xbeK\xc5I\x15'
xortool_out/00371.out;b'un\xb8\xbeK\xc5Il'
xortool_out/00372.out;b'un\xb8\xbeK\xcc\x1bP'
xortool_out/00373.out;b'un\xb8\xbeK\xcc\x1b\x15'
xortool_out/00374.out;b'un\xb8\xbeK\xcc\x1bl'
xortool_out/00375.out;b'un\xb8\xbeK\xcc\x1aP'
xortool_out/00376.out;b'un\xb8\xbeK\xcc\x1a\x15'
xortool_out/00377.out;b'un\xb8\xbeK\xcc\x1al'
xortool_out/00378.out;b'un\xb8\xbeK\xccEP'
xortool_out/00379.out;b'un\xb8\xbeK\xccE\x15'
xortool_out/00380.out;b'un\xb8\xbeK\xccEl'
xortool_out/00381.out;b'un\xb8\xbeK\xccIP'
xortool_out/00382.out;b'un\xb8\xbeK\xccI\x15'
xortool_out/00383.out;b'un\xb8\xbeK\xccIl'
xortool_out/00384.out;b'un\xb8\xfd[\xd0\x1bP'
xortool_out/00385.out;b'un\xb8\xfd[\xd0\x1b\x15'
xortool_out/00386.out;b'un\xb8\xfd[\xd0\x1bl'
xortool_out/00387.out;b'un\xb8\xfd[\xd0\x1aP'
xortool_out/00388.out;b'un\xb8\xfd[\xd0\x1a\x15'
xortool_out/00389.out;b'un\xb8\xfd[\xd0\x1al'
xortool_out/00390.out;b'un\xb8\xfd[\xd0EP'
xortool_out/00391.out;b'un\xb8\xfd[\xd0E\x15'
xortool_out/00392.out;b'un\xb8\xfd[\xd0El'
xortool_out/00393.out;b'un\xb8\xfd[\xd0IP'
xortool_out/00394.out;b'un\xb8\xfd[\xd0I\x15'
xortool_out/00395.out;b'un\xb8\xfd[\xd0Il'
xortool_out/00396.out;b'un\xb8\xfd[\x81\x1bP'
xortool_out/00397.out;b'un\xb8\xfd[\x81\x1b\x15'
xortool_out/00398.out;b'un\xb8\xfd[\x81\x1bl'
xortool_out/00399.out;b'un\xb8\xfd[\x81\x1aP'
xortool_out/00400.out;b'un\xb8\xfd[\x81\x1a\x15'
xortool_out/00401.out;b'un\xb8\xfd[\x81\x1al'
xortool_out/00402.out;b'un\xb8\xfd[\x81EP'
xortool_out/00403.out;b'un\xb8\xfd[\x81E\x15'
xortool_out/00404.out;b'un\xb8\xfd[\x81El'
xortool_out/00405.out;b'un\xb8\xfd[\x81IP'
xortool_out/00406.out;b'un\xb8\xfd[\x81I\x15'
xortool_out/00407.out;b'un\xb8\xfd[\x81Il'
xortool_out/00408.out;b'un\xb8\xfd[\xc5\x1bP'
xortool_out/00409.out;b'un\xb8\xfd[\xc5\x1b\x15'
xortool_out/00410.out;b'un\xb8\xfd[\xc5\x1bl'
xortool_out/00411.out;b'un\xb8\xfd[\xc5\x1aP'
xortool_out/00412.out;b'un\xb8\xfd[\xc5\x1a\x15'
xortool_out/00413.out;b'un\xb8\xfd[\xc5\x1al'
xortool_out/00414.out;b'un\xb8\xfd[\xc5EP'
xortool_out/00415.out;b'un\xb8\xfd[\xc5E\x15'
xortool_out/00416.out;b'un\xb8\xfd[\xc5El'
xortool_out/00417.out;b'un\xb8\xfd[\xc5IP'
xortool_out/00418.out;b'un\xb8\xfd[\xc5I\x15'
xortool_out/00419.out;b'un\xb8\xfd[\xc5Il'
xortool_out/00420.out;b'un\xb8\xfd[\xcc\x1bP'
xortool_out/00421.out;b'un\xb8\xfd[\xcc\x1b\x15'
xortool_out/00422.out;b'un\xb8\xfd[\xcc\x1bl'
xortool_out/00423.out;b'un\xb8\xfd[\xcc\x1aP'
xortool_out/00424.out;b'un\xb8\xfd[\xcc\x1a\x15'
xortool_out/00425.out;b'un\xb8\xfd[\xcc\x1al'
xortool_out/00426.out;b'un\xb8\xfd[\xccEP'
xortool_out/00427.out;b'un\xb8\xfd[\xccE\x15'
xortool_out/00428.out;b'un\xb8\xfd[\xccEl'
xortool_out/00429.out;b'un\xb8\xfd[\xccIP'
xortool_out/00430.out;b'un\xb8\xfd[\xccI\x15'
xortool_out/00431.out;b'un\xb8\xfd[\xccIl'
xortool_out/00432.out;b'un\xb8\xfdA\xd0\x1bP'
xortool_out/00433.out;b'un\xb8\xfdA\xd0\x1b\x15'
xortool_out/00434.out;b'un\xb8\xfdA\xd0\x1bl'
xortool_out/00435.out;b'un\xb8\xfdA\xd0\x1aP'
xortool_out/00436.out;b'un\xb8\xfdA\xd0\x1a\x15'
xortool_out/00437.out;b'un\xb8\xfdA\xd0\x1al'
xortool_out/00438.out;b'un\xb8\xfdA\xd0EP'
xortool_out/00439.out;b'un\xb8\xfdA\xd0E\x15'
xortool_out/00440.out;b'un\xb8\xfdA\xd0El'
xortool_out/00441.out;b'un\xb8\xfdA\xd0IP'
xortool_out/00442.out;b'un\xb8\xfdA\xd0I\x15'
xortool_out/00443.out;b'un\xb8\xfdA\xd0Il'
xortool_out/00444.out;b'un\xb8\xfdA\x81\x1bP'
xortool_out/00445.out;b'un\xb8\xfdA\x81\x1b\x15'
xortool_out/00446.out;b'un\xb8\xfdA\x81\x1bl'
xortool_out/00447.out;b'un\xb8\xfdA\x81\x1aP'
xortool_out/00448.out;b'un\xb8\xfdA\x81\x1a\x15'
xortool_out/00449.out;b'un\xb8\xfdA\x81\x1al'
xortool_out/00450.out;b'un\xb8\xfdA\x81EP'
xortool_out/00451.out;b'un\xb8\xfdA\x81E\x15'
xortool_out/00452.out;b'un\xb8\xfdA\x81El'
xortool_out/00453.out;b'un\xb8\xfdA\x81IP'
xortool_out/00454.out;b'un\xb8\xfdA\x81I\x15'
xortool_out/00455.out;b'un\xb8\xfdA\x81Il'
xortool_out/00456.out;b'un\xb8\xfdA\xc5\x1bP'
xortool_out/00457.out;b'un\xb8\xfdA\xc5\x1b\x15'
xortool_out/00458.out;b'un\xb8\xfdA\xc5\x1bl'
xortool_out/00459.out;b'un\xb8\xfdA\xc5\x1aP'
xortool_out/00460.out;b'un\xb8\xfdA\xc5\x1a\x15'
xortool_out/00461.out;b'un\xb8\xfdA\xc5\x1al'
xortool_out/00462.out;b'un\xb8\xfdA\xc5EP'
xortool_out/00463.out;b'un\xb8\xfdA\xc5E\x15'
xortool_out/00464.out;b'un\xb8\xfdA\xc5El'
xortool_out/00465.out;b'un\xb8\xfdA\xc5IP'
xortool_out/00466.out;b'un\xb8\xfdA\xc5I\x15'
xortool_out/00467.out;b'un\xb8\xfdA\xc5Il'
xortool_out/00468.out;b'un\xb8\xfdA\xcc\x1bP'
xortool_out/00469.out;b'un\xb8\xfdA\xcc\x1b\x15'
xortool_out/00470.out;b'un\xb8\xfdA\xcc\x1bl'
xortool_out/00471.out;b'un\xb8\xfdA\xcc\x1aP'
xortool_out/00472.out;b'un\xb8\xfdA\xcc\x1a\x15'
xortool_out/00473.out;b'un\xb8\xfdA\xcc\x1al'
xortool_out/00474.out;b'un\xb8\xfdA\xccEP'
xortool_out/00475.out;b'un\xb8\xfdA\xccE\x15'
xortool_out/00476.out;b'un\xb8\xfdA\xccEl'
xortool_out/00477.out;b'un\xb8\xfdA\xccIP'
xortool_out/00478.out;b'un\xb8\xfdA\xccI\x15'
xortool_out/00479.out;b'un\xb8\xfdA\xccIl'
xortool_out/00480.out;b'un\xb8\xfdv\xd0\x1bP'
xortool_out/00481.out;b'un\xb8\xfdv\xd0\x1b\x15'
xortool_out/00482.out;b'un\xb8\xfdv\xd0\x1bl'
xortool_out/00483.out;b'un\xb8\xfdv\xd0\x1aP'
xortool_out/00484.out;b'un\xb8\xfdv\xd0\x1a\x15'
xortool_out/00485.out;b'un\xb8\xfdv\xd0\x1al'
xortool_out/00486.out;b'un\xb8\xfdv\xd0EP'
xortool_out/00487.out;b'un\xb8\xfdv\xd0E\x15'
xortool_out/00488.out;b'un\xb8\xfdv\xd0El'
xortool_out/00489.out;b'un\xb8\xfdv\xd0IP'
xortool_out/00490.out;b'un\xb8\xfdv\xd0I\x15'
xortool_out/00491.out;b'un\xb8\xfdv\xd0Il'
xortool_out/00492.out;b'un\xb8\xfdv\x81\x1bP'
xortool_out/00493.out;b'un\xb8\xfdv\x81\x1b\x15'
xortool_out/00494.out;b'un\xb8\xfdv\x81\x1bl'
xortool_out/00495.out;b'un\xb8\xfdv\x81\x1aP'
xortool_out/00496.out;b'un\xb8\xfdv\x81\x1a\x15'
xortool_out/00497.out;b'un\xb8\xfdv\x81\x1al'
xortool_out/00498.out;b'un\xb8\xfdv\x81EP'
xortool_out/00499.out;b'un\xb8\xfdv\x81E\x15'
xortool_out/00500.out;b'un\xb8\xfdv\x81El'
xortool_out/00501.out;b'un\xb8\xfdv\x81IP'
xortool_out/00502.out;b'un\xb8\xfdv\x81I\x15'
xortool_out/00503.out;b'un\xb8\xfdv\x81Il'
xortool_out/00504.out;b'un\xb8\xfdv\xc5\x1bP'
xortool_out/00505.out;b'un\xb8\xfdv\xc5\x1b\x15'
xortool_out/00506.out;b'un\xb8\xfdv\xc5\x1bl'
xortool_out/00507.out;b'un\xb8\xfdv\xc5\x1aP'
xortool_out/00508.out;b'un\xb8\xfdv\xc5\x1a\x15'
xortool_out/00509.out;b'un\xb8\xfdv\xc5\x1al'
xortool_out/00510.out;b'un\xb8\xfdv\xc5EP'
xortool_out/00511.out;b'un\xb8\xfdv\xc5E\x15'
xortool_out/00512.out;b'un\xb8\xfdv\xc5El'
xortool_out/00513.out;b'un\xb8\xfdv\xc5IP'
xortool_out/00514.out;b'un\xb8\xfdv\xc5I\x15'
xortool_out/00515.out;b'un\xb8\xfdv\xc5Il'
xortool_out/00516.out;b'un\xb8\xfdv\xcc\x1bP'
xortool_out/00517.out;b'un\xb8\xfdv\xcc\x1b\x15'
xortool_out/00518.out;b'un\xb8\xfdv\xcc\x1bl'
xortool_out/00519.out;b'un\xb8\xfdv\xcc\x1aP'
xortool_out/00520.out;b'un\xb8\xfdv\xcc\x1a\x15'
xortool_out/00521.out;b'un\xb8\xfdv\xcc\x1al'
xortool_out/00522.out;b'un\xb8\xfdv\xccEP'
xortool_out/00523.out;b'un\xb8\xfdv\xccE\x15'
xortool_out/00524.out;b'un\xb8\xfdv\xccEl'
xortool_out/00525.out;b'un\xb8\xfdv\xccIP'
xortool_out/00526.out;b'un\xb8\xfdv\xccI\x15'
xortool_out/00527.out;b'un\xb8\xfdv\xccIl'
xortool_out/00528.out;b'un\xb8\xfdK\xd0\x1bP'
xortool_out/00529.out;b'un\xb8\xfdK\xd0\x1b\x15'
xortool_out/00530.out;b'un\xb8\xfdK\xd0\x1bl'
xortool_out/00531.out;b'un\xb8\xfdK\xd0\x1aP'
xortool_out/00532.out;b'un\xb8\xfdK\xd0\x1a\x15'
xortool_out/00533.out;b'un\xb8\xfdK\xd0\x1al'
xortool_out/00534.out;b'un\xb8\xfdK\xd0EP'
xortool_out/00535.out;b'un\xb8\xfdK\xd0E\x15'
xortool_out/00536.out;b'un\xb8\xfdK\xd0El'
xortool_out/00537.out;b'un\xb8\xfdK\xd0IP'
xortool_out/00538.out;b'un\xb8\xfdK\xd0I\x15'
xortool_out/00539.out;b'un\xb8\xfdK\xd0Il'
xortool_out/00540.out;b'un\xb8\xfdK\x81\x1bP'
xortool_out/00541.out;b'un\xb8\xfdK\x81\x1b\x15'
xortool_out/00542.out;b'un\xb8\xfdK\x81\x1bl'
xortool_out/00543.out;b'un\xb8\xfdK\x81\x1aP'
xortool_out/00544.out;b'un\xb8\xfdK\x81\x1a\x15'
xortool_out/00545.out;b'un\xb8\xfdK\x81\x1al'
xortool_out/00546.out;b'un\xb8\xfdK\x81EP'
xortool_out/00547.out;b'un\xb8\xfdK\x81E\x15'
xortool_out/00548.out;b'un\xb8\xfdK\x81El'
xortool_out/00549.out;b'un\xb8\xfdK\x81IP'
xortool_out/00550.out;b'un\xb8\xfdK\x81I\x15'
xortool_out/00551.out;b'un\xb8\xfdK\x81Il'
xortool_out/00552.out;b'un\xb8\xfdK\xc5\x1bP'
xortool_out/00553.out;b'un\xb8\xfdK\xc5\x1b\x15'
xortool_out/00554.out;b'un\xb8\xfdK\xc5\x1bl'
xortool_out/00555.out;b'un\xb8\xfdK\xc5\x1aP'
xortool_out/00556.out;b'un\xb8\xfdK\xc5\x1a\x15'
xortool_out/00557.out;b'un\xb8\xfdK\xc5\x1al'
xortool_out/00558.out;b'un\xb8\xfdK\xc5EP'
xortool_out/00559.out;b'un\xb8\xfdK\xc5E\x15'
xortool_out/00560.out;b'un\xb8\xfdK\xc5El'
xortool_out/00561.out;b'un\xb8\xfdK\xc5IP'
xortool_out/00562.out;b'un\xb8\xfdK\xc5I\x15'
xortool_out/00563.out;b'un\xb8\xfdK\xc5Il'
xortool_out/00564.out;b'un\xb8\xfdK\xcc\x1bP'
xortool_out/00565.out;b'un\xb8\xfdK\xcc\x1b\x15'
xortool_out/00566.out;b'un\xb8\xfdK\xcc\x1bl'
xortool_out/00567.out;b'un\xb8\xfdK\xcc\x1aP'
xortool_out/00568.out;b'un\xb8\xfdK\xcc\x1a\x15'
xortool_out/00569.out;b'un\xb8\xfdK\xcc\x1al'
xortool_out/00570.out;b'un\xb8\xfdK\xccEP'
xortool_out/00571.out;b'un\xb8\xfdK\xccE\x15'
xortool_out/00572.out;b'un\xb8\xfdK\xccEl'
xortool_out/00573.out;b'un\xb8\xfdK\xccIP'
xortool_out/00574.out;b'un\xb8\xfdK\xccI\x15'
xortool_out/00575.out;b'un\xb8\xfdK\xccIl'
xortool_out/00576.out;b'un\xb8\xfc[\xd0\x1bP'
xortool_out/00577.out;b'un\xb8\xfc[\xd0\x1b\x15'
xortool_out/00578.out;b'un\xb8\xfc[\xd0\x1bl'
xortool_out/00579.out;b'un\xb8\xfc[\xd0\x1aP'
xortool_out/00580.out;b'un\xb8\xfc[\xd0\x1a\x15'
xortool_out/00581.out;b'un\xb8\xfc[\xd0\x1al'
xortool_out/00582.out;b'un\xb8\xfc[\xd0EP'
xortool_out/00583.out;b'un\xb8\xfc[\xd0E\x15'
xortool_out/00584.out;b'un\xb8\xfc[\xd0El'
xortool_out/00585.out;b'un\xb8\xfc[\xd0IP'
xortool_out/00586.out;b'un\xb8\xfc[\xd0I\x15'
xortool_out/00587.out;b'un\xb8\xfc[\xd0Il'
xortool_out/00588.out;b'un\xb8\xfc[\x81\x1bP'
xortool_out/00589.out;b'un\xb8\xfc[\x81\x1b\x15'
xortool_out/00590.out;b'un\xb8\xfc[\x81\x1bl'
xortool_out/00591.out;b'un\xb8\xfc[\x81\x1aP'
xortool_out/00592.out;b'un\xb8\xfc[\x81\x1a\x15'
xortool_out/00593.out;b'un\xb8\xfc[\x81\x1al'
xortool_out/00594.out;b'un\xb8\xfc[\x81EP'
xortool_out/00595.out;b'un\xb8\xfc[\x81E\x15'
xortool_out/00596.out;b'un\xb8\xfc[\x81El'
xortool_out/00597.out;b'un\xb8\xfc[\x81IP'
xortool_out/00598.out;b'un\xb8\xfc[\x81I\x15'
xortool_out/00599.out;b'un\xb8\xfc[\x81Il'
xortool_out/00600.out;b'un\xb8\xfc[\xc5\x1bP'
xortool_out/00601.out;b'un\xb8\xfc[\xc5\x1b\x15'
xortool_out/00602.out;b'un\xb8\xfc[\xc5\x1bl'
xortool_out/00603.out;b'un\xb8\xfc[\xc5\x1aP'
xortool_out/00604.out;b'un\xb8\xfc[\xc5\x1a\x15'
xortool_out/00605.out;b'un\xb8\xfc[\xc5\x1al'
xortool_out/00606.out;b'un\xb8\xfc[\xc5EP'
xortool_out/00607.out;b'un\xb8\xfc[\xc5E\x15'
xortool_out/00608.out;b'un\xb8\xfc[\xc5El'
xortool_out/00609.out;b'un\xb8\xfc[\xc5IP'
xortool_out/00610.out;b'un\xb8\xfc[\xc5I\x15'
xortool_out/00611.out;b'un\xb8\xfc[\xc5Il'
xortool_out/00612.out;b'un\xb8\xfc[\xcc\x1bP'
xortool_out/00613.out;b'un\xb8\xfc[\xcc\x1b\x15'
xortool_out/00614.out;b'un\xb8\xfc[\xcc\x1bl'
xortool_out/00615.out;b'un\xb8\xfc[\xcc\x1aP'
xortool_out/00616.out;b'un\xb8\xfc[\xcc\x1a\x15'
xortool_out/00617.out;b'un\xb8\xfc[\xcc\x1al'
xortool_out/00618.out;b'un\xb8\xfc[\xccEP'
xortool_out/00619.out;b'un\xb8\xfc[\xccE\x15'
xortool_out/00620.out;b'un\xb8\xfc[\xccEl'
xortool_out/00621.out;b'un\xb8\xfc[\xccIP'
xortool_out/00622.out;b'un\xb8\xfc[\xccI\x15'
xortool_out/00623.out;b'un\xb8\xfc[\xccIl'
xortool_out/00624.out;b'un\xb8\xfcA\xd0\x1bP'
xortool_out/00625.out;b'un\xb8\xfcA\xd0\x1b\x15'
xortool_out/00626.out;b'un\xb8\xfcA\xd0\x1bl'
xortool_out/00627.out;b'un\xb8\xfcA\xd0\x1aP'
xortool_out/00628.out;b'un\xb8\xfcA\xd0\x1a\x15'
xortool_out/00629.out;b'un\xb8\xfcA\xd0\x1al'
xortool_out/00630.out;b'un\xb8\xfcA\xd0EP'
xortool_out/00631.out;b'un\xb8\xfcA\xd0E\x15'
xortool_out/00632.out;b'un\xb8\xfcA\xd0El'
xortool_out/00633.out;b'un\xb8\xfcA\xd0IP'
xortool_out/00634.out;b'un\xb8\xfcA\xd0I\x15'
xortool_out/00635.out;b'un\xb8\xfcA\xd0Il'
xortool_out/00636.out;b'un\xb8\xfcA\x81\x1bP'
xortool_out/00637.out;b'un\xb8\xfcA\x81\x1b\x15'
xortool_out/00638.out;b'un\xb8\xfcA\x81\x1bl'
xortool_out/00639.out;b'un\xb8\xfcA\x81\x1aP'
xortool_out/00640.out;b'un\xb8\xfcA\x81\x1a\x15'
xortool_out/00641.out;b'un\xb8\xfcA\x81\x1al'
xortool_out/00642.out;b'un\xb8\xfcA\x81EP'
xortool_out/00643.out;b'un\xb8\xfcA\x81E\x15'
xortool_out/00644.out;b'un\xb8\xfcA\x81El'
xortool_out/00645.out;b'un\xb8\xfcA\x81IP'
xortool_out/00646.out;b'un\xb8\xfcA\x81I\x15'
xortool_out/00647.out;b'un\xb8\xfcA\x81Il'
xortool_out/00648.out;b'un\xb8\xfcA\xc5\x1bP'
xortool_out/00649.out;b'un\xb8\xfcA\xc5\x1b\x15'
xortool_out/00650.out;b'un\xb8\xfcA\xc5\x1bl'
xortool_out/00651.out;b'un\xb8\xfcA\xc5\x1aP'
xortool_out/00652.out;b'un\xb8\xfcA\xc5\x1a\x15'
xortool_out/00653.out;b'un\xb8\xfcA\xc5\x1al'
xortool_out/00654.out;b'un\xb8\xfcA\xc5EP'
xortool_out/00655.out;b'un\xb8\xfcA\xc5E\x15'
xortool_out/00656.out;b'un\xb8\xfcA\xc5El'
xortool_out/00657.out;b'un\xb8\xfcA\xc5IP'
xortool_out/00658.out;b'un\xb8\xfcA\xc5I\x15'
xortool_out/00659.out;b'un\xb8\xfcA\xc5Il'
xortool_out/00660.out;b'un\xb8\xfcA\xcc\x1bP'
xortool_out/00661.out;b'un\xb8\xfcA\xcc\x1b\x15'
xortool_out/00662.out;b'un\xb8\xfcA\xcc\x1bl'
xortool_out/00663.out;b'un\xb8\xfcA\xcc\x1aP'
xortool_out/00664.out;b'un\xb8\xfcA\xcc\x1a\x15'
xortool_out/00665.out;b'un\xb8\xfcA\xcc\x1al'
xortool_out/00666.out;b'un\xb8\xfcA\xccEP'
xortool_out/00667.out;b'un\xb8\xfcA\xccE\x15'
xortool_out/00668.out;b'un\xb8\xfcA\xccEl'
xortool_out/00669.out;b'un\xb8\xfcA\xccIP'
xortool_out/00670.out;b'un\xb8\xfcA\xccI\x15'
xortool_out/00671.out;b'un\xb8\xfcA\xccIl'
xortool_out/00672.out;b'un\xb8\xfcv\xd0\x1bP'
xortool_out/00673.out;b'un\xb8\xfcv\xd0\x1b\x15'
xortool_out/00674.out;b'un\xb8\xfcv\xd0\x1bl'
xortool_out/00675.out;b'un\xb8\xfcv\xd0\x1aP'
xortool_out/00676.out;b'un\xb8\xfcv\xd0\x1a\x15'
xortool_out/00677.out;b'un\xb8\xfcv\xd0\x1al'
xortool_out/00678.out;b'un\xb8\xfcv\xd0EP'
xortool_out/00679.out;b'un\xb8\xfcv\xd0E\x15'
xortool_out/00680.out;b'un\xb8\xfcv\xd0El'
xortool_out/00681.out;b'un\xb8\xfcv\xd0IP'
xortool_out/00682.out;b'un\xb8\xfcv\xd0I\x15'
xortool_out/00683.out;b'un\xb8\xfcv\xd0Il'
xortool_out/00684.out;b'un\xb8\xfcv\x81\x1bP'
xortool_out/00685.out;b'un\xb8\xfcv\x81\x1b\x15'
xortool_out/00686.out;b'un\xb8\xfcv\x81\x1bl'
xortool_out/00687.out;b'un\xb8\xfcv\x81\x1aP'
xortool_out/00688.out;b'un\xb8\xfcv\x81\x1a\x15'
xortool_out/00689.out;b'un\xb8\xfcv\x81\x1al'
xortool_out/00690.out;b'un\xb8\xfcv\x81EP'
xortool_out/00691.out;b'un\xb8\xfcv\x81E\x15'
xortool_out/00692.out;b'un\xb8\xfcv\x81El'
xortool_out/00693.out;b'un\xb8\xfcv\x81IP'
xortool_out/00694.out;b'un\xb8\xfcv\x81I\x15'
xortool_out/00695.out;b'un\xb8\xfcv\x81Il'
xortool_out/00696.out;b'un\xb8\xfcv\xc5\x1bP'
xortool_out/00697.out;b'un\xb8\xfcv\xc5\x1b\x15'
xortool_out/00698.out;b'un\xb8\xfcv\xc5\x1bl'
xortool_out/00699.out;b'un\xb8\xfcv\xc5\x1aP'
xortool_out/00700.out;b'un\xb8\xfcv\xc5\x1a\x15'
xortool_out/00701.out;b'un\xb8\xfcv\xc5\x1al'
xortool_out/00702.out;b'un\xb8\xfcv\xc5EP'
xortool_out/00703.out;b'un\xb8\xfcv\xc5E\x15'
xortool_out/00704.out;b'un\xb8\xfcv\xc5El'
xortool_out/00705.out;b'un\xb8\xfcv\xc5IP'
xortool_out/00706.out;b'un\xb8\xfcv\xc5I\x15'
xortool_out/00707.out;b'un\xb8\xfcv\xc5Il'
xortool_out/00708.out;b'un\xb8\xfcv\xcc\x1bP'
xortool_out/00709.out;b'un\xb8\xfcv\xcc\x1b\x15'
xortool_out/00710.out;b'un\xb8\xfcv\xcc\x1bl'
xortool_out/00711.out;b'un\xb8\xfcv\xcc\x1aP'
xortool_out/00712.out;b'un\xb8\xfcv\xcc\x1a\x15'
xortool_out/00713.out;b'un\xb8\xfcv\xcc\x1al'
xortool_out/00714.out;b'un\xb8\xfcv\xccEP'
xortool_out/00715.out;b'un\xb8\xfcv\xccE\x15'
xortool_out/00716.out;b'un\xb8\xfcv\xccEl'
xortool_out/00717.out;b'un\xb8\xfcv\xccIP'
xortool_out/00718.out;b'un\xb8\xfcv\xccI\x15'
xortool_out/00719.out;b'un\xb8\xfcv\xccIl'
xortool_out/00720.out;b'un\xb8\xfcK\xd0\x1bP'
xortool_out/00721.out;b'un\xb8\xfcK\xd0\x1b\x15'
xortool_out/00722.out;b'un\xb8\xfcK\xd0\x1bl'
xortool_out/00723.out;b'un\xb8\xfcK\xd0\x1aP'
xortool_out/00724.out;b'un\xb8\xfcK\xd0\x1a\x15'
xortool_out/00725.out;b'un\xb8\xfcK\xd0\x1al'
xortool_out/00726.out;b'un\xb8\xfcK\xd0EP'
xortool_out/00727.out;b'un\xb8\xfcK\xd0E\x15'
xortool_out/00728.out;b'un\xb8\xfcK\xd0El'
xortool_out/00729.out;b'un\xb8\xfcK\xd0IP'
xortool_out/00730.out;b'un\xb8\xfcK\xd0I\x15'
xortool_out/00731.out;b'un\xb8\xfcK\xd0Il'
xortool_out/00732.out;b'un\xb8\xfcK\x81\x1bP'
xortool_out/00733.out;b'un\xb8\xfcK\x81\x1b\x15'
xortool_out/00734.out;b'un\xb8\xfcK\x81\x1bl'
xortool_out/00735.out;b'un\xb8\xfcK\x81\x1aP'
xortool_out/00736.out;b'un\xb8\xfcK\x81\x1a\x15'
xortool_out/00737.out;b'un\xb8\xfcK\x81\x1al'
xortool_out/00738.out;b'un\xb8\xfcK\x81EP'
xortool_out/00739.out;b'un\xb8\xfcK\x81E\x15'
xortool_out/00740.out;b'un\xb8\xfcK\x81El'
xortool_out/00741.out;b'un\xb8\xfcK\x81IP'
xortool_out/00742.out;b'un\xb8\xfcK\x81I\x15'
xortool_out/00743.out;b'un\xb8\xfcK\x81Il'
xortool_out/00744.out;b'un\xb8\xfcK\xc5\x1bP'
xortool_out/00745.out;b'un\xb8\xfcK\xc5\x1b\x15'
xortool_out/00746.out;b'un\xb8\xfcK\xc5\x1bl'
xortool_out/00747.out;b'un\xb8\xfcK\xc5\x1aP'
xortool_out/00748.out;b'un\xb8\xfcK\xc5\x1a\x15'
xortool_out/00749.out;b'un\xb8\xfcK\xc5\x1al'
xortool_out/00750.out;b'un\xb8\xfcK\xc5EP'
xortool_out/00751.out;b'un\xb8\xfcK\xc5E\x15'
xortool_out/00752.out;b'un\xb8\xfcK\xc5El'
xortool_out/00753.out;b'un\xb8\xfcK\xc5IP'
xortool_out/00754.out;b'un\xb8\xfcK\xc5I\x15'
xortool_out/00755.out;b'un\xb8\xfcK\xc5Il'
xortool_out/00756.out;b'un\xb8\xfcK\xcc\x1bP'
xortool_out/00757.out;b'un\xb8\xfcK\xcc\x1b\x15'
xortool_out/00758.out;b'un\xb8\xfcK\xcc\x1bl'
xortool_out/00759.out;b'un\xb8\xfcK\xcc\x1aP'
xortool_out/00760.out;b'un\xb8\xfcK\xcc\x1a\x15'
xortool_out/00761.out;b'un\xb8\xfcK\xcc\x1al'
xortool_out/00762.out;b'un\xb8\xfcK\xccEP'
xortool_out/00763.out;b'un\xb8\xfcK\xccE\x15'
xortool_out/00764.out;b'un\xb8\xfcK\xccEl'
xortool_out/00765.out;b'un\xb8\xfcK\xccIP'
xortool_out/00766.out;b'un\xb8\xfcK\xccI\x15'
xortool_out/00767.out;b'un\xb8\xfcK\xccIl'
xortool_out/00768.out;b'un\xa4\xfb[\xd0\x1bP'
xortool_out/00769.out;b'un\xa4\xfb[\xd0\x1b\x15'
xortool_out/00770.out;b'un\xa4\xfb[\xd0\x1bl'
xortool_out/00771.out;b'un\xa4\xfb[\xd0\x1aP'
xortool_out/00772.out;b'un\xa4\xfb[\xd0\x1a\x15'
xortool_out/00773.out;b'un\xa4\xfb[\xd0\x1al'
xortool_out/00774.out;b'un\xa4\xfb[\xd0EP'
xortool_out/00775.out;b'un\xa4\xfb[\xd0E\x15'
xortool_out/00776.out;b'un\xa4\xfb[\xd0El'
xortool_out/00777.out;b'un\xa4\xfb[\xd0IP'
xortool_out/00778.out;b'un\xa4\xfb[\xd0I\x15'
xortool_out/00779.out;b'un\xa4\xfb[\xd0Il'
xortool_out/00780.out;b'un\xa4\xfb[\x81\x1bP'
xortool_out/00781.out;b'un\xa4\xfb[\x81\x1b\x15'
xortool_out/00782.out;b'un\xa4\xfb[\x81\x1bl'
xortool_out/00783.out;b'un\xa4\xfb[\x81\x1aP'
xortool_out/00784.out;b'un\xa4\xfb[\x81\x1a\x15'
xortool_out/00785.out;b'un\xa4\xfb[\x81\x1al'
xortool_out/00786.out;b'un\xa4\xfb[\x81EP'
xortool_out/00787.out;b'un\xa4\xfb[\x81E\x15'
xortool_out/00788.out;b'un\xa4\xfb[\x81El'
xortool_out/00789.out;b'un\xa4\xfb[\x81IP'
xortool_out/00790.out;b'un\xa4\xfb[\x81I\x15'
xortool_out/00791.out;b'un\xa4\xfb[\x81Il'
xortool_out/00792.out;b'un\xa4\xfb[\xc5\x1bP'
xortool_out/00793.out;b'un\xa4\xfb[\xc5\x1b\x15'
xortool_out/00794.out;b'un\xa4\xfb[\xc5\x1bl'
xortool_out/00795.out;b'un\xa4\xfb[\xc5\x1aP'
xortool_out/00796.out;b'un\xa4\xfb[\xc5\x1a\x15'
xortool_out/00797.out;b'un\xa4\xfb[\xc5\x1al'
xortool_out/00798.out;b'un\xa4\xfb[\xc5EP'
xortool_out/00799.out;b'un\xa4\xfb[\xc5E\x15'
xortool_out/00800.out;b'un\xa4\xfb[\xc5El'
xortool_out/00801.out;b'un\xa4\xfb[\xc5IP'
xortool_out/00802.out;b'un\xa4\xfb[\xc5I\x15'
xortool_out/00803.out;b'un\xa4\xfb[\xc5Il'
xortool_out/00804.out;b'un\xa4\xfb[\xcc\x1bP'
xortool_out/00805.out;b'un\xa4\xfb[\xcc\x1b\x15'
xortool_out/00806.out;b'un\xa4\xfb[\xcc\x1bl'
xortool_out/00807.out;b'un\xa4\xfb[\xcc\x1aP'
xortool_out/00808.out;b'un\xa4\xfb[\xcc\x1a\x15'
xortool_out/00809.out;b'un\xa4\xfb[\xcc\x1al'
xortool_out/00810.out;b'un\xa4\xfb[\xccEP'
xortool_out/00811.out;b'un\xa4\xfb[\xccE\x15'
xortool_out/00812.out;b'un\xa4\xfb[\xccEl'
xortool_out/00813.out;b'un\xa4\xfb[\xccIP'
xortool_out/00814.out;b'un\xa4\xfb[\xccI\x15'
xortool_out/00815.out;b'un\xa4\xfb[\xccIl'
xortool_out/00816.out;b'un\xa4\xfbA\xd0\x1bP'
xortool_out/00817.out;b'un\xa4\xfbA\xd0\x1b\x15'
xortool_out/00818.out;b'un\xa4\xfbA\xd0\x1bl'
xortool_out/00819.out;b'un\xa4\xfbA\xd0\x1aP'
xortool_out/00820.out;b'un\xa4\xfbA\xd0\x1a\x15'
xortool_out/00821.out;b'un\xa4\xfbA\xd0\x1al'
xortool_out/00822.out;b'un\xa4\xfbA\xd0EP'
xortool_out/00823.out;b'un\xa4\xfbA\xd0E\x15'
xortool_out/00824.out;b'un\xa4\xfbA\xd0El'
xortool_out/00825.out;b'un\xa4\xfbA\xd0IP'
xortool_out/00826.out;b'un\xa4\xfbA\xd0I\x15'
xortool_out/00827.out;b'un\xa4\xfbA\xd0Il'
xortool_out/00828.out;b'un\xa4\xfbA\x81\x1bP'
xortool_out/00829.out;b'un\xa4\xfbA\x81\x1b\x15'
xortool_out/00830.out;b'un\xa4\xfbA\x81\x1bl'
xortool_out/00831.out;b'un\xa4\xfbA\x81\x1aP'
xortool_out/00832.out;b'un\xa4\xfbA\x81\x1a\x15'
xortool_out/00833.out;b'un\xa4\xfbA\x81\x1al'
xortool_out/00834.out;b'un\xa4\xfbA\x81EP'
xortool_out/00835.out;b'un\xa4\xfbA\x81E\x15'
xortool_out/00836.out;b'un\xa4\xfbA\x81El'
xortool_out/00837.out;b'un\xa4\xfbA\x81IP'
xortool_out/00838.out;b'un\xa4\xfbA\x81I\x15'
xortool_out/00839.out;b'un\xa4\xfbA\x81Il'
xortool_out/00840.out;b'un\xa4\xfbA\xc5\x1bP'
xortool_out/00841.out;b'un\xa4\xfbA\xc5\x1b\x15'
xortool_out/00842.out;b'un\xa4\xfbA\xc5\x1bl'
xortool_out/00843.out;b'un\xa4\xfbA\xc5\x1aP'
xortool_out/00844.out;b'un\xa4\xfbA\xc5\x1a\x15'
xortool_out/00845.out;b'un\xa4\xfbA\xc5\x1al'
xortool_out/00846.out;b'un\xa4\xfbA\xc5EP'
xortool_out/00847.out;b'un\xa4\xfbA\xc5E\x15'
xortool_out/00848.out;b'un\xa4\xfbA\xc5El'
xortool_out/00849.out;b'un\xa4\xfbA\xc5IP'
xortool_out/00850.out;b'un\xa4\xfbA\xc5I\x15'
xortool_out/00851.out;b'un\xa4\xfbA\xc5Il'
xortool_out/00852.out;b'un\xa4\xfbA\xcc\x1bP'
xortool_out/00853.out;b'un\xa4\xfbA\xcc\x1b\x15'
xortool_out/00854.out;b'un\xa4\xfbA\xcc\x1bl'
xortool_out/00855.out;b'un\xa4\xfbA\xcc\x1aP'
xortool_out/00856.out;b'un\xa4\xfbA\xcc\x1a\x15'
xortool_out/00857.out;b'un\xa4\xfbA\xcc\x1al'
xortool_out/00858.out;b'un\xa4\xfbA\xccEP'
xortool_out/00859.out;b'un\xa4\xfbA\xccE\x15'
xortool_out/00860.out;b'un\xa4\xfbA\xccEl'
xortool_out/00861.out;b'un\xa4\xfbA\xccIP'
xortool_out/00862.out;b'un\xa4\xfbA\xccI\x15'
xortool_out/00863.out;b'un\xa4\xfbA\xccIl'
xortool_out/00864.out;b'un\xa4\xfbv\xd0\x1bP'
xortool_out/00865.out;b'un\xa4\xfbv\xd0\x1b\x15'
xortool_out/00866.out;b'un\xa4\xfbv\xd0\x1bl'
xortool_out/00867.out;b'un\xa4\xfbv\xd0\x1aP'
xortool_out/00868.out;b'un\xa4\xfbv\xd0\x1a\x15'
xortool_out/00869.out;b'un\xa4\xfbv\xd0\x1al'
xortool_out/00870.out;b'un\xa4\xfbv\xd0EP'
xortool_out/00871.out;b'un\xa4\xfbv\xd0E\x15'
xortool_out/00872.out;b'un\xa4\xfbv\xd0El'
xortool_out/00873.out;b'un\xa4\xfbv\xd0IP'
xortool_out/00874.out;b'un\xa4\xfbv\xd0I\x15'
xortool_out/00875.out;b'un\xa4\xfbv\xd0Il'
xortool_out/00876.out;b'un\xa4\xfbv\x81\x1bP'
xortool_out/00877.out;b'un\xa4\xfbv\x81\x1b\x15'
xortool_out/00878.out;b'un\xa4\xfbv\x81\x1bl'
xortool_out/00879.out;b'un\xa4\xfbv\x81\x1aP'
xortool_out/00880.out;b'un\xa4\xfbv\x81\x1a\x15'
xortool_out/00881.out;b'un\xa4\xfbv\x81\x1al'
xortool_out/00882.out;b'un\xa4\xfbv\x81EP'
xortool_out/00883.out;b'un\xa4\xfbv\x81E\x15'
xortool_out/00884.out;b'un\xa4\xfbv\x81El'
xortool_out/00885.out;b'un\xa4\xfbv\x81IP'
xortool_out/00886.out;b'un\xa4\xfbv\x81I\x15'
xortool_out/00887.out;b'un\xa4\xfbv\x81Il'
xortool_out/00888.out;b'un\xa4\xfbv\xc5\x1bP'
xortool_out/00889.out;b'un\xa4\xfbv\xc5\x1b\x15'
xortool_out/00890.out;b'un\xa4\xfbv\xc5\x1bl'
xortool_out/00891.out;b'un\xa4\xfbv\xc5\x1aP'
xortool_out/00892.out;b'un\xa4\xfbv\xc5\x1a\x15'
xortool_out/00893.out;b'un\xa4\xfbv\xc5\x1al'
xortool_out/00894.out;b'un\xa4\xfbv\xc5EP'
xortool_out/00895.out;b'un\xa4\xfbv\xc5E\x15'
xortool_out/00896.out;b'un\xa4\xfbv\xc5El'
xortool_out/00897.out;b'un\xa4\xfbv\xc5IP'
xortool_out/00898.out;b'un\xa4\xfbv\xc5I\x15'
xortool_out/00899.out;b'un\xa4\xfbv\xc5Il'
xortool_out/00900.out;b'un\xa4\xfbv\xcc\x1bP'
xortool_out/00901.out;b'un\xa4\xfbv\xcc\x1b\x15'
xortool_out/00902.out;b'un\xa4\xfbv\xcc\x1bl'
xortool_out/00903.out;b'un\xa4\xfbv\xcc\x1aP'
xortool_out/00904.out;b'un\xa4\xfbv\xcc\x1a\x15'
xortool_out/00905.out;b'un\xa4\xfbv\xcc\x1al'
xortool_out/00906.out;b'un\xa4\xfbv\xccEP'
xortool_out/00907.out;b'un\xa4\xfbv\xccE\x15'
xortool_out/00908.out;b'un\xa4\xfbv\xccEl'
xortool_out/00909.out;b'un\xa4\xfbv\xccIP'
xortool_out/00910.out;b'un\xa4\xfbv\xccI\x15'
xortool_out/00911.out;b'un\xa4\xfbv\xccIl'
xortool_out/00912.out;b'un\xa4\xfbK\xd0\x1bP'
xortool_out/00913.out;b'un\xa4\xfbK\xd0\x1b\x15'
xortool_out/00914.out;b'un\xa4\xfbK\xd0\x1bl'
xortool_out/00915.out;b'un\xa4\xfbK\xd0\x1aP'
xortool_out/00916.out;b'un\xa4\xfbK\xd0\x1a\x15'
xortool_out/00917.out;b'un\xa4\xfbK\xd0\x1al'
xortool_out/00918.out;b'un\xa4\xfbK\xd0EP'
xortool_out/00919.out;b'un\xa4\xfbK\xd0E\x15'
xortool_out/00920.out;b'un\xa4\xfbK\xd0El'
xortool_out/00921.out;b'un\xa4\xfbK\xd0IP'
xortool_out/00922.out;b'un\xa4\xfbK\xd0I\x15'
xortool_out/00923.out;b'un\xa4\xfbK\xd0Il'
xortool_out/00924.out;b'un\xa4\xfbK\x81\x1bP'
xortool_out/00925.out;b'un\xa4\xfbK\x81\x1b\x15'
xortool_out/00926.out;b'un\xa4\xfbK\x81\x1bl'
xortool_out/00927.out;b'un\xa4\xfbK\x81\x1aP'
xortool_out/00928.out;b'un\xa4\xfbK\x81\x1a\x15'
xortool_out/00929.out;b'un\xa4\xfbK\x81\x1al'
xortool_out/00930.out;b'un\xa4\xfbK\x81EP'
xortool_out/00931.out;b'un\xa4\xfbK\x81E\x15'
xortool_out/00932.out;b'un\xa4\xfbK\x81El'
xortool_out/00933.out;b'un\xa4\xfbK\x81IP'
xortool_out/00934.out;b'un\xa4\xfbK\x81I\x15'
xortool_out/00935.out;b'un\xa4\xfbK\x81Il'
xortool_out/00936.out;b'un\xa4\xfbK\xc5\x1bP'
xortool_out/00937.out;b'un\xa4\xfbK\xc5\x1b\x15'
xortool_out/00938.out;b'un\xa4\xfbK\xc5\x1bl'
xortool_out/00939.out;b'un\xa4\xfbK\xc5\x1aP'
xortool_out/00940.out;b'un\xa4\xfbK\xc5\x1a\x15'
xortool_out/00941.out;b'un\xa4\xfbK\xc5\x1al'
xortool_out/00942.out;b'un\xa4\xfbK\xc5EP'
xortool_out/00943.out;b'un\xa4\xfbK\xc5E\x15'
xortool_out/00944.out;b'un\xa4\xfbK\xc5El'
xortool_out/00945.out;b'un\xa4\xfbK\xc5IP'
xortool_out/00946.out;b'un\xa4\xfbK\xc5I\x15'
xortool_out/00947.out;b'un\xa4\xfbK\xc5Il'
xortool_out/00948.out;b'un\xa4\xfbK\xcc\x1bP'
xortool_out/00949.out;b'un\xa4\xfbK\xcc\x1b\x15'
xortool_out/00950.out;b'un\xa4\xfbK\xcc\x1bl'
xortool_out/00951.out;b'un\xa4\xfbK\xcc\x1aP'
xortool_out/00952.out;b'un\xa4\xfbK\xcc\x1a\x15'
xortool_out/00953.out;b'un\xa4\xfbK\xcc\x1al'
xortool_out/00954.out;b'un\xa4\xfbK\xccEP'
xortool_out/00955.out;b'un\xa4\xfbK\xccE\x15'
xortool_out/00956.out;b'un\xa4\xfbK\xccEl'
xortool_out/00957.out;b'un\xa4\xfbK\xccIP'
xortool_out/00958.out;b'un\xa4\xfbK\xccI\x15'
xortool_out/00959.out;b'un\xa4\xfbK\xccIl'
xortool_out/00960.out;b'un\xa4\xbe[\xd0\x1bP'
xortool_out/00961.out;b'un\xa4\xbe[\xd0\x1b\x15'
xortool_out/00962.out;b'un\xa4\xbe[\xd0\x1bl'
xortool_out/00963.out;b'un\xa4\xbe[\xd0\x1aP'
xortool_out/00964.out;b'un\xa4\xbe[\xd0\x1a\x15'
xortool_out/00965.out;b'un\xa4\xbe[\xd0\x1al'
xortool_out/00966.out;b'un\xa4\xbe[\xd0EP'
xortool_out/00967.out;b'un\xa4\xbe[\xd0E\x15'
xortool_out/00968.out;b'un\xa4\xbe[\xd0El'
xortool_out/00969.out;b'un\xa4\xbe[\xd0IP'
xortool_out/00970.out;b'un\xa4\xbe[\xd0I\x15'
xortool_out/00971.out;b'un\xa4\xbe[\xd0Il'
xortool_out/00972.out;b'un\xa4\xbe[\x81\x1bP'
xortool_out/00973.out;b'un\xa4\xbe[\x81\x1b\x15'
xortool_out/00974.out;b'un\xa4\xbe[\x81\x1bl'
xortool_out/00975.out;b'un\xa4\xbe[\x81\x1aP'
xortool_out/00976.out;b'un\xa4\xbe[\x81\x1a\x15'
xortool_out/00977.out;b'un\xa4\xbe[\x81\x1al'
xortool_out/00978.out;b'un\xa4\xbe[\x81EP'
xortool_out/00979.out;b'un\xa4\xbe[\x81E\x15'
xortool_out/00980.out;b'un\xa4\xbe[\x81El'
xortool_out/00981.out;b'un\xa4\xbe[\x81IP'
xortool_out/00982.out;b'un\xa4\xbe[\x81I\x15'
xortool_out/00983.out;b'un\xa4\xbe[\x81Il'
xortool_out/00984.out;b'un\xa4\xbe[\xc5\x1bP'
xortool_out/00985.out;b'un\xa4\xbe[\xc5\x1b\x15'
xortool_out/00986.out;b'un\xa4\xbe[\xc5\x1bl'
xortool_out/00987.out;b'un\xa4\xbe[\xc5\x1aP'
xortool_out/00988.out;b'un\xa4\xbe[\xc5\x1a\x15'
xortool_out/00989.out;b'un\xa4\xbe[\xc5\x1al'
xortool_out/00990.out;b'un\xa4\xbe[\xc5EP'
xortool_out/00991.out;b'un\xa4\xbe[\xc5E\x15'
xortool_out/00992.out;b'un\xa4\xbe[\xc5El'
xortool_out/00993.out;b'un\xa4\xbe[\xc5IP'
xortool_out/00994.out;b'un\xa4\xbe[\xc5I\x15'
xortool_out/00995.out;b'un\xa4\xbe[\xc5Il'
xortool_out/00996.out;b'un\xa4\xbe[\xcc\x1bP'
xortool_out/00997.out;b'un\xa4\xbe[\xcc\x1b\x15'
xortool_out/00998.out;b'un\xa4\xbe[\xcc\x1bl'
xortool_out/00999.out;b'un\xa4\xbe[\xcc\x1aP'
xortool_out/01000.out;b'un\xa4\xbe[\xcc\x1a\x15'
xortool_out/01001.out;b'un\xa4\xbe[\xcc\x1al'
xortool_out/01002.out;b'un\xa4\xbe[\xccEP'
xortool_out/01003.out;b'un\xa4\xbe[\xccE\x15'
xortool_out/01004.out;b'un\xa4\xbe[\xccEl'
xortool_out/01005.out;b'un\xa4\xbe[\xccIP'
xortool_out/01006.out;b'un\xa4\xbe[\xccI\x15'
xortool_out/01007.out;b'un\xa4\xbe[\xccIl'
xortool_out/01008.out;b'un\xa4\xbeA\xd0\x1bP'
xortool_out/01009.out;b'un\xa4\xbeA\xd0\x1b\x15'
xortool_out/01010.out;b'un\xa4\xbeA\xd0\x1bl'
xortool_out/01011.out;b'un\xa4\xbeA\xd0\x1aP'
xortool_out/01012.out;b'un\xa4\xbeA\xd0\x1a\x15'
xortool_out/01013.out;b'un\xa4\xbeA\xd0\x1al'
xortool_out/01014.out;b'un\xa4\xbeA\xd0EP'
xortool_out/01015.out;b'un\xa4\xbeA\xd0E\x15'
xortool_out/01016.out;b'un\xa4\xbeA\xd0El'
xortool_out/01017.out;b'un\xa4\xbeA\xd0IP'
xortool_out/01018.out;b'un\xa4\xbeA\xd0I\x15'
xortool_out/01019.out;b'un\xa4\xbeA\xd0Il'
xortool_out/01020.out;b'un\xa4\xbeA\x81\x1bP'
xortool_out/01021.out;b'un\xa4\xbeA\x81\x1b\x15'
xortool_out/01022.out;b'un\xa4\xbeA\x81\x1bl'
xortool_out/01023.out;b'un\xa4\xbeA\x81\x1aP'
xortool_out/01024.out;b'un\xa4\xbeA\x81\x1a\x15'
xortool_out/01025.out;b'un\xa4\xbeA\x81\x1al'
xortool_out/01026.out;b'un\xa4\xbeA\x81EP'
xortool_out/01027.out;b'un\xa4\xbeA\x81E\x15'
xortool_out/01028.out;b'un\xa4\xbeA\x81El'
xortool_out/01029.out;b'un\xa4\xbeA\x81IP'
xortool_out/01030.out;b'un\xa4\xbeA\x81I\x15'
xortool_out/01031.out;b'un\xa4\xbeA\x81Il'
xortool_out/01032.out;b'un\xa4\xbeA\xc5\x1bP'
xortool_out/01033.out;b'un\xa4\xbeA\xc5\x1b\x15'
xortool_out/01034.out;b'un\xa4\xbeA\xc5\x1bl'
xortool_out/01035.out;b'un\xa4\xbeA\xc5\x1aP'
xortool_out/01036.out;b'un\xa4\xbeA\xc5\x1a\x15'
xortool_out/01037.out;b'un\xa4\xbeA\xc5\x1al'
xortool_out/01038.out;b'un\xa4\xbeA\xc5EP'
xortool_out/01039.out;b'un\xa4\xbeA\xc5E\x15'
xortool_out/01040.out;b'un\xa4\xbeA\xc5El'
xortool_out/01041.out;b'un\xa4\xbeA\xc5IP'
xortool_out/01042.out;b'un\xa4\xbeA\xc5I\x15'
xortool_out/01043.out;b'un\xa4\xbeA\xc5Il'
xortool_out/01044.out;b'un\xa4\xbeA\xcc\x1bP'
xortool_out/01045.out;b'un\xa4\xbeA\xcc\x1b\x15'
xortool_out/01046.out;b'un\xa4\xbeA\xcc\x1bl'
xortool_out/01047.out;b'un\xa4\xbeA\xcc\x1aP'
xortool_out/01048.out;b'un\xa4\xbeA\xcc\x1a\x15'
xortool_out/01049.out;b'un\xa4\xbeA\xcc\x1al'
xortool_out/01050.out;b'un\xa4\xbeA\xccEP'
xortool_out/01051.out;b'un\xa4\xbeA\xccE\x15'
xortool_out/01052.out;b'un\xa4\xbeA\xccEl'
xortool_out/01053.out;b'un\xa4\xbeA\xccIP'
xortool_out/01054.out;b'un\xa4\xbeA\xccI\x15'
xortool_out/01055.out;b'un\xa4\xbeA\xccIl'
xortool_out/01056.out;b'un\xa4\xbev\xd0\x1bP'
xortool_out/01057.out;b'un\xa4\xbev\xd0\x1b\x15'
xortool_out/01058.out;b'un\xa4\xbev\xd0\x1bl'
xortool_out/01059.out;b'un\xa4\xbev\xd0\x1aP'
xortool_out/01060.out;b'un\xa4\xbev\xd0\x1a\x15'
xortool_out/01061.out;b'un\xa4\xbev\xd0\x1al'
xortool_out/01062.out;b'un\xa4\xbev\xd0EP'
xortool_out/01063.out;b'un\xa4\xbev\xd0E\x15'
xortool_out/01064.out;b'un\xa4\xbev\xd0El'
xortool_out/01065.out;b'un\xa4\xbev\xd0IP'
xortool_out/01066.out;b'un\xa4\xbev\xd0I\x15'
xortool_out/01067.out;b'un\xa4\xbev\xd0Il'
xortool_out/01068.out;b'un\xa4\xbev\x81\x1bP'
xortool_out/01069.out;b'un\xa4\xbev\x81\x1b\x15'
xortool_out/01070.out;b'un\xa4\xbev\x81\x1bl'
xortool_out/01071.out;b'un\xa4\xbev\x81\x1aP'
xortool_out/01072.out;b'un\xa4\xbev\x81\x1a\x15'
xortool_out/01073.out;b'un\xa4\xbev\x81\x1al'
xortool_out/01074.out;b'un\xa4\xbev\x81EP'
xortool_out/01075.out;b'un\xa4\xbev\x81E\x15'
xortool_out/01076.out;b'un\xa4\xbev\x81El'
xortool_out/01077.out;b'un\xa4\xbev\x81IP'
xortool_out/01078.out;b'un\xa4\xbev\x81I\x15'
xortool_out/01079.out;b'un\xa4\xbev\x81Il'
xortool_out/01080.out;b'un\xa4\xbev\xc5\x1bP'
xortool_out/01081.out;b'un\xa4\xbev\xc5\x1b\x15'
xortool_out/01082.out;b'un\xa4\xbev\xc5\x1bl'
xortool_out/01083.out;b'un\xa4\xbev\xc5\x1aP'
xortool_out/01084.out;b'un\xa4\xbev\xc5\x1a\x15'
xortool_out/01085.out;b'un\xa4\xbev\xc5\x1al'
xortool_out/01086.out;b'un\xa4\xbev\xc5EP'
xortool_out/01087.out;b'un\xa4\xbev\xc5E\x15'
xortool_out/01088.out;b'un\xa4\xbev\xc5El'
xortool_out/01089.out;b'un\xa4\xbev\xc5IP'
xortool_out/01090.out;b'un\xa4\xbev\xc5I\x15'
xortool_out/01091.out;b'un\xa4\xbev\xc5Il'
xortool_out/01092.out;b'un\xa4\xbev\xcc\x1bP'
xortool_out/01093.out;b'un\xa4\xbev\xcc\x1b\x15'
xortool_out/01094.out;b'un\xa4\xbev\xcc\x1bl'
xortool_out/01095.out;b'un\xa4\xbev\xcc\x1aP'
xortool_out/01096.out;b'un\xa4\xbev\xcc\x1a\x15'
xortool_out/01097.out;b'un\xa4\xbev\xcc\x1al'
xortool_out/01098.out;b'un\xa4\xbev\xccEP'
xortool_out/01099.out;b'un\xa4\xbev\xccE\x15'
xortool_out/01100.out;b'un\xa4\xbev\xccEl'
xortool_out/01101.out;b'un\xa4\xbev\xccIP'
xortool_out/01102.out;b'un\xa4\xbev\xccI\x15'
xortool_out/01103.out;b'un\xa4\xbev\xccIl'
xortool_out/01104.out;b'un\xa4\xbeK\xd0\x1bP'
xortool_out/01105.out;b'un\xa4\xbeK\xd0\x1b\x15'
xortool_out/01106.out;b'un\xa4\xbeK\xd0\x1bl'
xortool_out/01107.out;b'un\xa4\xbeK\xd0\x1aP'
xortool_out/01108.out;b'un\xa4\xbeK\xd0\x1a\x15'
xortool_out/01109.out;b'un\xa4\xbeK\xd0\x1al'
xortool_out/01110.out;b'un\xa4\xbeK\xd0EP'
xortool_out/01111.out;b'un\xa4\xbeK\xd0E\x15'
xortool_out/01112.out;b'un\xa4\xbeK\xd0El'
xortool_out/01113.out;b'un\xa4\xbeK\xd0IP'
xortool_out/01114.out;b'un\xa4\xbeK\xd0I\x15'
xortool_out/01115.out;b'un\xa4\xbeK\xd0Il'
xortool_out/01116.out;b'un\xa4\xbeK\x81\x1bP'
xortool_out/01117.out;b'un\xa4\xbeK\x81\x1b\x15'
xortool_out/01118.out;b'un\xa4\xbeK\x81\x1bl'
xortool_out/01119.out;b'un\xa4\xbeK\x81\x1aP'
xortool_out/01120.out;b'un\xa4\xbeK\x81\x1a\x15'
xortool_out/01121.out;b'un\xa4\xbeK\x81\x1al'
xortool_out/01122.out;b'un\xa4\xbeK\x81EP'
xortool_out/01123.out;b'un\xa4\xbeK\x81E\x15'
xortool_out/01124.out;b'un\xa4\xbeK\x81El'
xortool_out/01125.out;b'un\xa4\xbeK\x81IP'
xortool_out/01126.out;b'un\xa4\xbeK\x81I\x15'
xortool_out/01127.out;b'un\xa4\xbeK\x81Il'
xortool_out/01128.out;b'un\xa4\xbeK\xc5\x1bP'
xortool_out/01129.out;b'un\xa4\xbeK\xc5\x1b\x15'
xortool_out/01130.out;b'un\xa4\xbeK\xc5\x1bl'
xortool_out/01131.out;b'un\xa4\xbeK\xc5\x1aP'
xortool_out/01132.out;b'un\xa4\xbeK\xc5\x1a\x15'
xortool_out/01133.out;b'un\xa4\xbeK\xc5\x1al'
xortool_out/01134.out;b'un\xa4\xbeK\xc5EP'
xortool_out/01135.out;b'un\xa4\xbeK\xc5E\x15'
xortool_out/01136.out;b'un\xa4\xbeK\xc5El'
xortool_out/01137.out;b'un\xa4\xbeK\xc5IP'
xortool_out/01138.out;b'un\xa4\xbeK\xc5I\x15'
xortool_out/01139.out;b'un\xa4\xbeK\xc5Il'
xortool_out/01140.out;b'un\xa4\xbeK\xcc\x1bP'
xortool_out/01141.out;b'un\xa4\xbeK\xcc\x1b\x15'
xortool_out/01142.out;b'un\xa4\xbeK\xcc\x1bl'
xortool_out/01143.out;b'un\xa4\xbeK\xcc\x1aP'
xortool_out/01144.out;b'un\xa4\xbeK\xcc\x1a\x15'
xortool_out/01145.out;b'un\xa4\xbeK\xcc\x1al'
xortool_out/01146.out;b'un\xa4\xbeK\xccEP'
xortool_out/01147.out;b'un\xa4\xbeK\xccE\x15'
xortool_out/01148.out;b'un\xa4\xbeK\xccEl'
xortool_out/01149.out;b'un\xa4\xbeK\xccIP'
xortool_out/01150.out;b'un\xa4\xbeK\xccI\x15'
xortool_out/01151.out;b'un\xa4\xbeK\xccIl'
xortool_out/01152.out;b'un\xa4\xfd[\xd0\x1bP'
xortool_out/01153.out;b'un\xa4\xfd[\xd0\x1b\x15'
xortool_out/01154.out;b'un\xa4\xfd[\xd0\x1bl'
xortool_out/01155.out;b'un\xa4\xfd[\xd0\x1aP'
xortool_out/01156.out;b'un\xa4\xfd[\xd0\x1a\x15'
xortool_out/01157.out;b'un\xa4\xfd[\xd0\x1al'
xortool_out/01158.out;b'un\xa4\xfd[\xd0EP'
xortool_out/01159.out;b'un\xa4\xfd[\xd0E\x15'
xortool_out/01160.out;b'un\xa4\xfd[\xd0El'
xortool_out/01161.out;b'un\xa4\xfd[\xd0IP'
xortool_out/01162.out;b'un\xa4\xfd[\xd0I\x15'
xortool_out/01163.out;b'un\xa4\xfd[\xd0Il'
xortool_out/01164.out;b'un\xa4\xfd[\x81\x1bP'
xortool_out/01165.out;b'un\xa4\xfd[\x81\x1b\x15'
xortool_out/01166.out;b'un\xa4\xfd[\x81\x1bl'
xortool_out/01167.out;b'un\xa4\xfd[\x81\x1aP'
xortool_out/01168.out;b'un\xa4\xfd[\x81\x1a\x15'
xortool_out/01169.out;b'un\xa4\xfd[\x81\x1al'
xortool_out/01170.out;b'un\xa4\xfd[\x81EP'
xortool_out/01171.out;b'un\xa4\xfd[\x81E\x15'
xortool_out/01172.out;b'un\xa4\xfd[\x81El'
xortool_out/01173.out;b'un\xa4\xfd[\x81IP'
xortool_out/01174.out;b'un\xa4\xfd[\x81I\x15'
xortool_out/01175.out;b'un\xa4\xfd[\x81Il'
xortool_out/01176.out;b'un\xa4\xfd[\xc5\x1bP'
xortool_out/01177.out;b'un\xa4\xfd[\xc5\x1b\x15'
xortool_out/01178.out;b'un\xa4\xfd[\xc5\x1bl'
xortool_out/01179.out;b'un\xa4\xfd[\xc5\x1aP'
xortool_out/01180.out;b'un\xa4\xfd[\xc5\x1a\x15'
xortool_out/01181.out;b'un\xa4\xfd[\xc5\x1al'
xortool_out/01182.out;b'un\xa4\xfd[\xc5EP'
xortool_out/01183.out;b'un\xa4\xfd[\xc5E\x15'
xortool_out/01184.out;b'un\xa4\xfd[\xc5El'
xortool_out/01185.out;b'un\xa4\xfd[\xc5IP'
xortool_out/01186.out;b'un\xa4\xfd[\xc5I\x15'
xortool_out/01187.out;b'un\xa4\xfd[\xc5Il'
xortool_out/01188.out;b'un\xa4\xfd[\xcc\x1bP'
xortool_out/01189.out;b'un\xa4\xfd[\xcc\x1b\x15'
xortool_out/01190.out;b'un\xa4\xfd[\xcc\x1bl'
xortool_out/01191.out;b'un\xa4\xfd[\xcc\x1aP'
xortool_out/01192.out;b'un\xa4\xfd[\xcc\x1a\x15'
xortool_out/01193.out;b'un\xa4\xfd[\xcc\x1al'
xortool_out/01194.out;b'un\xa4\xfd[\xccEP'
xortool_out/01195.out;b'un\xa4\xfd[\xccE\x15'
xortool_out/01196.out;b'un\xa4\xfd[\xccEl'
xortool_out/01197.out;b'un\xa4\xfd[\xccIP'
xortool_out/01198.out;b'un\xa4\xfd[\xccI\x15'
xortool_out/01199.out;b'un\xa4\xfd[\xccIl'
xortool_out/01200.out;b'un\xa4\xfdA\xd0\x1bP'
xortool_out/01201.out;b'un\xa4\xfdA\xd0\x1b\x15'
xortool_out/01202.out;b'un\xa4\xfdA\xd0\x1bl'
xortool_out/01203.out;b'un\xa4\xfdA\xd0\x1aP'
xortool_out/01204.out;b'un\xa4\xfdA\xd0\x1a\x15'
xortool_out/01205.out;b'un\xa4\xfdA\xd0\x1al'
xortool_out/01206.out;b'un\xa4\xfdA\xd0EP'
xortool_out/01207.out;b'un\xa4\xfdA\xd0E\x15'
xortool_out/01208.out;b'un\xa4\xfdA\xd0El'
xortool_out/01209.out;b'un\xa4\xfdA\xd0IP'
xortool_out/01210.out;b'un\xa4\xfdA\xd0I\x15'
xortool_out/01211.out;b'un\xa4\xfdA\xd0Il'
xortool_out/01212.out;b'un\xa4\xfdA\x81\x1bP'
xortool_out/01213.out;b'un\xa4\xfdA\x81\x1b\x15'
xortool_out/01214.out;b'un\xa4\xfdA\x81\x1bl'
xortool_out/01215.out;b'un\xa4\xfdA\x81\x1aP'
xortool_out/01216.out;b'un\xa4\xfdA\x81\x1a\x15'
xortool_out/01217.out;b'un\xa4\xfdA\x81\x1al'
xortool_out/01218.out;b'un\xa4\xfdA\x81EP'
xortool_out/01219.out;b'un\xa4\xfdA\x81E\x15'
xortool_out/01220.out;b'un\xa4\xfdA\x81El'
xortool_out/01221.out;b'un\xa4\xfdA\x81IP'
xortool_out/01222.out;b'un\xa4\xfdA\x81I\x15'
xortool_out/01223.out;b'un\xa4\xfdA\x81Il'
xortool_out/01224.out;b'un\xa4\xfdA\xc5\x1bP'
xortool_out/01225.out;b'un\xa4\xfdA\xc5\x1b\x15'
xortool_out/01226.out;b'un\xa4\xfdA\xc5\x1bl'
xortool_out/01227.out;b'un\xa4\xfdA\xc5\x1aP'
xortool_out/01228.out;b'un\xa4\xfdA\xc5\x1a\x15'
xortool_out/01229.out;b'un\xa4\xfdA\xc5\x1al'
xortool_out/01230.out;b'un\xa4\xfdA\xc5EP'
xortool_out/01231.out;b'un\xa4\xfdA\xc5E\x15'
xortool_out/01232.out;b'un\xa4\xfdA\xc5El'
xortool_out/01233.out;b'un\xa4\xfdA\xc5IP'
xortool_out/01234.out;b'un\xa4\xfdA\xc5I\x15'
xortool_out/01235.out;b'un\xa4\xfdA\xc5Il'
xortool_out/01236.out;b'un\xa4\xfdA\xcc\x1bP'
xortool_out/01237.out;b'un\xa4\xfdA\xcc\x1b\x15'
xortool_out/01238.out;b'un\xa4\xfdA\xcc\x1bl'
xortool_out/01239.out;b'un\xa4\xfdA\xcc\x1aP'
xortool_out/01240.out;b'un\xa4\xfdA\xcc\x1a\x15'
xortool_out/01241.out;b'un\xa4\xfdA\xcc\x1al'
xortool_out/01242.out;b'un\xa4\xfdA\xccEP'
xortool_out/01243.out;b'un\xa4\xfdA\xccE\x15'
xortool_out/01244.out;b'un\xa4\xfdA\xccEl'
xortool_out/01245.out;b'un\xa4\xfdA\xccIP'
xortool_out/01246.out;b'un\xa4\xfdA\xccI\x15'
xortool_out/01247.out;b'un\xa4\xfdA\xccIl'
xortool_out/01248.out;b'un\xa4\xfdv\xd0\x1bP'
xortool_out/01249.out;b'un\xa4\xfdv\xd0\x1b\x15'
xortool_out/01250.out;b'un\xa4\xfdv\xd0\x1bl'
xortool_out/01251.out;b'un\xa4\xfdv\xd0\x1aP'
xortool_out/01252.out;b'un\xa4\xfdv\xd0\x1a\x15'
xortool_out/01253.out;b'un\xa4\xfdv\xd0\x1al'
xortool_out/01254.out;b'un\xa4\xfdv\xd0EP'
xortool_out/01255.out;b'un\xa4\xfdv\xd0E\x15'
xortool_out/01256.out;b'un\xa4\xfdv\xd0El'
xortool_out/01257.out;b'un\xa4\xfdv\xd0IP'
xortool_out/01258.out;b'un\xa4\xfdv\xd0I\x15'
xortool_out/01259.out;b'un\xa4\xfdv\xd0Il'
xortool_out/01260.out;b'un\xa4\xfdv\x81\x1bP'
xortool_out/01261.out;b'un\xa4\xfdv\x81\x1b\x15'
xortool_out/01262.out;b'un\xa4\xfdv\x81\x1bl'
xortool_out/01263.out;b'un\xa4\xfdv\x81\x1aP'
xortool_out/01264.out;b'un\xa4\xfdv\x81\x1a\x15'
xortool_out/01265.out;b'un\xa4\xfdv\x81\x1al'
xortool_out/01266.out;b'un\xa4\xfdv\x81EP'
xortool_out/01267.out;b'un\xa4\xfdv\x81E\x15'
xortool_out/01268.out;b'un\xa4\xfdv\x81El'
xortool_out/01269.out;b'un\xa4\xfdv\x81IP'
xortool_out/01270.out;b'un\xa4\xfdv\x81I\x15'
xortool_out/01271.out;b'un\xa4\xfdv\x81Il'
xortool_out/01272.out;b'un\xa4\xfdv\xc5\x1bP'
xortool_out/01273.out;b'un\xa4\xfdv\xc5\x1b\x15'
xortool_out/01274.out;b'un\xa4\xfdv\xc5\x1bl'
xortool_out/01275.out;b'un\xa4\xfdv\xc5\x1aP'
xortool_out/01276.out;b'un\xa4\xfdv\xc5\x1a\x15'
xortool_out/01277.out;b'un\xa4\xfdv\xc5\x1al'
xortool_out/01278.out;b'un\xa4\xfdv\xc5EP'
xortool_out/01279.out;b'un\xa4\xfdv\xc5E\x15'
xortool_out/01280.out;b'un\xa4\xfdv\xc5El'
xortool_out/01281.out;b'un\xa4\xfdv\xc5IP'
xortool_out/01282.out;b'un\xa4\xfdv\xc5I\x15'
xortool_out/01283.out;b'un\xa4\xfdv\xc5Il'
xortool_out/01284.out;b'un\xa4\xfdv\xcc\x1bP'
xortool_out/01285.out;b'un\xa4\xfdv\xcc\x1b\x15'
xortool_out/01286.out;b'un\xa4\xfdv\xcc\x1bl'
xortool_out/01287.out;b'un\xa4\xfdv\xcc\x1aP'
xortool_out/01288.out;b'un\xa4\xfdv\xcc\x1a\x15'
xortool_out/01289.out;b'un\xa4\xfdv\xcc\x1al'
xortool_out/01290.out;b'un\xa4\xfdv\xccEP'
xortool_out/01291.out;b'un\xa4\xfdv\xccE\x15'
xortool_out/01292.out;b'un\xa4\xfdv\xccEl'
xortool_out/01293.out;b'un\xa4\xfdv\xccIP'
xortool_out/01294.out;b'un\xa4\xfdv\xccI\x15'
xortool_out/01295.out;b'un\xa4\xfdv\xccIl'
xortool_out/01296.out;b'un\xa4\xfdK\xd0\x1bP'
xortool_out/01297.out;b'un\xa4\xfdK\xd0\x1b\x15'
xortool_out/01298.out;b'un\xa4\xfdK\xd0\x1bl'
xortool_out/01299.out;b'un\xa4\xfdK\xd0\x1aP'
xortool_out/01300.out;b'un\xa4\xfdK\xd0\x1a\x15'
xortool_out/01301.out;b'un\xa4\xfdK\xd0\x1al'
xortool_out/01302.out;b'un\xa4\xfdK\xd0EP'
xortool_out/01303.out;b'un\xa4\xfdK\xd0E\x15'
xortool_out/01304.out;b'un\xa4\xfdK\xd0El'
xortool_out/01305.out;b'un\xa4\xfdK\xd0IP'
xortool_out/01306.out;b'un\xa4\xfdK\xd0I\x15'
xortool_out/01307.out;b'un\xa4\xfdK\xd0Il'
xortool_out/01308.out;b'un\xa4\xfdK\x81\x1bP'
xortool_out/01309.out;b'un\xa4\xfdK\x81\x1b\x15'
xortool_out/01310.out;b'un\xa4\xfdK\x81\x1bl'
xortool_out/01311.out;b'un\xa4\xfdK\x81\x1aP'
xortool_out/01312.out;b'un\xa4\xfdK\x81\x1a\x15'
xortool_out/01313.out;b'un\xa4\xfdK\x81\x1al'
xortool_out/01314.out;b'un\xa4\xfdK\x81EP'
xortool_out/01315.out;b'un\xa4\xfdK\x81E\x15'
xortool_out/01316.out;b'un\xa4\xfdK\x81El'
xortool_out/01317.out;b'un\xa4\xfdK\x81IP'
xortool_out/01318.out;b'un\xa4\xfdK\x81I\x15'
xortool_out/01319.out;b'un\xa4\xfdK\x81Il'
xortool_out/01320.out;b'un\xa4\xfdK\xc5\x1bP'
xortool_out/01321.out;b'un\xa4\xfdK\xc5\x1b\x15'
xortool_out/01322.out;b'un\xa4\xfdK\xc5\x1bl'
xortool_out/01323.out;b'un\xa4\xfdK\xc5\x1aP'
xortool_out/01324.out;b'un\xa4\xfdK\xc5\x1a\x15'
xortool_out/01325.out;b'un\xa4\xfdK\xc5\x1al'
xortool_out/01326.out;b'un\xa4\xfdK\xc5EP'
xortool_out/01327.out;b'un\xa4\xfdK\xc5E\x15'
xortool_out/01328.out;b'un\xa4\xfdK\xc5El'
xortool_out/01329.out;b'un\xa4\xfdK\xc5IP'
xortool_out/01330.out;b'un\xa4\xfdK\xc5I\x15'
xortool_out/01331.out;b'un\xa4\xfdK\xc5Il'
xortool_out/01332.out;b'un\xa4\xfdK\xcc\x1bP'
xortool_out/01333.out;b'un\xa4\xfdK\xcc\x1b\x15'
xortool_out/01334.out;b'un\xa4\xfdK\xcc\x1bl'
xortool_out/01335.out;b'un\xa4\xfdK\xcc\x1aP'
xortool_out/01336.out;b'un\xa4\xfdK\xcc\x1a\x15'
xortool_out/01337.out;b'un\xa4\xfdK\xcc\x1al'
xortool_out/01338.out;b'un\xa4\xfdK\xccEP'
xortool_out/01339.out;b'un\xa4\xfdK\xccE\x15'
xortool_out/01340.out;b'un\xa4\xfdK\xccEl'
xortool_out/01341.out;b'un\xa4\xfdK\xccIP'
xortool_out/01342.out;b'un\xa4\xfdK\xccI\x15'
xortool_out/01343.out;b'un\xa4\xfdK\xccIl'
xortool_out/01344.out;b'un\xa4\xfc[\xd0\x1bP'
xortool_out/01345.out;b'un\xa4\xfc[\xd0\x1b\x15'
xortool_out/01346.out;b'un\xa4\xfc[\xd0\x1bl'
xortool_out/01347.out;b'un\xa4\xfc[\xd0\x1aP'
xortool_out/01348.out;b'un\xa4\xfc[\xd0\x1a\x15'
xortool_out/01349.out;b'un\xa4\xfc[\xd0\x1al'
xortool_out/01350.out;b'un\xa4\xfc[\xd0EP'
xortool_out/01351.out;b'un\xa4\xfc[\xd0E\x15'
xortool_out/01352.out;b'un\xa4\xfc[\xd0El'
xortool_out/01353.out;b'un\xa4\xfc[\xd0IP'
xortool_out/01354.out;b'un\xa4\xfc[\xd0I\x15'
xortool_out/01355.out;b'un\xa4\xfc[\xd0Il'
xortool_out/01356.out;b'un\xa4\xfc[\x81\x1bP'
xortool_out/01357.out;b'un\xa4\xfc[\x81\x1b\x15'
xortool_out/01358.out;b'un\xa4\xfc[\x81\x1bl'
xortool_out/01359.out;b'un\xa4\xfc[\x81\x1aP'
xortool_out/01360.out;b'un\xa4\xfc[\x81\x1a\x15'
xortool_out/01361.out;b'un\xa4\xfc[\x81\x1al'
xortool_out/01362.out;b'un\xa4\xfc[\x81EP'
xortool_out/01363.out;b'un\xa4\xfc[\x81E\x15'
xortool_out/01364.out;b'un\xa4\xfc[\x81El'
xortool_out/01365.out;b'un\xa4\xfc[\x81IP'
xortool_out/01366.out;b'un\xa4\xfc[\x81I\x15'
xortool_out/01367.out;b'un\xa4\xfc[\x81Il'
xortool_out/01368.out;b'un\xa4\xfc[\xc5\x1bP'
xortool_out/01369.out;b'un\xa4\xfc[\xc5\x1b\x15'
xortool_out/01370.out;b'un\xa4\xfc[\xc5\x1bl'
xortool_out/01371.out;b'un\xa4\xfc[\xc5\x1aP'
xortool_out/01372.out;b'un\xa4\xfc[\xc5\x1a\x15'
xortool_out/01373.out;b'un\xa4\xfc[\xc5\x1al'
xortool_out/01374.out;b'un\xa4\xfc[\xc5EP'
xortool_out/01375.out;b'un\xa4\xfc[\xc5E\x15'
xortool_out/01376.out;b'un\xa4\xfc[\xc5El'
xortool_out/01377.out;b'un\xa4\xfc[\xc5IP'
xortool_out/01378.out;b'un\xa4\xfc[\xc5I\x15'
xortool_out/01379.out;b'un\xa4\xfc[\xc5Il'
xortool_out/01380.out;b'un\xa4\xfc[\xcc\x1bP'
xortool_out/01381.out;b'un\xa4\xfc[\xcc\x1b\x15'
xortool_out/01382.out;b'un\xa4\xfc[\xcc\x1bl'
xortool_out/01383.out;b'un\xa4\xfc[\xcc\x1aP'
xortool_out/01384.out;b'un\xa4\xfc[\xcc\x1a\x15'
xortool_out/01385.out;b'un\xa4\xfc[\xcc\x1al'
xortool_out/01386.out;b'un\xa4\xfc[\xccEP'
xortool_out/01387.out;b'un\xa4\xfc[\xccE\x15'
xortool_out/01388.out;b'un\xa4\xfc[\xccEl'
xortool_out/01389.out;b'un\xa4\xfc[\xccIP'
xortool_out/01390.out;b'un\xa4\xfc[\xccI\x15'
xortool_out/01391.out;b'un\xa4\xfc[\xccIl'
xortool_out/01392.out;b'un\xa4\xfcA\xd0\x1bP'
xortool_out/01393.out;b'un\xa4\xfcA\xd0\x1b\x15'
xortool_out/01394.out;b'un\xa4\xfcA\xd0\x1bl'
xortool_out/01395.out;b'un\xa4\xfcA\xd0\x1aP'
xortool_out/01396.out;b'un\xa4\xfcA\xd0\x1a\x15'
xortool_out/01397.out;b'un\xa4\xfcA\xd0\x1al'
xortool_out/01398.out;b'un\xa4\xfcA\xd0EP'
xortool_out/01399.out;b'un\xa4\xfcA\xd0E\x15'
xortool_out/01400.out;b'un\xa4\xfcA\xd0El'
xortool_out/01401.out;b'un\xa4\xfcA\xd0IP'
xortool_out/01402.out;b'un\xa4\xfcA\xd0I\x15'
xortool_out/01403.out;b'un\xa4\xfcA\xd0Il'
xortool_out/01404.out;b'un\xa4\xfcA\x81\x1bP'
xortool_out/01405.out;b'un\xa4\xfcA\x81\x1b\x15'
xortool_out/01406.out;b'un\xa4\xfcA\x81\x1bl'
xortool_out/01407.out;b'un\xa4\xfcA\x81\x1aP'
xortool_out/01408.out;b'un\xa4\xfcA\x81\x1a\x15'
xortool_out/01409.out;b'un\xa4\xfcA\x81\x1al'
xortool_out/01410.out;b'un\xa4\xfcA\x81EP'
xortool_out/01411.out;b'un\xa4\xfcA\x81E\x15'
xortool_out/01412.out;b'un\xa4\xfcA\x81El'
xortool_out/01413.out;b'un\xa4\xfcA\x81IP'
xortool_out/01414.out;b'un\xa4\xfcA\x81I\x15'
xortool_out/01415.out;b'un\xa4\xfcA\x81Il'
xortool_out/01416.out;b'un\xa4\xfcA\xc5\x1bP'
xortool_out/01417.out;b'un\xa4\xfcA\xc5\x1b\x15'
xortool_out/01418.out;b'un\xa4\xfcA\xc5\x1bl'
xortool_out/01419.out;b'un\xa4\xfcA\xc5\x1aP'
xortool_out/01420.out;b'un\xa4\xfcA\xc5\x1a\x15'
xortool_out/01421.out;b'un\xa4\xfcA\xc5\x1al'
xortool_out/01422.out;b'un\xa4\xfcA\xc5EP'
xortool_out/01423.out;b'un\xa4\xfcA\xc5E\x15'
xortool_out/01424.out;b'un\xa4\xfcA\xc5El'
xortool_out/01425.out;b'un\xa4\xfcA\xc5IP'
xortool_out/01426.out;b'un\xa4\xfcA\xc5I\x15'
xortool_out/01427.out;b'un\xa4\xfcA\xc5Il'
xortool_out/01428.out;b'un\xa4\xfcA\xcc\x1bP'
xortool_out/01429.out;b'un\xa4\xfcA\xcc\x1b\x15'
xortool_out/01430.out;b'un\xa4\xfcA\xcc\x1bl'
xortool_out/01431.out;b'un\xa4\xfcA\xcc\x1aP'
xortool_out/01432.out;b'un\xa4\xfcA\xcc\x1a\x15'
xortool_out/01433.out;b'un\xa4\xfcA\xcc\x1al'
xortool_out/01434.out;b'un\xa4\xfcA\xccEP'
xortool_out/01435.out;b'un\xa4\xfcA\xccE\x15'
xortool_out/01436.out;b'un\xa4\xfcA\xccEl'
xortool_out/01437.out;b'un\xa4\xfcA\xccIP'
xortool_out/01438.out;b'un\xa4\xfcA\xccI\x15'
xortool_out/01439.out;b'un\xa4\xfcA\xccIl'
xortool_out/01440.out;b'un\xa4\xfcv\xd0\x1bP'
xortool_out/01441.out;b'un\xa4\xfcv\xd0\x1b\x15'
xortool_out/01442.out;b'un\xa4\xfcv\xd0\x1bl'
xortool_out/01443.out;b'un\xa4\xfcv\xd0\x1aP'
xortool_out/01444.out;b'un\xa4\xfcv\xd0\x1a\x15'
xortool_out/01445.out;b'un\xa4\xfcv\xd0\x1al'
xortool_out/01446.out;b'un\xa4\xfcv\xd0EP'
xortool_out/01447.out;b'un\xa4\xfcv\xd0E\x15'
xortool_out/01448.out;b'un\xa4\xfcv\xd0El'
xortool_out/01449.out;b'un\xa4\xfcv\xd0IP'
xortool_out/01450.out;b'un\xa4\xfcv\xd0I\x15'
xortool_out/01451.out;b'un\xa4\xfcv\xd0Il'
xortool_out/01452.out;b'un\xa4\xfcv\x81\x1bP'
xortool_out/01453.out;b'un\xa4\xfcv\x81\x1b\x15'
xortool_out/01454.out;b'un\xa4\xfcv\x81\x1bl'
xortool_out/01455.out;b'un\xa4\xfcv\x81\x1aP'
xortool_out/01456.out;b'un\xa4\xfcv\x81\x1a\x15'
xortool_out/01457.out;b'un\xa4\xfcv\x81\x1al'
xortool_out/01458.out;b'un\xa4\xfcv\x81EP'
xortool_out/01459.out;b'un\xa4\xfcv\x81E\x15'
xortool_out/01460.out;b'un\xa4\xfcv\x81El'
xortool_out/01461.out;b'un\xa4\xfcv\x81IP'
xortool_out/01462.out;b'un\xa4\xfcv\x81I\x15'
xortool_out/01463.out;b'un\xa4\xfcv\x81Il'
xortool_out/01464.out;b'un\xa4\xfcv\xc5\x1bP'
xortool_out/01465.out;b'un\xa4\xfcv\xc5\x1b\x15'
xortool_out/01466.out;b'un\xa4\xfcv\xc5\x1bl'
xortool_out/01467.out;b'un\xa4\xfcv\xc5\x1aP'
xortool_out/01468.out;b'un\xa4\xfcv\xc5\x1a\x15'
xortool_out/01469.out;b'un\xa4\xfcv\xc5\x1al'
xortool_out/01470.out;b'un\xa4\xfcv\xc5EP'
xortool_out/01471.out;b'un\xa4\xfcv\xc5E\x15'
xortool_out/01472.out;b'un\xa4\xfcv\xc5El'
xortool_out/01473.out;b'un\xa4\xfcv\xc5IP'
xortool_out/01474.out;b'un\xa4\xfcv\xc5I\x15'
xortool_out/01475.out;b'un\xa4\xfcv\xc5Il'
xortool_out/01476.out;b'un\xa4\xfcv\xcc\x1bP'
xortool_out/01477.out;b'un\xa4\xfcv\xcc\x1b\x15'
xortool_out/01478.out;b'un\xa4\xfcv\xcc\x1bl'
xortool_out/01479.out;b'un\xa4\xfcv\xcc\x1aP'
xortool_out/01480.out;b'un\xa4\xfcv\xcc\x1a\x15'
xortool_out/01481.out;b'un\xa4\xfcv\xcc\x1al'
xortool_out/01482.out;b'un\xa4\xfcv\xccEP'
xortool_out/01483.out;b'un\xa4\xfcv\xccE\x15'
xortool_out/01484.out;b'un\xa4\xfcv\xccEl'
xortool_out/01485.out;b'un\xa4\xfcv\xccIP'
xortool_out/01486.out;b'un\xa4\xfcv\xccI\x15'
xortool_out/01487.out;b'un\xa4\xfcv\xccIl'
xortool_out/01488.out;b'un\xa4\xfcK\xd0\x1bP'
xortool_out/01489.out;b'un\xa4\xfcK\xd0\x1b\x15'
xortool_out/01490.out;b'un\xa4\xfcK\xd0\x1bl'
xortool_out/01491.out;b'un\xa4\xfcK\xd0\x1aP'
xortool_out/01492.out;b'un\xa4\xfcK\xd0\x1a\x15'
xortool_out/01493.out;b'un\xa4\xfcK\xd0\x1al'
xortool_out/01494.out;b'un\xa4\xfcK\xd0EP'
xortool_out/01495.out;b'un\xa4\xfcK\xd0E\x15'
xortool_out/01496.out;b'un\xa4\xfcK\xd0El'
xortool_out/01497.out;b'un\xa4\xfcK\xd0IP'
xortool_out/01498.out;b'un\xa4\xfcK\xd0I\x15'
xortool_out/01499.out;b'un\xa4\xfcK\xd0Il'
xortool_out/01500.out;b'un\xa4\xfcK\x81\x1bP'
xortool_out/01501.out;b'un\xa4\xfcK\x81\x1b\x15'
xortool_out/01502.out;b'un\xa4\xfcK\x81\x1bl'
xortool_out/01503.out;b'un\xa4\xfcK\x81\x1aP'
xortool_out/01504.out;b'un\xa4\xfcK\x81\x1a\x15'
xortool_out/01505.out;b'un\xa4\xfcK\x81\x1al'
xortool_out/01506.out;b'un\xa4\xfcK\x81EP'
xortool_out/01507.out;b'un\xa4\xfcK\x81E\x15'
xortool_out/01508.out;b'un\xa4\xfcK\x81El'
xortool_out/01509.out;b'un\xa4\xfcK\x81IP'
xortool_out/01510.out;b'un\xa4\xfcK\x81I\x15'
xortool_out/01511.out;b'un\xa4\xfcK\x81Il'
xortool_out/01512.out;b'un\xa4\xfcK\xc5\x1bP'
xortool_out/01513.out;b'un\xa4\xfcK\xc5\x1b\x15'
xortool_out/01514.out;b'un\xa4\xfcK\xc5\x1bl'
xortool_out/01515.out;b'un\xa4\xfcK\xc5\x1aP'
xortool_out/01516.out;b'un\xa4\xfcK\xc5\x1a\x15'
xortool_out/01517.out;b'un\xa4\xfcK\xc5\x1al'
xortool_out/01518.out;b'un\xa4\xfcK\xc5EP'
xortool_out/01519.out;b'un\xa4\xfcK\xc5E\x15'
xortool_out/01520.out;b'un\xa4\xfcK\xc5El'
xortool_out/01521.out;b'un\xa4\xfcK\xc5IP'
xortool_out/01522.out;b'un\xa4\xfcK\xc5I\x15'
xortool_out/01523.out;b'un\xa4\xfcK\xc5Il'
xortool_out/01524.out;b'un\xa4\xfcK\xcc\x1bP'
xortool_out/01525.out;b'un\xa4\xfcK\xcc\x1b\x15'
xortool_out/01526.out;b'un\xa4\xfcK\xcc\x1bl'
xortool_out/01527.out;b'un\xa4\xfcK\xcc\x1aP'
xortool_out/01528.out;b'un\xa4\xfcK\xcc\x1a\x15'
xortool_out/01529.out;b'un\xa4\xfcK\xcc\x1al'
xortool_out/01530.out;b'un\xa4\xfcK\xccEP'
xortool_out/01531.out;b'un\xa4\xfcK\xccE\x15'
xortool_out/01532.out;b'un\xa4\xfcK\xccEl'
xortool_out/01533.out;b'un\xa4\xfcK\xccIP'
xortool_out/01534.out;b'un\xa4\xfcK\xccI\x15'
xortool_out/01535.out;b'un\xa4\xfcK\xccIl'
xortool_out/01536.out;b'un\xe6\xfb[\xd0\x1bP'
xortool_out/01537.out;b'un\xe6\xfb[\xd0\x1b\x15'
xortool_out/01538.out;b'un\xe6\xfb[\xd0\x1bl'
xortool_out/01539.out;b'un\xe6\xfb[\xd0\x1aP'
xortool_out/01540.out;b'un\xe6\xfb[\xd0\x1a\x15'
xortool_out/01541.out;b'un\xe6\xfb[\xd0\x1al'
xortool_out/01542.out;b'un\xe6\xfb[\xd0EP'
xortool_out/01543.out;b'un\xe6\xfb[\xd0E\x15'
xortool_out/01544.out;b'un\xe6\xfb[\xd0El'
xortool_out/01545.out;b'un\xe6\xfb[\xd0IP'
xortool_out/01546.out;b'un\xe6\xfb[\xd0I\x15'
xortool_out/01547.out;b'un\xe6\xfb[\xd0Il'
xortool_out/01548.out;b'un\xe6\xfb[\x81\x1bP'
xortool_out/01549.out;b'un\xe6\xfb[\x81\x1b\x15'
xortool_out/01550.out;b'un\xe6\xfb[\x81\x1bl'
xortool_out/01551.out;b'un\xe6\xfb[\x81\x1aP'
xortool_out/01552.out;b'un\xe6\xfb[\x81\x1a\x15'
xortool_out/01553.out;b'un\xe6\xfb[\x81\x1al'
xortool_out/01554.out;b'un\xe6\xfb[\x81EP'
xortool_out/01555.out;b'un\xe6\xfb[\x81E\x15'
xortool_out/01556.out;b'un\xe6\xfb[\x81El'
xortool_out/01557.out;b'un\xe6\xfb[\x81IP'
xortool_out/01558.out;b'un\xe6\xfb[\x81I\x15'
xortool_out/01559.out;b'un\xe6\xfb[\x81Il'
xortool_out/01560.out;b'un\xe6\xfb[\xc5\x1bP'
xortool_out/01561.out;b'un\xe6\xfb[\xc5\x1b\x15'
xortool_out/01562.out;b'un\xe6\xfb[\xc5\x1bl'
xortool_out/01563.out;b'un\xe6\xfb[\xc5\x1aP'
xortool_out/01564.out;b'un\xe6\xfb[\xc5\x1a\x15'
xortool_out/01565.out;b'un\xe6\xfb[\xc5\x1al'
xortool_out/01566.out;b'un\xe6\xfb[\xc5EP'
xortool_out/01567.out;b'un\xe6\xfb[\xc5E\x15'
xortool_out/01568.out;b'un\xe6\xfb[\xc5El'
xortool_out/01569.out;b'un\xe6\xfb[\xc5IP'
xortool_out/01570.out;b'un\xe6\xfb[\xc5I\x15'
xortool_out/01571.out;b'un\xe6\xfb[\xc5Il'
xortool_out/01572.out;b'un\xe6\xfb[\xcc\x1bP'
xortool_out/01573.out;b'un\xe6\xfb[\xcc\x1b\x15'
xortool_out/01574.out;b'un\xe6\xfb[\xcc\x1bl'
xortool_out/01575.out;b'un\xe6\xfb[\xcc\x1aP'
xortool_out/01576.out;b'un\xe6\xfb[\xcc\x1a\x15'
xortool_out/01577.out;b'un\xe6\xfb[\xcc\x1al'
xortool_out/01578.out;b'un\xe6\xfb[\xccEP'
xortool_out/01579.out;b'un\xe6\xfb[\xccE\x15'
xortool_out/01580.out;b'un\xe6\xfb[\xccEl'
xortool_out/01581.out;b'un\xe6\xfb[\xccIP'
xortool_out/01582.out;b'un\xe6\xfb[\xccI\x15'
xortool_out/01583.out;b'un\xe6\xfb[\xccIl'
xortool_out/01584.out;b'un\xe6\xfbA\xd0\x1bP'
xortool_out/01585.out;b'un\xe6\xfbA\xd0\x1b\x15'
xortool_out/01586.out;b'un\xe6\xfbA\xd0\x1bl'
xortool_out/01587.out;b'un\xe6\xfbA\xd0\x1aP'
xortool_out/01588.out;b'un\xe6\xfbA\xd0\x1a\x15'
xortool_out/01589.out;b'un\xe6\xfbA\xd0\x1al'
xortool_out/01590.out;b'un\xe6\xfbA\xd0EP'
xortool_out/01591.out;b'un\xe6\xfbA\xd0E\x15'
xortool_out/01592.out;b'un\xe6\xfbA\xd0El'
xortool_out/01593.out;b'un\xe6\xfbA\xd0IP'
xortool_out/01594.out;b'un\xe6\xfbA\xd0I\x15'
xortool_out/01595.out;b'un\xe6\xfbA\xd0Il'
xortool_out/01596.out;b'un\xe6\xfbA\x81\x1bP'
xortool_out/01597.out;b'un\xe6\xfbA\x81\x1b\x15'
xortool_out/01598.out;b'un\xe6\xfbA\x81\x1bl'
xortool_out/01599.out;b'un\xe6\xfbA\x81\x1aP'
xortool_out/01600.out;b'un\xe6\xfbA\x81\x1a\x15'
xortool_out/01601.out;b'un\xe6\xfbA\x81\x1al'
xortool_out/01602.out;b'un\xe6\xfbA\x81EP'
xortool_out/01603.out;b'un\xe6\xfbA\x81E\x15'
xortool_out/01604.out;b'un\xe6\xfbA\x81El'
xortool_out/01605.out;b'un\xe6\xfbA\x81IP'
xortool_out/01606.out;b'un\xe6\xfbA\x81I\x15'
xortool_out/01607.out;b'un\xe6\xfbA\x81Il'
xortool_out/01608.out;b'un\xe6\xfbA\xc5\x1bP'
xortool_out/01609.out;b'un\xe6\xfbA\xc5\x1b\x15'
xortool_out/01610.out;b'un\xe6\xfbA\xc5\x1bl'
xortool_out/01611.out;b'un\xe6\xfbA\xc5\x1aP'
xortool_out/01612.out;b'un\xe6\xfbA\xc5\x1a\x15'
xortool_out/01613.out;b'un\xe6\xfbA\xc5\x1al'
xortool_out/01614.out;b'un\xe6\xfbA\xc5EP'
xortool_out/01615.out;b'un\xe6\xfbA\xc5E\x15'
xortool_out/01616.out;b'un\xe6\xfbA\xc5El'
xortool_out/01617.out;b'un\xe6\xfbA\xc5IP'
xortool_out/01618.out;b'un\xe6\xfbA\xc5I\x15'
xortool_out/01619.out;b'un\xe6\xfbA\xc5Il'
xortool_out/01620.out;b'un\xe6\xfbA\xcc\x1bP'
xortool_out/01621.out;b'un\xe6\xfbA\xcc\x1b\x15'
xortool_out/01622.out;b'un\xe6\xfbA\xcc\x1bl'
xortool_out/01623.out;b'un\xe6\xfbA\xcc\x1aP'
xortool_out/01624.out;b'un\xe6\xfbA\xcc\x1a\x15'
xortool_out/01625.out;b'un\xe6\xfbA\xcc\x1al'
xortool_out/01626.out;b'un\xe6\xfbA\xccEP'
xortool_out/01627.out;b'un\xe6\xfbA\xccE\x15'
xortool_out/01628.out;b'un\xe6\xfbA\xccEl'
xortool_out/01629.out;b'un\xe6\xfbA\xccIP'
xortool_out/01630.out;b'un\xe6\xfbA\xccI\x15'
xortool_out/01631.out;b'un\xe6\xfbA\xccIl'
xortool_out/01632.out;b'un\xe6\xfbv\xd0\x1bP'
xortool_out/01633.out;b'un\xe6\xfbv\xd0\x1b\x15'
xortool_out/01634.out;b'un\xe6\xfbv\xd0\x1bl'
xortool_out/01635.out;b'un\xe6\xfbv\xd0\x1aP'
xortool_out/01636.out;b'un\xe6\xfbv\xd0\x1a\x15'
xortool_out/01637.out;b'un\xe6\xfbv\xd0\x1al'
xortool_out/01638.out;b'un\xe6\xfbv\xd0EP'
xortool_out/01639.out;b'un\xe6\xfbv\xd0E\x15'
xortool_out/01640.out;b'un\xe6\xfbv\xd0El'
xortool_out/01641.out;b'un\xe6\xfbv\xd0IP'
xortool_out/01642.out;b'un\xe6\xfbv\xd0I\x15'
xortool_out/01643.out;b'un\xe6\xfbv\xd0Il'
xortool_out/01644.out;b'un\xe6\xfbv\x81\x1bP'
xortool_out/01645.out;b'un\xe6\xfbv\x81\x1b\x15'
xortool_out/01646.out;b'un\xe6\xfbv\x81\x1bl'
xortool_out/01647.out;b'un\xe6\xfbv\x81\x1aP'
xortool_out/01648.out;b'un\xe6\xfbv\x81\x1a\x15'
xortool_out/01649.out;b'un\xe6\xfbv\x81\x1al'
xortool_out/01650.out;b'un\xe6\xfbv\x81EP'
xortool_out/01651.out;b'un\xe6\xfbv\x81E\x15'
xortool_out/01652.out;b'un\xe6\xfbv\x81El'
xortool_out/01653.out;b'un\xe6\xfbv\x81IP'
xortool_out/01654.out;b'un\xe6\xfbv\x81I\x15'
xortool_out/01655.out;b'un\xe6\xfbv\x81Il'
xortool_out/01656.out;b'un\xe6\xfbv\xc5\x1bP'
xortool_out/01657.out;b'un\xe6\xfbv\xc5\x1b\x15'
xortool_out/01658.out;b'un\xe6\xfbv\xc5\x1bl'
xortool_out/01659.out;b'un\xe6\xfbv\xc5\x1aP'
xortool_out/01660.out;b'un\xe6\xfbv\xc5\x1a\x15'
xortool_out/01661.out;b'un\xe6\xfbv\xc5\x1al'
xortool_out/01662.out;b'un\xe6\xfbv\xc5EP'
xortool_out/01663.out;b'un\xe6\xfbv\xc5E\x15'
xortool_out/01664.out;b'un\xe6\xfbv\xc5El'
xortool_out/01665.out;b'un\xe6\xfbv\xc5IP'
xortool_out/01666.out;b'un\xe6\xfbv\xc5I\x15'
xortool_out/01667.out;b'un\xe6\xfbv\xc5Il'
xortool_out/01668.out;b'un\xe6\xfbv\xcc\x1bP'
xortool_out/01669.out;b'un\xe6\xfbv\xcc\x1b\x15'
xortool_out/01670.out;b'un\xe6\xfbv\xcc\x1bl'
xortool_out/01671.out;b'un\xe6\xfbv\xcc\x1aP'
xortool_out/01672.out;b'un\xe6\xfbv\xcc\x1a\x15'
xortool_out/01673.out;b'un\xe6\xfbv\xcc\x1al'
xortool_out/01674.out;b'un\xe6\xfbv\xccEP'
xortool_out/01675.out;b'un\xe6\xfbv\xccE\x15'
xortool_out/01676.out;b'un\xe6\xfbv\xccEl'
xortool_out/01677.out;b'un\xe6\xfbv\xccIP'
xortool_out/01678.out;b'un\xe6\xfbv\xccI\x15'
xortool_out/01679.out;b'un\xe6\xfbv\xccIl'
xortool_out/01680.out;b'un\xe6\xfbK\xd0\x1bP'
xortool_out/01681.out;b'un\xe6\xfbK\xd0\x1b\x15'
xortool_out/01682.out;b'un\xe6\xfbK\xd0\x1bl'
xortool_out/01683.out;b'un\xe6\xfbK\xd0\x1aP'
xortool_out/01684.out;b'un\xe6\xfbK\xd0\x1a\x15'
xortool_out/01685.out;b'un\xe6\xfbK\xd0\x1al'
xortool_out/01686.out;b'un\xe6\xfbK\xd0EP'
xortool_out/01687.out;b'un\xe6\xfbK\xd0E\x15'
xortool_out/01688.out;b'un\xe6\xfbK\xd0El'
xortool_out/01689.out;b'un\xe6\xfbK\xd0IP'
xortool_out/01690.out;b'un\xe6\xfbK\xd0I\x15'
xortool_out/01691.out;b'un\xe6\xfbK\xd0Il'
xortool_out/01692.out;b'un\xe6\xfbK\x81\x1bP'
xortool_out/01693.out;b'un\xe6\xfbK\x81\x1b\x15'
xortool_out/01694.out;b'un\xe6\xfbK\x81\x1bl'
xortool_out/01695.out;b'un\xe6\xfbK\x81\x1aP'
xortool_out/01696.out;b'un\xe6\xfbK\x81\x1a\x15'
xortool_out/01697.out;b'un\xe6\xfbK\x81\x1al'
xortool_out/01698.out;b'un\xe6\xfbK\x81EP'
xortool_out/01699.out;b'un\xe6\xfbK\x81E\x15'
xortool_out/01700.out;b'un\xe6\xfbK\x81El'
xortool_out/01701.out;b'un\xe6\xfbK\x81IP'
xortool_out/01702.out;b'un\xe6\xfbK\x81I\x15'
xortool_out/01703.out;b'un\xe6\xfbK\x81Il'
xortool_out/01704.out;b'un\xe6\xfbK\xc5\x1bP'
xortool_out/01705.out;b'un\xe6\xfbK\xc5\x1b\x15'
xortool_out/01706.out;b'un\xe6\xfbK\xc5\x1bl'
xortool_out/01707.out;b'un\xe6\xfbK\xc5\x1aP'
xortool_out/01708.out;b'un\xe6\xfbK\xc5\x1a\x15'
xortool_out/01709.out;b'un\xe6\xfbK\xc5\x1al'
xortool_out/01710.out;b'un\xe6\xfbK\xc5EP'
xortool_out/01711.out;b'un\xe6\xfbK\xc5E\x15'
xortool_out/01712.out;b'un\xe6\xfbK\xc5El'
xortool_out/01713.out;b'un\xe6\xfbK\xc5IP'
xortool_out/01714.out;b'un\xe6\xfbK\xc5I\x15'
xortool_out/01715.out;b'un\xe6\xfbK\xc5Il'
xortool_out/01716.out;b'un\xe6\xfbK\xcc\x1bP'
xortool_out/01717.out;b'un\xe6\xfbK\xcc\x1b\x15'
xortool_out/01718.out;b'un\xe6\xfbK\xcc\x1bl'
xortool_out/01719.out;b'un\xe6\xfbK\xcc\x1aP'
xortool_out/01720.out;b'un\xe6\xfbK\xcc\x1a\x15'
xortool_out/01721.out;b'un\xe6\xfbK\xcc\x1al'
xortool_out/01722.out;b'un\xe6\xfbK\xccEP'
xortool_out/01723.out;b'un\xe6\xfbK\xccE\x15'
xortool_out/01724.out;b'un\xe6\xfbK\xccEl'
xortool_out/01725.out;b'un\xe6\xfbK\xccIP'
xortool_out/01726.out;b'un\xe6\xfbK\xccI\x15'
xortool_out/01727.out;b'un\xe6\xfbK\xccIl'
xortool_out/01728.out;b'un\xe6\xbe[\xd0\x1bP'
xortool_out/01729.out;b'un\xe6\xbe[\xd0\x1b\x15'
xortool_out/01730.out;b'un\xe6\xbe[\xd0\x1bl'
xortool_out/01731.out;b'un\xe6\xbe[\xd0\x1aP'
xortool_out/01732.out;b'un\xe6\xbe[\xd0\x1a\x15'
xortool_out/01733.out;b'un\xe6\xbe[\xd0\x1al'
xortool_out/01734.out;b'un\xe6\xbe[\xd0EP'
xortool_out/01735.out;b'un\xe6\xbe[\xd0E\x15'
xortool_out/01736.out;b'un\xe6\xbe[\xd0El'
xortool_out/01737.out;b'un\xe6\xbe[\xd0IP'
xortool_out/01738.out;b'un\xe6\xbe[\xd0I\x15'
xortool_out/01739.out;b'un\xe6\xbe[\xd0Il'
xortool_out/01740.out;b'un\xe6\xbe[\x81\x1bP'
xortool_out/01741.out;b'un\xe6\xbe[\x81\x1b\x15'
xortool_out/01742.out;b'un\xe6\xbe[\x81\x1bl'
xortool_out/01743.out;b'un\xe6\xbe[\x81\x1aP'
xortool_out/01744.out;b'un\xe6\xbe[\x81\x1a\x15'
xortool_out/01745.out;b'un\xe6\xbe[\x81\x1al'
xortool_out/01746.out;b'un\xe6\xbe[\x81EP'
xortool_out/01747.out;b'un\xe6\xbe[\x81E\x15'
xortool_out/01748.out;b'un\xe6\xbe[\x81El'
xortool_out/01749.out;b'un\xe6\xbe[\x81IP'
xortool_out/01750.out;b'un\xe6\xbe[\x81I\x15'
xortool_out/01751.out;b'un\xe6\xbe[\x81Il'
xortool_out/01752.out;b'un\xe6\xbe[\xc5\x1bP'
xortool_out/01753.out;b'un\xe6\xbe[\xc5\x1b\x15'
xortool_out/01754.out;b'un\xe6\xbe[\xc5\x1bl'
xortool_out/01755.out;b'un\xe6\xbe[\xc5\x1aP'
xortool_out/01756.out;b'un\xe6\xbe[\xc5\x1a\x15'
xortool_out/01757.out;b'un\xe6\xbe[\xc5\x1al'
xortool_out/01758.out;b'un\xe6\xbe[\xc5EP'
xortool_out/01759.out;b'un\xe6\xbe[\xc5E\x15'
xortool_out/01760.out;b'un\xe6\xbe[\xc5El'
xortool_out/01761.out;b'un\xe6\xbe[\xc5IP'
xortool_out/01762.out;b'un\xe6\xbe[\xc5I\x15'
xortool_out/01763.out;b'un\xe6\xbe[\xc5Il'
xortool_out/01764.out;b'un\xe6\xbe[\xcc\x1bP'
xortool_out/01765.out;b'un\xe6\xbe[\xcc\x1b\x15'
xortool_out/01766.out;b'un\xe6\xbe[\xcc\x1bl'
xortool_out/01767.out;b'un\xe6\xbe[\xcc\x1aP'
xortool_out/01768.out;b'un\xe6\xbe[\xcc\x1a\x15'
xortool_out/01769.out;b'un\xe6\xbe[\xcc\x1al'
xortool_out/01770.out;b'un\xe6\xbe[\xccEP'
xortool_out/01771.out;b'un\xe6\xbe[\xccE\x15'
xortool_out/01772.out;b'un\xe6\xbe[\xccEl'
xortool_out/01773.out;b'un\xe6\xbe[\xccIP'
xortool_out/01774.out;b'un\xe6\xbe[\xccI\x15'
xortool_out/01775.out;b'un\xe6\xbe[\xccIl'
xortool_out/01776.out;b'un\xe6\xbeA\xd0\x1bP'
xortool_out/01777.out;b'un\xe6\xbeA\xd0\x1b\x15'
xortool_out/01778.out;b'un\xe6\xbeA\xd0\x1bl'
xortool_out/01779.out;b'un\xe6\xbeA\xd0\x1aP'
xortool_out/01780.out;b'un\xe6\xbeA\xd0\x1a\x15'
xortool_out/01781.out;b'un\xe6\xbeA\xd0\x1al'
xortool_out/01782.out;b'un\xe6\xbeA\xd0EP'
xortool_out/01783.out;b'un\xe6\xbeA\xd0E\x15'
xortool_out/01784.out;b'un\xe6\xbeA\xd0El'
xortool_out/01785.out;b'un\xe6\xbeA\xd0IP'
xortool_out/01786.out;b'un\xe6\xbeA\xd0I\x15'
xortool_out/01787.out;b'un\xe6\xbeA\xd0Il'
xortool_out/01788.out;b'un\xe6\xbeA\x81\x1bP'
xortool_out/01789.out;b'un\xe6\xbeA\x81\x1b\x15'
xortool_out/01790.out;b'un\xe6\xbeA\x81\x1bl'
xortool_out/01791.out;b'un\xe6\xbeA\x81\x1aP'
xortool_out/01792.out;b'un\xe6\xbeA\x81\x1a\x15'
xortool_out/01793.out;b'un\xe6\xbeA\x81\x1al'
xortool_out/01794.out;b'un\xe6\xbeA\x81EP'
xortool_out/01795.out;b'un\xe6\xbeA\x81E\x15'
xortool_out/01796.out;b'un\xe6\xbeA\x81El'
xortool_out/01797.out;b'un\xe6\xbeA\x81IP'
xortool_out/01798.out;b'un\xe6\xbeA\x81I\x15'
xortool_out/01799.out;b'un\xe6\xbeA\x81Il'
xortool_out/01800.out;b'un\xe6\xbeA\xc5\x1bP'
xortool_out/01801.out;b'un\xe6\xbeA\xc5\x1b\x15'
xortool_out/01802.out;b'un\xe6\xbeA\xc5\x1bl'
xortool_out/01803.out;b'un\xe6\xbeA\xc5\x1aP'
xortool_out/01804.out;b'un\xe6\xbeA\xc5\x1a\x15'
xortool_out/01805.out;b'un\xe6\xbeA\xc5\x1al'
xortool_out/01806.out;b'un\xe6\xbeA\xc5EP'
xortool_out/01807.out;b'un\xe6\xbeA\xc5E\x15'
xortool_out/01808.out;b'un\xe6\xbeA\xc5El'
xortool_out/01809.out;b'un\xe6\xbeA\xc5IP'
xortool_out/01810.out;b'un\xe6\xbeA\xc5I\x15'
xortool_out/01811.out;b'un\xe6\xbeA\xc5Il'
xortool_out/01812.out;b'un\xe6\xbeA\xcc\x1bP'
xortool_out/01813.out;b'un\xe6\xbeA\xcc\x1b\x15'
xortool_out/01814.out;b'un\xe6\xbeA\xcc\x1bl'
xortool_out/01815.out;b'un\xe6\xbeA\xcc\x1aP'
xortool_out/01816.out;b'un\xe6\xbeA\xcc\x1a\x15'
xortool_out/01817.out;b'un\xe6\xbeA\xcc\x1al'
xortool_out/01818.out;b'un\xe6\xbeA\xccEP'
xortool_out/01819.out;b'un\xe6\xbeA\xccE\x15'
xortool_out/01820.out;b'un\xe6\xbeA\xccEl'
xortool_out/01821.out;b'un\xe6\xbeA\xccIP'
xortool_out/01822.out;b'un\xe6\xbeA\xccI\x15'
xortool_out/01823.out;b'un\xe6\xbeA\xccIl'
xortool_out/01824.out;b'un\xe6\xbev\xd0\x1bP'
xortool_out/01825.out;b'un\xe6\xbev\xd0\x1b\x15'
xortool_out/01826.out;b'un\xe6\xbev\xd0\x1bl'
xortool_out/01827.out;b'un\xe6\xbev\xd0\x1aP'
xortool_out/01828.out;b'un\xe6\xbev\xd0\x1a\x15'
xortool_out/01829.out;b'un\xe6\xbev\xd0\x1al'
xortool_out/01830.out;b'un\xe6\xbev\xd0EP'
xortool_out/01831.out;b'un\xe6\xbev\xd0E\x15'
xortool_out/01832.out;b'un\xe6\xbev\xd0El'
xortool_out/01833.out;b'un\xe6\xbev\xd0IP'
xortool_out/01834.out;b'un\xe6\xbev\xd0I\x15'
xortool_out/01835.out;b'un\xe6\xbev\xd0Il'
xortool_out/01836.out;b'un\xe6\xbev\x81\x1bP'
xortool_out/01837.out;b'un\xe6\xbev\x81\x1b\x15'
xortool_out/01838.out;b'un\xe6\xbev\x81\x1bl'
xortool_out/01839.out;b'un\xe6\xbev\x81\x1aP'
xortool_out/01840.out;b'un\xe6\xbev\x81\x1a\x15'
xortool_out/01841.out;b'un\xe6\xbev\x81\x1al'
xortool_out/01842.out;b'un\xe6\xbev\x81EP'
xortool_out/01843.out;b'un\xe6\xbev\x81E\x15'
xortool_out/01844.out;b'un\xe6\xbev\x81El'
xortool_out/01845.out;b'un\xe6\xbev\x81IP'
xortool_out/01846.out;b'un\xe6\xbev\x81I\x15'
xortool_out/01847.out;b'un\xe6\xbev\x81Il'
xortool_out/01848.out;b'un\xe6\xbev\xc5\x1bP'
xortool_out/01849.out;b'un\xe6\xbev\xc5\x1b\x15'
xortool_out/01850.out;b'un\xe6\xbev\xc5\x1bl'
xortool_out/01851.out;b'un\xe6\xbev\xc5\x1aP'
xortool_out/01852.out;b'un\xe6\xbev\xc5\x1a\x15'
xortool_out/01853.out;b'un\xe6\xbev\xc5\x1al'
xortool_out/01854.out;b'un\xe6\xbev\xc5EP'
xortool_out/01855.out;b'un\xe6\xbev\xc5E\x15'
xortool_out/01856.out;b'un\xe6\xbev\xc5El'
xortool_out/01857.out;b'un\xe6\xbev\xc5IP'
xortool_out/01858.out;b'un\xe6\xbev\xc5I\x15'
xortool_out/01859.out;b'un\xe6\xbev\xc5Il'
xortool_out/01860.out;b'un\xe6\xbev\xcc\x1bP'
xortool_out/01861.out;b'un\xe6\xbev\xcc\x1b\x15'
xortool_out/01862.out;b'un\xe6\xbev\xcc\x1bl'
xortool_out/01863.out;b'un\xe6\xbev\xcc\x1aP'
xortool_out/01864.out;b'un\xe6\xbev\xcc\x1a\x15'
xortool_out/01865.out;b'un\xe6\xbev\xcc\x1al'
xortool_out/01866.out;b'un\xe6\xbev\xccEP'
xortool_out/01867.out;b'un\xe6\xbev\xccE\x15'
xortool_out/01868.out;b'un\xe6\xbev\xccEl'
xortool_out/01869.out;b'un\xe6\xbev\xccIP'
xortool_out/01870.out;b'un\xe6\xbev\xccI\x15'
xortool_out/01871.out;b'un\xe6\xbev\xccIl'
xortool_out/01872.out;b'un\xe6\xbeK\xd0\x1bP'
xortool_out/01873.out;b'un\xe6\xbeK\xd0\x1b\x15'
xortool_out/01874.out;b'un\xe6\xbeK\xd0\x1bl'
xortool_out/01875.out;b'un\xe6\xbeK\xd0\x1aP'
xortool_out/01876.out;b'un\xe6\xbeK\xd0\x1a\x15'
xortool_out/01877.out;b'un\xe6\xbeK\xd0\x1al'
xortool_out/01878.out;b'un\xe6\xbeK\xd0EP'
xortool_out/01879.out;b'un\xe6\xbeK\xd0E\x15'
xortool_out/01880.out;b'un\xe6\xbeK\xd0El'
xortool_out/01881.out;b'un\xe6\xbeK\xd0IP'
xortool_out/01882.out;b'un\xe6\xbeK\xd0I\x15'
xortool_out/01883.out;b'un\xe6\xbeK\xd0Il'
xortool_out/01884.out;b'un\xe6\xbeK\x81\x1bP'
xortool_out/01885.out;b'un\xe6\xbeK\x81\x1b\x15'
xortool_out/01886.out;b'un\xe6\xbeK\x81\x1bl'
xortool_out/01887.out;b'un\xe6\xbeK\x81\x1aP'
xortool_out/01888.out;b'un\xe6\xbeK\x81\x1a\x15'
xortool_out/01889.out;b'un\xe6\xbeK\x81\x1al'
xortool_out/01890.out;b'un\xe6\xbeK\x81EP'
xortool_out/01891.out;b'un\xe6\xbeK\x81E\x15'
xortool_out/01892.out;b'un\xe6\xbeK\x81El'
xortool_out/01893.out;b'un\xe6\xbeK\x81IP'
xortool_out/01894.out;b'un\xe6\xbeK\x81I\x15'
xortool_out/01895.out;b'un\xe6\xbeK\x81Il'
xortool_out/01896.out;b'un\xe6\xbeK\xc5\x1bP'
xortool_out/01897.out;b'un\xe6\xbeK\xc5\x1b\x15'
xortool_out/01898.out;b'un\xe6\xbeK\xc5\x1bl'
xortool_out/01899.out;b'un\xe6\xbeK\xc5\x1aP'
xortool_out/01900.out;b'un\xe6\xbeK\xc5\x1a\x15'
xortool_out/01901.out;b'un\xe6\xbeK\xc5\x1al'
xortool_out/01902.out;b'un\xe6\xbeK\xc5EP'
xortool_out/01903.out;b'un\xe6\xbeK\xc5E\x15'
xortool_out/01904.out;b'un\xe6\xbeK\xc5El'
xortool_out/01905.out;b'un\xe6\xbeK\xc5IP'
xortool_out/01906.out;b'un\xe6\xbeK\xc5I\x15'
xortool_out/01907.out;b'un\xe6\xbeK\xc5Il'
xortool_out/01908.out;b'un\xe6\xbeK\xcc\x1bP'
xortool_out/01909.out;b'un\xe6\xbeK\xcc\x1b\x15'
xortool_out/01910.out;b'un\xe6\xbeK\xcc\x1bl'
xortool_out/01911.out;b'un\xe6\xbeK\xcc\x1aP'
xortool_out/01912.out;b'un\xe6\xbeK\xcc\x1a\x15'
xortool_out/01913.out;b'un\xe6\xbeK\xcc\x1al'
xortool_out/01914.out;b'un\xe6\xbeK\xccEP'
xortool_out/01915.out;b'un\xe6\xbeK\xccE\x15'
xortool_out/01916.out;b'un\xe6\xbeK\xccEl'
xortool_out/01917.out;b'un\xe6\xbeK\xccIP'
xortool_out/01918.out;b'un\xe6\xbeK\xccI\x15'
xortool_out/01919.out;b'un\xe6\xbeK\xccIl'
xortool_out/01920.out;b'un\xe6\xfd[\xd0\x1bP'
xortool_out/01921.out;b'un\xe6\xfd[\xd0\x1b\x15'
xortool_out/01922.out;b'un\xe6\xfd[\xd0\x1bl'
xortool_out/01923.out;b'un\xe6\xfd[\xd0\x1aP'
xortool_out/01924.out;b'un\xe6\xfd[\xd0\x1a\x15'
xortool_out/01925.out;b'un\xe6\xfd[\xd0\x1al'
xortool_out/01926.out;b'un\xe6\xfd[\xd0EP'
xortool_out/01927.out;b'un\xe6\xfd[\xd0E\x15'
xortool_out/01928.out;b'un\xe6\xfd[\xd0El'
xortool_out/01929.out;b'un\xe6\xfd[\xd0IP'
xortool_out/01930.out;b'un\xe6\xfd[\xd0I\x15'
xortool_out/01931.out;b'un\xe6\xfd[\xd0Il'
xortool_out/01932.out;b'un\xe6\xfd[\x81\x1bP'
xortool_out/01933.out;b'un\xe6\xfd[\x81\x1b\x15'
xortool_out/01934.out;b'un\xe6\xfd[\x81\x1bl'
xortool_out/01935.out;b'un\xe6\xfd[\x81\x1aP'
xortool_out/01936.out;b'un\xe6\xfd[\x81\x1a\x15'
xortool_out/01937.out;b'un\xe6\xfd[\x81\x1al'
xortool_out/01938.out;b'un\xe6\xfd[\x81EP'
xortool_out/01939.out;b'un\xe6\xfd[\x81E\x15'
xortool_out/01940.out;b'un\xe6\xfd[\x81El'
xortool_out/01941.out;b'un\xe6\xfd[\x81IP'
xortool_out/01942.out;b'un\xe6\xfd[\x81I\x15'
xortool_out/01943.out;b'un\xe6\xfd[\x81Il'
xortool_out/01944.out;b'un\xe6\xfd[\xc5\x1bP'
xortool_out/01945.out;b'un\xe6\xfd[\xc5\x1b\x15'
xortool_out/01946.out;b'un\xe6\xfd[\xc5\x1bl'
xortool_out/01947.out;b'un\xe6\xfd[\xc5\x1aP'
xortool_out/01948.out;b'un\xe6\xfd[\xc5\x1a\x15'
xortool_out/01949.out;b'un\xe6\xfd[\xc5\x1al'
xortool_out/01950.out;b'un\xe6\xfd[\xc5EP'
xortool_out/01951.out;b'un\xe6\xfd[\xc5E\x15'
xortool_out/01952.out;b'un\xe6\xfd[\xc5El'
xortool_out/01953.out;b'un\xe6\xfd[\xc5IP'
xortool_out/01954.out;b'un\xe6\xfd[\xc5I\x15'
xortool_out/01955.out;b'un\xe6\xfd[\xc5Il'
xortool_out/01956.out;b'un\xe6\xfd[\xcc\x1bP'
xortool_out/01957.out;b'un\xe6\xfd[\xcc\x1b\x15'
xortool_out/01958.out;b'un\xe6\xfd[\xcc\x1bl'
xortool_out/01959.out;b'un\xe6\xfd[\xcc\x1aP'
xortool_out/01960.out;b'un\xe6\xfd[\xcc\x1a\x15'
xortool_out/01961.out;b'un\xe6\xfd[\xcc\x1al'
xortool_out/01962.out;b'un\xe6\xfd[\xccEP'
xortool_out/01963.out;b'un\xe6\xfd[\xccE\x15'
xortool_out/01964.out;b'un\xe6\xfd[\xccEl'
xortool_out/01965.out;b'un\xe6\xfd[\xccIP'
xortool_out/01966.out;b'un\xe6\xfd[\xccI\x15'
xortool_out/01967.out;b'un\xe6\xfd[\xccIl'
xortool_out/01968.out;b'un\xe6\xfdA\xd0\x1bP'
xortool_out/01969.out;b'un\xe6\xfdA\xd0\x1b\x15'
xortool_out/01970.out;b'un\xe6\xfdA\xd0\x1bl'
xortool_out/01971.out;b'un\xe6\xfdA\xd0\x1aP'
xortool_out/01972.out;b'un\xe6\xfdA\xd0\x1a\x15'
xortool_out/01973.out;b'un\xe6\xfdA\xd0\x1al'
xortool_out/01974.out;b'un\xe6\xfdA\xd0EP'
xortool_out/01975.out;b'un\xe6\xfdA\xd0E\x15'
xortool_out/01976.out;b'un\xe6\xfdA\xd0El'
xortool_out/01977.out;b'un\xe6\xfdA\xd0IP'
xortool_out/01978.out;b'un\xe6\xfdA\xd0I\x15'
xortool_out/01979.out;b'un\xe6\xfdA\xd0Il'
xortool_out/01980.out;b'un\xe6\xfdA\x81\x1bP'
xortool_out/01981.out;b'un\xe6\xfdA\x81\x1b\x15'
xortool_out/01982.out;b'un\xe6\xfdA\x81\x1bl'
xortool_out/01983.out;b'un\xe6\xfdA\x81\x1aP'
xortool_out/01984.out;b'un\xe6\xfdA\x81\x1a\x15'
xortool_out/01985.out;b'un\xe6\xfdA\x81\x1al'
xortool_out/01986.out;b'un\xe6\xfdA\x81EP'
xortool_out/01987.out;b'un\xe6\xfdA\x81E\x15'
xortool_out/01988.out;b'un\xe6\xfdA\x81El'
xortool_out/01989.out;b'un\xe6\xfdA\x81IP'
xortool_out/01990.out;b'un\xe6\xfdA\x81I\x15'
xortool_out/01991.out;b'un\xe6\xfdA\x81Il'
xortool_out/01992.out;b'un\xe6\xfdA\xc5\x1bP'
xortool_out/01993.out;b'un\xe6\xfdA\xc5\x1b\x15'
xortool_out/01994.out;b'un\xe6\xfdA\xc5\x1bl'
xortool_out/01995.out;b'un\xe6\xfdA\xc5\x1aP'
xortool_out/01996.out;b'un\xe6\xfdA\xc5\x1a\x15'
xortool_out/01997.out;b'un\xe6\xfdA\xc5\x1al'
xortool_out/01998.out;b'un\xe6\xfdA\xc5EP'
xortool_out/01999.out;b'un\xe6\xfdA\xc5E\x15'
xortool_out/02000.out;b'un\xe6\xfdA\xc5El'
xortool_out/02001.out;b'un\xe6\xfdA\xc5IP'
xortool_out/02002.out;b'un\xe6\xfdA\xc5I\x15'
xortool_out/02003.out;b'un\xe6\xfdA\xc5Il'
xortool_out/02004.out;b'un\xe6\xfdA\xcc\x1bP'
xortool_out/02005.out;b'un\xe6\xfdA\xcc\x1b\x15'
xortool_out/02006.out;b'un\xe6\xfdA\xcc\x1bl'
xortool_out/02007.out;b'un\xe6\xfdA\xcc\x1aP'
xortool_out/02008.out;b'un\xe6\xfdA\xcc\x1a\x15'
xortool_out/02009.out;b'un\xe6\xfdA\xcc\x1al'
xortool_out/02010.out;b'un\xe6\xfdA\xccEP'
xortool_out/02011.out;b'un\xe6\xfdA\xccE\x15'
xortool_out/02012.out;b'un\xe6\xfdA\xccEl'
xortool_out/02013.out;b'un\xe6\xfdA\xccIP'
xortool_out/02014.out;b'un\xe6\xfdA\xccI\x15'
xortool_out/02015.out;b'un\xe6\xfdA\xccIl'
xortool_out/02016.out;b'un\xe6\xfdv\xd0\x1bP'
xortool_out/02017.out;b'un\xe6\xfdv\xd0\x1b\x15'
xortool_out/02018.out;b'un\xe6\xfdv\xd0\x1bl'
xortool_out/02019.out;b'un\xe6\xfdv\xd0\x1aP'
xortool_out/02020.out;b'un\xe6\xfdv\xd0\x1a\x15'
xortool_out/02021.out;b'un\xe6\xfdv\xd0\x1al'
xortool_out/02022.out;b'un\xe6\xfdv\xd0EP'
xortool_out/02023.out;b'un\xe6\xfdv\xd0E\x15'
xortool_out/02024.out;b'un\xe6\xfdv\xd0El'
xortool_out/02025.out;b'un\xe6\xfdv\xd0IP'
xortool_out/02026.out;b'un\xe6\xfdv\xd0I\x15'
xortool_out/02027.out;b'un\xe6\xfdv\xd0Il'
xortool_out/02028.out;b'un\xe6\xfdv\x81\x1bP'
xortool_out/02029.out;b'un\xe6\xfdv\x81\x1b\x15'
xortool_out/02030.out;b'un\xe6\xfdv\x81\x1bl'
xortool_out/02031.out;b'un\xe6\xfdv\x81\x1aP'
xortool_out/02032.out;b'un\xe6\xfdv\x81\x1a\x15'
xortool_out/02033.out;b'un\xe6\xfdv\x81\x1al'
xortool_out/02034.out;b'un\xe6\xfdv\x81EP'
xortool_out/02035.out;b'un\xe6\xfdv\x81E\x15'
xortool_out/02036.out;b'un\xe6\xfdv\x81El'
xortool_out/02037.out;b'un\xe6\xfdv\x81IP'
xortool_out/02038.out;b'un\xe6\xfdv\x81I\x15'
xortool_out/02039.out;b'un\xe6\xfdv\x81Il'
xortool_out/02040.out;b'un\xe6\xfdv\xc5\x1bP'
xortool_out/02041.out;b'un\xe6\xfdv\xc5\x1b\x15'
xortool_out/02042.out;b'un\xe6\xfdv\xc5\x1bl'
xortool_out/02043.out;b'un\xe6\xfdv\xc5\x1aP'
xortool_out/02044.out;b'un\xe6\xfdv\xc5\x1a\x15'
xortool_out/02045.out;b'un\xe6\xfdv\xc5\x1al'
xortool_out/02046.out;b'un\xe6\xfdv\xc5EP'
xortool_out/02047.out;b'un\xe6\xfdv\xc5E\x15'
xortool_out/02048.out;b'un\xe6\xfdv\xc5El'
xortool_out/02049.out;b'un\xe6\xfdv\xc5IP'
xortool_out/02050.out;b'un\xe6\xfdv\xc5I\x15'
xortool_out/02051.out;b'un\xe6\xfdv\xc5Il'
xortool_out/02052.out;b'un\xe6\xfdv\xcc\x1bP'
xortool_out/02053.out;b'un\xe6\xfdv\xcc\x1b\x15'
xortool_out/02054.out;b'un\xe6\xfdv\xcc\x1bl'
xortool_out/02055.out;b'un\xe6\xfdv\xcc\x1aP'
xortool_out/02056.out;b'un\xe6\xfdv\xcc\x1a\x15'
xortool_out/02057.out;b'un\xe6\xfdv\xcc\x1al'
xortool_out/02058.out;b'un\xe6\xfdv\xccEP'
xortool_out/02059.out;b'un\xe6\xfdv\xccE\x15'
xortool_out/02060.out;b'un\xe6\xfdv\xccEl'
xortool_out/02061.out;b'un\xe6\xfdv\xccIP'
xortool_out/02062.out;b'un\xe6\xfdv\xccI\x15'
xortool_out/02063.out;b'un\xe6\xfdv\xccIl'
xortool_out/02064.out;b'un\xe6\xfdK\xd0\x1bP'
xortool_out/02065.out;b'un\xe6\xfdK\xd0\x1b\x15'
xortool_out/02066.out;b'un\xe6\xfdK\xd0\x1bl'
xortool_out/02067.out;b'un\xe6\xfdK\xd0\x1aP'
xortool_out/02068.out;b'un\xe6\xfdK\xd0\x1a\x15'
xortool_out/02069.out;b'un\xe6\xfdK\xd0\x1al'
xortool_out/02070.out;b'un\xe6\xfdK\xd0EP'
xortool_out/02071.out;b'un\xe6\xfdK\xd0E\x15'
xortool_out/02072.out;b'un\xe6\xfdK\xd0El'
xortool_out/02073.out;b'un\xe6\xfdK\xd0IP'
xortool_out/02074.out;b'un\xe6\xfdK\xd0I\x15'
xortool_out/02075.out;b'un\xe6\xfdK\xd0Il'
xortool_out/02076.out;b'un\xe6\xfdK\x81\x1bP'
xortool_out/02077.out;b'un\xe6\xfdK\x81\x1b\x15'
xortool_out/02078.out;b'un\xe6\xfdK\x81\x1bl'
xortool_out/02079.out;b'un\xe6\xfdK\x81\x1aP'
xortool_out/02080.out;b'un\xe6\xfdK\x81\x1a\x15'
xortool_out/02081.out;b'un\xe6\xfdK\x81\x1al'
xortool_out/02082.out;b'un\xe6\xfdK\x81EP'
xortool_out/02083.out;b'un\xe6\xfdK\x81E\x15'
xortool_out/02084.out;b'un\xe6\xfdK\x81El'
xortool_out/02085.out;b'un\xe6\xfdK\x81IP'
xortool_out/02086.out;b'un\xe6\xfdK\x81I\x15'
xortool_out/02087.out;b'un\xe6\xfdK\x81Il'
xortool_out/02088.out;b'un\xe6\xfdK\xc5\x1bP'
xortool_out/02089.out;b'un\xe6\xfdK\xc5\x1b\x15'
xortool_out/02090.out;b'un\xe6\xfdK\xc5\x1bl'
xortool_out/02091.out;b'un\xe6\xfdK\xc5\x1aP'
xortool_out/02092.out;b'un\xe6\xfdK\xc5\x1a\x15'
xortool_out/02093.out;b'un\xe6\xfdK\xc5\x1al'
xortool_out/02094.out;b'un\xe6\xfdK\xc5EP'
xortool_out/02095.out;b'un\xe6\xfdK\xc5E\x15'
xortool_out/02096.out;b'un\xe6\xfdK\xc5El'
xortool_out/02097.out;b'un\xe6\xfdK\xc5IP'
xortool_out/02098.out;b'un\xe6\xfdK\xc5I\x15'
xortool_out/02099.out;b'un\xe6\xfdK\xc5Il'
xortool_out/02100.out;b'un\xe6\xfdK\xcc\x1bP'
xortool_out/02101.out;b'un\xe6\xfdK\xcc\x1b\x15'
xortool_out/02102.out;b'un\xe6\xfdK\xcc\x1bl'
xortool_out/02103.out;b'un\xe6\xfdK\xcc\x1aP'
xortool_out/02104.out;b'un\xe6\xfdK\xcc\x1a\x15'
xortool_out/02105.out;b'un\xe6\xfdK\xcc\x1al'
xortool_out/02106.out;b'un\xe6\xfdK\xccEP'
xortool_out/02107.out;b'un\xe6\xfdK\xccE\x15'
xortool_out/02108.out;b'un\xe6\xfdK\xccEl'
xortool_out/02109.out;b'un\xe6\xfdK\xccIP'
xortool_out/02110.out;b'un\xe6\xfdK\xccI\x15'
xortool_out/02111.out;b'un\xe6\xfdK\xccIl'
xortool_out/02112.out;b'un\xe6\xfc[\xd0\x1bP'
xortool_out/02113.out;b'un\xe6\xfc[\xd0\x1b\x15'
xortool_out/02114.out;b'un\xe6\xfc[\xd0\x1bl'
xortool_out/02115.out;b'un\xe6\xfc[\xd0\x1aP'
xortool_out/02116.out;b'un\xe6\xfc[\xd0\x1a\x15'
xortool_out/02117.out;b'un\xe6\xfc[\xd0\x1al'
xortool_out/02118.out;b'un\xe6\xfc[\xd0EP'
xortool_out/02119.out;b'un\xe6\xfc[\xd0E\x15'
xortool_out/02120.out;b'un\xe6\xfc[\xd0El'
xortool_out/02121.out;b'un\xe6\xfc[\xd0IP'
xortool_out/02122.out;b'un\xe6\xfc[\xd0I\x15'
xortool_out/02123.out;b'un\xe6\xfc[\xd0Il'
xortool_out/02124.out;b'un\xe6\xfc[\x81\x1bP'
xortool_out/02125.out;b'un\xe6\xfc[\x81\x1b\x15'
xortool_out/02126.out;b'un\xe6\xfc[\x81\x1bl'
xortool_out/02127.out;b'un\xe6\xfc[\x81\x1aP'
xortool_out/02128.out;b'un\xe6\xfc[\x81\x1a\x15'
xortool_out/02129.out;b'un\xe6\xfc[\x81\x1al'
xortool_out/02130.out;b'un\xe6\xfc[\x81EP'
xortool_out/02131.out;b'un\xe6\xfc[\x81E\x15'
xortool_out/02132.out;b'un\xe6\xfc[\x81El'
xortool_out/02133.out;b'un\xe6\xfc[\x81IP'
xortool_out/02134.out;b'un\xe6\xfc[\x81I\x15'
xortool_out/02135.out;b'un\xe6\xfc[\x81Il'
xortool_out/02136.out;b'un\xe6\xfc[\xc5\x1bP'
xortool_out/02137.out;b'un\xe6\xfc[\xc5\x1b\x15'
xortool_out/02138.out;b'un\xe6\xfc[\xc5\x1bl'
xortool_out/02139.out;b'un\xe6\xfc[\xc5\x1aP'
xortool_out/02140.out;b'un\xe6\xfc[\xc5\x1a\x15'
xortool_out/02141.out;b'un\xe6\xfc[\xc5\x1al'
xortool_out/02142.out;b'un\xe6\xfc[\xc5EP'
xortool_out/02143.out;b'un\xe6\xfc[\xc5E\x15'
xortool_out/02144.out;b'un\xe6\xfc[\xc5El'
xortool_out/02145.out;b'un\xe6\xfc[\xc5IP'
xortool_out/02146.out;b'un\xe6\xfc[\xc5I\x15'
xortool_out/02147.out;b'un\xe6\xfc[\xc5Il'
xortool_out/02148.out;b'un\xe6\xfc[\xcc\x1bP'
xortool_out/02149.out;b'un\xe6\xfc[\xcc\x1b\x15'
xortool_out/02150.out;b'un\xe6\xfc[\xcc\x1bl'
xortool_out/02151.out;b'un\xe6\xfc[\xcc\x1aP'
xortool_out/02152.out;b'un\xe6\xfc[\xcc\x1a\x15'
xortool_out/02153.out;b'un\xe6\xfc[\xcc\x1al'
xortool_out/02154.out;b'un\xe6\xfc[\xccEP'
xortool_out/02155.out;b'un\xe6\xfc[\xccE\x15'
xortool_out/02156.out;b'un\xe6\xfc[\xccEl'
xortool_out/02157.out;b'un\xe6\xfc[\xccIP'
xortool_out/02158.out;b'un\xe6\xfc[\xccI\x15'
xortool_out/02159.out;b'un\xe6\xfc[\xccIl'
xortool_out/02160.out;b'un\xe6\xfcA\xd0\x1bP'
xortool_out/02161.out;b'un\xe6\xfcA\xd0\x1b\x15'
xortool_out/02162.out;b'un\xe6\xfcA\xd0\x1bl'
xortool_out/02163.out;b'un\xe6\xfcA\xd0\x1aP'
xortool_out/02164.out;b'un\xe6\xfcA\xd0\x1a\x15'
xortool_out/02165.out;b'un\xe6\xfcA\xd0\x1al'
xortool_out/02166.out;b'un\xe6\xfcA\xd0EP'
xortool_out/02167.out;b'un\xe6\xfcA\xd0E\x15'
xortool_out/02168.out;b'un\xe6\xfcA\xd0El'
xortool_out/02169.out;b'un\xe6\xfcA\xd0IP'
xortool_out/02170.out;b'un\xe6\xfcA\xd0I\x15'
xortool_out/02171.out;b'un\xe6\xfcA\xd0Il'
xortool_out/02172.out;b'un\xe6\xfcA\x81\x1bP'
xortool_out/02173.out;b'un\xe6\xfcA\x81\x1b\x15'
xortool_out/02174.out;b'un\xe6\xfcA\x81\x1bl'
xortool_out/02175.out;b'un\xe6\xfcA\x81\x1aP'
xortool_out/02176.out;b'un\xe6\xfcA\x81\x1a\x15'
xortool_out/02177.out;b'un\xe6\xfcA\x81\x1al'
xortool_out/02178.out;b'un\xe6\xfcA\x81EP'
xortool_out/02179.out;b'un\xe6\xfcA\x81E\x15'
xortool_out/02180.out;b'un\xe6\xfcA\x81El'
xortool_out/02181.out;b'un\xe6\xfcA\x81IP'
xortool_out/02182.out;b'un\xe6\xfcA\x81I\x15'
xortool_out/02183.out;b'un\xe6\xfcA\x81Il'
xortool_out/02184.out;b'un\xe6\xfcA\xc5\x1bP'
xortool_out/02185.out;b'un\xe6\xfcA\xc5\x1b\x15'
xortool_out/02186.out;b'un\xe6\xfcA\xc5\x1bl'
xortool_out/02187.out;b'un\xe6\xfcA\xc5\x1aP'
xortool_out/02188.out;b'un\xe6\xfcA\xc5\x1a\x15'
xortool_out/02189.out;b'un\xe6\xfcA\xc5\x1al'
xortool_out/02190.out;b'un\xe6\xfcA\xc5EP'
xortool_out/02191.out;b'un\xe6\xfcA\xc5E\x15'
xortool_out/02192.out;b'un\xe6\xfcA\xc5El'
xortool_out/02193.out;b'un\xe6\xfcA\xc5IP'
xortool_out/02194.out;b'un\xe6\xfcA\xc5I\x15'
xortool_out/02195.out;b'un\xe6\xfcA\xc5Il'
xortool_out/02196.out;b'un\xe6\xfcA\xcc\x1bP'
xortool_out/02197.out;b'un\xe6\xfcA\xcc\x1b\x15'
xortool_out/02198.out;b'un\xe6\xfcA\xcc\x1bl'
xortool_out/02199.out;b'un\xe6\xfcA\xcc\x1aP'
xortool_out/02200.out;b'un\xe6\xfcA\xcc\x1a\x15'
xortool_out/02201.out;b'un\xe6\xfcA\xcc\x1al'
xortool_out/02202.out;b'un\xe6\xfcA\xccEP'
xortool_out/02203.out;b'un\xe6\xfcA\xccE\x15'
xortool_out/02204.out;b'un\xe6\xfcA\xccEl'
xortool_out/02205.out;b'un\xe6\xfcA\xccIP'
xortool_out/02206.out;b'un\xe6\xfcA\xccI\x15'
xortool_out/02207.out;b'un\xe6\xfcA\xccIl'
xortool_out/02208.out;b'un\xe6\xfcv\xd0\x1bP'
xortool_out/02209.out;b'un\xe6\xfcv\xd0\x1b\x15'
xortool_out/02210.out;b'un\xe6\xfcv\xd0\x1bl'
xortool_out/02211.out;b'un\xe6\xfcv\xd0\x1aP'
xortool_out/02212.out;b'un\xe6\xfcv\xd0\x1a\x15'
xortool_out/02213.out;b'un\xe6\xfcv\xd0\x1al'
xortool_out/02214.out;b'un\xe6\xfcv\xd0EP'
xortool_out/02215.out;b'un\xe6\xfcv\xd0E\x15'
xortool_out/02216.out;b'un\xe6\xfcv\xd0El'
xortool_out/02217.out;b'un\xe6\xfcv\xd0IP'
xortool_out/02218.out;b'un\xe6\xfcv\xd0I\x15'
xortool_out/02219.out;b'un\xe6\xfcv\xd0Il'
xortool_out/02220.out;b'un\xe6\xfcv\x81\x1bP'
xortool_out/02221.out;b'un\xe6\xfcv\x81\x1b\x15'
xortool_out/02222.out;b'un\xe6\xfcv\x81\x1bl'
xortool_out/02223.out;b'un\xe6\xfcv\x81\x1aP'
xortool_out/02224.out;b'un\xe6\xfcv\x81\x1a\x15'
xortool_out/02225.out;b'un\xe6\xfcv\x81\x1al'
xortool_out/02226.out;b'un\xe6\xfcv\x81EP'
xortool_out/02227.out;b'un\xe6\xfcv\x81E\x15'
xortool_out/02228.out;b'un\xe6\xfcv\x81El'
xortool_out/02229.out;b'un\xe6\xfcv\x81IP'
xortool_out/02230.out;b'un\xe6\xfcv\x81I\x15'
xortool_out/02231.out;b'un\xe6\xfcv\x81Il'
xortool_out/02232.out;b'un\xe6\xfcv\xc5\x1bP'
xortool_out/02233.out;b'un\xe6\xfcv\xc5\x1b\x15'
xortool_out/02234.out;b'un\xe6\xfcv\xc5\x1bl'
xortool_out/02235.out;b'un\xe6\xfcv\xc5\x1aP'
xortool_out/02236.out;b'un\xe6\xfcv\xc5\x1a\x15'
xortool_out/02237.out;b'un\xe6\xfcv\xc5\x1al'
xortool_out/02238.out;b'un\xe6\xfcv\xc5EP'
xortool_out/02239.out;b'un\xe6\xfcv\xc5E\x15'
xortool_out/02240.out;b'un\xe6\xfcv\xc5El'
xortool_out/02241.out;b'un\xe6\xfcv\xc5IP'
xortool_out/02242.out;b'un\xe6\xfcv\xc5I\x15'
xortool_out/02243.out;b'un\xe6\xfcv\xc5Il'
xortool_out/02244.out;b'un\xe6\xfcv\xcc\x1bP'
xortool_out/02245.out;b'un\xe6\xfcv\xcc\x1b\x15'
xortool_out/02246.out;b'un\xe6\xfcv\xcc\x1bl'
xortool_out/02247.out;b'un\xe6\xfcv\xcc\x1aP'
xortool_out/02248.out;b'un\xe6\xfcv\xcc\x1a\x15'
xortool_out/02249.out;b'un\xe6\xfcv\xcc\x1al'
xortool_out/02250.out;b'un\xe6\xfcv\xccEP'
xortool_out/02251.out;b'un\xe6\xfcv\xccE\x15'
xortool_out/02252.out;b'un\xe6\xfcv\xccEl'
xortool_out/02253.out;b'un\xe6\xfcv\xccIP'
xortool_out/02254.out;b'un\xe6\xfcv\xccI\x15'
xortool_out/02255.out;b'un\xe6\xfcv\xccIl'
xortool_out/02256.out;b'un\xe6\xfcK\xd0\x1bP'
xortool_out/02257.out;b'un\xe6\xfcK\xd0\x1b\x15'
xortool_out/02258.out;b'un\xe6\xfcK\xd0\x1bl'
xortool_out/02259.out;b'un\xe6\xfcK\xd0\x1aP'
xortool_out/02260.out;b'un\xe6\xfcK\xd0\x1a\x15'
xortool_out/02261.out;b'un\xe6\xfcK\xd0\x1al'
xortool_out/02262.out;b'un\xe6\xfcK\xd0EP'
xortool_out/02263.out;b'un\xe6\xfcK\xd0E\x15'
xortool_out/02264.out;b'un\xe6\xfcK\xd0El'
xortool_out/02265.out;b'un\xe6\xfcK\xd0IP'
xortool_out/02266.out;b'un\xe6\xfcK\xd0I\x15'
xortool_out/02267.out;b'un\xe6\xfcK\xd0Il'
xortool_out/02268.out;b'un\xe6\xfcK\x81\x1bP'
xortool_out/02269.out;b'un\xe6\xfcK\x81\x1b\x15'
xortool_out/02270.out;b'un\xe6\xfcK\x81\x1bl'
xortool_out/02271.out;b'un\xe6\xfcK\x81\x1aP'
xortool_out/02272.out;b'un\xe6\xfcK\x81\x1a\x15'
xortool_out/02273.out;b'un\xe6\xfcK\x81\x1al'
xortool_out/02274.out;b'un\xe6\xfcK\x81EP'
xortool_out/02275.out;b'un\xe6\xfcK\x81E\x15'
xortool_out/02276.out;b'un\xe6\xfcK\x81El'
xortool_out/02277.out;b'un\xe6\xfcK\x81IP'
xortool_out/02278.out;b'un\xe6\xfcK\x81I\x15'
xortool_out/02279.out;b'un\xe6\xfcK\x81Il'
xortool_out/02280.out;b'un\xe6\xfcK\xc5\x1bP'
xortool_out/02281.out;b'un\xe6\xfcK\xc5\x1b\x15'
xortool_out/02282.out;b'un\xe6\xfcK\xc5\x1bl'
xortool_out/02283.out;b'un\xe6\xfcK\xc5\x1aP'
xortool_out/02284.out;b'un\xe6\xfcK\xc5\x1a\x15'
xortool_out/02285.out;b'un\xe6\xfcK\xc5\x1al'
xortool_out/02286.out;b'un\xe6\xfcK\xc5EP'
xortool_out/02287.out;b'un\xe6\xfcK\xc5E\x15'
xortool_out/02288.out;b'un\xe6\xfcK\xc5El'
xortool_out/02289.out;b'un\xe6\xfcK\xc5IP'
xortool_out/02290.out;b'un\xe6\xfcK\xc5I\x15'
xortool_out/02291.out;b'un\xe6\xfcK\xc5Il'
xortool_out/02292.out;b'un\xe6\xfcK\xcc\x1bP'
xortool_out/02293.out;b'un\xe6\xfcK\xcc\x1b\x15'
xortool_out/02294.out;b'un\xe6\xfcK\xcc\x1bl'
xortool_out/02295.out;b'un\xe6\xfcK\xcc\x1aP'
xortool_out/02296.out;b'un\xe6\xfcK\xcc\x1a\x15'
xortool_out/02297.out;b'un\xe6\xfcK\xcc\x1al'
xortool_out/02298.out;b'un\xe6\xfcK\xccEP'
xortool_out/02299.out;b'un\xe6\xfcK\xccE\x15'
xortool_out/02300.out;b'un\xe6\xfcK\xccEl'
xortool_out/02301.out;b'un\xe6\xfcK\xccIP'
xortool_out/02302.out;b'un\xe6\xfcK\xccI\x15'
xortool_out/02303.out;b'un\xe6\xfcK\xccIl'
xortool_out/02304.out;b'un\x93\xfb[\xd0\x1bP'
xortool_out/02305.out;b'un\x93\xfb[\xd0\x1b\x15'
xortool_out/02306.out;b'un\x93\xfb[\xd0\x1bl'
xortool_out/02307.out;b'un\x93\xfb[\xd0\x1aP'
xortool_out/02308.out;b'un\x93\xfb[\xd0\x1a\x15'
xortool_out/02309.out;b'un\x93\xfb[\xd0\x1al'
xortool_out/02310.out;b'un\x93\xfb[\xd0EP'
xortool_out/02311.out;b'un\x93\xfb[\xd0E\x15'
xortool_out/02312.out;b'un\x93\xfb[\xd0El'
xortool_out/02313.out;b'un\x93\xfb[\xd0IP'
xortool_out/02314.out;b'un\x93\xfb[\xd0I\x15'
xortool_out/02315.out;b'un\x93\xfb[\xd0Il'
xortool_out/02316.out;b'un\x93\xfb[\x81\x1bP'
xortool_out/02317.out;b'un\x93\xfb[\x81\x1b\x15'
xortool_out/02318.out;b'un\x93\xfb[\x81\x1bl'
xortool_out/02319.out;b'un\x93\xfb[\x81\x1aP'
xortool_out/02320.out;b'un\x93\xfb[\x81\x1a\x15'
xortool_out/02321.out;b'un\x93\xfb[\x81\x1al'
xortool_out/02322.out;b'un\x93\xfb[\x81EP'
xortool_out/02323.out;b'un\x93\xfb[\x81E\x15'
xortool_out/02324.out;b'un\x93\xfb[\x81El'
xortool_out/02325.out;b'un\x93\xfb[\x81IP'
xortool_out/02326.out;b'un\x93\xfb[\x81I\x15'
xortool_out/02327.out;b'un\x93\xfb[\x81Il'
xortool_out/02328.out;b'un\x93\xfb[\xc5\x1bP'
xortool_out/02329.out;b'un\x93\xfb[\xc5\x1b\x15'
xortool_out/02330.out;b'un\x93\xfb[\xc5\x1bl'
xortool_out/02331.out;b'un\x93\xfb[\xc5\x1aP'
xortool_out/02332.out;b'un\x93\xfb[\xc5\x1a\x15'
xortool_out/02333.out;b'un\x93\xfb[\xc5\x1al'
xortool_out/02334.out;b'un\x93\xfb[\xc5EP'
xortool_out/02335.out;b'un\x93\xfb[\xc5E\x15'
xortool_out/02336.out;b'un\x93\xfb[\xc5El'
xortool_out/02337.out;b'un\x93\xfb[\xc5IP'
xortool_out/02338.out;b'un\x93\xfb[\xc5I\x15'
xortool_out/02339.out;b'un\x93\xfb[\xc5Il'
xortool_out/02340.out;b'un\x93\xfb[\xcc\x1bP'
xortool_out/02341.out;b'un\x93\xfb[\xcc\x1b\x15'
xortool_out/02342.out;b'un\x93\xfb[\xcc\x1bl'
xortool_out/02343.out;b'un\x93\xfb[\xcc\x1aP'
xortool_out/02344.out;b'un\x93\xfb[\xcc\x1a\x15'
xortool_out/02345.out;b'un\x93\xfb[\xcc\x1al'
xortool_out/02346.out;b'un\x93\xfb[\xccEP'
xortool_out/02347.out;b'un\x93\xfb[\xccE\x15'
xortool_out/02348.out;b'un\x93\xfb[\xccEl'
xortool_out/02349.out;b'un\x93\xfb[\xccIP'
xortool_out/02350.out;b'un\x93\xfb[\xccI\x15'
xortool_out/02351.out;b'un\x93\xfb[\xccIl'
xortool_out/02352.out;b'un\x93\xfbA\xd0\x1bP'
xortool_out/02353.out;b'un\x93\xfbA\xd0\x1b\x15'
xortool_out/02354.out;b'un\x93\xfbA\xd0\x1bl'
xortool_out/02355.out;b'un\x93\xfbA\xd0\x1aP'
xortool_out/02356.out;b'un\x93\xfbA\xd0\x1a\x15'
xortool_out/02357.out;b'un\x93\xfbA\xd0\x1al'
xortool_out/02358.out;b'un\x93\xfbA\xd0EP'
xortool_out/02359.out;b'un\x93\xfbA\xd0E\x15'
xortool_out/02360.out;b'un\x93\xfbA\xd0El'
xortool_out/02361.out;b'un\x93\xfbA\xd0IP'
xortool_out/02362.out;b'un\x93\xfbA\xd0I\x15'
xortool_out/02363.out;b'un\x93\xfbA\xd0Il'
xortool_out/02364.out;b'un\x93\xfbA\x81\x1bP'
xortool_out/02365.out;b'un\x93\xfbA\x81\x1b\x15'
xortool_out/02366.out;b'un\x93\xfbA\x81\x1bl'
xortool_out/02367.out;b'un\x93\xfbA\x81\x1aP'
xortool_out/02368.out;b'un\x93\xfbA\x81\x1a\x15'
xortool_out/02369.out;b'un\x93\xfbA\x81\x1al'
xortool_out/02370.out;b'un\x93\xfbA\x81EP'
xortool_out/02371.out;b'un\x93\xfbA\x81E\x15'
xortool_out/02372.out;b'un\x93\xfbA\x81El'
xortool_out/02373.out;b'un\x93\xfbA\x81IP'
xortool_out/02374.out;b'un\x93\xfbA\x81I\x15'
xortool_out/02375.out;b'un\x93\xfbA\x81Il'
xortool_out/02376.out;b'un\x93\xfbA\xc5\x1bP'
xortool_out/02377.out;b'un\x93\xfbA\xc5\x1b\x15'
xortool_out/02378.out;b'un\x93\xfbA\xc5\x1bl'
xortool_out/02379.out;b'un\x93\xfbA\xc5\x1aP'
xortool_out/02380.out;b'un\x93\xfbA\xc5\x1a\x15'
xortool_out/02381.out;b'un\x93\xfbA\xc5\x1al'
xortool_out/02382.out;b'un\x93\xfbA\xc5EP'
xortool_out/02383.out;b'un\x93\xfbA\xc5E\x15'
xortool_out/02384.out;b'un\x93\xfbA\xc5El'
xortool_out/02385.out;b'un\x93\xfbA\xc5IP'
xortool_out/02386.out;b'un\x93\xfbA\xc5I\x15'
xortool_out/02387.out;b'un\x93\xfbA\xc5Il'
xortool_out/02388.out;b'un\x93\xfbA\xcc\x1bP'
xortool_out/02389.out;b'un\x93\xfbA\xcc\x1b\x15'
xortool_out/02390.out;b'un\x93\xfbA\xcc\x1bl'
xortool_out/02391.out;b'un\x93\xfbA\xcc\x1aP'
xortool_out/02392.out;b'un\x93\xfbA\xcc\x1a\x15'
xortool_out/02393.out;b'un\x93\xfbA\xcc\x1al'
xortool_out/02394.out;b'un\x93\xfbA\xccEP'
xortool_out/02395.out;b'un\x93\xfbA\xccE\x15'
xortool_out/02396.out;b'un\x93\xfbA\xccEl'
xortool_out/02397.out;b'un\x93\xfbA\xccIP'
xortool_out/02398.out;b'un\x93\xfbA\xccI\x15'
xortool_out/02399.out;b'un\x93\xfbA\xccIl'
xortool_out/02400.out;b'un\x93\xfbv\xd0\x1bP'
xortool_out/02401.out;b'un\x93\xfbv\xd0\x1b\x15'
xortool_out/02402.out;b'un\x93\xfbv\xd0\x1bl'
xortool_out/02403.out;b'un\x93\xfbv\xd0\x1aP'
xortool_out/02404.out;b'un\x93\xfbv\xd0\x1a\x15'
xortool_out/02405.out;b'un\x93\xfbv\xd0\x1al'
xortool_out/02406.out;b'un\x93\xfbv\xd0EP'
xortool_out/02407.out;b'un\x93\xfbv\xd0E\x15'
xortool_out/02408.out;b'un\x93\xfbv\xd0El'
xortool_out/02409.out;b'un\x93\xfbv\xd0IP'
xortool_out/02410.out;b'un\x93\xfbv\xd0I\x15'
xortool_out/02411.out;b'un\x93\xfbv\xd0Il'
xortool_out/02412.out;b'un\x93\xfbv\x81\x1bP'
xortool_out/02413.out;b'un\x93\xfbv\x81\x1b\x15'
xortool_out/02414.out;b'un\x93\xfbv\x81\x1bl'
xortool_out/02415.out;b'un\x93\xfbv\x81\x1aP'
xortool_out/02416.out;b'un\x93\xfbv\x81\x1a\x15'
xortool_out/02417.out;b'un\x93\xfbv\x81\x1al'
xortool_out/02418.out;b'un\x93\xfbv\x81EP'
xortool_out/02419.out;b'un\x93\xfbv\x81E\x15'
xortool_out/02420.out;b'un\x93\xfbv\x81El'
xortool_out/02421.out;b'un\x93\xfbv\x81IP'
xortool_out/02422.out;b'un\x93\xfbv\x81I\x15'
xortool_out/02423.out;b'un\x93\xfbv\x81Il'
xortool_out/02424.out;b'un\x93\xfbv\xc5\x1bP'
xortool_out/02425.out;b'un\x93\xfbv\xc5\x1b\x15'
xortool_out/02426.out;b'un\x93\xfbv\xc5\x1bl'
xortool_out/02427.out;b'un\x93\xfbv\xc5\x1aP'
xortool_out/02428.out;b'un\x93\xfbv\xc5\x1a\x15'
xortool_out/02429.out;b'un\x93\xfbv\xc5\x1al'
xortool_out/02430.out;b'un\x93\xfbv\xc5EP'
xortool_out/02431.out;b'un\x93\xfbv\xc5E\x15'
xortool_out/02432.out;b'un\x93\xfbv\xc5El'
xortool_out/02433.out;b'un\x93\xfbv\xc5IP'
xortool_out/02434.out;b'un\x93\xfbv\xc5I\x15'
xortool_out/02435.out;b'un\x93\xfbv\xc5Il'
xortool_out/02436.out;b'un\x93\xfbv\xcc\x1bP'
xortool_out/02437.out;b'un\x93\xfbv\xcc\x1b\x15'
xortool_out/02438.out;b'un\x93\xfbv\xcc\x1bl'
xortool_out/02439.out;b'un\x93\xfbv\xcc\x1aP'
xortool_out/02440.out;b'un\x93\xfbv\xcc\x1a\x15'
xortool_out/02441.out;b'un\x93\xfbv\xcc\x1al'
xortool_out/02442.out;b'un\x93\xfbv\xccEP'
xortool_out/02443.out;b'un\x93\xfbv\xccE\x15'
xortool_out/02444.out;b'un\x93\xfbv\xccEl'
xortool_out/02445.out;b'un\x93\xfbv\xccIP'
xortool_out/02446.out;b'un\x93\xfbv\xccI\x15'
xortool_out/02447.out;b'un\x93\xfbv\xccIl'
xortool_out/02448.out;b'un\x93\xfbK\xd0\x1bP'
xortool_out/02449.out;b'un\x93\xfbK\xd0\x1b\x15'
xortool_out/02450.out;b'un\x93\xfbK\xd0\x1bl'
xortool_out/02451.out;b'un\x93\xfbK\xd0\x1aP'
xortool_out/02452.out;b'un\x93\xfbK\xd0\x1a\x15'
xortool_out/02453.out;b'un\x93\xfbK\xd0\x1al'
xortool_out/02454.out;b'un\x93\xfbK\xd0EP'
xortool_out/02455.out;b'un\x93\xfbK\xd0E\x15'
xortool_out/02456.out;b'un\x93\xfbK\xd0El'
xortool_out/02457.out;b'un\x93\xfbK\xd0IP'
xortool_out/02458.out;b'un\x93\xfbK\xd0I\x15'
xortool_out/02459.out;b'un\x93\xfbK\xd0Il'
xortool_out/02460.out;b'un\x93\xfbK\x81\x1bP'
xortool_out/02461.out;b'un\x93\xfbK\x81\x1b\x15'
xortool_out/02462.out;b'un\x93\xfbK\x81\x1bl'
xortool_out/02463.out;b'un\x93\xfbK\x81\x1aP'
xortool_out/02464.out;b'un\x93\xfbK\x81\x1a\x15'
xortool_out/02465.out;b'un\x93\xfbK\x81\x1al'
xortool_out/02466.out;b'un\x93\xfbK\x81EP'
xortool_out/02467.out;b'un\x93\xfbK\x81E\x15'
xortool_out/02468.out;b'un\x93\xfbK\x81El'
xortool_out/02469.out;b'un\x93\xfbK\x81IP'
xortool_out/02470.out;b'un\x93\xfbK\x81I\x15'
xortool_out/02471.out;b'un\x93\xfbK\x81Il'
xortool_out/02472.out;b'un\x93\xfbK\xc5\x1bP'
xortool_out/02473.out;b'un\x93\xfbK\xc5\x1b\x15'
xortool_out/02474.out;b'un\x93\xfbK\xc5\x1bl'
xortool_out/02475.out;b'un\x93\xfbK\xc5\x1aP'
xortool_out/02476.out;b'un\x93\xfbK\xc5\x1a\x15'
xortool_out/02477.out;b'un\x93\xfbK\xc5\x1al'
xortool_out/02478.out;b'un\x93\xfbK\xc5EP'
xortool_out/02479.out;b'un\x93\xfbK\xc5E\x15'
xortool_out/02480.out;b'un\x93\xfbK\xc5El'
xortool_out/02481.out;b'un\x93\xfbK\xc5IP'
xortool_out/02482.out;b'un\x93\xfbK\xc5I\x15'
xortool_out/02483.out;b'un\x93\xfbK\xc5Il'
xortool_out/02484.out;b'un\x93\xfbK\xcc\x1bP'
xortool_out/02485.out;b'un\x93\xfbK\xcc\x1b\x15'
xortool_out/02486.out;b'un\x93\xfbK\xcc\x1bl'
xortool_out/02487.out;b'un\x93\xfbK\xcc\x1aP'
xortool_out/02488.out;b'un\x93\xfbK\xcc\x1a\x15'
xortool_out/02489.out;b'un\x93\xfbK\xcc\x1al'
xortool_out/02490.out;b'un\x93\xfbK\xccEP'
xortool_out/02491.out;b'un\x93\xfbK\xccE\x15'
xortool_out/02492.out;b'un\x93\xfbK\xccEl'
xortool_out/02493.out;b'un\x93\xfbK\xccIP'
xortool_out/02494.out;b'un\x93\xfbK\xccI\x15'
xortool_out/02495.out;b'un\x93\xfbK\xccIl'
xortool_out/02496.out;b'un\x93\xbe[\xd0\x1bP'
xortool_out/02497.out;b'un\x93\xbe[\xd0\x1b\x15'
xortool_out/02498.out;b'un\x93\xbe[\xd0\x1bl'
xortool_out/02499.out;b'un\x93\xbe[\xd0\x1aP'
xortool_out/02500.out;b'un\x93\xbe[\xd0\x1a\x15'
xortool_out/02501.out;b'un\x93\xbe[\xd0\x1al'
xortool_out/02502.out;b'un\x93\xbe[\xd0EP'
xortool_out/02503.out;b'un\x93\xbe[\xd0E\x15'
xortool_out/02504.out;b'un\x93\xbe[\xd0El'
xortool_out/02505.out;b'un\x93\xbe[\xd0IP'
xortool_out/02506.out;b'un\x93\xbe[\xd0I\x15'
xortool_out/02507.out;b'un\x93\xbe[\xd0Il'
xortool_out/02508.out;b'un\x93\xbe[\x81\x1bP'
xortool_out/02509.out;b'un\x93\xbe[\x81\x1b\x15'
xortool_out/02510.out;b'un\x93\xbe[\x81\x1bl'
xortool_out/02511.out;b'un\x93\xbe[\x81\x1aP'
xortool_out/02512.out;b'un\x93\xbe[\x81\x1a\x15'
xortool_out/02513.out;b'un\x93\xbe[\x81\x1al'
xortool_out/02514.out;b'un\x93\xbe[\x81EP'
xortool_out/02515.out;b'un\x93\xbe[\x81E\x15'
xortool_out/02516.out;b'un\x93\xbe[\x81El'
xortool_out/02517.out;b'un\x93\xbe[\x81IP'
xortool_out/02518.out;b'un\x93\xbe[\x81I\x15'
xortool_out/02519.out;b'un\x93\xbe[\x81Il'
xortool_out/02520.out;b'un\x93\xbe[\xc5\x1bP'
xortool_out/02521.out;b'un\x93\xbe[\xc5\x1b\x15'
xortool_out/02522.out;b'un\x93\xbe[\xc5\x1bl'
xortool_out/02523.out;b'un\x93\xbe[\xc5\x1aP'
xortool_out/02524.out;b'un\x93\xbe[\xc5\x1a\x15'
xortool_out/02525.out;b'un\x93\xbe[\xc5\x1al'
xortool_out/02526.out;b'un\x93\xbe[\xc5EP'
xortool_out/02527.out;b'un\x93\xbe[\xc5E\x15'
xortool_out/02528.out;b'un\x93\xbe[\xc5El'
xortool_out/02529.out;b'un\x93\xbe[\xc5IP'
xortool_out/02530.out;b'un\x93\xbe[\xc5I\x15'
xortool_out/02531.out;b'un\x93\xbe[\xc5Il'
xortool_out/02532.out;b'un\x93\xbe[\xcc\x1bP'
xortool_out/02533.out;b'un\x93\xbe[\xcc\x1b\x15'
xortool_out/02534.out;b'un\x93\xbe[\xcc\x1bl'
xortool_out/02535.out;b'un\x93\xbe[\xcc\x1aP'
xortool_out/02536.out;b'un\x93\xbe[\xcc\x1a\x15'
xortool_out/02537.out;b'un\x93\xbe[\xcc\x1al'
xortool_out/02538.out;b'un\x93\xbe[\xccEP'
xortool_out/02539.out;b'un\x93\xbe[\xccE\x15'
xortool_out/02540.out;b'un\x93\xbe[\xccEl'
xortool_out/02541.out;b'un\x93\xbe[\xccIP'
xortool_out/02542.out;b'un\x93\xbe[\xccI\x15'
xortool_out/02543.out;b'un\x93\xbe[\xccIl'
xortool_out/02544.out;b'un\x93\xbeA\xd0\x1bP'
xortool_out/02545.out;b'un\x93\xbeA\xd0\x1b\x15'
xortool_out/02546.out;b'un\x93\xbeA\xd0\x1bl'
xortool_out/02547.out;b'un\x93\xbeA\xd0\x1aP'
xortool_out/02548.out;b'un\x93\xbeA\xd0\x1a\x15'
xortool_out/02549.out;b'un\x93\xbeA\xd0\x1al'
xortool_out/02550.out;b'un\x93\xbeA\xd0EP'
xortool_out/02551.out;b'un\x93\xbeA\xd0E\x15'
xortool_out/02552.out;b'un\x93\xbeA\xd0El'
xortool_out/02553.out;b'un\x93\xbeA\xd0IP'
xortool_out/02554.out;b'un\x93\xbeA\xd0I\x15'
xortool_out/02555.out;b'un\x93\xbeA\xd0Il'
xortool_out/02556.out;b'un\x93\xbeA\x81\x1bP'
xortool_out/02557.out;b'un\x93\xbeA\x81\x1b\x15'
xortool_out/02558.out;b'un\x93\xbeA\x81\x1bl'
xortool_out/02559.out;b'un\x93\xbeA\x81\x1aP'
xortool_out/02560.out;b'un\x93\xbeA\x81\x1a\x15'
xortool_out/02561.out;b'un\x93\xbeA\x81\x1al'
xortool_out/02562.out;b'un\x93\xbeA\x81EP'
xortool_out/02563.out;b'un\x93\xbeA\x81E\x15'
xortool_out/02564.out;b'un\x93\xbeA\x81El'
xortool_out/02565.out;b'un\x93\xbeA\x81IP'
xortool_out/02566.out;b'un\x93\xbeA\x81I\x15'
xortool_out/02567.out;b'un\x93\xbeA\x81Il'
xortool_out/02568.out;b'un\x93\xbeA\xc5\x1bP'
xortool_out/02569.out;b'un\x93\xbeA\xc5\x1b\x15'
xortool_out/02570.out;b'un\x93\xbeA\xc5\x1bl'
xortool_out/02571.out;b'un\x93\xbeA\xc5\x1aP'
xortool_out/02572.out;b'un\x93\xbeA\xc5\x1a\x15'
xortool_out/02573.out;b'un\x93\xbeA\xc5\x1al'
xortool_out/02574.out;b'un\x93\xbeA\xc5EP'
xortool_out/02575.out;b'un\x93\xbeA\xc5E\x15'
xortool_out/02576.out;b'un\x93\xbeA\xc5El'
xortool_out/02577.out;b'un\x93\xbeA\xc5IP'
xortool_out/02578.out;b'un\x93\xbeA\xc5I\x15'
xortool_out/02579.out;b'un\x93\xbeA\xc5Il'
xortool_out/02580.out;b'un\x93\xbeA\xcc\x1bP'
xortool_out/02581.out;b'un\x93\xbeA\xcc\x1b\x15'
xortool_out/02582.out;b'un\x93\xbeA\xcc\x1bl'
xortool_out/02583.out;b'un\x93\xbeA\xcc\x1aP'
xortool_out/02584.out;b'un\x93\xbeA\xcc\x1a\x15'
xortool_out/02585.out;b'un\x93\xbeA\xcc\x1al'
xortool_out/02586.out;b'un\x93\xbeA\xccEP'
xortool_out/02587.out;b'un\x93\xbeA\xccE\x15'
xortool_out/02588.out;b'un\x93\xbeA\xccEl'
xortool_out/02589.out;b'un\x93\xbeA\xccIP'
xortool_out/02590.out;b'un\x93\xbeA\xccI\x15'
xortool_out/02591.out;b'un\x93\xbeA\xccIl'
xortool_out/02592.out;b'un\x93\xbev\xd0\x1bP'
xortool_out/02593.out;b'un\x93\xbev\xd0\x1b\x15'
xortool_out/02594.out;b'un\x93\xbev\xd0\x1bl'
xortool_out/02595.out;b'un\x93\xbev\xd0\x1aP'
xortool_out/02596.out;b'un\x93\xbev\xd0\x1a\x15'
xortool_out/02597.out;b'un\x93\xbev\xd0\x1al'
xortool_out/02598.out;b'un\x93\xbev\xd0EP'
xortool_out/02599.out;b'un\x93\xbev\xd0E\x15'
xortool_out/02600.out;b'un\x93\xbev\xd0El'
xortool_out/02601.out;b'un\x93\xbev\xd0IP'
xortool_out/02602.out;b'un\x93\xbev\xd0I\x15'
xortool_out/02603.out;b'un\x93\xbev\xd0Il'
xortool_out/02604.out;b'un\x93\xbev\x81\x1bP'
xortool_out/02605.out;b'un\x93\xbev\x81\x1b\x15'
xortool_out/02606.out;b'un\x93\xbev\x81\x1bl'
xortool_out/02607.out;b'un\x93\xbev\x81\x1aP'
xortool_out/02608.out;b'un\x93\xbev\x81\x1a\x15'
xortool_out/02609.out;b'un\x93\xbev\x81\x1al'
xortool_out/02610.out;b'un\x93\xbev\x81EP'
xortool_out/02611.out;b'un\x93\xbev\x81E\x15'
xortool_out/02612.out;b'un\x93\xbev\x81El'
xortool_out/02613.out;b'un\x93\xbev\x81IP'
xortool_out/02614.out;b'un\x93\xbev\x81I\x15'
xortool_out/02615.out;b'un\x93\xbev\x81Il'
xortool_out/02616.out;b'un\x93\xbev\xc5\x1bP'
xortool_out/02617.out;b'un\x93\xbev\xc5\x1b\x15'
xortool_out/02618.out;b'un\x93\xbev\xc5\x1bl'
xortool_out/02619.out;b'un\x93\xbev\xc5\x1aP'
xortool_out/02620.out;b'un\x93\xbev\xc5\x1a\x15'
xortool_out/02621.out;b'un\x93\xbev\xc5\x1al'
xortool_out/02622.out;b'un\x93\xbev\xc5EP'
xortool_out/02623.out;b'un\x93\xbev\xc5E\x15'
xortool_out/02624.out;b'un\x93\xbev\xc5El'
xortool_out/02625.out;b'un\x93\xbev\xc5IP'
xortool_out/02626.out;b'un\x93\xbev\xc5I\x15'
xortool_out/02627.out;b'un\x93\xbev\xc5Il'
xortool_out/02628.out;b'un\x93\xbev\xcc\x1bP'
xortool_out/02629.out;b'un\x93\xbev\xcc\x1b\x15'
xortool_out/02630.out;b'un\x93\xbev\xcc\x1bl'
xortool_out/02631.out;b'un\x93\xbev\xcc\x1aP'
xortool_out/02632.out;b'un\x93\xbev\xcc\x1a\x15'
xortool_out/02633.out;b'un\x93\xbev\xcc\x1al'
xortool_out/02634.out;b'un\x93\xbev\xccEP'
xortool_out/02635.out;b'un\x93\xbev\xccE\x15'
xortool_out/02636.out;b'un\x93\xbev\xccEl'
xortool_out/02637.out;b'un\x93\xbev\xccIP'
xortool_out/02638.out;b'un\x93\xbev\xccI\x15'
xortool_out/02639.out;b'un\x93\xbev\xccIl'
xortool_out/02640.out;b'un\x93\xbeK\xd0\x1bP'
xortool_out/02641.out;b'un\x93\xbeK\xd0\x1b\x15'
xortool_out/02642.out;b'un\x93\xbeK\xd0\x1bl'
xortool_out/02643.out;b'un\x93\xbeK\xd0\x1aP'
xortool_out/02644.out;b'un\x93\xbeK\xd0\x1a\x15'
xortool_out/02645.out;b'un\x93\xbeK\xd0\x1al'
xortool_out/02646.out;b'un\x93\xbeK\xd0EP'
xortool_out/02647.out;b'un\x93\xbeK\xd0E\x15'
xortool_out/02648.out;b'un\x93\xbeK\xd0El'
xortool_out/02649.out;b'un\x93\xbeK\xd0IP'
xortool_out/02650.out;b'un\x93\xbeK\xd0I\x15'
xortool_out/02651.out;b'un\x93\xbeK\xd0Il'
xortool_out/02652.out;b'un\x93\xbeK\x81\x1bP'
xortool_out/02653.out;b'un\x93\xbeK\x81\x1b\x15'
xortool_out/02654.out;b'un\x93\xbeK\x81\x1bl'
xortool_out/02655.out;b'un\x93\xbeK\x81\x1aP'
xortool_out/02656.out;b'un\x93\xbeK\x81\x1a\x15'
xortool_out/02657.out;b'un\x93\xbeK\x81\x1al'
xortool_out/02658.out;b'un\x93\xbeK\x81EP'
xortool_out/02659.out;b'un\x93\xbeK\x81E\x15'
xortool_out/02660.out;b'un\x93\xbeK\x81El'
xortool_out/02661.out;b'un\x93\xbeK\x81IP'
xortool_out/02662.out;b'un\x93\xbeK\x81I\x15'
xortool_out/02663.out;b'un\x93\xbeK\x81Il'
xortool_out/02664.out;b'un\x93\xbeK\xc5\x1bP'
xortool_out/02665.out;b'un\x93\xbeK\xc5\x1b\x15'
xortool_out/02666.out;b'un\x93\xbeK\xc5\x1bl'
xortool_out/02667.out;b'un\x93\xbeK\xc5\x1aP'
xortool_out/02668.out;b'un\x93\xbeK\xc5\x1a\x15'
xortool_out/02669.out;b'un\x93\xbeK\xc5\x1al'
xortool_out/02670.out;b'un\x93\xbeK\xc5EP'
xortool_out/02671.out;b'un\x93\xbeK\xc5E\x15'
xortool_out/02672.out;b'un\x93\xbeK\xc5El'
xortool_out/02673.out;b'un\x93\xbeK\xc5IP'
xortool_out/02674.out;b'un\x93\xbeK\xc5I\x15'
xortool_out/02675.out;b'un\x93\xbeK\xc5Il'
xortool_out/02676.out;b'un\x93\xbeK\xcc\x1bP'
xortool_out/02677.out;b'un\x93\xbeK\xcc\x1b\x15'
xortool_out/02678.out;b'un\x93\xbeK\xcc\x1bl'
xortool_out/02679.out;b'un\x93\xbeK\xcc\x1aP'
xortool_out/02680.out;b'un\x93\xbeK\xcc\x1a\x15'
xortool_out/02681.out;b'un\x93\xbeK\xcc\x1al'
xortool_out/02682.out;b'un\x93\xbeK\xccEP'
xortool_out/02683.out;b'un\x93\xbeK\xccE\x15'
xortool_out/02684.out;b'un\x93\xbeK\xccEl'
xortool_out/02685.out;b'un\x93\xbeK\xccIP'
xortool_out/02686.out;b'un\x93\xbeK\xccI\x15'
xortool_out/02687.out;b'un\x93\xbeK\xccIl'
xortool_out/02688.out;b'un\x93\xfd[\xd0\x1bP'
xortool_out/02689.out;b'un\x93\xfd[\xd0\x1b\x15'
xortool_out/02690.out;b'un\x93\xfd[\xd0\x1bl'
xortool_out/02691.out;b'un\x93\xfd[\xd0\x1aP'
xortool_out/02692.out;b'un\x93\xfd[\xd0\x1a\x15'
xortool_out/02693.out;b'un\x93\xfd[\xd0\x1al'
xortool_out/02694.out;b'un\x93\xfd[\xd0EP'
xortool_out/02695.out;b'un\x93\xfd[\xd0E\x15'
xortool_out/02696.out;b'un\x93\xfd[\xd0El'
xortool_out/02697.out;b'un\x93\xfd[\xd0IP'
xortool_out/02698.out;b'un\x93\xfd[\xd0I\x15'
xortool_out/02699.out;b'un\x93\xfd[\xd0Il'
xortool_out/02700.out;b'un\x93\xfd[\x81\x1bP'
xortool_out/02701.out;b'un\x93\xfd[\x81\x1b\x15'
xortool_out/02702.out;b'un\x93\xfd[\x81\x1bl'
xortool_out/02703.out;b'un\x93\xfd[\x81\x1aP'
xortool_out/02704.out;b'un\x93\xfd[\x81\x1a\x15'
xortool_out/02705.out;b'un\x93\xfd[\x81\x1al'
xortool_out/02706.out;b'un\x93\xfd[\x81EP'
xortool_out/02707.out;b'un\x93\xfd[\x81E\x15'
xortool_out/02708.out;b'un\x93\xfd[\x81El'
xortool_out/02709.out;b'un\x93\xfd[\x81IP'
xortool_out/02710.out;b'un\x93\xfd[\x81I\x15'
xortool_out/02711.out;b'un\x93\xfd[\x81Il'
xortool_out/02712.out;b'un\x93\xfd[\xc5\x1bP'
xortool_out/02713.out;b'un\x93\xfd[\xc5\x1b\x15'
xortool_out/02714.out;b'un\x93\xfd[\xc5\x1bl'
xortool_out/02715.out;b'un\x93\xfd[\xc5\x1aP'
xortool_out/02716.out;b'un\x93\xfd[\xc5\x1a\x15'
xortool_out/02717.out;b'un\x93\xfd[\xc5\x1al'
xortool_out/02718.out;b'un\x93\xfd[\xc5EP'
xortool_out/02719.out;b'un\x93\xfd[\xc5E\x15'
xortool_out/02720.out;b'un\x93\xfd[\xc5El'
xortool_out/02721.out;b'un\x93\xfd[\xc5IP'
xortool_out/02722.out;b'un\x93\xfd[\xc5I\x15'
xortool_out/02723.out;b'un\x93\xfd[\xc5Il'
xortool_out/02724.out;b'un\x93\xfd[\xcc\x1bP'
xortool_out/02725.out;b'un\x93\xfd[\xcc\x1b\x15'
xortool_out/02726.out;b'un\x93\xfd[\xcc\x1bl'
xortool_out/02727.out;b'un\x93\xfd[\xcc\x1aP'
xortool_out/02728.out;b'un\x93\xfd[\xcc\x1a\x15'
xortool_out/02729.out;b'un\x93\xfd[\xcc\x1al'
xortool_out/02730.out;b'un\x93\xfd[\xccEP'
xortool_out/02731.out;b'un\x93\xfd[\xccE\x15'
xortool_out/02732.out;b'un\x93\xfd[\xccEl'
xortool_out/02733.out;b'un\x93\xfd[\xccIP'
xortool_out/02734.out;b'un\x93\xfd[\xccI\x15'
xortool_out/02735.out;b'un\x93\xfd[\xccIl'
xortool_out/02736.out;b'un\x93\xfdA\xd0\x1bP'
xortool_out/02737.out;b'un\x93\xfdA\xd0\x1b\x15'
xortool_out/02738.out;b'un\x93\xfdA\xd0\x1bl'
xortool_out/02739.out;b'un\x93\xfdA\xd0\x1aP'
xortool_out/02740.out;b'un\x93\xfdA\xd0\x1a\x15'
xortool_out/02741.out;b'un\x93\xfdA\xd0\x1al'
xortool_out/02742.out;b'un\x93\xfdA\xd0EP'
xortool_out/02743.out;b'un\x93\xfdA\xd0E\x15'
xortool_out/02744.out;b'un\x93\xfdA\xd0El'
xortool_out/02745.out;b'un\x93\xfdA\xd0IP'
xortool_out/02746.out;b'un\x93\xfdA\xd0I\x15'
xortool_out/02747.out;b'un\x93\xfdA\xd0Il'
xortool_out/02748.out;b'un\x93\xfdA\x81\x1bP'
xortool_out/02749.out;b'un\x93\xfdA\x81\x1b\x15'
xortool_out/02750.out;b'un\x93\xfdA\x81\x1bl'
xortool_out/02751.out;b'un\x93\xfdA\x81\x1aP'
xortool_out/02752.out;b'un\x93\xfdA\x81\x1a\x15'
xortool_out/02753.out;b'un\x93\xfdA\x81\x1al'
xortool_out/02754.out;b'un\x93\xfdA\x81EP'
xortool_out/02755.out;b'un\x93\xfdA\x81E\x15'
xortool_out/02756.out;b'un\x93\xfdA\x81El'
xortool_out/02757.out;b'un\x93\xfdA\x81IP'
xortool_out/02758.out;b'un\x93\xfdA\x81I\x15'
xortool_out/02759.out;b'un\x93\xfdA\x81Il'
xortool_out/02760.out;b'un\x93\xfdA\xc5\x1bP'
xortool_out/02761.out;b'un\x93\xfdA\xc5\x1b\x15'
xortool_out/02762.out;b'un\x93\xfdA\xc5\x1bl'
xortool_out/02763.out;b'un\x93\xfdA\xc5\x1aP'
xortool_out/02764.out;b'un\x93\xfdA\xc5\x1a\x15'
xortool_out/02765.out;b'un\x93\xfdA\xc5\x1al'
xortool_out/02766.out;b'un\x93\xfdA\xc5EP'
xortool_out/02767.out;b'un\x93\xfdA\xc5E\x15'
xortool_out/02768.out;b'un\x93\xfdA\xc5El'
xortool_out/02769.out;b'un\x93\xfdA\xc5IP'
xortool_out/02770.out;b'un\x93\xfdA\xc5I\x15'
xortool_out/02771.out;b'un\x93\xfdA\xc5Il'
xortool_out/02772.out;b'un\x93\xfdA\xcc\x1bP'
xortool_out/02773.out;b'un\x93\xfdA\xcc\x1b\x15'
xortool_out/02774.out;b'un\x93\xfdA\xcc\x1bl'
xortool_out/02775.out;b'un\x93\xfdA\xcc\x1aP'
xortool_out/02776.out;b'un\x93\xfdA\xcc\x1a\x15'
xortool_out/02777.out;b'un\x93\xfdA\xcc\x1al'
xortool_out/02778.out;b'un\x93\xfdA\xccEP'
xortool_out/02779.out;b'un\x93\xfdA\xccE\x15'
xortool_out/02780.out;b'un\x93\xfdA\xccEl'
xortool_out/02781.out;b'un\x93\xfdA\xccIP'
xortool_out/02782.out;b'un\x93\xfdA\xccI\x15'
xortool_out/02783.out;b'un\x93\xfdA\xccIl'
xortool_out/02784.out;b'un\x93\xfdv\xd0\x1bP'
xortool_out/02785.out;b'un\x93\xfdv\xd0\x1b\x15'
xortool_out/02786.out;b'un\x93\xfdv\xd0\x1bl'
xortool_out/02787.out;b'un\x93\xfdv\xd0\x1aP'
xortool_out/02788.out;b'un\x93\xfdv\xd0\x1a\x15'
xortool_out/02789.out;b'un\x93\xfdv\xd0\x1al'
xortool_out/02790.out;b'un\x93\xfdv\xd0EP'
xortool_out/02791.out;b'un\x93\xfdv\xd0E\x15'
xortool_out/02792.out;b'un\x93\xfdv\xd0El'
xortool_out/02793.out;b'un\x93\xfdv\xd0IP'
xortool_out/02794.out;b'un\x93\xfdv\xd0I\x15'
xortool_out/02795.out;b'un\x93\xfdv\xd0Il'
xortool_out/02796.out;b'un\x93\xfdv\x81\x1bP'
xortool_out/02797.out;b'un\x93\xfdv\x81\x1b\x15'
xortool_out/02798.out;b'un\x93\xfdv\x81\x1bl'
xortool_out/02799.out;b'un\x93\xfdv\x81\x1aP'
xortool_out/02800.out;b'un\x93\xfdv\x81\x1a\x15'
xortool_out/02801.out;b'un\x93\xfdv\x81\x1al'
xortool_out/02802.out;b'un\x93\xfdv\x81EP'
xortool_out/02803.out;b'un\x93\xfdv\x81E\x15'
xortool_out/02804.out;b'un\x93\xfdv\x81El'
xortool_out/02805.out;b'un\x93\xfdv\x81IP'
xortool_out/02806.out;b'un\x93\xfdv\x81I\x15'
xortool_out/02807.out;b'un\x93\xfdv\x81Il'
xortool_out/02808.out;b'un\x93\xfdv\xc5\x1bP'
xortool_out/02809.out;b'un\x93\xfdv\xc5\x1b\x15'
xortool_out/02810.out;b'un\x93\xfdv\xc5\x1bl'
xortool_out/02811.out;b'un\x93\xfdv\xc5\x1aP'
xortool_out/02812.out;b'un\x93\xfdv\xc5\x1a\x15'
xortool_out/02813.out;b'un\x93\xfdv\xc5\x1al'
xortool_out/02814.out;b'un\x93\xfdv\xc5EP'
xortool_out/02815.out;b'un\x93\xfdv\xc5E\x15'
xortool_out/02816.out;b'un\x93\xfdv\xc5El'
xortool_out/02817.out;b'un\x93\xfdv\xc5IP'
xortool_out/02818.out;b'un\x93\xfdv\xc5I\x15'
xortool_out/02819.out;b'un\x93\xfdv\xc5Il'
xortool_out/02820.out;b'un\x93\xfdv\xcc\x1bP'
xortool_out/02821.out;b'un\x93\xfdv\xcc\x1b\x15'
xortool_out/02822.out;b'un\x93\xfdv\xcc\x1bl'
xortool_out/02823.out;b'un\x93\xfdv\xcc\x1aP'
xortool_out/02824.out;b'un\x93\xfdv\xcc\x1a\x15'
xortool_out/02825.out;b'un\x93\xfdv\xcc\x1al'
xortool_out/02826.out;b'un\x93\xfdv\xccEP'
xortool_out/02827.out;b'un\x93\xfdv\xccE\x15'
xortool_out/02828.out;b'un\x93\xfdv\xccEl'
xortool_out/02829.out;b'un\x93\xfdv\xccIP'
xortool_out/02830.out;b'un\x93\xfdv\xccI\x15'
xortool_out/02831.out;b'un\x93\xfdv\xccIl'
xortool_out/02832.out;b'un\x93\xfdK\xd0\x1bP'
xortool_out/02833.out;b'un\x93\xfdK\xd0\x1b\x15'
xortool_out/02834.out;b'un\x93\xfdK\xd0\x1bl'
xortool_out/02835.out;b'un\x93\xfdK\xd0\x1aP'
xortool_out/02836.out;b'un\x93\xfdK\xd0\x1a\x15'
xortool_out/02837.out;b'un\x93\xfdK\xd0\x1al'
xortool_out/02838.out;b'un\x93\xfdK\xd0EP'
xortool_out/02839.out;b'un\x93\xfdK\xd0E\x15'
xortool_out/02840.out;b'un\x93\xfdK\xd0El'
xortool_out/02841.out;b'un\x93\xfdK\xd0IP'
xortool_out/02842.out;b'un\x93\xfdK\xd0I\x15'
xortool_out/02843.out;b'un\x93\xfdK\xd0Il'
xortool_out/02844.out;b'un\x93\xfdK\x81\x1bP'
xortool_out/02845.out;b'un\x93\xfdK\x81\x1b\x15'
xortool_out/02846.out;b'un\x93\xfdK\x81\x1bl'
xortool_out/02847.out;b'un\x93\xfdK\x81\x1aP'
xortool_out/02848.out;b'un\x93\xfdK\x81\x1a\x15'
xortool_out/02849.out;b'un\x93\xfdK\x81\x1al'
xortool_out/02850.out;b'un\x93\xfdK\x81EP'
xortool_out/02851.out;b'un\x93\xfdK\x81E\x15'
xortool_out/02852.out;b'un\x93\xfdK\x81El'
xortool_out/02853.out;b'un\x93\xfdK\x81IP'
xortool_out/02854.out;b'un\x93\xfdK\x81I\x15'
xortool_out/02855.out;b'un\x93\xfdK\x81Il'
xortool_out/02856.out;b'un\x93\xfdK\xc5\x1bP'
xortool_out/02857.out;b'un\x93\xfdK\xc5\x1b\x15'
xortool_out/02858.out;b'un\x93\xfdK\xc5\x1bl'
xortool_out/02859.out;b'un\x93\xfdK\xc5\x1aP'
xortool_out/02860.out;b'un\x93\xfdK\xc5\x1a\x15'
xortool_out/02861.out;b'un\x93\xfdK\xc5\x1al'
xortool_out/02862.out;b'un\x93\xfdK\xc5EP'
xortool_out/02863.out;b'un\x93\xfdK\xc5E\x15'
xortool_out/02864.out;b'un\x93\xfdK\xc5El'
xortool_out/02865.out;b'un\x93\xfdK\xc5IP'
xortool_out/02866.out;b'un\x93\xfdK\xc5I\x15'
xortool_out/02867.out;b'un\x93\xfdK\xc5Il'
xortool_out/02868.out;b'un\x93\xfdK\xcc\x1bP'
xortool_out/02869.out;b'un\x93\xfdK\xcc\x1b\x15'
xortool_out/02870.out;b'un\x93\xfdK\xcc\x1bl'
xortool_out/02871.out;b'un\x93\xfdK\xcc\x1aP'
xortool_out/02872.out;b'un\x93\xfdK\xcc\x1a\x15'
xortool_out/02873.out;b'un\x93\xfdK\xcc\x1al'
xortool_out/02874.out;b'un\x93\xfdK\xccEP'
xortool_out/02875.out;b'un\x93\xfdK\xccE\x15'
xortool_out/02876.out;b'un\x93\xfdK\xccEl'
xortool_out/02877.out;b'un\x93\xfdK\xccIP'
xortool_out/02878.out;b'un\x93\xfdK\xccI\x15'
xortool_out/02879.out;b'un\x93\xfdK\xccIl'
xortool_out/02880.out;b'un\x93\xfc[\xd0\x1bP'
xortool_out/02881.out;b'un\x93\xfc[\xd0\x1b\x15'
xortool_out/02882.out;b'un\x93\xfc[\xd0\x1bl'
xortool_out/02883.out;b'un\x93\xfc[\xd0\x1aP'
xortool_out/02884.out;b'un\x93\xfc[\xd0\x1a\x15'
xortool_out/02885.out;b'un\x93\xfc[\xd0\x1al'
xortool_out/02886.out;b'un\x93\xfc[\xd0EP'
xortool_out/02887.out;b'un\x93\xfc[\xd0E\x15'
xortool_out/02888.out;b'un\x93\xfc[\xd0El'
xortool_out/02889.out;b'un\x93\xfc[\xd0IP'
xortool_out/02890.out;b'un\x93\xfc[\xd0I\x15'
xortool_out/02891.out;b'un\x93\xfc[\xd0Il'
xortool_out/02892.out;b'un\x93\xfc[\x81\x1bP'
xortool_out/02893.out;b'un\x93\xfc[\x81\x1b\x15'
xortool_out/02894.out;b'un\x93\xfc[\x81\x1bl'
xortool_out/02895.out;b'un\x93\xfc[\x81\x1aP'
xortool_out/02896.out;b'un\x93\xfc[\x81\x1a\x15'
xortool_out/02897.out;b'un\x93\xfc[\x81\x1al'
xortool_out/02898.out;b'un\x93\xfc[\x81EP'
xortool_out/02899.out;b'un\x93\xfc[\x81E\x15'
xortool_out/02900.out;b'un\x93\xfc[\x81El'
xortool_out/02901.out;b'un\x93\xfc[\x81IP'
xortool_out/02902.out;b'un\x93\xfc[\x81I\x15'
xortool_out/02903.out;b'un\x93\xfc[\x81Il'
xortool_out/02904.out;b'un\x93\xfc[\xc5\x1bP'
xortool_out/02905.out;b'un\x93\xfc[\xc5\x1b\x15'
xortool_out/02906.out;b'un\x93\xfc[\xc5\x1bl'
xortool_out/02907.out;b'un\x93\xfc[\xc5\x1aP'
xortool_out/02908.out;b'un\x93\xfc[\xc5\x1a\x15'
xortool_out/02909.out;b'un\x93\xfc[\xc5\x1al'
xortool_out/02910.out;b'un\x93\xfc[\xc5EP'
xortool_out/02911.out;b'un\x93\xfc[\xc5E\x15'
xortool_out/02912.out;b'un\x93\xfc[\xc5El'
xortool_out/02913.out;b'un\x93\xfc[\xc5IP'
xortool_out/02914.out;b'un\x93\xfc[\xc5I\x15'
xortool_out/02915.out;b'un\x93\xfc[\xc5Il'
xortool_out/02916.out;b'un\x93\xfc[\xcc\x1bP'
xortool_out/02917.out;b'un\x93\xfc[\xcc\x1b\x15'
xortool_out/02918.out;b'un\x93\xfc[\xcc\x1bl'
xortool_out/02919.out;b'un\x93\xfc[\xcc\x1aP'
xortool_out/02920.out;b'un\x93\xfc[\xcc\x1a\x15'
xortool_out/02921.out;b'un\x93\xfc[\xcc\x1al'
xortool_out/02922.out;b'un\x93\xfc[\xccEP'
xortool_out/02923.out;b'un\x93\xfc[\xccE\x15'
xortool_out/02924.out;b'un\x93\xfc[\xccEl'
xortool_out/02925.out;b'un\x93\xfc[\xccIP'
xortool_out/02926.out;b'un\x93\xfc[\xccI\x15'
xortool_out/02927.out;b'un\x93\xfc[\xccIl'
xortool_out/02928.out;b'un\x93\xfcA\xd0\x1bP'
xortool_out/02929.out;b'un\x93\xfcA\xd0\x1b\x15'
xortool_out/02930.out;b'un\x93\xfcA\xd0\x1bl'
xortool_out/02931.out;b'un\x93\xfcA\xd0\x1aP'
xortool_out/02932.out;b'un\x93\xfcA\xd0\x1a\x15'
xortool_out/02933.out;b'un\x93\xfcA\xd0\x1al'
xortool_out/02934.out;b'un\x93\xfcA\xd0EP'
xortool_out/02935.out;b'un\x93\xfcA\xd0E\x15'
xortool_out/02936.out;b'un\x93\xfcA\xd0El'
xortool_out/02937.out;b'un\x93\xfcA\xd0IP'
xortool_out/02938.out;b'un\x93\xfcA\xd0I\x15'
xortool_out/02939.out;b'un\x93\xfcA\xd0Il'
xortool_out/02940.out;b'un\x93\xfcA\x81\x1bP'
xortool_out/02941.out;b'un\x93\xfcA\x81\x1b\x15'
xortool_out/02942.out;b'un\x93\xfcA\x81\x1bl'
xortool_out/02943.out;b'un\x93\xfcA\x81\x1aP'
xortool_out/02944.out;b'un\x93\xfcA\x81\x1a\x15'
xortool_out/02945.out;b'un\x93\xfcA\x81\x1al'
xortool_out/02946.out;b'un\x93\xfcA\x81EP'
xortool_out/02947.out;b'un\x93\xfcA\x81E\x15'
xortool_out/02948.out;b'un\x93\xfcA\x81El'
xortool_out/02949.out;b'un\x93\xfcA\x81IP'
xortool_out/02950.out;b'un\x93\xfcA\x81I\x15'
xortool_out/02951.out;b'un\x93\xfcA\x81Il'
xortool_out/02952.out;b'un\x93\xfcA\xc5\x1bP'
xortool_out/02953.out;b'un\x93\xfcA\xc5\x1b\x15'
xortool_out/02954.out;b'un\x93\xfcA\xc5\x1bl'
xortool_out/02955.out;b'un\x93\xfcA\xc5\x1aP'
xortool_out/02956.out;b'un\x93\xfcA\xc5\x1a\x15'
xortool_out/02957.out;b'un\x93\xfcA\xc5\x1al'
xortool_out/02958.out;b'un\x93\xfcA\xc5EP'
xortool_out/02959.out;b'un\x93\xfcA\xc5E\x15'
xortool_out/02960.out;b'un\x93\xfcA\xc5El'
xortool_out/02961.out;b'un\x93\xfcA\xc5IP'
xortool_out/02962.out;b'un\x93\xfcA\xc5I\x15'
xortool_out/02963.out;b'un\x93\xfcA\xc5Il'
xortool_out/02964.out;b'un\x93\xfcA\xcc\x1bP'
xortool_out/02965.out;b'un\x93\xfcA\xcc\x1b\x15'
xortool_out/02966.out;b'un\x93\xfcA\xcc\x1bl'
xortool_out/02967.out;b'un\x93\xfcA\xcc\x1aP'
xortool_out/02968.out;b'un\x93\xfcA\xcc\x1a\x15'
xortool_out/02969.out;b'un\x93\xfcA\xcc\x1al'
xortool_out/02970.out;b'un\x93\xfcA\xccEP'
xortool_out/02971.out;b'un\x93\xfcA\xccE\x15'
xortool_out/02972.out;b'un\x93\xfcA\xccEl'
xortool_out/02973.out;b'un\x93\xfcA\xccIP'
xortool_out/02974.out;b'un\x93\xfcA\xccI\x15'
xortool_out/02975.out;b'un\x93\xfcA\xccIl'
xortool_out/02976.out;b'un\x93\xfcv\xd0\x1bP'
xortool_out/02977.out;b'un\x93\xfcv\xd0\x1b\x15'
xortool_out/02978.out;b'un\x93\xfcv\xd0\x1bl'
xortool_out/02979.out;b'un\x93\xfcv\xd0\x1aP'
xortool_out/02980.out;b'un\x93\xfcv\xd0\x1a\x15'
xortool_out/02981.out;b'un\x93\xfcv\xd0\x1al'
xortool_out/02982.out;b'un\x93\xfcv\xd0EP'
xortool_out/02983.out;b'un\x93\xfcv\xd0E\x15'
xortool_out/02984.out;b'un\x93\xfcv\xd0El'
xortool_out/02985.out;b'un\x93\xfcv\xd0IP'
xortool_out/02986.out;b'un\x93\xfcv\xd0I\x15'
xortool_out/02987.out;b'un\x93\xfcv\xd0Il'
xortool_out/02988.out;b'un\x93\xfcv\x81\x1bP'
xortool_out/02989.out;b'un\x93\xfcv\x81\x1b\x15'
xortool_out/02990.out;b'un\x93\xfcv\x81\x1bl'
xortool_out/02991.out;b'un\x93\xfcv\x81\x1aP'
xortool_out/02992.out;b'un\x93\xfcv\x81\x1a\x15'
xortool_out/02993.out;b'un\x93\xfcv\x81\x1al'
xortool_out/02994.out;b'un\x93\xfcv\x81EP'
xortool_out/02995.out;b'un\x93\xfcv\x81E\x15'
xortool_out/02996.out;b'un\x93\xfcv\x81El'
xortool_out/02997.out;b'un\x93\xfcv\x81IP'
xortool_out/02998.out;b'un\x93\xfcv\x81I\x15'
xortool_out/02999.out;b'un\x93\xfcv\x81Il'
xortool_out/03000.out;b'un\x93\xfcv\xc5\x1bP'
xortool_out/03001.out;b'un\x93\xfcv\xc5\x1b\x15'
xortool_out/03002.out;b'un\x93\xfcv\xc5\x1bl'
xortool_out/03003.out;b'un\x93\xfcv\xc5\x1aP'
xortool_out/03004.out;b'un\x93\xfcv\xc5\x1a\x15'
xortool_out/03005.out;b'un\x93\xfcv\xc5\x1al'
xortool_out/03006.out;b'un\x93\xfcv\xc5EP'
xortool_out/03007.out;b'un\x93\xfcv\xc5E\x15'
xortool_out/03008.out;b'un\x93\xfcv\xc5El'
xortool_out/03009.out;b'un\x93\xfcv\xc5IP'
xortool_out/03010.out;b'un\x93\xfcv\xc5I\x15'
xortool_out/03011.out;b'un\x93\xfcv\xc5Il'
xortool_out/03012.out;b'un\x93\xfcv\xcc\x1bP'
xortool_out/03013.out;b'un\x93\xfcv\xcc\x1b\x15'
xortool_out/03014.out;b'un\x93\xfcv\xcc\x1bl'
xortool_out/03015.out;b'un\x93\xfcv\xcc\x1aP'
xortool_out/03016.out;b'un\x93\xfcv\xcc\x1a\x15'
xortool_out/03017.out;b'un\x93\xfcv\xcc\x1al'
xortool_out/03018.out;b'un\x93\xfcv\xccEP'
xortool_out/03019.out;b'un\x93\xfcv\xccE\x15'
xortool_out/03020.out;b'un\x93\xfcv\xccEl'
xortool_out/03021.out;b'un\x93\xfcv\xccIP'
xortool_out/03022.out;b'un\x93\xfcv\xccI\x15'
xortool_out/03023.out;b'un\x93\xfcv\xccIl'
xortool_out/03024.out;b'un\x93\xfcK\xd0\x1bP'
xortool_out/03025.out;b'un\x93\xfcK\xd0\x1b\x15'
xortool_out/03026.out;b'un\x93\xfcK\xd0\x1bl'
xortool_out/03027.out;b'un\x93\xfcK\xd0\x1aP'
xortool_out/03028.out;b'un\x93\xfcK\xd0\x1a\x15'
xortool_out/03029.out;b'un\x93\xfcK\xd0\x1al'
xortool_out/03030.out;b'un\x93\xfcK\xd0EP'
xortool_out/03031.out;b'un\x93\xfcK\xd0E\x15'
xortool_out/03032.out;b'un\x93\xfcK\xd0El'
xortool_out/03033.out;b'un\x93\xfcK\xd0IP'
xortool_out/03034.out;b'un\x93\xfcK\xd0I\x15'
xortool_out/03035.out;b'un\x93\xfcK\xd0Il'
xortool_out/03036.out;b'un\x93\xfcK\x81\x1bP'
xortool_out/03037.out;b'un\x93\xfcK\x81\x1b\x15'
xortool_out/03038.out;b'un\x93\xfcK\x81\x1bl'
xortool_out/03039.out;b'un\x93\xfcK\x81\x1aP'
xortool_out/03040.out;b'un\x93\xfcK\x81\x1a\x15'
xortool_out/03041.out;b'un\x93\xfcK\x81\x1al'
xortool_out/03042.out;b'un\x93\xfcK\x81EP'
xortool_out/03043.out;b'un\x93\xfcK\x81E\x15'
xortool_out/03044.out;b'un\x93\xfcK\x81El'
xortool_out/03045.out;b'un\x93\xfcK\x81IP'
xortool_out/03046.out;b'un\x93\xfcK\x81I\x15'
xortool_out/03047.out;b'un\x93\xfcK\x81Il'
xortool_out/03048.out;b'un\x93\xfcK\xc5\x1bP'
xortool_out/03049.out;b'un\x93\xfcK\xc5\x1b\x15'
xortool_out/03050.out;b'un\x93\xfcK\xc5\x1bl'
xortool_out/03051.out;b'un\x93\xfcK\xc5\x1aP'
xortool_out/03052.out;b'un\x93\xfcK\xc5\x1a\x15'
xortool_out/03053.out;b'un\x93\xfcK\xc5\x1al'
xortool_out/03054.out;b'un\x93\xfcK\xc5EP'
xortool_out/03055.out;b'un\x93\xfcK\xc5E\x15'
xortool_out/03056.out;b'un\x93\xfcK\xc5El'
xortool_out/03057.out;b'un\x93\xfcK\xc5IP'
xortool_out/03058.out;b'un\x93\xfcK\xc5I\x15'
xortool_out/03059.out;b'un\x93\xfcK\xc5Il'
xortool_out/03060.out;b'un\x93\xfcK\xcc\x1bP'
xortool_out/03061.out;b'un\x93\xfcK\xcc\x1b\x15'
xortool_out/03062.out;b'un\x93\xfcK\xcc\x1bl'
xortool_out/03063.out;b'un\x93\xfcK\xcc\x1aP'
xortool_out/03064.out;b'un\x93\xfcK\xcc\x1a\x15'
xortool_out/03065.out;b'un\x93\xfcK\xcc\x1al'
xortool_out/03066.out;b'un\x93\xfcK\xccEP'
xortool_out/03067.out;b'un\x93\xfcK\xccE\x15'
xortool_out/03068.out;b'un\x93\xfcK\xccEl'
xortool_out/03069.out;b'un\x93\xfcK\xccIP'
xortool_out/03070.out;b'un\x93\xfcK\xccI\x15'
xortool_out/03071.out;b'un\x93\xfcK\xccIl'
xortool_out/03072.out;b'uo\xb8\xfb[\xd0\x1bP'
xortool_out/03073.out;b'uo\xb8\xfb[\xd0\x1b\x15'
xortool_out/03074.out;b'uo\xb8\xfb[\xd0\x1bl'
xortool_out/03075.out;b'uo\xb8\xfb[\xd0\x1aP'
xortool_out/03076.out;b'uo\xb8\xfb[\xd0\x1a\x15'
xortool_out/03077.out;b'uo\xb8\xfb[\xd0\x1al'
xortool_out/03078.out;b'uo\xb8\xfb[\xd0EP'
xortool_out/03079.out;b'uo\xb8\xfb[\xd0E\x15'
xortool_out/03080.out;b'uo\xb8\xfb[\xd0El'
xortool_out/03081.out;b'uo\xb8\xfb[\xd0IP'
xortool_out/03082.out;b'uo\xb8\xfb[\xd0I\x15'
xortool_out/03083.out;b'uo\xb8\xfb[\xd0Il'
xortool_out/03084.out;b'uo\xb8\xfb[\x81\x1bP'
xortool_out/03085.out;b'uo\xb8\xfb[\x81\x1b\x15'
xortool_out/03086.out;b'uo\xb8\xfb[\x81\x1bl'
xortool_out/03087.out;b'uo\xb8\xfb[\x81\x1aP'
xortool_out/03088.out;b'uo\xb8\xfb[\x81\x1a\x15'
xortool_out/03089.out;b'uo\xb8\xfb[\x81\x1al'
xortool_out/03090.out;b'uo\xb8\xfb[\x81EP'
xortool_out/03091.out;b'uo\xb8\xfb[\x81E\x15'
xortool_out/03092.out;b'uo\xb8\xfb[\x81El'
xortool_out/03093.out;b'uo\xb8\xfb[\x81IP'
xortool_out/03094.out;b'uo\xb8\xfb[\x81I\x15'
xortool_out/03095.out;b'uo\xb8\xfb[\x81Il'
xortool_out/03096.out;b'uo\xb8\xfb[\xc5\x1bP'
xortool_out/03097.out;b'uo\xb8\xfb[\xc5\x1b\x15'
xortool_out/03098.out;b'uo\xb8\xfb[\xc5\x1bl'
xortool_out/03099.out;b'uo\xb8\xfb[\xc5\x1aP'
xortool_out/03100.out;b'uo\xb8\xfb[\xc5\x1a\x15'
xortool_out/03101.out;b'uo\xb8\xfb[\xc5\x1al'
xortool_out/03102.out;b'uo\xb8\xfb[\xc5EP'
xortool_out/03103.out;b'uo\xb8\xfb[\xc5E\x15'
xortool_out/03104.out;b'uo\xb8\xfb[\xc5El'
xortool_out/03105.out;b'uo\xb8\xfb[\xc5IP'
xortool_out/03106.out;b'uo\xb8\xfb[\xc5I\x15'
xortool_out/03107.out;b'uo\xb8\xfb[\xc5Il'
xortool_out/03108.out;b'uo\xb8\xfb[\xcc\x1bP'
xortool_out/03109.out;b'uo\xb8\xfb[\xcc\x1b\x15'
xortool_out/03110.out;b'uo\xb8\xfb[\xcc\x1bl'
xortool_out/03111.out;b'uo\xb8\xfb[\xcc\x1aP'
xortool_out/03112.out;b'uo\xb8\xfb[\xcc\x1a\x15'
xortool_out/03113.out;b'uo\xb8\xfb[\xcc\x1al'
xortool_out/03114.out;b'uo\xb8\xfb[\xccEP'
xortool_out/03115.out;b'uo\xb8\xfb[\xccE\x15'
xortool_out/03116.out;b'uo\xb8\xfb[\xccEl'
xortool_out/03117.out;b'uo\xb8\xfb[\xccIP'
xortool_out/03118.out;b'uo\xb8\xfb[\xccI\x15'
xortool_out/03119.out;b'uo\xb8\xfb[\xccIl'
xortool_out/03120.out;b'uo\xb8\xfbA\xd0\x1bP'
xortool_out/03121.out;b'uo\xb8\xfbA\xd0\x1b\x15'
xortool_out/03122.out;b'uo\xb8\xfbA\xd0\x1bl'
xortool_out/03123.out;b'uo\xb8\xfbA\xd0\x1aP'
xortool_out/03124.out;b'uo\xb8\xfbA\xd0\x1a\x15'
xortool_out/03125.out;b'uo\xb8\xfbA\xd0\x1al'
xortool_out/03126.out;b'uo\xb8\xfbA\xd0EP'
xortool_out/03127.out;b'uo\xb8\xfbA\xd0E\x15'
xortool_out/03128.out;b'uo\xb8\xfbA\xd0El'
xortool_out/03129.out;b'uo\xb8\xfbA\xd0IP'
xortool_out/03130.out;b'uo\xb8\xfbA\xd0I\x15'
xortool_out/03131.out;b'uo\xb8\xfbA\xd0Il'
xortool_out/03132.out;b'uo\xb8\xfbA\x81\x1bP'
xortool_out/03133.out;b'uo\xb8\xfbA\x81\x1b\x15'
xortool_out/03134.out;b'uo\xb8\xfbA\x81\x1bl'
xortool_out/03135.out;b'uo\xb8\xfbA\x81\x1aP'
xortool_out/03136.out;b'uo\xb8\xfbA\x81\x1a\x15'
xortool_out/03137.out;b'uo\xb8\xfbA\x81\x1al'
xortool_out/03138.out;b'uo\xb8\xfbA\x81EP'
xortool_out/03139.out;b'uo\xb8\xfbA\x81E\x15'
xortool_out/03140.out;b'uo\xb8\xfbA\x81El'
xortool_out/03141.out;b'uo\xb8\xfbA\x81IP'
xortool_out/03142.out;b'uo\xb8\xfbA\x81I\x15'
xortool_out/03143.out;b'uo\xb8\xfbA\x81Il'
xortool_out/03144.out;b'uo\xb8\xfbA\xc5\x1bP'
xortool_out/03145.out;b'uo\xb8\xfbA\xc5\x1b\x15'
xortool_out/03146.out;b'uo\xb8\xfbA\xc5\x1bl'
xortool_out/03147.out;b'uo\xb8\xfbA\xc5\x1aP'
xortool_out/03148.out;b'uo\xb8\xfbA\xc5\x1a\x15'
xortool_out/03149.out;b'uo\xb8\xfbA\xc5\x1al'
xortool_out/03150.out;b'uo\xb8\xfbA\xc5EP'
xortool_out/03151.out;b'uo\xb8\xfbA\xc5E\x15'
xortool_out/03152.out;b'uo\xb8\xfbA\xc5El'
xortool_out/03153.out;b'uo\xb8\xfbA\xc5IP'
xortool_out/03154.out;b'uo\xb8\xfbA\xc5I\x15'
xortool_out/03155.out;b'uo\xb8\xfbA\xc5Il'
xortool_out/03156.out;b'uo\xb8\xfbA\xcc\x1bP'
xortool_out/03157.out;b'uo\xb8\xfbA\xcc\x1b\x15'
xortool_out/03158.out;b'uo\xb8\xfbA\xcc\x1bl'
xortool_out/03159.out;b'uo\xb8\xfbA\xcc\x1aP'
xortool_out/03160.out;b'uo\xb8\xfbA\xcc\x1a\x15'
xortool_out/03161.out;b'uo\xb8\xfbA\xcc\x1al'
xortool_out/03162.out;b'uo\xb8\xfbA\xccEP'
xortool_out/03163.out;b'uo\xb8\xfbA\xccE\x15'
xortool_out/03164.out;b'uo\xb8\xfbA\xccEl'
xortool_out/03165.out;b'uo\xb8\xfbA\xccIP'
xortool_out/03166.out;b'uo\xb8\xfbA\xccI\x15'
xortool_out/03167.out;b'uo\xb8\xfbA\xccIl'
xortool_out/03168.out;b'uo\xb8\xfbv\xd0\x1bP'
xortool_out/03169.out;b'uo\xb8\xfbv\xd0\x1b\x15'
xortool_out/03170.out;b'uo\xb8\xfbv\xd0\x1bl'
xortool_out/03171.out;b'uo\xb8\xfbv\xd0\x1aP'
xortool_out/03172.out;b'uo\xb8\xfbv\xd0\x1a\x15'
xortool_out/03173.out;b'uo\xb8\xfbv\xd0\x1al'
xortool_out/03174.out;b'uo\xb8\xfbv\xd0EP'
xortool_out/03175.out;b'uo\xb8\xfbv\xd0E\x15'
xortool_out/03176.out;b'uo\xb8\xfbv\xd0El'
xortool_out/03177.out;b'uo\xb8\xfbv\xd0IP'
xortool_out/03178.out;b'uo\xb8\xfbv\xd0I\x15'
xortool_out/03179.out;b'uo\xb8\xfbv\xd0Il'
xortool_out/03180.out;b'uo\xb8\xfbv\x81\x1bP'
xortool_out/03181.out;b'uo\xb8\xfbv\x81\x1b\x15'
xortool_out/03182.out;b'uo\xb8\xfbv\x81\x1bl'
xortool_out/03183.out;b'uo\xb8\xfbv\x81\x1aP'
xortool_out/03184.out;b'uo\xb8\xfbv\x81\x1a\x15'
xortool_out/03185.out;b'uo\xb8\xfbv\x81\x1al'
xortool_out/03186.out;b'uo\xb8\xfbv\x81EP'
xortool_out/03187.out;b'uo\xb8\xfbv\x81E\x15'
xortool_out/03188.out;b'uo\xb8\xfbv\x81El'
xortool_out/03189.out;b'uo\xb8\xfbv\x81IP'
xortool_out/03190.out;b'uo\xb8\xfbv\x81I\x15'
xortool_out/03191.out;b'uo\xb8\xfbv\x81Il'
xortool_out/03192.out;b'uo\xb8\xfbv\xc5\x1bP'
xortool_out/03193.out;b'uo\xb8\xfbv\xc5\x1b\x15'
xortool_out/03194.out;b'uo\xb8\xfbv\xc5\x1bl'
xortool_out/03195.out;b'uo\xb8\xfbv\xc5\x1aP'
xortool_out/03196.out;b'uo\xb8\xfbv\xc5\x1a\x15'
xortool_out/03197.out;b'uo\xb8\xfbv\xc5\x1al'
xortool_out/03198.out;b'uo\xb8\xfbv\xc5EP'
xortool_out/03199.out;b'uo\xb8\xfbv\xc5E\x15'
xortool_out/03200.out;b'uo\xb8\xfbv\xc5El'
xortool_out/03201.out;b'uo\xb8\xfbv\xc5IP'
xortool_out/03202.out;b'uo\xb8\xfbv\xc5I\x15'
xortool_out/03203.out;b'uo\xb8\xfbv\xc5Il'
xortool_out/03204.out;b'uo\xb8\xfbv\xcc\x1bP'
xortool_out/03205.out;b'uo\xb8\xfbv\xcc\x1b\x15'
xortool_out/03206.out;b'uo\xb8\xfbv\xcc\x1bl'
xortool_out/03207.out;b'uo\xb8\xfbv\xcc\x1aP'
xortool_out/03208.out;b'uo\xb8\xfbv\xcc\x1a\x15'
xortool_out/03209.out;b'uo\xb8\xfbv\xcc\x1al'
xortool_out/03210.out;b'uo\xb8\xfbv\xccEP'
xortool_out/03211.out;b'uo\xb8\xfbv\xccE\x15'
xortool_out/03212.out;b'uo\xb8\xfbv\xccEl'
xortool_out/03213.out;b'uo\xb8\xfbv\xccIP'
xortool_out/03214.out;b'uo\xb8\xfbv\xccI\x15'
xortool_out/03215.out;b'uo\xb8\xfbv\xccIl'
xortool_out/03216.out;b'uo\xb8\xfbK\xd0\x1bP'
xortool_out/03217.out;b'uo\xb8\xfbK\xd0\x1b\x15'
xortool_out/03218.out;b'uo\xb8\xfbK\xd0\x1bl'
xortool_out/03219.out;b'uo\xb8\xfbK\xd0\x1aP'
xortool_out/03220.out;b'uo\xb8\xfbK\xd0\x1a\x15'
xortool_out/03221.out;b'uo\xb8\xfbK\xd0\x1al'
xortool_out/03222.out;b'uo\xb8\xfbK\xd0EP'
xortool_out/03223.out;b'uo\xb8\xfbK\xd0E\x15'
xortool_out/03224.out;b'uo\xb8\xfbK\xd0El'
xortool_out/03225.out;b'uo\xb8\xfbK\xd0IP'
xortool_out/03226.out;b'uo\xb8\xfbK\xd0I\x15'
xortool_out/03227.out;b'uo\xb8\xfbK\xd0Il'
xortool_out/03228.out;b'uo\xb8\xfbK\x81\x1bP'
xortool_out/03229.out;b'uo\xb8\xfbK\x81\x1b\x15'
xortool_out/03230.out;b'uo\xb8\xfbK\x81\x1bl'
xortool_out/03231.out;b'uo\xb8\xfbK\x81\x1aP'
xortool_out/03232.out;b'uo\xb8\xfbK\x81\x1a\x15'
xortool_out/03233.out;b'uo\xb8\xfbK\x81\x1al'
xortool_out/03234.out;b'uo\xb8\xfbK\x81EP'
xortool_out/03235.out;b'uo\xb8\xfbK\x81E\x15'
xortool_out/03236.out;b'uo\xb8\xfbK\x81El'
xortool_out/03237.out;b'uo\xb8\xfbK\x81IP'
xortool_out/03238.out;b'uo\xb8\xfbK\x81I\x15'
xortool_out/03239.out;b'uo\xb8\xfbK\x81Il'
xortool_out/03240.out;b'uo\xb8\xfbK\xc5\x1bP'
xortool_out/03241.out;b'uo\xb8\xfbK\xc5\x1b\x15'
xortool_out/03242.out;b'uo\xb8\xfbK\xc5\x1bl'
xortool_out/03243.out;b'uo\xb8\xfbK\xc5\x1aP'
xortool_out/03244.out;b'uo\xb8\xfbK\xc5\x1a\x15'
xortool_out/03245.out;b'uo\xb8\xfbK\xc5\x1al'
xortool_out/03246.out;b'uo\xb8\xfbK\xc5EP'
xortool_out/03247.out;b'uo\xb8\xfbK\xc5E\x15'
xortool_out/03248.out;b'uo\xb8\xfbK\xc5El'
xortool_out/03249.out;b'uo\xb8\xfbK\xc5IP'
xortool_out/03250.out;b'uo\xb8\xfbK\xc5I\x15'
xortool_out/03251.out;b'uo\xb8\xfbK\xc5Il'
xortool_out/03252.out;b'uo\xb8\xfbK\xcc\x1bP'
xortool_out/03253.out;b'uo\xb8\xfbK\xcc\x1b\x15'
xortool_out/03254.out;b'uo\xb8\xfbK\xcc\x1bl'
xortool_out/03255.out;b'uo\xb8\xfbK\xcc\x1aP'
xortool_out/03256.out;b'uo\xb8\xfbK\xcc\x1a\x15'
xortool_out/03257.out;b'uo\xb8\xfbK\xcc\x1al'
xortool_out/03258.out;b'uo\xb8\xfbK\xccEP'
xortool_out/03259.out;b'uo\xb8\xfbK\xccE\x15'
xortool_out/03260.out;b'uo\xb8\xfbK\xccEl'
xortool_out/03261.out;b'uo\xb8\xfbK\xccIP'
xortool_out/03262.out;b'uo\xb8\xfbK\xccI\x15'
xortool_out/03263.out;b'uo\xb8\xfbK\xccIl'
xortool_out/03264.out;b'uo\xb8\xbe[\xd0\x1bP'
xortool_out/03265.out;b'uo\xb8\xbe[\xd0\x1b\x15'
xortool_out/03266.out;b'uo\xb8\xbe[\xd0\x1bl'
xortool_out/03267.out;b'uo\xb8\xbe[\xd0\x1aP'
xortool_out/03268.out;b'uo\xb8\xbe[\xd0\x1a\x15'
xortool_out/03269.out;b'uo\xb8\xbe[\xd0\x1al'
xortool_out/03270.out;b'uo\xb8\xbe[\xd0EP'
xortool_out/03271.out;b'uo\xb8\xbe[\xd0E\x15'
xortool_out/03272.out;b'uo\xb8\xbe[\xd0El'
xortool_out/03273.out;b'uo\xb8\xbe[\xd0IP'
xortool_out/03274.out;b'uo\xb8\xbe[\xd0I\x15'
xortool_out/03275.out;b'uo\xb8\xbe[\xd0Il'
xortool_out/03276.out;b'uo\xb8\xbe[\x81\x1bP'
xortool_out/03277.out;b'uo\xb8\xbe[\x81\x1b\x15'
xortool_out/03278.out;b'uo\xb8\xbe[\x81\x1bl'
xortool_out/03279.out;b'uo\xb8\xbe[\x81\x1aP'
xortool_out/03280.out;b'uo\xb8\xbe[\x81\x1a\x15'
xortool_out/03281.out;b'uo\xb8\xbe[\x81\x1al'
xortool_out/03282.out;b'uo\xb8\xbe[\x81EP'
xortool_out/03283.out;b'uo\xb8\xbe[\x81E\x15'
xortool_out/03284.out;b'uo\xb8\xbe[\x81El'
xortool_out/03285.out;b'uo\xb8\xbe[\x81IP'
xortool_out/03286.out;b'uo\xb8\xbe[\x81I\x15'
xortool_out/03287.out;b'uo\xb8\xbe[\x81Il'
xortool_out/03288.out;b'uo\xb8\xbe[\xc5\x1bP'
xortool_out/03289.out;b'uo\xb8\xbe[\xc5\x1b\x15'
xortool_out/03290.out;b'uo\xb8\xbe[\xc5\x1bl'
xortool_out/03291.out;b'uo\xb8\xbe[\xc5\x1aP'
xortool_out/03292.out;b'uo\xb8\xbe[\xc5\x1a\x15'
xortool_out/03293.out;b'uo\xb8\xbe[\xc5\x1al'
xortool_out/03294.out;b'uo\xb8\xbe[\xc5EP'
xortool_out/03295.out;b'uo\xb8\xbe[\xc5E\x15'
xortool_out/03296.out;b'uo\xb8\xbe[\xc5El'
xortool_out/03297.out;b'uo\xb8\xbe[\xc5IP'
xortool_out/03298.out;b'uo\xb8\xbe[\xc5I\x15'
xortool_out/03299.out;b'uo\xb8\xbe[\xc5Il'
xortool_out/03300.out;b'uo\xb8\xbe[\xcc\x1bP'
xortool_out/03301.out;b'uo\xb8\xbe[\xcc\x1b\x15'
xortool_out/03302.out;b'uo\xb8\xbe[\xcc\x1bl'
xortool_out/03303.out;b'uo\xb8\xbe[\xcc\x1aP'
xortool_out/03304.out;b'uo\xb8\xbe[\xcc\x1a\x15'
xortool_out/03305.out;b'uo\xb8\xbe[\xcc\x1al'
xortool_out/03306.out;b'uo\xb8\xbe[\xccEP'
xortool_out/03307.out;b'uo\xb8\xbe[\xccE\x15'
xortool_out/03308.out;b'uo\xb8\xbe[\xccEl'
xortool_out/03309.out;b'uo\xb8\xbe[\xccIP'
xortool_out/03310.out;b'uo\xb8\xbe[\xccI\x15'
xortool_out/03311.out;b'uo\xb8\xbe[\xccIl'
xortool_out/03312.out;b'uo\xb8\xbeA\xd0\x1bP'
xortool_out/03313.out;b'uo\xb8\xbeA\xd0\x1b\x15'
xortool_out/03314.out;b'uo\xb8\xbeA\xd0\x1bl'
xortool_out/03315.out;b'uo\xb8\xbeA\xd0\x1aP'
xortool_out/03316.out;b'uo\xb8\xbeA\xd0\x1a\x15'
xortool_out/03317.out;b'uo\xb8\xbeA\xd0\x1al'
xortool_out/03318.out;b'uo\xb8\xbeA\xd0EP'
xortool_out/03319.out;b'uo\xb8\xbeA\xd0E\x15'
xortool_out/03320.out;b'uo\xb8\xbeA\xd0El'
xortool_out/03321.out;b'uo\xb8\xbeA\xd0IP'
xortool_out/03322.out;b'uo\xb8\xbeA\xd0I\x15'
xortool_out/03323.out;b'uo\xb8\xbeA\xd0Il'
xortool_out/03324.out;b'uo\xb8\xbeA\x81\x1bP'
xortool_out/03325.out;b'uo\xb8\xbeA\x81\x1b\x15'
xortool_out/03326.out;b'uo\xb8\xbeA\x81\x1bl'
xortool_out/03327.out;b'uo\xb8\xbeA\x81\x1aP'
xortool_out/03328.out;b'uo\xb8\xbeA\x81\x1a\x15'
xortool_out/03329.out;b'uo\xb8\xbeA\x81\x1al'
xortool_out/03330.out;b'uo\xb8\xbeA\x81EP'
xortool_out/03331.out;b'uo\xb8\xbeA\x81E\x15'
xortool_out/03332.out;b'uo\xb8\xbeA\x81El'
xortool_out/03333.out;b'uo\xb8\xbeA\x81IP'
xortool_out/03334.out;b'uo\xb8\xbeA\x81I\x15'
xortool_out/03335.out;b'uo\xb8\xbeA\x81Il'
xortool_out/03336.out;b'uo\xb8\xbeA\xc5\x1bP'
xortool_out/03337.out;b'uo\xb8\xbeA\xc5\x1b\x15'
xortool_out/03338.out;b'uo\xb8\xbeA\xc5\x1bl'
xortool_out/03339.out;b'uo\xb8\xbeA\xc5\x1aP'
xortool_out/03340.out;b'uo\xb8\xbeA\xc5\x1a\x15'
xortool_out/03341.out;b'uo\xb8\xbeA\xc5\x1al'
xortool_out/03342.out;b'uo\xb8\xbeA\xc5EP'
xortool_out/03343.out;b'uo\xb8\xbeA\xc5E\x15'
xortool_out/03344.out;b'uo\xb8\xbeA\xc5El'
xortool_out/03345.out;b'uo\xb8\xbeA\xc5IP'
xortool_out/03346.out;b'uo\xb8\xbeA\xc5I\x15'
xortool_out/03347.out;b'uo\xb8\xbeA\xc5Il'
xortool_out/03348.out;b'uo\xb8\xbeA\xcc\x1bP'
xortool_out/03349.out;b'uo\xb8\xbeA\xcc\x1b\x15'
xortool_out/03350.out;b'uo\xb8\xbeA\xcc\x1bl'
xortool_out/03351.out;b'uo\xb8\xbeA\xcc\x1aP'
xortool_out/03352.out;b'uo\xb8\xbeA\xcc\x1a\x15'
xortool_out/03353.out;b'uo\xb8\xbeA\xcc\x1al'
xortool_out/03354.out;b'uo\xb8\xbeA\xccEP'
xortool_out/03355.out;b'uo\xb8\xbeA\xccE\x15'
xortool_out/03356.out;b'uo\xb8\xbeA\xccEl'
xortool_out/03357.out;b'uo\xb8\xbeA\xccIP'
xortool_out/03358.out;b'uo\xb8\xbeA\xccI\x15'
xortool_out/03359.out;b'uo\xb8\xbeA\xccIl'
xortool_out/03360.out;b'uo\xb8\xbev\xd0\x1bP'
xortool_out/03361.out;b'uo\xb8\xbev\xd0\x1b\x15'
xortool_out/03362.out;b'uo\xb8\xbev\xd0\x1bl'
xortool_out/03363.out;b'uo\xb8\xbev\xd0\x1aP'
xortool_out/03364.out;b'uo\xb8\xbev\xd0\x1a\x15'
xortool_out/03365.out;b'uo\xb8\xbev\xd0\x1al'
xortool_out/03366.out;b'uo\xb8\xbev\xd0EP'
xortool_out/03367.out;b'uo\xb8\xbev\xd0E\x15'
xortool_out/03368.out;b'uo\xb8\xbev\xd0El'
xortool_out/03369.out;b'uo\xb8\xbev\xd0IP'
xortool_out/03370.out;b'uo\xb8\xbev\xd0I\x15'
xortool_out/03371.out;b'uo\xb8\xbev\xd0Il'
xortool_out/03372.out;b'uo\xb8\xbev\x81\x1bP'
xortool_out/03373.out;b'uo\xb8\xbev\x81\x1b\x15'
xortool_out/03374.out;b'uo\xb8\xbev\x81\x1bl'
xortool_out/03375.out;b'uo\xb8\xbev\x81\x1aP'
xortool_out/03376.out;b'uo\xb8\xbev\x81\x1a\x15'
xortool_out/03377.out;b'uo\xb8\xbev\x81\x1al'
xortool_out/03378.out;b'uo\xb8\xbev\x81EP'
xortool_out/03379.out;b'uo\xb8\xbev\x81E\x15'
xortool_out/03380.out;b'uo\xb8\xbev\x81El'
xortool_out/03381.out;b'uo\xb8\xbev\x81IP'
xortool_out/03382.out;b'uo\xb8\xbev\x81I\x15'
xortool_out/03383.out;b'uo\xb8\xbev\x81Il'
xortool_out/03384.out;b'uo\xb8\xbev\xc5\x1bP'
xortool_out/03385.out;b'uo\xb8\xbev\xc5\x1b\x15'
xortool_out/03386.out;b'uo\xb8\xbev\xc5\x1bl'
xortool_out/03387.out;b'uo\xb8\xbev\xc5\x1aP'
xortool_out/03388.out;b'uo\xb8\xbev\xc5\x1a\x15'
xortool_out/03389.out;b'uo\xb8\xbev\xc5\x1al'
xortool_out/03390.out;b'uo\xb8\xbev\xc5EP'
xortool_out/03391.out;b'uo\xb8\xbev\xc5E\x15'
xortool_out/03392.out;b'uo\xb8\xbev\xc5El'
xortool_out/03393.out;b'uo\xb8\xbev\xc5IP'
xortool_out/03394.out;b'uo\xb8\xbev\xc5I\x15'
xortool_out/03395.out;b'uo\xb8\xbev\xc5Il'
xortool_out/03396.out;b'uo\xb8\xbev\xcc\x1bP'
xortool_out/03397.out;b'uo\xb8\xbev\xcc\x1b\x15'
xortool_out/03398.out;b'uo\xb8\xbev\xcc\x1bl'
xortool_out/03399.out;b'uo\xb8\xbev\xcc\x1aP'
xortool_out/03400.out;b'uo\xb8\xbev\xcc\x1a\x15'
xortool_out/03401.out;b'uo\xb8\xbev\xcc\x1al'
xortool_out/03402.out;b'uo\xb8\xbev\xccEP'
xortool_out/03403.out;b'uo\xb8\xbev\xccE\x15'
xortool_out/03404.out;b'uo\xb8\xbev\xccEl'
xortool_out/03405.out;b'uo\xb8\xbev\xccIP'
xortool_out/03406.out;b'uo\xb8\xbev\xccI\x15'
xortool_out/03407.out;b'uo\xb8\xbev\xccIl'
xortool_out/03408.out;b'uo\xb8\xbeK\xd0\x1bP'
xortool_out/03409.out;b'uo\xb8\xbeK\xd0\x1b\x15'
xortool_out/03410.out;b'uo\xb8\xbeK\xd0\x1bl'
xortool_out/03411.out;b'uo\xb8\xbeK\xd0\x1aP'
xortool_out/03412.out;b'uo\xb8\xbeK\xd0\x1a\x15'
xortool_out/03413.out;b'uo\xb8\xbeK\xd0\x1al'
xortool_out/03414.out;b'uo\xb8\xbeK\xd0EP'
xortool_out/03415.out;b'uo\xb8\xbeK\xd0E\x15'
xortool_out/03416.out;b'uo\xb8\xbeK\xd0El'
xortool_out/03417.out;b'uo\xb8\xbeK\xd0IP'
xortool_out/03418.out;b'uo\xb8\xbeK\xd0I\x15'
xortool_out/03419.out;b'uo\xb8\xbeK\xd0Il'
xortool_out/03420.out;b'uo\xb8\xbeK\x81\x1bP'
xortool_out/03421.out;b'uo\xb8\xbeK\x81\x1b\x15'
xortool_out/03422.out;b'uo\xb8\xbeK\x81\x1bl'
xortool_out/03423.out;b'uo\xb8\xbeK\x81\x1aP'
xortool_out/03424.out;b'uo\xb8\xbeK\x81\x1a\x15'
xortool_out/03425.out;b'uo\xb8\xbeK\x81\x1al'
xortool_out/03426.out;b'uo\xb8\xbeK\x81EP'
xortool_out/03427.out;b'uo\xb8\xbeK\x81E\x15'
xortool_out/03428.out;b'uo\xb8\xbeK\x81El'
xortool_out/03429.out;b'uo\xb8\xbeK\x81IP'
xortool_out/03430.out;b'uo\xb8\xbeK\x81I\x15'
xortool_out/03431.out;b'uo\xb8\xbeK\x81Il'
xortool_out/03432.out;b'uo\xb8\xbeK\xc5\x1bP'
xortool_out/03433.out;b'uo\xb8\xbeK\xc5\x1b\x15'
xortool_out/03434.out;b'uo\xb8\xbeK\xc5\x1bl'
xortool_out/03435.out;b'uo\xb8\xbeK\xc5\x1aP'
xortool_out/03436.out;b'uo\xb8\xbeK\xc5\x1a\x15'
xortool_out/03437.out;b'uo\xb8\xbeK\xc5\x1al'
xortool_out/03438.out;b'uo\xb8\xbeK\xc5EP'
xortool_out/03439.out;b'uo\xb8\xbeK\xc5E\x15'
xortool_out/03440.out;b'uo\xb8\xbeK\xc5El'
xortool_out/03441.out;b'uo\xb8\xbeK\xc5IP'
xortool_out/03442.out;b'uo\xb8\xbeK\xc5I\x15'
xortool_out/03443.out;b'uo\xb8\xbeK\xc5Il'
xortool_out/03444.out;b'uo\xb8\xbeK\xcc\x1bP'
xortool_out/03445.out;b'uo\xb8\xbeK\xcc\x1b\x15'
xortool_out/03446.out;b'uo\xb8\xbeK\xcc\x1bl'
xortool_out/03447.out;b'uo\xb8\xbeK\xcc\x1aP'
xortool_out/03448.out;b'uo\xb8\xbeK\xcc\x1a\x15'
xortool_out/03449.out;b'uo\xb8\xbeK\xcc\x1al'
xortool_out/03450.out;b'uo\xb8\xbeK\xccEP'
xortool_out/03451.out;b'uo\xb8\xbeK\xccE\x15'
xortool_out/03452.out;b'uo\xb8\xbeK\xccEl'
xortool_out/03453.out;b'uo\xb8\xbeK\xccIP'
xortool_out/03454.out;b'uo\xb8\xbeK\xccI\x15'
xortool_out/03455.out;b'uo\xb8\xbeK\xccIl'
xortool_out/03456.out;b'uo\xb8\xfd[\xd0\x1bP'
xortool_out/03457.out;b'uo\xb8\xfd[\xd0\x1b\x15'
xortool_out/03458.out;b'uo\xb8\xfd[\xd0\x1bl'
xortool_out/03459.out;b'uo\xb8\xfd[\xd0\x1aP'
xortool_out/03460.out;b'uo\xb8\xfd[\xd0\x1a\x15'
xortool_out/03461.out;b'uo\xb8\xfd[\xd0\x1al'
xortool_out/03462.out;b'uo\xb8\xfd[\xd0EP'
xortool_out/03463.out;b'uo\xb8\xfd[\xd0E\x15'
xortool_out/03464.out;b'uo\xb8\xfd[\xd0El'
xortool_out/03465.out;b'uo\xb8\xfd[\xd0IP'
xortool_out/03466.out;b'uo\xb8\xfd[\xd0I\x15'
xortool_out/03467.out;b'uo\xb8\xfd[\xd0Il'
xortool_out/03468.out;b'uo\xb8\xfd[\x81\x1bP'
xortool_out/03469.out;b'uo\xb8\xfd[\x81\x1b\x15'
xortool_out/03470.out;b'uo\xb8\xfd[\x81\x1bl'
xortool_out/03471.out;b'uo\xb8\xfd[\x81\x1aP'
xortool_out/03472.out;b'uo\xb8\xfd[\x81\x1a\x15'
xortool_out/03473.out;b'uo\xb8\xfd[\x81\x1al'
xortool_out/03474.out;b'uo\xb8\xfd[\x81EP'
xortool_out/03475.out;b'uo\xb8\xfd[\x81E\x15'
xortool_out/03476.out;b'uo\xb8\xfd[\x81El'
xortool_out/03477.out;b'uo\xb8\xfd[\x81IP'
xortool_out/03478.out;b'uo\xb8\xfd[\x81I\x15'
xortool_out/03479.out;b'uo\xb8\xfd[\x81Il'
xortool_out/03480.out;b'uo\xb8\xfd[\xc5\x1bP'
xortool_out/03481.out;b'uo\xb8\xfd[\xc5\x1b\x15'
xortool_out/03482.out;b'uo\xb8\xfd[\xc5\x1bl'
xortool_out/03483.out;b'uo\xb8\xfd[\xc5\x1aP'
xortool_out/03484.out;b'uo\xb8\xfd[\xc5\x1a\x15'
xortool_out/03485.out;b'uo\xb8\xfd[\xc5\x1al'
xortool_out/03486.out;b'uo\xb8\xfd[\xc5EP'
xortool_out/03487.out;b'uo\xb8\xfd[\xc5E\x15'
xortool_out/03488.out;b'uo\xb8\xfd[\xc5El'
xortool_out/03489.out;b'uo\xb8\xfd[\xc5IP'
xortool_out/03490.out;b'uo\xb8\xfd[\xc5I\x15'
xortool_out/03491.out;b'uo\xb8\xfd[\xc5Il'
xortool_out/03492.out;b'uo\xb8\xfd[\xcc\x1bP'
xortool_out/03493.out;b'uo\xb8\xfd[\xcc\x1b\x15'
xortool_out/03494.out;b'uo\xb8\xfd[\xcc\x1bl'
xortool_out/03495.out;b'uo\xb8\xfd[\xcc\x1aP'
xortool_out/03496.out;b'uo\xb8\xfd[\xcc\x1a\x15'
xortool_out/03497.out;b'uo\xb8\xfd[\xcc\x1al'
xortool_out/03498.out;b'uo\xb8\xfd[\xccEP'
xortool_out/03499.out;b'uo\xb8\xfd[\xccE\x15'
xortool_out/03500.out;b'uo\xb8\xfd[\xccEl'
xortool_out/03501.out;b'uo\xb8\xfd[\xccIP'
xortool_out/03502.out;b'uo\xb8\xfd[\xccI\x15'
xortool_out/03503.out;b'uo\xb8\xfd[\xccIl'
xortool_out/03504.out;b'uo\xb8\xfdA\xd0\x1bP'
xortool_out/03505.out;b'uo\xb8\xfdA\xd0\x1b\x15'
xortool_out/03506.out;b'uo\xb8\xfdA\xd0\x1bl'
xortool_out/03507.out;b'uo\xb8\xfdA\xd0\x1aP'
xortool_out/03508.out;b'uo\xb8\xfdA\xd0\x1a\x15'
xortool_out/03509.out;b'uo\xb8\xfdA\xd0\x1al'
xortool_out/03510.out;b'uo\xb8\xfdA\xd0EP'
xortool_out/03511.out;b'uo\xb8\xfdA\xd0E\x15'
xortool_out/03512.out;b'uo\xb8\xfdA\xd0El'
xortool_out/03513.out;b'uo\xb8\xfdA\xd0IP'
xortool_out/03514.out;b'uo\xb8\xfdA\xd0I\x15'
xortool_out/03515.out;b'uo\xb8\xfdA\xd0Il'
xortool_out/03516.out;b'uo\xb8\xfdA\x81\x1bP'
xortool_out/03517.out;b'uo\xb8\xfdA\x81\x1b\x15'
xortool_out/03518.out;b'uo\xb8\xfdA\x81\x1bl'
xortool_out/03519.out;b'uo\xb8\xfdA\x81\x1aP'
xortool_out/03520.out;b'uo\xb8\xfdA\x81\x1a\x15'
xortool_out/03521.out;b'uo\xb8\xfdA\x81\x1al'
xortool_out/03522.out;b'uo\xb8\xfdA\x81EP'
xortool_out/03523.out;b'uo\xb8\xfdA\x81E\x15'
xortool_out/03524.out;b'uo\xb8\xfdA\x81El'
xortool_out/03525.out;b'uo\xb8\xfdA\x81IP'
xortool_out/03526.out;b'uo\xb8\xfdA\x81I\x15'
xortool_out/03527.out;b'uo\xb8\xfdA\x81Il'
xortool_out/03528.out;b'uo\xb8\xfdA\xc5\x1bP'
xortool_out/03529.out;b'uo\xb8\xfdA\xc5\x1b\x15'
xortool_out/03530.out;b'uo\xb8\xfdA\xc5\x1bl'
xortool_out/03531.out;b'uo\xb8\xfdA\xc5\x1aP'
xortool_out/03532.out;b'uo\xb8\xfdA\xc5\x1a\x15'
xortool_out/03533.out;b'uo\xb8\xfdA\xc5\x1al'
xortool_out/03534.out;b'uo\xb8\xfdA\xc5EP'
xortool_out/03535.out;b'uo\xb8\xfdA\xc5E\x15'
xortool_out/03536.out;b'uo\xb8\xfdA\xc5El'
xortool_out/03537.out;b'uo\xb8\xfdA\xc5IP'
xortool_out/03538.out;b'uo\xb8\xfdA\xc5I\x15'
xortool_out/03539.out;b'uo\xb8\xfdA\xc5Il'
xortool_out/03540.out;b'uo\xb8\xfdA\xcc\x1bP'
xortool_out/03541.out;b'uo\xb8\xfdA\xcc\x1b\x15'
xortool_out/03542.out;b'uo\xb8\xfdA\xcc\x1bl'
xortool_out/03543.out;b'uo\xb8\xfdA\xcc\x1aP'
xortool_out/03544.out;b'uo\xb8\xfdA\xcc\x1a\x15'
xortool_out/03545.out;b'uo\xb8\xfdA\xcc\x1al'
xortool_out/03546.out;b'uo\xb8\xfdA\xccEP'
xortool_out/03547.out;b'uo\xb8\xfdA\xccE\x15'
xortool_out/03548.out;b'uo\xb8\xfdA\xccEl'
xortool_out/03549.out;b'uo\xb8\xfdA\xccIP'
xortool_out/03550.out;b'uo\xb8\xfdA\xccI\x15'
xortool_out/03551.out;b'uo\xb8\xfdA\xccIl'
xortool_out/03552.out;b'uo\xb8\xfdv\xd0\x1bP'
xortool_out/03553.out;b'uo\xb8\xfdv\xd0\x1b\x15'
xortool_out/03554.out;b'uo\xb8\xfdv\xd0\x1bl'
xortool_out/03555.out;b'uo\xb8\xfdv\xd0\x1aP'
xortool_out/03556.out;b'uo\xb8\xfdv\xd0\x1a\x15'
xortool_out/03557.out;b'uo\xb8\xfdv\xd0\x1al'
xortool_out/03558.out;b'uo\xb8\xfdv\xd0EP'
xortool_out/03559.out;b'uo\xb8\xfdv\xd0E\x15'
xortool_out/03560.out;b'uo\xb8\xfdv\xd0El'
xortool_out/03561.out;b'uo\xb8\xfdv\xd0IP'
xortool_out/03562.out;b'uo\xb8\xfdv\xd0I\x15'
xortool_out/03563.out;b'uo\xb8\xfdv\xd0Il'
xortool_out/03564.out;b'uo\xb8\xfdv\x81\x1bP'
xortool_out/03565.out;b'uo\xb8\xfdv\x81\x1b\x15'
xortool_out/03566.out;b'uo\xb8\xfdv\x81\x1bl'
xortool_out/03567.out;b'uo\xb8\xfdv\x81\x1aP'
xortool_out/03568.out;b'uo\xb8\xfdv\x81\x1a\x15'
xortool_out/03569.out;b'uo\xb8\xfdv\x81\x1al'
xortool_out/03570.out;b'uo\xb8\xfdv\x81EP'
xortool_out/03571.out;b'uo\xb8\xfdv\x81E\x15'
xortool_out/03572.out;b'uo\xb8\xfdv\x81El'
xortool_out/03573.out;b'uo\xb8\xfdv\x81IP'
xortool_out/03574.out;b'uo\xb8\xfdv\x81I\x15'
xortool_out/03575.out;b'uo\xb8\xfdv\x81Il'
xortool_out/03576.out;b'uo\xb8\xfdv\xc5\x1bP'
xortool_out/03577.out;b'uo\xb8\xfdv\xc5\x1b\x15'
xortool_out/03578.out;b'uo\xb8\xfdv\xc5\x1bl'
xortool_out/03579.out;b'uo\xb8\xfdv\xc5\x1aP'
xortool_out/03580.out;b'uo\xb8\xfdv\xc5\x1a\x15'
xortool_out/03581.out;b'uo\xb8\xfdv\xc5\x1al'
xortool_out/03582.out;b'uo\xb8\xfdv\xc5EP'
xortool_out/03583.out;b'uo\xb8\xfdv\xc5E\x15'
xortool_out/03584.out;b'uo\xb8\xfdv\xc5El'
xortool_out/03585.out;b'uo\xb8\xfdv\xc5IP'
xortool_out/03586.out;b'uo\xb8\xfdv\xc5I\x15'
xortool_out/03587.out;b'uo\xb8\xfdv\xc5Il'
xortool_out/03588.out;b'uo\xb8\xfdv\xcc\x1bP'
xortool_out/03589.out;b'uo\xb8\xfdv\xcc\x1b\x15'
xortool_out/03590.out;b'uo\xb8\xfdv\xcc\x1bl'
xortool_out/03591.out;b'uo\xb8\xfdv\xcc\x1aP'
xortool_out/03592.out;b'uo\xb8\xfdv\xcc\x1a\x15'
xortool_out/03593.out;b'uo\xb8\xfdv\xcc\x1al'
xortool_out/03594.out;b'uo\xb8\xfdv\xccEP'
xortool_out/03595.out;b'uo\xb8\xfdv\xccE\x15'
xortool_out/03596.out;b'uo\xb8\xfdv\xccEl'
xortool_out/03597.out;b'uo\xb8\xfdv\xccIP'
xortool_out/03598.out;b'uo\xb8\xfdv\xccI\x15'
xortool_out/03599.out;b'uo\xb8\xfdv\xccIl'
xortool_out/03600.out;b'uo\xb8\xfdK\xd0\x1bP'
xortool_out/03601.out;b'uo\xb8\xfdK\xd0\x1b\x15'
xortool_out/03602.out;b'uo\xb8\xfdK\xd0\x1bl'
xortool_out/03603.out;b'uo\xb8\xfdK\xd0\x1aP'
xortool_out/03604.out;b'uo\xb8\xfdK\xd0\x1a\x15'
xortool_out/03605.out;b'uo\xb8\xfdK\xd0\x1al'
xortool_out/03606.out;b'uo\xb8\xfdK\xd0EP'
xortool_out/03607.out;b'uo\xb8\xfdK\xd0E\x15'
xortool_out/03608.out;b'uo\xb8\xfdK\xd0El'
xortool_out/03609.out;b'uo\xb8\xfdK\xd0IP'
xortool_out/03610.out;b'uo\xb8\xfdK\xd0I\x15'
xortool_out/03611.out;b'uo\xb8\xfdK\xd0Il'
xortool_out/03612.out;b'uo\xb8\xfdK\x81\x1bP'
xortool_out/03613.out;b'uo\xb8\xfdK\x81\x1b\x15'
xortool_out/03614.out;b'uo\xb8\xfdK\x81\x1bl'
xortool_out/03615.out;b'uo\xb8\xfdK\x81\x1aP'
xortool_out/03616.out;b'uo\xb8\xfdK\x81\x1a\x15'
xortool_out/03617.out;b'uo\xb8\xfdK\x81\x1al'
xortool_out/03618.out;b'uo\xb8\xfdK\x81EP'
xortool_out/03619.out;b'uo\xb8\xfdK\x81E\x15'
xortool_out/03620.out;b'uo\xb8\xfdK\x81El'
xortool_out/03621.out;b'uo\xb8\xfdK\x81IP'
xortool_out/03622.out;b'uo\xb8\xfdK\x81I\x15'
xortool_out/03623.out;b'uo\xb8\xfdK\x81Il'
xortool_out/03624.out;b'uo\xb8\xfdK\xc5\x1bP'
xortool_out/03625.out;b'uo\xb8\xfdK\xc5\x1b\x15'
xortool_out/03626.out;b'uo\xb8\xfdK\xc5\x1bl'
xortool_out/03627.out;b'uo\xb8\xfdK\xc5\x1aP'
xortool_out/03628.out;b'uo\xb8\xfdK\xc5\x1a\x15'
xortool_out/03629.out;b'uo\xb8\xfdK\xc5\x1al'
xortool_out/03630.out;b'uo\xb8\xfdK\xc5EP'
xortool_out/03631.out;b'uo\xb8\xfdK\xc5E\x15'
xortool_out/03632.out;b'uo\xb8\xfdK\xc5El'
xortool_out/03633.out;b'uo\xb8\xfdK\xc5IP'
xortool_out/03634.out;b'uo\xb8\xfdK\xc5I\x15'
xortool_out/03635.out;b'uo\xb8\xfdK\xc5Il'
xortool_out/03636.out;b'uo\xb8\xfdK\xcc\x1bP'
xortool_out/03637.out;b'uo\xb8\xfdK\xcc\x1b\x15'
xortool_out/03638.out;b'uo\xb8\xfdK\xcc\x1bl'
xortool_out/03639.out;b'uo\xb8\xfdK\xcc\x1aP'
xortool_out/03640.out;b'uo\xb8\xfdK\xcc\x1a\x15'
xortool_out/03641.out;b'uo\xb8\xfdK\xcc\x1al'
xortool_out/03642.out;b'uo\xb8\xfdK\xccEP'
xortool_out/03643.out;b'uo\xb8\xfdK\xccE\x15'
xortool_out/03644.out;b'uo\xb8\xfdK\xccEl'
xortool_out/03645.out;b'uo\xb8\xfdK\xccIP'
xortool_out/03646.out;b'uo\xb8\xfdK\xccI\x15'
xortool_out/03647.out;b'uo\xb8\xfdK\xccIl'
xortool_out/03648.out;b'uo\xb8\xfc[\xd0\x1bP'
xortool_out/03649.out;b'uo\xb8\xfc[\xd0\x1b\x15'
xortool_out/03650.out;b'uo\xb8\xfc[\xd0\x1bl'
xortool_out/03651.out;b'uo\xb8\xfc[\xd0\x1aP'
xortool_out/03652.out;b'uo\xb8\xfc[\xd0\x1a\x15'
xortool_out/03653.out;b'uo\xb8\xfc[\xd0\x1al'
xortool_out/03654.out;b'uo\xb8\xfc[\xd0EP'
xortool_out/03655.out;b'uo\xb8\xfc[\xd0E\x15'
xortool_out/03656.out;b'uo\xb8\xfc[\xd0El'
xortool_out/03657.out;b'uo\xb8\xfc[\xd0IP'
xortool_out/03658.out;b'uo\xb8\xfc[\xd0I\x15'
xortool_out/03659.out;b'uo\xb8\xfc[\xd0Il'
xortool_out/03660.out;b'uo\xb8\xfc[\x81\x1bP'
xortool_out/03661.out;b'uo\xb8\xfc[\x81\x1b\x15'
xortool_out/03662.out;b'uo\xb8\xfc[\x81\x1bl'
xortool_out/03663.out;b'uo\xb8\xfc[\x81\x1aP'
xortool_out/03664.out;b'uo\xb8\xfc[\x81\x1a\x15'
xortool_out/03665.out;b'uo\xb8\xfc[\x81\x1al'
xortool_out/03666.out;b'uo\xb8\xfc[\x81EP'
xortool_out/03667.out;b'uo\xb8\xfc[\x81E\x15'
xortool_out/03668.out;b'uo\xb8\xfc[\x81El'
xortool_out/03669.out;b'uo\xb8\xfc[\x81IP'
xortool_out/03670.out;b'uo\xb8\xfc[\x81I\x15'
xortool_out/03671.out;b'uo\xb8\xfc[\x81Il'
xortool_out/03672.out;b'uo\xb8\xfc[\xc5\x1bP'
xortool_out/03673.out;b'uo\xb8\xfc[\xc5\x1b\x15'
xortool_out/03674.out;b'uo\xb8\xfc[\xc5\x1bl'
xortool_out/03675.out;b'uo\xb8\xfc[\xc5\x1aP'
xortool_out/03676.out;b'uo\xb8\xfc[\xc5\x1a\x15'
xortool_out/03677.out;b'uo\xb8\xfc[\xc5\x1al'
xortool_out/03678.out;b'uo\xb8\xfc[\xc5EP'
xortool_out/03679.out;b'uo\xb8\xfc[\xc5E\x15'
xortool_out/03680.out;b'uo\xb8\xfc[\xc5El'
xortool_out/03681.out;b'uo\xb8\xfc[\xc5IP'
xortool_out/03682.out;b'uo\xb8\xfc[\xc5I\x15'
xortool_out/03683.out;b'uo\xb8\xfc[\xc5Il'
xortool_out/03684.out;b'uo\xb8\xfc[\xcc\x1bP'
xortool_out/03685.out;b'uo\xb8\xfc[\xcc\x1b\x15'
xortool_out/03686.out;b'uo\xb8\xfc[\xcc\x1bl'
xortool_out/03687.out;b'uo\xb8\xfc[\xcc\x1aP'
xortool_out/03688.out;b'uo\xb8\xfc[\xcc\x1a\x15'
xortool_out/03689.out;b'uo\xb8\xfc[\xcc\x1al'
xortool_out/03690.out;b'uo\xb8\xfc[\xccEP'
xortool_out/03691.out;b'uo\xb8\xfc[\xccE\x15'
xortool_out/03692.out;b'uo\xb8\xfc[\xccEl'
xortool_out/03693.out;b'uo\xb8\xfc[\xccIP'
xortool_out/03694.out;b'uo\xb8\xfc[\xccI\x15'
xortool_out/03695.out;b'uo\xb8\xfc[\xccIl'
xortool_out/03696.out;b'uo\xb8\xfcA\xd0\x1bP'
xortool_out/03697.out;b'uo\xb8\xfcA\xd0\x1b\x15'
xortool_out/03698.out;b'uo\xb8\xfcA\xd0\x1bl'
xortool_out/03699.out;b'uo\xb8\xfcA\xd0\x1aP'
xortool_out/03700.out;b'uo\xb8\xfcA\xd0\x1a\x15'
xortool_out/03701.out;b'uo\xb8\xfcA\xd0\x1al'
xortool_out/03702.out;b'uo\xb8\xfcA\xd0EP'
xortool_out/03703.out;b'uo\xb8\xfcA\xd0E\x15'
xortool_out/03704.out;b'uo\xb8\xfcA\xd0El'
xortool_out/03705.out;b'uo\xb8\xfcA\xd0IP'
xortool_out/03706.out;b'uo\xb8\xfcA\xd0I\x15'
xortool_out/03707.out;b'uo\xb8\xfcA\xd0Il'
xortool_out/03708.out;b'uo\xb8\xfcA\x81\x1bP'
xortool_out/03709.out;b'uo\xb8\xfcA\x81\x1b\x15'
xortool_out/03710.out;b'uo\xb8\xfcA\x81\x1bl'
xortool_out/03711.out;b'uo\xb8\xfcA\x81\x1aP'
xortool_out/03712.out;b'uo\xb8\xfcA\x81\x1a\x15'
xortool_out/03713.out;b'uo\xb8\xfcA\x81\x1al'
xortool_out/03714.out;b'uo\xb8\xfcA\x81EP'
xortool_out/03715.out;b'uo\xb8\xfcA\x81E\x15'
xortool_out/03716.out;b'uo\xb8\xfcA\x81El'
xortool_out/03717.out;b'uo\xb8\xfcA\x81IP'
xortool_out/03718.out;b'uo\xb8\xfcA\x81I\x15'
xortool_out/03719.out;b'uo\xb8\xfcA\x81Il'
xortool_out/03720.out;b'uo\xb8\xfcA\xc5\x1bP'
xortool_out/03721.out;b'uo\xb8\xfcA\xc5\x1b\x15'
xortool_out/03722.out;b'uo\xb8\xfcA\xc5\x1bl'
xortool_out/03723.out;b'uo\xb8\xfcA\xc5\x1aP'
xortool_out/03724.out;b'uo\xb8\xfcA\xc5\x1a\x15'
xortool_out/03725.out;b'uo\xb8\xfcA\xc5\x1al'
xortool_out/03726.out;b'uo\xb8\xfcA\xc5EP'
xortool_out/03727.out;b'uo\xb8\xfcA\xc5E\x15'
xortool_out/03728.out;b'uo\xb8\xfcA\xc5El'
xortool_out/03729.out;b'uo\xb8\xfcA\xc5IP'
xortool_out/03730.out;b'uo\xb8\xfcA\xc5I\x15'
xortool_out/03731.out;b'uo\xb8\xfcA\xc5Il'
xortool_out/03732.out;b'uo\xb8\xfcA\xcc\x1bP'
xortool_out/03733.out;b'uo\xb8\xfcA\xcc\x1b\x15'
xortool_out/03734.out;b'uo\xb8\xfcA\xcc\x1bl'
xortool_out/03735.out;b'uo\xb8\xfcA\xcc\x1aP'
xortool_out/03736.out;b'uo\xb8\xfcA\xcc\x1a\x15'
xortool_out/03737.out;b'uo\xb8\xfcA\xcc\x1al'
xortool_out/03738.out;b'uo\xb8\xfcA\xccEP'
xortool_out/03739.out;b'uo\xb8\xfcA\xccE\x15'
xortool_out/03740.out;b'uo\xb8\xfcA\xccEl'
xortool_out/03741.out;b'uo\xb8\xfcA\xccIP'
xortool_out/03742.out;b'uo\xb8\xfcA\xccI\x15'
xortool_out/03743.out;b'uo\xb8\xfcA\xccIl'
xortool_out/03744.out;b'uo\xb8\xfcv\xd0\x1bP'
xortool_out/03745.out;b'uo\xb8\xfcv\xd0\x1b\x15'
xortool_out/03746.out;b'uo\xb8\xfcv\xd0\x1bl'
xortool_out/03747.out;b'uo\xb8\xfcv\xd0\x1aP'
xortool_out/03748.out;b'uo\xb8\xfcv\xd0\x1a\x15'
xortool_out/03749.out;b'uo\xb8\xfcv\xd0\x1al'
xortool_out/03750.out;b'uo\xb8\xfcv\xd0EP'
xortool_out/03751.out;b'uo\xb8\xfcv\xd0E\x15'
xortool_out/03752.out;b'uo\xb8\xfcv\xd0El'
xortool_out/03753.out;b'uo\xb8\xfcv\xd0IP'
xortool_out/03754.out;b'uo\xb8\xfcv\xd0I\x15'
xortool_out/03755.out;b'uo\xb8\xfcv\xd0Il'
xortool_out/03756.out;b'uo\xb8\xfcv\x81\x1bP'
xortool_out/03757.out;b'uo\xb8\xfcv\x81\x1b\x15'
xortool_out/03758.out;b'uo\xb8\xfcv\x81\x1bl'
xortool_out/03759.out;b'uo\xb8\xfcv\x81\x1aP'
xortool_out/03760.out;b'uo\xb8\xfcv\x81\x1a\x15'
xortool_out/03761.out;b'uo\xb8\xfcv\x81\x1al'
xortool_out/03762.out;b'uo\xb8\xfcv\x81EP'
xortool_out/03763.out;b'uo\xb8\xfcv\x81E\x15'
xortool_out/03764.out;b'uo\xb8\xfcv\x81El'
xortool_out/03765.out;b'uo\xb8\xfcv\x81IP'
xortool_out/03766.out;b'uo\xb8\xfcv\x81I\x15'
xortool_out/03767.out;b'uo\xb8\xfcv\x81Il'
xortool_out/03768.out;b'uo\xb8\xfcv\xc5\x1bP'
xortool_out/03769.out;b'uo\xb8\xfcv\xc5\x1b\x15'
xortool_out/03770.out;b'uo\xb8\xfcv\xc5\x1bl'
xortool_out/03771.out;b'uo\xb8\xfcv\xc5\x1aP'
xortool_out/03772.out;b'uo\xb8\xfcv\xc5\x1a\x15'
xortool_out/03773.out;b'uo\xb8\xfcv\xc5\x1al'
xortool_out/03774.out;b'uo\xb8\xfcv\xc5EP'
xortool_out/03775.out;b'uo\xb8\xfcv\xc5E\x15'
xortool_out/03776.out;b'uo\xb8\xfcv\xc5El'
xortool_out/03777.out;b'uo\xb8\xfcv\xc5IP'
xortool_out/03778.out;b'uo\xb8\xfcv\xc5I\x15'
xortool_out/03779.out;b'uo\xb8\xfcv\xc5Il'
xortool_out/03780.out;b'uo\xb8\xfcv\xcc\x1bP'
xortool_out/03781.out;b'uo\xb8\xfcv\xcc\x1b\x15'
xortool_out/03782.out;b'uo\xb8\xfcv\xcc\x1bl'
xortool_out/03783.out;b'uo\xb8\xfcv\xcc\x1aP'
xortool_out/03784.out;b'uo\xb8\xfcv\xcc\x1a\x15'
xortool_out/03785.out;b'uo\xb8\xfcv\xcc\x1al'
xortool_out/03786.out;b'uo\xb8\xfcv\xccEP'
xortool_out/03787.out;b'uo\xb8\xfcv\xccE\x15'
xortool_out/03788.out;b'uo\xb8\xfcv\xccEl'
xortool_out/03789.out;b'uo\xb8\xfcv\xccIP'
xortool_out/03790.out;b'uo\xb8\xfcv\xccI\x15'
xortool_out/03791.out;b'uo\xb8\xfcv\xccIl'
xortool_out/03792.out;b'uo\xb8\xfcK\xd0\x1bP'
xortool_out/03793.out;b'uo\xb8\xfcK\xd0\x1b\x15'
xortool_out/03794.out;b'uo\xb8\xfcK\xd0\x1bl'
xortool_out/03795.out;b'uo\xb8\xfcK\xd0\x1aP'
xortool_out/03796.out;b'uo\xb8\xfcK\xd0\x1a\x15'
xortool_out/03797.out;b'uo\xb8\xfcK\xd0\x1al'
xortool_out/03798.out;b'uo\xb8\xfcK\xd0EP'
xortool_out/03799.out;b'uo\xb8\xfcK\xd0E\x15'
xortool_out/03800.out;b'uo\xb8\xfcK\xd0El'
xortool_out/03801.out;b'uo\xb8\xfcK\xd0IP'
xortool_out/03802.out;b'uo\xb8\xfcK\xd0I\x15'
xortool_out/03803.out;b'uo\xb8\xfcK\xd0Il'
xortool_out/03804.out;b'uo\xb8\xfcK\x81\x1bP'
xortool_out/03805.out;b'uo\xb8\xfcK\x81\x1b\x15'
xortool_out/03806.out;b'uo\xb8\xfcK\x81\x1bl'
xortool_out/03807.out;b'uo\xb8\xfcK\x81\x1aP'
xortool_out/03808.out;b'uo\xb8\xfcK\x81\x1a\x15'
xortool_out/03809.out;b'uo\xb8\xfcK\x81\x1al'
xortool_out/03810.out;b'uo\xb8\xfcK\x81EP'
xortool_out/03811.out;b'uo\xb8\xfcK\x81E\x15'
xortool_out/03812.out;b'uo\xb8\xfcK\x81El'
xortool_out/03813.out;b'uo\xb8\xfcK\x81IP'
xortool_out/03814.out;b'uo\xb8\xfcK\x81I\x15'
xortool_out/03815.out;b'uo\xb8\xfcK\x81Il'
xortool_out/03816.out;b'uo\xb8\xfcK\xc5\x1bP'
xortool_out/03817.out;b'uo\xb8\xfcK\xc5\x1b\x15'
xortool_out/03818.out;b'uo\xb8\xfcK\xc5\x1bl'
xortool_out/03819.out;b'uo\xb8\xfcK\xc5\x1aP'
xortool_out/03820.out;b'uo\xb8\xfcK\xc5\x1a\x15'
xortool_out/03821.out;b'uo\xb8\xfcK\xc5\x1al'
xortool_out/03822.out;b'uo\xb8\xfcK\xc5EP'
xortool_out/03823.out;b'uo\xb8\xfcK\xc5E\x15'
xortool_out/03824.out;b'uo\xb8\xfcK\xc5El'
xortool_out/03825.out;b'uo\xb8\xfcK\xc5IP'
xortool_out/03826.out;b'uo\xb8\xfcK\xc5I\x15'
xortool_out/03827.out;b'uo\xb8\xfcK\xc5Il'
xortool_out/03828.out;b'uo\xb8\xfcK\xcc\x1bP'
xortool_out/03829.out;b'uo\xb8\xfcK\xcc\x1b\x15'
xortool_out/03830.out;b'uo\xb8\xfcK\xcc\x1bl'
xortool_out/03831.out;b'uo\xb8\xfcK\xcc\x1aP'
xortool_out/03832.out;b'uo\xb8\xfcK\xcc\x1a\x15'
xortool_out/03833.out;b'uo\xb8\xfcK\xcc\x1al'
xortool_out/03834.out;b'uo\xb8\xfcK\xccEP'
xortool_out/03835.out;b'uo\xb8\xfcK\xccE\x15'
xortool_out/03836.out;b'uo\xb8\xfcK\xccEl'
xortool_out/03837.out;b'uo\xb8\xfcK\xccIP'
xortool_out/03838.out;b'uo\xb8\xfcK\xccI\x15'
xortool_out/03839.out;b'uo\xb8\xfcK\xccIl'
xortool_out/03840.out;b'uo\xa4\xfb[\xd0\x1bP'
xortool_out/03841.out;b'uo\xa4\xfb[\xd0\x1b\x15'
xortool_out/03842.out;b'uo\xa4\xfb[\xd0\x1bl'
xortool_out/03843.out;b'uo\xa4\xfb[\xd0\x1aP'
xortool_out/03844.out;b'uo\xa4\xfb[\xd0\x1a\x15'
xortool_out/03845.out;b'uo\xa4\xfb[\xd0\x1al'
xortool_out/03846.out;b'uo\xa4\xfb[\xd0EP'
xortool_out/03847.out;b'uo\xa4\xfb[\xd0E\x15'
xortool_out/03848.out;b'uo\xa4\xfb[\xd0El'
xortool_out/03849.out;b'uo\xa4\xfb[\xd0IP'
xortool_out/03850.out;b'uo\xa4\xfb[\xd0I\x15'
xortool_out/03851.out;b'uo\xa4\xfb[\xd0Il'
xortool_out/03852.out;b'uo\xa4\xfb[\x81\x1bP'
xortool_out/03853.out;b'uo\xa4\xfb[\x81\x1b\x15'
xortool_out/03854.out;b'uo\xa4\xfb[\x81\x1bl'
xortool_out/03855.out;b'uo\xa4\xfb[\x81\x1aP'
xortool_out/03856.out;b'uo\xa4\xfb[\x81\x1a\x15'
xortool_out/03857.out;b'uo\xa4\xfb[\x81\x1al'
xortool_out/03858.out;b'uo\xa4\xfb[\x81EP'
xortool_out/03859.out;b'uo\xa4\xfb[\x81E\x15'
xortool_out/03860.out;b'uo\xa4\xfb[\x81El'
xortool_out/03861.out;b'uo\xa4\xfb[\x81IP'
xortool_out/03862.out;b'uo\xa4\xfb[\x81I\x15'
xortool_out/03863.out;b'uo\xa4\xfb[\x81Il'
xortool_out/03864.out;b'uo\xa4\xfb[\xc5\x1bP'
xortool_out/03865.out;b'uo\xa4\xfb[\xc5\x1b\x15'
xortool_out/03866.out;b'uo\xa4\xfb[\xc5\x1bl'
xortool_out/03867.out;b'uo\xa4\xfb[\xc5\x1aP'
xortool_out/03868.out;b'uo\xa4\xfb[\xc5\x1a\x15'
xortool_out/03869.out;b'uo\xa4\xfb[\xc5\x1al'
xortool_out/03870.out;b'uo\xa4\xfb[\xc5EP'
xortool_out/03871.out;b'uo\xa4\xfb[\xc5E\x15'
xortool_out/03872.out;b'uo\xa4\xfb[\xc5El'
xortool_out/03873.out;b'uo\xa4\xfb[\xc5IP'
xortool_out/03874.out;b'uo\xa4\xfb[\xc5I\x15'
xortool_out/03875.out;b'uo\xa4\xfb[\xc5Il'
xortool_out/03876.out;b'uo\xa4\xfb[\xcc\x1bP'
xortool_out/03877.out;b'uo\xa4\xfb[\xcc\x1b\x15'
xortool_out/03878.out;b'uo\xa4\xfb[\xcc\x1bl'
xortool_out/03879.out;b'uo\xa4\xfb[\xcc\x1aP'
xortool_out/03880.out;b'uo\xa4\xfb[\xcc\x1a\x15'
xortool_out/03881.out;b'uo\xa4\xfb[\xcc\x1al'
xortool_out/03882.out;b'uo\xa4\xfb[\xccEP'
xortool_out/03883.out;b'uo\xa4\xfb[\xccE\x15'
xortool_out/03884.out;b'uo\xa4\xfb[\xccEl'
xortool_out/03885.out;b'uo\xa4\xfb[\xccIP'
xortool_out/03886.out;b'uo\xa4\xfb[\xccI\x15'
xortool_out/03887.out;b'uo\xa4\xfb[\xccIl'
xortool_out/03888.out;b'uo\xa4\xfbA\xd0\x1bP'
xortool_out/03889.out;b'uo\xa4\xfbA\xd0\x1b\x15'
xortool_out/03890.out;b'uo\xa4\xfbA\xd0\x1bl'
xortool_out/03891.out;b'uo\xa4\xfbA\xd0\x1aP'
xortool_out/03892.out;b'uo\xa4\xfbA\xd0\x1a\x15'
xortool_out/03893.out;b'uo\xa4\xfbA\xd0\x1al'
xortool_out/03894.out;b'uo\xa4\xfbA\xd0EP'
xortool_out/03895.out;b'uo\xa4\xfbA\xd0E\x15'
xortool_out/03896.out;b'uo\xa4\xfbA\xd0El'
xortool_out/03897.out;b'uo\xa4\xfbA\xd0IP'
xortool_out/03898.out;b'uo\xa4\xfbA\xd0I\x15'
xortool_out/03899.out;b'uo\xa4\xfbA\xd0Il'
xortool_out/03900.out;b'uo\xa4\xfbA\x81\x1bP'
xortool_out/03901.out;b'uo\xa4\xfbA\x81\x1b\x15'
xortool_out/03902.out;b'uo\xa4\xfbA\x81\x1bl'
xortool_out/03903.out;b'uo\xa4\xfbA\x81\x1aP'
xortool_out/03904.out;b'uo\xa4\xfbA\x81\x1a\x15'
xortool_out/03905.out;b'uo\xa4\xfbA\x81\x1al'
xortool_out/03906.out;b'uo\xa4\xfbA\x81EP'
xortool_out/03907.out;b'uo\xa4\xfbA\x81E\x15'
xortool_out/03908.out;b'uo\xa4\xfbA\x81El'
xortool_out/03909.out;b'uo\xa4\xfbA\x81IP'
xortool_out/03910.out;b'uo\xa4\xfbA\x81I\x15'
xortool_out/03911.out;b'uo\xa4\xfbA\x81Il'
xortool_out/03912.out;b'uo\xa4\xfbA\xc5\x1bP'
xortool_out/03913.out;b'uo\xa4\xfbA\xc5\x1b\x15'
xortool_out/03914.out;b'uo\xa4\xfbA\xc5\x1bl'
xortool_out/03915.out;b'uo\xa4\xfbA\xc5\x1aP'
xortool_out/03916.out;b'uo\xa4\xfbA\xc5\x1a\x15'
xortool_out/03917.out;b'uo\xa4\xfbA\xc5\x1al'
xortool_out/03918.out;b'uo\xa4\xfbA\xc5EP'
xortool_out/03919.out;b'uo\xa4\xfbA\xc5E\x15'
xortool_out/03920.out;b'uo\xa4\xfbA\xc5El'
xortool_out/03921.out;b'uo\xa4\xfbA\xc5IP'
xortool_out/03922.out;b'uo\xa4\xfbA\xc5I\x15'
xortool_out/03923.out;b'uo\xa4\xfbA\xc5Il'
xortool_out/03924.out;b'uo\xa4\xfbA\xcc\x1bP'
xortool_out/03925.out;b'uo\xa4\xfbA\xcc\x1b\x15'
xortool_out/03926.out;b'uo\xa4\xfbA\xcc\x1bl'
xortool_out/03927.out;b'uo\xa4\xfbA\xcc\x1aP'
xortool_out/03928.out;b'uo\xa4\xfbA\xcc\x1a\x15'
xortool_out/03929.out;b'uo\xa4\xfbA\xcc\x1al'
xortool_out/03930.out;b'uo\xa4\xfbA\xccEP'
xortool_out/03931.out;b'uo\xa4\xfbA\xccE\x15'
xortool_out/03932.out;b'uo\xa4\xfbA\xccEl'
xortool_out/03933.out;b'uo\xa4\xfbA\xccIP'
xortool_out/03934.out;b'uo\xa4\xfbA\xccI\x15'
xortool_out/03935.out;b'uo\xa4\xfbA\xccIl'
xortool_out/03936.out;b'uo\xa4\xfbv\xd0\x1bP'
xortool_out/03937.out;b'uo\xa4\xfbv\xd0\x1b\x15'
xortool_out/03938.out;b'uo\xa4\xfbv\xd0\x1bl'
xortool_out/03939.out;b'uo\xa4\xfbv\xd0\x1aP'
xortool_out/03940.out;b'uo\xa4\xfbv\xd0\x1a\x15'
xortool_out/03941.out;b'uo\xa4\xfbv\xd0\x1al'
xortool_out/03942.out;b'uo\xa4\xfbv\xd0EP'
xortool_out/03943.out;b'uo\xa4\xfbv\xd0E\x15'
xortool_out/03944.out;b'uo\xa4\xfbv\xd0El'
xortool_out/03945.out;b'uo\xa4\xfbv\xd0IP'
xortool_out/03946.out;b'uo\xa4\xfbv\xd0I\x15'
xortool_out/03947.out;b'uo\xa4\xfbv\xd0Il'
xortool_out/03948.out;b'uo\xa4\xfbv\x81\x1bP'
xortool_out/03949.out;b'uo\xa4\xfbv\x81\x1b\x15'
xortool_out/03950.out;b'uo\xa4\xfbv\x81\x1bl'
xortool_out/03951.out;b'uo\xa4\xfbv\x81\x1aP'
xortool_out/03952.out;b'uo\xa4\xfbv\x81\x1a\x15'
xortool_out/03953.out;b'uo\xa4\xfbv\x81\x1al'
xortool_out/03954.out;b'uo\xa4\xfbv\x81EP'
xortool_out/03955.out;b'uo\xa4\xfbv\x81E\x15'
xortool_out/03956.out;b'uo\xa4\xfbv\x81El'
xortool_out/03957.out;b'uo\xa4\xfbv\x81IP'
xortool_out/03958.out;b'uo\xa4\xfbv\x81I\x15'
xortool_out/03959.out;b'uo\xa4\xfbv\x81Il'
xortool_out/03960.out;b'uo\xa4\xfbv\xc5\x1bP'
xortool_out/03961.out;b'uo\xa4\xfbv\xc5\x1b\x15'
xortool_out/03962.out;b'uo\xa4\xfbv\xc5\x1bl'
xortool_out/03963.out;b'uo\xa4\xfbv\xc5\x1aP'
xortool_out/03964.out;b'uo\xa4\xfbv\xc5\x1a\x15'
xortool_out/03965.out;b'uo\xa4\xfbv\xc5\x1al'
xortool_out/03966.out;b'uo\xa4\xfbv\xc5EP'
xortool_out/03967.out;b'uo\xa4\xfbv\xc5E\x15'
xortool_out/03968.out;b'uo\xa4\xfbv\xc5El'
xortool_out/03969.out;b'uo\xa4\xfbv\xc5IP'
xortool_out/03970.out;b'uo\xa4\xfbv\xc5I\x15'
xortool_out/03971.out;b'uo\xa4\xfbv\xc5Il'
xortool_out/03972.out;b'uo\xa4\xfbv\xcc\x1bP'
xortool_out/03973.out;b'uo\xa4\xfbv\xcc\x1b\x15'
xortool_out/03974.out;b'uo\xa4\xfbv\xcc\x1bl'
xortool_out/03975.out;b'uo\xa4\xfbv\xcc\x1aP'
xortool_out/03976.out;b'uo\xa4\xfbv\xcc\x1a\x15'
xortool_out/03977.out;b'uo\xa4\xfbv\xcc\x1al'
xortool_out/03978.out;b'uo\xa4\xfbv\xccEP'
xortool_out/03979.out;b'uo\xa4\xfbv\xccE\x15'
xortool_out/03980.out;b'uo\xa4\xfbv\xccEl'
xortool_out/03981.out;b'uo\xa4\xfbv\xccIP'
xortool_out/03982.out;b'uo\xa4\xfbv\xccI\x15'
xortool_out/03983.out;b'uo\xa4\xfbv\xccIl'
xortool_out/03984.out;b'uo\xa4\xfbK\xd0\x1bP'
xortool_out/03985.out;b'uo\xa4\xfbK\xd0\x1b\x15'
xortool_out/03986.out;b'uo\xa4\xfbK\xd0\x1bl'
xortool_out/03987.out;b'uo\xa4\xfbK\xd0\x1aP'
xortool_out/03988.out;b'uo\xa4\xfbK\xd0\x1a\x15'
xortool_out/03989.out;b'uo\xa4\xfbK\xd0\x1al'
xortool_out/03990.out;b'uo\xa4\xfbK\xd0EP'
xortool_out/03991.out;b'uo\xa4\xfbK\xd0E\x15'
xortool_out/03992.out;b'uo\xa4\xfbK\xd0El'
xortool_out/03993.out;b'uo\xa4\xfbK\xd0IP'
xortool_out/03994.out;b'uo\xa4\xfbK\xd0I\x15'
xortool_out/03995.out;b'uo\xa4\xfbK\xd0Il'
xortool_out/03996.out;b'uo\xa4\xfbK\x81\x1bP'
xortool_out/03997.out;b'uo\xa4\xfbK\x81\x1b\x15'
xortool_out/03998.out;b'uo\xa4\xfbK\x81\x1bl'
xortool_out/03999.out;b'uo\xa4\xfbK\x81\x1aP'
xortool_out/04000.out;b'uo\xa4\xfbK\x81\x1a\x15'
xortool_out/04001.out;b'uo\xa4\xfbK\x81\x1al'
xortool_out/04002.out;b'uo\xa4\xfbK\x81EP'
xortool_out/04003.out;b'uo\xa4\xfbK\x81E\x15'
xortool_out/04004.out;b'uo\xa4\xfbK\x81El'
xortool_out/04005.out;b'uo\xa4\xfbK\x81IP'
xortool_out/04006.out;b'uo\xa4\xfbK\x81I\x15'
xortool_out/04007.out;b'uo\xa4\xfbK\x81Il'
xortool_out/04008.out;b'uo\xa4\xfbK\xc5\x1bP'
xortool_out/04009.out;b'uo\xa4\xfbK\xc5\x1b\x15'
xortool_out/04010.out;b'uo\xa4\xfbK\xc5\x1bl'
xortool_out/04011.out;b'uo\xa4\xfbK\xc5\x1aP'
xortool_out/04012.out;b'uo\xa4\xfbK\xc5\x1a\x15'
xortool_out/04013.out;b'uo\xa4\xfbK\xc5\x1al'
xortool_out/04014.out;b'uo\xa4\xfbK\xc5EP'
xortool_out/04015.out;b'uo\xa4\xfbK\xc5E\x15'
xortool_out/04016.out;b'uo\xa4\xfbK\xc5El'
xortool_out/04017.out;b'uo\xa4\xfbK\xc5IP'
xortool_out/04018.out;b'uo\xa4\xfbK\xc5I\x15'
xortool_out/04019.out;b'uo\xa4\xfbK\xc5Il'
xortool_out/04020.out;b'uo\xa4\xfbK\xcc\x1bP'
xortool_out/04021.out;b'uo\xa4\xfbK\xcc\x1b\x15'
xortool_out/04022.out;b'uo\xa4\xfbK\xcc\x1bl'
xortool_out/04023.out;b'uo\xa4\xfbK\xcc\x1aP'
xortool_out/04024.out;b'uo\xa4\xfbK\xcc\x1a\x15'
xortool_out/04025.out;b'uo\xa4\xfbK\xcc\x1al'
xortool_out/04026.out;b'uo\xa4\xfbK\xccEP'
xortool_out/04027.out;b'uo\xa4\xfbK\xccE\x15'
xortool_out/04028.out;b'uo\xa4\xfbK\xccEl'
xortool_out/04029.out;b'uo\xa4\xfbK\xccIP'
xortool_out/04030.out;b'uo\xa4\xfbK\xccI\x15'
xortool_out/04031.out;b'uo\xa4\xfbK\xccIl'
xortool_out/04032.out;b'uo\xa4\xbe[\xd0\x1bP'
xortool_out/04033.out;b'uo\xa4\xbe[\xd0\x1b\x15'
xortool_out/04034.out;b'uo\xa4\xbe[\xd0\x1bl'
xortool_out/04035.out;b'uo\xa4\xbe[\xd0\x1aP'
xortool_out/04036.out;b'uo\xa4\xbe[\xd0\x1a\x15'
xortool_out/04037.out;b'uo\xa4\xbe[\xd0\x1al'
xortool_out/04038.out;b'uo\xa4\xbe[\xd0EP'
xortool_out/04039.out;b'uo\xa4\xbe[\xd0E\x15'
xortool_out/04040.out;b'uo\xa4\xbe[\xd0El'
xortool_out/04041.out;b'uo\xa4\xbe[\xd0IP'
xortool_out/04042.out;b'uo\xa4\xbe[\xd0I\x15'
xortool_out/04043.out;b'uo\xa4\xbe[\xd0Il'
xortool_out/04044.out;b'uo\xa4\xbe[\x81\x1bP'
xortool_out/04045.out;b'uo\xa4\xbe[\x81\x1b\x15'
xortool_out/04046.out;b'uo\xa4\xbe[\x81\x1bl'
xortool_out/04047.out;b'uo\xa4\xbe[\x81\x1aP'
xortool_out/04048.out;b'uo\xa4\xbe[\x81\x1a\x15'
xortool_out/04049.out;b'uo\xa4\xbe[\x81\x1al'
xortool_out/04050.out;b'uo\xa4\xbe[\x81EP'
xortool_out/04051.out;b'uo\xa4\xbe[\x81E\x15'
xortool_out/04052.out;b'uo\xa4\xbe[\x81El'
xortool_out/04053.out;b'uo\xa4\xbe[\x81IP'
xortool_out/04054.out;b'uo\xa4\xbe[\x81I\x15'
xortool_out/04055.out;b'uo\xa4\xbe[\x81Il'
xortool_out/04056.out;b'uo\xa4\xbe[\xc5\x1bP'
xortool_out/04057.out;b'uo\xa4\xbe[\xc5\x1b\x15'
xortool_out/04058.out;b'uo\xa4\xbe[\xc5\x1bl'
xortool_out/04059.out;b'uo\xa4\xbe[\xc5\x1aP'
xortool_out/04060.out;b'uo\xa4\xbe[\xc5\x1a\x15'
xortool_out/04061.out;b'uo\xa4\xbe[\xc5\x1al'
xortool_out/04062.out;b'uo\xa4\xbe[\xc5EP'
xortool_out/04063.out;b'uo\xa4\xbe[\xc5E\x15'
xortool_out/04064.out;b'uo\xa4\xbe[\xc5El'
xortool_out/04065.out;b'uo\xa4\xbe[\xc5IP'
xortool_out/04066.out;b'uo\xa4\xbe[\xc5I\x15'
xortool_out/04067.out;b'uo\xa4\xbe[\xc5Il'
xortool_out/04068.out;b'uo\xa4\xbe[\xcc\x1bP'
xortool_out/04069.out;b'uo\xa4\xbe[\xcc\x1b\x15'
xortool_out/04070.out;b'uo\xa4\xbe[\xcc\x1bl'
xortool_out/04071.out;b'uo\xa4\xbe[\xcc\x1aP'
xortool_out/04072.out;b'uo\xa4\xbe[\xcc\x1a\x15'
xortool_out/04073.out;b'uo\xa4\xbe[\xcc\x1al'
xortool_out/04074.out;b'uo\xa4\xbe[\xccEP'
xortool_out/04075.out;b'uo\xa4\xbe[\xccE\x15'
xortool_out/04076.out;b'uo\xa4\xbe[\xccEl'
xortool_out/04077.out;b'uo\xa4\xbe[\xccIP'
xortool_out/04078.out;b'uo\xa4\xbe[\xccI\x15'
xortool_out/04079.out;b'uo\xa4\xbe[\xccIl'
xortool_out/04080.out;b'uo\xa4\xbeA\xd0\x1bP'
xortool_out/04081.out;b'uo\xa4\xbeA\xd0\x1b\x15'
xortool_out/04082.out;b'uo\xa4\xbeA\xd0\x1bl'
xortool_out/04083.out;b'uo\xa4\xbeA\xd0\x1aP'
xortool_out/04084.out;b'uo\xa4\xbeA\xd0\x1a\x15'
xortool_out/04085.out;b'uo\xa4\xbeA\xd0\x1al'
xortool_out/04086.out;b'uo\xa4\xbeA\xd0EP'
xortool_out/04087.out;b'uo\xa4\xbeA\xd0E\x15'
xortool_out/04088.out;b'uo\xa4\xbeA\xd0El'
xortool_out/04089.out;b'uo\xa4\xbeA\xd0IP'
xortool_out/04090.out;b'uo\xa4\xbeA\xd0I\x15'
xortool_out/04091.out;b'uo\xa4\xbeA\xd0Il'
xortool_out/04092.out;b'uo\xa4\xbeA\x81\x1bP'
xortool_out/04093.out;b'uo\xa4\xbeA\x81\x1b\x15'
xortool_out/04094.out;b'uo\xa4\xbeA\x81\x1bl'
xortool_out/04095.out;b'uo\xa4\xbeA\x81\x1aP'
xortool_out/04096.out;b'uo\xa4\xbeA\x81\x1a\x15'
xortool_out/04097.out;b'uo\xa4\xbeA\x81\x1al'
xortool_out/04098.out;b'uo\xa4\xbeA\x81EP'
xortool_out/04099.out;b'uo\xa4\xbeA\x81E\x15'
xortool_out/04100.out;b'uo\xa4\xbeA\x81El'
xortool_out/04101.out;b'uo\xa4\xbeA\x81IP'
xortool_out/04102.out;b'uo\xa4\xbeA\x81I\x15'
xortool_out/04103.out;b'uo\xa4\xbeA\x81Il'
xortool_out/04104.out;b'uo\xa4\xbeA\xc5\x1bP'
xortool_out/04105.out;b'uo\xa4\xbeA\xc5\x1b\x15'
xortool_out/04106.out;b'uo\xa4\xbeA\xc5\x1bl'
xortool_out/04107.out;b'uo\xa4\xbeA\xc5\x1aP'
xortool_out/04108.out;b'uo\xa4\xbeA\xc5\x1a\x15'
xortool_out/04109.out;b'uo\xa4\xbeA\xc5\x1al'
xortool_out/04110.out;b'uo\xa4\xbeA\xc5EP'
xortool_out/04111.out;b'uo\xa4\xbeA\xc5E\x15'
xortool_out/04112.out;b'uo\xa4\xbeA\xc5El'
xortool_out/04113.out;b'uo\xa4\xbeA\xc5IP'
xortool_out/04114.out;b'uo\xa4\xbeA\xc5I\x15'
xortool_out/04115.out;b'uo\xa4\xbeA\xc5Il'
xortool_out/04116.out;b'uo\xa4\xbeA\xcc\x1bP'
xortool_out/04117.out;b'uo\xa4\xbeA\xcc\x1b\x15'
xortool_out/04118.out;b'uo\xa4\xbeA\xcc\x1bl'
xortool_out/04119.out;b'uo\xa4\xbeA\xcc\x1aP'
xortool_out/04120.out;b'uo\xa4\xbeA\xcc\x1a\x15'
xortool_out/04121.out;b'uo\xa4\xbeA\xcc\x1al'
xortool_out/04122.out;b'uo\xa4\xbeA\xccEP'
xortool_out/04123.out;b'uo\xa4\xbeA\xccE\x15'
xortool_out/04124.out;b'uo\xa4\xbeA\xccEl'
xortool_out/04125.out;b'uo\xa4\xbeA\xccIP'
xortool_out/04126.out;b'uo\xa4\xbeA\xccI\x15'
xortool_out/04127.out;b'uo\xa4\xbeA\xccIl'
xortool_out/04128.out;b'uo\xa4\xbev\xd0\x1bP'
xortool_out/04129.out;b'uo\xa4\xbev\xd0\x1b\x15'
xortool_out/04130.out;b'uo\xa4\xbev\xd0\x1bl'
xortool_out/04131.out;b'uo\xa4\xbev\xd0\x1aP'
xortool_out/04132.out;b'uo\xa4\xbev\xd0\x1a\x15'
xortool_out/04133.out;b'uo\xa4\xbev\xd0\x1al'
xortool_out/04134.out;b'uo\xa4\xbev\xd0EP'
xortool_out/04135.out;b'uo\xa4\xbev\xd0E\x15'
xortool_out/04136.out;b'uo\xa4\xbev\xd0El'
xortool_out/04137.out;b'uo\xa4\xbev\xd0IP'
xortool_out/04138.out;b'uo\xa4\xbev\xd0I\x15'
xortool_out/04139.out;b'uo\xa4\xbev\xd0Il'
xortool_out/04140.out;b'uo\xa4\xbev\x81\x1bP'
xortool_out/04141.out;b'uo\xa4\xbev\x81\x1b\x15'
xortool_out/04142.out;b'uo\xa4\xbev\x81\x1bl'
xortool_out/04143.out;b'uo\xa4\xbev\x81\x1aP'
xortool_out/04144.out;b'uo\xa4\xbev\x81\x1a\x15'
xortool_out/04145.out;b'uo\xa4\xbev\x81\x1al'
xortool_out/04146.out;b'uo\xa4\xbev\x81EP'
xortool_out/04147.out;b'uo\xa4\xbev\x81E\x15'
xortool_out/04148.out;b'uo\xa4\xbev\x81El'
xortool_out/04149.out;b'uo\xa4\xbev\x81IP'
xortool_out/04150.out;b'uo\xa4\xbev\x81I\x15'
xortool_out/04151.out;b'uo\xa4\xbev\x81Il'
xortool_out/04152.out;b'uo\xa4\xbev\xc5\x1bP'
xortool_out/04153.out;b'uo\xa4\xbev\xc5\x1b\x15'
xortool_out/04154.out;b'uo\xa4\xbev\xc5\x1bl'
xortool_out/04155.out;b'uo\xa4\xbev\xc5\x1aP'
xortool_out/04156.out;b'uo\xa4\xbev\xc5\x1a\x15'
xortool_out/04157.out;b'uo\xa4\xbev\xc5\x1al'
xortool_out/04158.out;b'uo\xa4\xbev\xc5EP'
xortool_out/04159.out;b'uo\xa4\xbev\xc5E\x15'
xortool_out/04160.out;b'uo\xa4\xbev\xc5El'
xortool_out/04161.out;b'uo\xa4\xbev\xc5IP'
xortool_out/04162.out;b'uo\xa4\xbev\xc5I\x15'
xortool_out/04163.out;b'uo\xa4\xbev\xc5Il'
xortool_out/04164.out;b'uo\xa4\xbev\xcc\x1bP'
xortool_out/04165.out;b'uo\xa4\xbev\xcc\x1b\x15'
xortool_out/04166.out;b'uo\xa4\xbev\xcc\x1bl'
xortool_out/04167.out;b'uo\xa4\xbev\xcc\x1aP'
xortool_out/04168.out;b'uo\xa4\xbev\xcc\x1a\x15'
xortool_out/04169.out;b'uo\xa4\xbev\xcc\x1al'
xortool_out/04170.out;b'uo\xa4\xbev\xccEP'
xortool_out/04171.out;b'uo\xa4\xbev\xccE\x15'
xortool_out/04172.out;b'uo\xa4\xbev\xccEl'
xortool_out/04173.out;b'uo\xa4\xbev\xccIP'
xortool_out/04174.out;b'uo\xa4\xbev\xccI\x15'
xortool_out/04175.out;b'uo\xa4\xbev\xccIl'
xortool_out/04176.out;b'uo\xa4\xbeK\xd0\x1bP'
xortool_out/04177.out;b'uo\xa4\xbeK\xd0\x1b\x15'
xortool_out/04178.out;b'uo\xa4\xbeK\xd0\x1bl'
xortool_out/04179.out;b'uo\xa4\xbeK\xd0\x1aP'
xortool_out/04180.out;b'uo\xa4\xbeK\xd0\x1a\x15'
xortool_out/04181.out;b'uo\xa4\xbeK\xd0\x1al'
xortool_out/04182.out;b'uo\xa4\xbeK\xd0EP'
xortool_out/04183.out;b'uo\xa4\xbeK\xd0E\x15'
xortool_out/04184.out;b'uo\xa4\xbeK\xd0El'
xortool_out/04185.out;b'uo\xa4\xbeK\xd0IP'
xortool_out/04186.out;b'uo\xa4\xbeK\xd0I\x15'
xortool_out/04187.out;b'uo\xa4\xbeK\xd0Il'
xortool_out/04188.out;b'uo\xa4\xbeK\x81\x1bP'
xortool_out/04189.out;b'uo\xa4\xbeK\x81\x1b\x15'
xortool_out/04190.out;b'uo\xa4\xbeK\x81\x1bl'
xortool_out/04191.out;b'uo\xa4\xbeK\x81\x1aP'
xortool_out/04192.out;b'uo\xa4\xbeK\x81\x1a\x15'
xortool_out/04193.out;b'uo\xa4\xbeK\x81\x1al'
xortool_out/04194.out;b'uo\xa4\xbeK\x81EP'
xortool_out/04195.out;b'uo\xa4\xbeK\x81E\x15'
xortool_out/04196.out;b'uo\xa4\xbeK\x81El'
xortool_out/04197.out;b'uo\xa4\xbeK\x81IP'
xortool_out/04198.out;b'uo\xa4\xbeK\x81I\x15'
xortool_out/04199.out;b'uo\xa4\xbeK\x81Il'
xortool_out/04200.out;b'uo\xa4\xbeK\xc5\x1bP'
xortool_out/04201.out;b'uo\xa4\xbeK\xc5\x1b\x15'
xortool_out/04202.out;b'uo\xa4\xbeK\xc5\x1bl'
xortool_out/04203.out;b'uo\xa4\xbeK\xc5\x1aP'
xortool_out/04204.out;b'uo\xa4\xbeK\xc5\x1a\x15'
xortool_out/04205.out;b'uo\xa4\xbeK\xc5\x1al'
xortool_out/04206.out;b'uo\xa4\xbeK\xc5EP'
xortool_out/04207.out;b'uo\xa4\xbeK\xc5E\x15'
xortool_out/04208.out;b'uo\xa4\xbeK\xc5El'
xortool_out/04209.out;b'uo\xa4\xbeK\xc5IP'
xortool_out/04210.out;b'uo\xa4\xbeK\xc5I\x15'
xortool_out/04211.out;b'uo\xa4\xbeK\xc5Il'
xortool_out/04212.out;b'uo\xa4\xbeK\xcc\x1bP'
xortool_out/04213.out;b'uo\xa4\xbeK\xcc\x1b\x15'
xortool_out/04214.out;b'uo\xa4\xbeK\xcc\x1bl'
xortool_out/04215.out;b'uo\xa4\xbeK\xcc\x1aP'
xortool_out/04216.out;b'uo\xa4\xbeK\xcc\x1a\x15'
xortool_out/04217.out;b'uo\xa4\xbeK\xcc\x1al'
xortool_out/04218.out;b'uo\xa4\xbeK\xccEP'
xortool_out/04219.out;b'uo\xa4\xbeK\xccE\x15'
xortool_out/04220.out;b'uo\xa4\xbeK\xccEl'
xortool_out/04221.out;b'uo\xa4\xbeK\xccIP'
xortool_out/04222.out;b'uo\xa4\xbeK\xccI\x15'
xortool_out/04223.out;b'uo\xa4\xbeK\xccIl'
xortool_out/04224.out;b'uo\xa4\xfd[\xd0\x1bP'
xortool_out/04225.out;b'uo\xa4\xfd[\xd0\x1b\x15'
xortool_out/04226.out;b'uo\xa4\xfd[\xd0\x1bl'
xortool_out/04227.out;b'uo\xa4\xfd[\xd0\x1aP'
xortool_out/04228.out;b'uo\xa4\xfd[\xd0\x1a\x15'
xortool_out/04229.out;b'uo\xa4\xfd[\xd0\x1al'
xortool_out/04230.out;b'uo\xa4\xfd[\xd0EP'
xortool_out/04231.out;b'uo\xa4\xfd[\xd0E\x15'
xortool_out/04232.out;b'uo\xa4\xfd[\xd0El'
xortool_out/04233.out;b'uo\xa4\xfd[\xd0IP'
xortool_out/04234.out;b'uo\xa4\xfd[\xd0I\x15'
xortool_out/04235.out;b'uo\xa4\xfd[\xd0Il'
xortool_out/04236.out;b'uo\xa4\xfd[\x81\x1bP'
xortool_out/04237.out;b'uo\xa4\xfd[\x81\x1b\x15'
xortool_out/04238.out;b'uo\xa4\xfd[\x81\x1bl'
xortool_out/04239.out;b'uo\xa4\xfd[\x81\x1aP'
xortool_out/04240.out;b'uo\xa4\xfd[\x81\x1a\x15'
xortool_out/04241.out;b'uo\xa4\xfd[\x81\x1al'
xortool_out/04242.out;b'uo\xa4\xfd[\x81EP'
xortool_out/04243.out;b'uo\xa4\xfd[\x81E\x15'
xortool_out/04244.out;b'uo\xa4\xfd[\x81El'
xortool_out/04245.out;b'uo\xa4\xfd[\x81IP'
xortool_out/04246.out;b'uo\xa4\xfd[\x81I\x15'
xortool_out/04247.out;b'uo\xa4\xfd[\x81Il'
xortool_out/04248.out;b'uo\xa4\xfd[\xc5\x1bP'
xortool_out/04249.out;b'uo\xa4\xfd[\xc5\x1b\x15'
xortool_out/04250.out;b'uo\xa4\xfd[\xc5\x1bl'
xortool_out/04251.out;b'uo\xa4\xfd[\xc5\x1aP'
xortool_out/04252.out;b'uo\xa4\xfd[\xc5\x1a\x15'
xortool_out/04253.out;b'uo\xa4\xfd[\xc5\x1al'
xortool_out/04254.out;b'uo\xa4\xfd[\xc5EP'
xortool_out/04255.out;b'uo\xa4\xfd[\xc5E\x15'
xortool_out/04256.out;b'uo\xa4\xfd[\xc5El'
xortool_out/04257.out;b'uo\xa4\xfd[\xc5IP'
xortool_out/04258.out;b'uo\xa4\xfd[\xc5I\x15'
xortool_out/04259.out;b'uo\xa4\xfd[\xc5Il'
xortool_out/04260.out;b'uo\xa4\xfd[\xcc\x1bP'
xortool_out/04261.out;b'uo\xa4\xfd[\xcc\x1b\x15'
xortool_out/04262.out;b'uo\xa4\xfd[\xcc\x1bl'
xortool_out/04263.out;b'uo\xa4\xfd[\xcc\x1aP'
xortool_out/04264.out;b'uo\xa4\xfd[\xcc\x1a\x15'
xortool_out/04265.out;b'uo\xa4\xfd[\xcc\x1al'
xortool_out/04266.out;b'uo\xa4\xfd[\xccEP'
xortool_out/04267.out;b'uo\xa4\xfd[\xccE\x15'
xortool_out/04268.out;b'uo\xa4\xfd[\xccEl'
xortool_out/04269.out;b'uo\xa4\xfd[\xccIP'
xortool_out/04270.out;b'uo\xa4\xfd[\xccI\x15'
xortool_out/04271.out;b'uo\xa4\xfd[\xccIl'
xortool_out/04272.out;b'uo\xa4\xfdA\xd0\x1bP'
xortool_out/04273.out;b'uo\xa4\xfdA\xd0\x1b\x15'
xortool_out/04274.out;b'uo\xa4\xfdA\xd0\x1bl'
xortool_out/04275.out;b'uo\xa4\xfdA\xd0\x1aP'
xortool_out/04276.out;b'uo\xa4\xfdA\xd0\x1a\x15'
xortool_out/04277.out;b'uo\xa4\xfdA\xd0\x1al'
xortool_out/04278.out;b'uo\xa4\xfdA\xd0EP'
xortool_out/04279.out;b'uo\xa4\xfdA\xd0E\x15'
xortool_out/04280.out;b'uo\xa4\xfdA\xd0El'
xortool_out/04281.out;b'uo\xa4\xfdA\xd0IP'
xortool_out/04282.out;b'uo\xa4\xfdA\xd0I\x15'
xortool_out/04283.out;b'uo\xa4\xfdA\xd0Il'
xortool_out/04284.out;b'uo\xa4\xfdA\x81\x1bP'
xortool_out/04285.out;b'uo\xa4\xfdA\x81\x1b\x15'
xortool_out/04286.out;b'uo\xa4\xfdA\x81\x1bl'
xortool_out/04287.out;b'uo\xa4\xfdA\x81\x1aP'
xortool_out/04288.out;b'uo\xa4\xfdA\x81\x1a\x15'
xortool_out/04289.out;b'uo\xa4\xfdA\x81\x1al'
xortool_out/04290.out;b'uo\xa4\xfdA\x81EP'
xortool_out/04291.out;b'uo\xa4\xfdA\x81E\x15'
xortool_out/04292.out;b'uo\xa4\xfdA\x81El'
xortool_out/04293.out;b'uo\xa4\xfdA\x81IP'
xortool_out/04294.out;b'uo\xa4\xfdA\x81I\x15'
xortool_out/04295.out;b'uo\xa4\xfdA\x81Il'
xortool_out/04296.out;b'uo\xa4\xfdA\xc5\x1bP'
xortool_out/04297.out;b'uo\xa4\xfdA\xc5\x1b\x15'
xortool_out/04298.out;b'uo\xa4\xfdA\xc5\x1bl'
xortool_out/04299.out;b'uo\xa4\xfdA\xc5\x1aP'
xortool_out/04300.out;b'uo\xa4\xfdA\xc5\x1a\x15'
xortool_out/04301.out;b'uo\xa4\xfdA\xc5\x1al'
xortool_out/04302.out;b'uo\xa4\xfdA\xc5EP'
xortool_out/04303.out;b'uo\xa4\xfdA\xc5E\x15'
xortool_out/04304.out;b'uo\xa4\xfdA\xc5El'
xortool_out/04305.out;b'uo\xa4\xfdA\xc5IP'
xortool_out/04306.out;b'uo\xa4\xfdA\xc5I\x15'
xortool_out/04307.out;b'uo\xa4\xfdA\xc5Il'
xortool_out/04308.out;b'uo\xa4\xfdA\xcc\x1bP'
xortool_out/04309.out;b'uo\xa4\xfdA\xcc\x1b\x15'
xortool_out/04310.out;b'uo\xa4\xfdA\xcc\x1bl'
xortool_out/04311.out;b'uo\xa4\xfdA\xcc\x1aP'
xortool_out/04312.out;b'uo\xa4\xfdA\xcc\x1a\x15'
xortool_out/04313.out;b'uo\xa4\xfdA\xcc\x1al'
xortool_out/04314.out;b'uo\xa4\xfdA\xccEP'
xortool_out/04315.out;b'uo\xa4\xfdA\xccE\x15'
xortool_out/04316.out;b'uo\xa4\xfdA\xccEl'
xortool_out/04317.out;b'uo\xa4\xfdA\xccIP'
xortool_out/04318.out;b'uo\xa4\xfdA\xccI\x15'
xortool_out/04319.out;b'uo\xa4\xfdA\xccIl'
xortool_out/04320.out;b'uo\xa4\xfdv\xd0\x1bP'
xortool_out/04321.out;b'uo\xa4\xfdv\xd0\x1b\x15'
xortool_out/04322.out;b'uo\xa4\xfdv\xd0\x1bl'
xortool_out/04323.out;b'uo\xa4\xfdv\xd0\x1aP'
xortool_out/04324.out;b'uo\xa4\xfdv\xd0\x1a\x15'
xortool_out/04325.out;b'uo\xa4\xfdv\xd0\x1al'
xortool_out/04326.out;b'uo\xa4\xfdv\xd0EP'
xortool_out/04327.out;b'uo\xa4\xfdv\xd0E\x15'
xortool_out/04328.out;b'uo\xa4\xfdv\xd0El'
xortool_out/04329.out;b'uo\xa4\xfdv\xd0IP'
xortool_out/04330.out;b'uo\xa4\xfdv\xd0I\x15'
xortool_out/04331.out;b'uo\xa4\xfdv\xd0Il'
xortool_out/04332.out;b'uo\xa4\xfdv\x81\x1bP'
xortool_out/04333.out;b'uo\xa4\xfdv\x81\x1b\x15'
xortool_out/04334.out;b'uo\xa4\xfdv\x81\x1bl'
xortool_out/04335.out;b'uo\xa4\xfdv\x81\x1aP'
xortool_out/04336.out;b'uo\xa4\xfdv\x81\x1a\x15'
xortool_out/04337.out;b'uo\xa4\xfdv\x81\x1al'
xortool_out/04338.out;b'uo\xa4\xfdv\x81EP'
xortool_out/04339.out;b'uo\xa4\xfdv\x81E\x15'
xortool_out/04340.out;b'uo\xa4\xfdv\x81El'
xortool_out/04341.out;b'uo\xa4\xfdv\x81IP'
xortool_out/04342.out;b'uo\xa4\xfdv\x81I\x15'
xortool_out/04343.out;b'uo\xa4\xfdv\x81Il'
xortool_out/04344.out;b'uo\xa4\xfdv\xc5\x1bP'
xortool_out/04345.out;b'uo\xa4\xfdv\xc5\x1b\x15'
xortool_out/04346.out;b'uo\xa4\xfdv\xc5\x1bl'
xortool_out/04347.out;b'uo\xa4\xfdv\xc5\x1aP'
xortool_out/04348.out;b'uo\xa4\xfdv\xc5\x1a\x15'
xortool_out/04349.out;b'uo\xa4\xfdv\xc5\x1al'
xortool_out/04350.out;b'uo\xa4\xfdv\xc5EP'
xortool_out/04351.out;b'uo\xa4\xfdv\xc5E\x15'
xortool_out/04352.out;b'uo\xa4\xfdv\xc5El'
xortool_out/04353.out;b'uo\xa4\xfdv\xc5IP'
xortool_out/04354.out;b'uo\xa4\xfdv\xc5I\x15'
xortool_out/04355.out;b'uo\xa4\xfdv\xc5Il'
xortool_out/04356.out;b'uo\xa4\xfdv\xcc\x1bP'
xortool_out/04357.out;b'uo\xa4\xfdv\xcc\x1b\x15'
xortool_out/04358.out;b'uo\xa4\xfdv\xcc\x1bl'
xortool_out/04359.out;b'uo\xa4\xfdv\xcc\x1aP'
xortool_out/04360.out;b'uo\xa4\xfdv\xcc\x1a\x15'
xortool_out/04361.out;b'uo\xa4\xfdv\xcc\x1al'
xortool_out/04362.out;b'uo\xa4\xfdv\xccEP'
xortool_out/04363.out;b'uo\xa4\xfdv\xccE\x15'
xortool_out/04364.out;b'uo\xa4\xfdv\xccEl'
xortool_out/04365.out;b'uo\xa4\xfdv\xccIP'
xortool_out/04366.out;b'uo\xa4\xfdv\xccI\x15'
xortool_out/04367.out;b'uo\xa4\xfdv\xccIl'
xortool_out/04368.out;b'uo\xa4\xfdK\xd0\x1bP'
xortool_out/04369.out;b'uo\xa4\xfdK\xd0\x1b\x15'
xortool_out/04370.out;b'uo\xa4\xfdK\xd0\x1bl'
xortool_out/04371.out;b'uo\xa4\xfdK\xd0\x1aP'
xortool_out/04372.out;b'uo\xa4\xfdK\xd0\x1a\x15'
xortool_out/04373.out;b'uo\xa4\xfdK\xd0\x1al'
xortool_out/04374.out;b'uo\xa4\xfdK\xd0EP'
xortool_out/04375.out;b'uo\xa4\xfdK\xd0E\x15'
xortool_out/04376.out;b'uo\xa4\xfdK\xd0El'
xortool_out/04377.out;b'uo\xa4\xfdK\xd0IP'
xortool_out/04378.out;b'uo\xa4\xfdK\xd0I\x15'
xortool_out/04379.out;b'uo\xa4\xfdK\xd0Il'
xortool_out/04380.out;b'uo\xa4\xfdK\x81\x1bP'
xortool_out/04381.out;b'uo\xa4\xfdK\x81\x1b\x15'
xortool_out/04382.out;b'uo\xa4\xfdK\x81\x1bl'
xortool_out/04383.out;b'uo\xa4\xfdK\x81\x1aP'
xortool_out/04384.out;b'uo\xa4\xfdK\x81\x1a\x15'
xortool_out/04385.out;b'uo\xa4\xfdK\x81\x1al'
xortool_out/04386.out;b'uo\xa4\xfdK\x81EP'
xortool_out/04387.out;b'uo\xa4\xfdK\x81E\x15'
xortool_out/04388.out;b'uo\xa4\xfdK\x81El'
xortool_out/04389.out;b'uo\xa4\xfdK\x81IP'
xortool_out/04390.out;b'uo\xa4\xfdK\x81I\x15'
xortool_out/04391.out;b'uo\xa4\xfdK\x81Il'
xortool_out/04392.out;b'uo\xa4\xfdK\xc5\x1bP'
xortool_out/04393.out;b'uo\xa4\xfdK\xc5\x1b\x15'
xortool_out/04394.out;b'uo\xa4\xfdK\xc5\x1bl'
xortool_out/04395.out;b'uo\xa4\xfdK\xc5\x1aP'
xortool_out/04396.out;b'uo\xa4\xfdK\xc5\x1a\x15'
xortool_out/04397.out;b'uo\xa4\xfdK\xc5\x1al'
xortool_out/04398.out;b'uo\xa4\xfdK\xc5EP'
xortool_out/04399.out;b'uo\xa4\xfdK\xc5E\x15'
xortool_out/04400.out;b'uo\xa4\xfdK\xc5El'
xortool_out/04401.out;b'uo\xa4\xfdK\xc5IP'
xortool_out/04402.out;b'uo\xa4\xfdK\xc5I\x15'
xortool_out/04403.out;b'uo\xa4\xfdK\xc5Il'
xortool_out/04404.out;b'uo\xa4\xfdK\xcc\x1bP'
xortool_out/04405.out;b'uo\xa4\xfdK\xcc\x1b\x15'
xortool_out/04406.out;b'uo\xa4\xfdK\xcc\x1bl'
xortool_out/04407.out;b'uo\xa4\xfdK\xcc\x1aP'
xortool_out/04408.out;b'uo\xa4\xfdK\xcc\x1a\x15'
xortool_out/04409.out;b'uo\xa4\xfdK\xcc\x1al'
xortool_out/04410.out;b'uo\xa4\xfdK\xccEP'
xortool_out/04411.out;b'uo\xa4\xfdK\xccE\x15'
xortool_out/04412.out;b'uo\xa4\xfdK\xccEl'
xortool_out/04413.out;b'uo\xa4\xfdK\xccIP'
xortool_out/04414.out;b'uo\xa4\xfdK\xccI\x15'
xortool_out/04415.out;b'uo\xa4\xfdK\xccIl'
xortool_out/04416.out;b'uo\xa4\xfc[\xd0\x1bP'
xortool_out/04417.out;b'uo\xa4\xfc[\xd0\x1b\x15'
xortool_out/04418.out;b'uo\xa4\xfc[\xd0\x1bl'
xortool_out/04419.out;b'uo\xa4\xfc[\xd0\x1aP'
xortool_out/04420.out;b'uo\xa4\xfc[\xd0\x1a\x15'
xortool_out/04421.out;b'uo\xa4\xfc[\xd0\x1al'
xortool_out/04422.out;b'uo\xa4\xfc[\xd0EP'
xortool_out/04423.out;b'uo\xa4\xfc[\xd0E\x15'
xortool_out/04424.out;b'uo\xa4\xfc[\xd0El'
xortool_out/04425.out;b'uo\xa4\xfc[\xd0IP'
xortool_out/04426.out;b'uo\xa4\xfc[\xd0I\x15'
xortool_out/04427.out;b'uo\xa4\xfc[\xd0Il'
xortool_out/04428.out;b'uo\xa4\xfc[\x81\x1bP'
xortool_out/04429.out;b'uo\xa4\xfc[\x81\x1b\x15'
xortool_out/04430.out;b'uo\xa4\xfc[\x81\x1bl'
xortool_out/04431.out;b'uo\xa4\xfc[\x81\x1aP'
xortool_out/04432.out;b'uo\xa4\xfc[\x81\x1a\x15'
xortool_out/04433.out;b'uo\xa4\xfc[\x81\x1al'
xortool_out/04434.out;b'uo\xa4\xfc[\x81EP'
xortool_out/04435.out;b'uo\xa4\xfc[\x81E\x15'
xortool_out/04436.out;b'uo\xa4\xfc[\x81El'
xortool_out/04437.out;b'uo\xa4\xfc[\x81IP'
xortool_out/04438.out;b'uo\xa4\xfc[\x81I\x15'
xortool_out/04439.out;b'uo\xa4\xfc[\x81Il'
xortool_out/04440.out;b'uo\xa4\xfc[\xc5\x1bP'
xortool_out/04441.out;b'uo\xa4\xfc[\xc5\x1b\x15'
xortool_out/04442.out;b'uo\xa4\xfc[\xc5\x1bl'
xortool_out/04443.out;b'uo\xa4\xfc[\xc5\x1aP'
xortool_out/04444.out;b'uo\xa4\xfc[\xc5\x1a\x15'
xortool_out/04445.out;b'uo\xa4\xfc[\xc5\x1al'
xortool_out/04446.out;b'uo\xa4\xfc[\xc5EP'
xortool_out/04447.out;b'uo\xa4\xfc[\xc5E\x15'
xortool_out/04448.out;b'uo\xa4\xfc[\xc5El'
xortool_out/04449.out;b'uo\xa4\xfc[\xc5IP'
xortool_out/04450.out;b'uo\xa4\xfc[\xc5I\x15'
xortool_out/04451.out;b'uo\xa4\xfc[\xc5Il'
xortool_out/04452.out;b'uo\xa4\xfc[\xcc\x1bP'
xortool_out/04453.out;b'uo\xa4\xfc[\xcc\x1b\x15'
xortool_out/04454.out;b'uo\xa4\xfc[\xcc\x1bl'
xortool_out/04455.out;b'uo\xa4\xfc[\xcc\x1aP'
xortool_out/04456.out;b'uo\xa4\xfc[\xcc\x1a\x15'
xortool_out/04457.out;b'uo\xa4\xfc[\xcc\x1al'
xortool_out/04458.out;b'uo\xa4\xfc[\xccEP'
xortool_out/04459.out;b'uo\xa4\xfc[\xccE\x15'
xortool_out/04460.out;b'uo\xa4\xfc[\xccEl'
xortool_out/04461.out;b'uo\xa4\xfc[\xccIP'
xortool_out/04462.out;b'uo\xa4\xfc[\xccI\x15'
xortool_out/04463.out;b'uo\xa4\xfc[\xccIl'
xortool_out/04464.out;b'uo\xa4\xfcA\xd0\x1bP'
xortool_out/04465.out;b'uo\xa4\xfcA\xd0\x1b\x15'
xortool_out/04466.out;b'uo\xa4\xfcA\xd0\x1bl'
xortool_out/04467.out;b'uo\xa4\xfcA\xd0\x1aP'
xortool_out/04468.out;b'uo\xa4\xfcA\xd0\x1a\x15'
xortool_out/04469.out;b'uo\xa4\xfcA\xd0\x1al'
xortool_out/04470.out;b'uo\xa4\xfcA\xd0EP'
xortool_out/04471.out;b'uo\xa4\xfcA\xd0E\x15'
xortool_out/04472.out;b'uo\xa4\xfcA\xd0El'
xortool_out/04473.out;b'uo\xa4\xfcA\xd0IP'
xortool_out/04474.out;b'uo\xa4\xfcA\xd0I\x15'
xortool_out/04475.out;b'uo\xa4\xfcA\xd0Il'
xortool_out/04476.out;b'uo\xa4\xfcA\x81\x1bP'
xortool_out/04477.out;b'uo\xa4\xfcA\x81\x1b\x15'
xortool_out/04478.out;b'uo\xa4\xfcA\x81\x1bl'
xortool_out/04479.out;b'uo\xa4\xfcA\x81\x1aP'
xortool_out/04480.out;b'uo\xa4\xfcA\x81\x1a\x15'
xortool_out/04481.out;b'uo\xa4\xfcA\x81\x1al'
xortool_out/04482.out;b'uo\xa4\xfcA\x81EP'
xortool_out/04483.out;b'uo\xa4\xfcA\x81E\x15'
xortool_out/04484.out;b'uo\xa4\xfcA\x81El'
xortool_out/04485.out;b'uo\xa4\xfcA\x81IP'
xortool_out/04486.out;b'uo\xa4\xfcA\x81I\x15'
xortool_out/04487.out;b'uo\xa4\xfcA\x81Il'
xortool_out/04488.out;b'uo\xa4\xfcA\xc5\x1bP'
xortool_out/04489.out;b'uo\xa4\xfcA\xc5\x1b\x15'
xortool_out/04490.out;b'uo\xa4\xfcA\xc5\x1bl'
xortool_out/04491.out;b'uo\xa4\xfcA\xc5\x1aP'
xortool_out/04492.out;b'uo\xa4\xfcA\xc5\x1a\x15'
xortool_out/04493.out;b'uo\xa4\xfcA\xc5\x1al'
xortool_out/04494.out;b'uo\xa4\xfcA\xc5EP'
xortool_out/04495.out;b'uo\xa4\xfcA\xc5E\x15'
xortool_out/04496.out;b'uo\xa4\xfcA\xc5El'
xortool_out/04497.out;b'uo\xa4\xfcA\xc5IP'
xortool_out/04498.out;b'uo\xa4\xfcA\xc5I\x15'
xortool_out/04499.out;b'uo\xa4\xfcA\xc5Il'
xortool_out/04500.out;b'uo\xa4\xfcA\xcc\x1bP'
xortool_out/04501.out;b'uo\xa4\xfcA\xcc\x1b\x15'
xortool_out/04502.out;b'uo\xa4\xfcA\xcc\x1bl'
xortool_out/04503.out;b'uo\xa4\xfcA\xcc\x1aP'
xortool_out/04504.out;b'uo\xa4\xfcA\xcc\x1a\x15'
xortool_out/04505.out;b'uo\xa4\xfcA\xcc\x1al'
xortool_out/04506.out;b'uo\xa4\xfcA\xccEP'
xortool_out/04507.out;b'uo\xa4\xfcA\xccE\x15'
xortool_out/04508.out;b'uo\xa4\xfcA\xccEl'
xortool_out/04509.out;b'uo\xa4\xfcA\xccIP'
xortool_out/04510.out;b'uo\xa4\xfcA\xccI\x15'
xortool_out/04511.out;b'uo\xa4\xfcA\xccIl'
xortool_out/04512.out;b'uo\xa4\xfcv\xd0\x1bP'
xortool_out/04513.out;b'uo\xa4\xfcv\xd0\x1b\x15'
xortool_out/04514.out;b'uo\xa4\xfcv\xd0\x1bl'
xortool_out/04515.out;b'uo\xa4\xfcv\xd0\x1aP'
xortool_out/04516.out;b'uo\xa4\xfcv\xd0\x1a\x15'
xortool_out/04517.out;b'uo\xa4\xfcv\xd0\x1al'
xortool_out/04518.out;b'uo\xa4\xfcv\xd0EP'
xortool_out/04519.out;b'uo\xa4\xfcv\xd0E\x15'
xortool_out/04520.out;b'uo\xa4\xfcv\xd0El'
xortool_out/04521.out;b'uo\xa4\xfcv\xd0IP'
xortool_out/04522.out;b'uo\xa4\xfcv\xd0I\x15'
xortool_out/04523.out;b'uo\xa4\xfcv\xd0Il'
xortool_out/04524.out;b'uo\xa4\xfcv\x81\x1bP'
xortool_out/04525.out;b'uo\xa4\xfcv\x81\x1b\x15'
xortool_out/04526.out;b'uo\xa4\xfcv\x81\x1bl'
xortool_out/04527.out;b'uo\xa4\xfcv\x81\x1aP'
xortool_out/04528.out;b'uo\xa4\xfcv\x81\x1a\x15'
xortool_out/04529.out;b'uo\xa4\xfcv\x81\x1al'
xortool_out/04530.out;b'uo\xa4\xfcv\x81EP'
xortool_out/04531.out;b'uo\xa4\xfcv\x81E\x15'
xortool_out/04532.out;b'uo\xa4\xfcv\x81El'
xortool_out/04533.out;b'uo\xa4\xfcv\x81IP'
xortool_out/04534.out;b'uo\xa4\xfcv\x81I\x15'
xortool_out/04535.out;b'uo\xa4\xfcv\x81Il'
xortool_out/04536.out;b'uo\xa4\xfcv\xc5\x1bP'
xortool_out/04537.out;b'uo\xa4\xfcv\xc5\x1b\x15'
xortool_out/04538.out;b'uo\xa4\xfcv\xc5\x1bl'
xortool_out/04539.out;b'uo\xa4\xfcv\xc5\x1aP'
xortool_out/04540.out;b'uo\xa4\xfcv\xc5\x1a\x15'
xortool_out/04541.out;b'uo\xa4\xfcv\xc5\x1al'
xortool_out/04542.out;b'uo\xa4\xfcv\xc5EP'
xortool_out/04543.out;b'uo\xa4\xfcv\xc5E\x15'
xortool_out/04544.out;b'uo\xa4\xfcv\xc5El'
xortool_out/04545.out;b'uo\xa4\xfcv\xc5IP'
xortool_out/04546.out;b'uo\xa4\xfcv\xc5I\x15'
xortool_out/04547.out;b'uo\xa4\xfcv\xc5Il'
xortool_out/04548.out;b'uo\xa4\xfcv\xcc\x1bP'
xortool_out/04549.out;b'uo\xa4\xfcv\xcc\x1b\x15'
xortool_out/04550.out;b'uo\xa4\xfcv\xcc\x1bl'
xortool_out/04551.out;b'uo\xa4\xfcv\xcc\x1aP'
xortool_out/04552.out;b'uo\xa4\xfcv\xcc\x1a\x15'
xortool_out/04553.out;b'uo\xa4\xfcv\xcc\x1al'
xortool_out/04554.out;b'uo\xa4\xfcv\xccEP'
xortool_out/04555.out;b'uo\xa4\xfcv\xccE\x15'
xortool_out/04556.out;b'uo\xa4\xfcv\xccEl'
xortool_out/04557.out;b'uo\xa4\xfcv\xccIP'
xortool_out/04558.out;b'uo\xa4\xfcv\xccI\x15'
xortool_out/04559.out;b'uo\xa4\xfcv\xccIl'
xortool_out/04560.out;b'uo\xa4\xfcK\xd0\x1bP'
xortool_out/04561.out;b'uo\xa4\xfcK\xd0\x1b\x15'
xortool_out/04562.out;b'uo\xa4\xfcK\xd0\x1bl'
xortool_out/04563.out;b'uo\xa4\xfcK\xd0\x1aP'
xortool_out/04564.out;b'uo\xa4\xfcK\xd0\x1a\x15'
xortool_out/04565.out;b'uo\xa4\xfcK\xd0\x1al'
xortool_out/04566.out;b'uo\xa4\xfcK\xd0EP'
xortool_out/04567.out;b'uo\xa4\xfcK\xd0E\x15'
xortool_out/04568.out;b'uo\xa4\xfcK\xd0El'
xortool_out/04569.out;b'uo\xa4\xfcK\xd0IP'
xortool_out/04570.out;b'uo\xa4\xfcK\xd0I\x15'
xortool_out/04571.out;b'uo\xa4\xfcK\xd0Il'
xortool_out/04572.out;b'uo\xa4\xfcK\x81\x1bP'
xortool_out/04573.out;b'uo\xa4\xfcK\x81\x1b\x15'
xortool_out/04574.out;b'uo\xa4\xfcK\x81\x1bl'
xortool_out/04575.out;b'uo\xa4\xfcK\x81\x1aP'
xortool_out/04576.out;b'uo\xa4\xfcK\x81\x1a\x15'
xortool_out/04577.out;b'uo\xa4\xfcK\x81\x1al'
xortool_out/04578.out;b'uo\xa4\xfcK\x81EP'
xortool_out/04579.out;b'uo\xa4\xfcK\x81E\x15'
xortool_out/04580.out;b'uo\xa4\xfcK\x81El'
xortool_out/04581.out;b'uo\xa4\xfcK\x81IP'
xortool_out/04582.out;b'uo\xa4\xfcK\x81I\x15'
xortool_out/04583.out;b'uo\xa4\xfcK\x81Il'
xortool_out/04584.out;b'uo\xa4\xfcK\xc5\x1bP'
xortool_out/04585.out;b'uo\xa4\xfcK\xc5\x1b\x15'
xortool_out/04586.out;b'uo\xa4\xfcK\xc5\x1bl'
xortool_out/04587.out;b'uo\xa4\xfcK\xc5\x1aP'
xortool_out/04588.out;b'uo\xa4\xfcK\xc5\x1a\x15'
xortool_out/04589.out;b'uo\xa4\xfcK\xc5\x1al'
xortool_out/04590.out;b'uo\xa4\xfcK\xc5EP'
xortool_out/04591.out;b'uo\xa4\xfcK\xc5E\x15'
xortool_out/04592.out;b'uo\xa4\xfcK\xc5El'
xortool_out/04593.out;b'uo\xa4\xfcK\xc5IP'
xortool_out/04594.out;b'uo\xa4\xfcK\xc5I\x15'
xortool_out/04595.out;b'uo\xa4\xfcK\xc5Il'
xortool_out/04596.out;b'uo\xa4\xfcK\xcc\x1bP'
xortool_out/04597.out;b'uo\xa4\xfcK\xcc\x1b\x15'
xortool_out/04598.out;b'uo\xa4\xfcK\xcc\x1bl'
xortool_out/04599.out;b'uo\xa4\xfcK\xcc\x1aP'
xortool_out/04600.out;b'uo\xa4\xfcK\xcc\x1a\x15'
xortool_out/04601.out;b'uo\xa4\xfcK\xcc\x1al'
xortool_out/04602.out;b'uo\xa4\xfcK\xccEP'
xortool_out/04603.out;b'uo\xa4\xfcK\xccE\x15'
xortool_out/04604.out;b'uo\xa4\xfcK\xccEl'
xortool_out/04605.out;b'uo\xa4\xfcK\xccIP'
xortool_out/04606.out;b'uo\xa4\xfcK\xccI\x15'
xortool_out/04607.out;b'uo\xa4\xfcK\xccIl'
xortool_out/04608.out;b'uo\xe6\xfb[\xd0\x1bP'
xortool_out/04609.out;b'uo\xe6\xfb[\xd0\x1b\x15'
xortool_out/04610.out;b'uo\xe6\xfb[\xd0\x1bl'
xortool_out/04611.out;b'uo\xe6\xfb[\xd0\x1aP'
xortool_out/04612.out;b'uo\xe6\xfb[\xd0\x1a\x15'
xortool_out/04613.out;b'uo\xe6\xfb[\xd0\x1al'
xortool_out/04614.out;b'uo\xe6\xfb[\xd0EP'
xortool_out/04615.out;b'uo\xe6\xfb[\xd0E\x15'
xortool_out/04616.out;b'uo\xe6\xfb[\xd0El'
xortool_out/04617.out;b'uo\xe6\xfb[\xd0IP'
xortool_out/04618.out;b'uo\xe6\xfb[\xd0I\x15'
xortool_out/04619.out;b'uo\xe6\xfb[\xd0Il'
xortool_out/04620.out;b'uo\xe6\xfb[\x81\x1bP'
xortool_out/04621.out;b'uo\xe6\xfb[\x81\x1b\x15'
xortool_out/04622.out;b'uo\xe6\xfb[\x81\x1bl'
xortool_out/04623.out;b'uo\xe6\xfb[\x81\x1aP'
xortool_out/04624.out;b'uo\xe6\xfb[\x81\x1a\x15'
xortool_out/04625.out;b'uo\xe6\xfb[\x81\x1al'
xortool_out/04626.out;b'uo\xe6\xfb[\x81EP'
xortool_out/04627.out;b'uo\xe6\xfb[\x81E\x15'
xortool_out/04628.out;b'uo\xe6\xfb[\x81El'
xortool_out/04629.out;b'uo\xe6\xfb[\x81IP'
xortool_out/04630.out;b'uo\xe6\xfb[\x81I\x15'
xortool_out/04631.out;b'uo\xe6\xfb[\x81Il'
xortool_out/04632.out;b'uo\xe6\xfb[\xc5\x1bP'
xortool_out/04633.out;b'uo\xe6\xfb[\xc5\x1b\x15'
xortool_out/04634.out;b'uo\xe6\xfb[\xc5\x1bl'
xortool_out/04635.out;b'uo\xe6\xfb[\xc5\x1aP'
xortool_out/04636.out;b'uo\xe6\xfb[\xc5\x1a\x15'
xortool_out/04637.out;b'uo\xe6\xfb[\xc5\x1al'
xortool_out/04638.out;b'uo\xe6\xfb[\xc5EP'
xortool_out/04639.out;b'uo\xe6\xfb[\xc5E\x15'
xortool_out/04640.out;b'uo\xe6\xfb[\xc5El'
xortool_out/04641.out;b'uo\xe6\xfb[\xc5IP'
xortool_out/04642.out;b'uo\xe6\xfb[\xc5I\x15'
xortool_out/04643.out;b'uo\xe6\xfb[\xc5Il'
xortool_out/04644.out;b'uo\xe6\xfb[\xcc\x1bP'
xortool_out/04645.out;b'uo\xe6\xfb[\xcc\x1b\x15'
xortool_out/04646.out;b'uo\xe6\xfb[\xcc\x1bl'
xortool_out/04647.out;b'uo\xe6\xfb[\xcc\x1aP'
xortool_out/04648.out;b'uo\xe6\xfb[\xcc\x1a\x15'
xortool_out/04649.out;b'uo\xe6\xfb[\xcc\x1al'
xortool_out/04650.out;b'uo\xe6\xfb[\xccEP'
xortool_out/04651.out;b'uo\xe6\xfb[\xccE\x15'
xortool_out/04652.out;b'uo\xe6\xfb[\xccEl'
xortool_out/04653.out;b'uo\xe6\xfb[\xccIP'
xortool_out/04654.out;b'uo\xe6\xfb[\xccI\x15'
xortool_out/04655.out;b'uo\xe6\xfb[\xccIl'
xortool_out/04656.out;b'uo\xe6\xfbA\xd0\x1bP'
xortool_out/04657.out;b'uo\xe6\xfbA\xd0\x1b\x15'
xortool_out/04658.out;b'uo\xe6\xfbA\xd0\x1bl'
xortool_out/04659.out;b'uo\xe6\xfbA\xd0\x1aP'
xortool_out/04660.out;b'uo\xe6\xfbA\xd0\x1a\x15'
xortool_out/04661.out;b'uo\xe6\xfbA\xd0\x1al'
xortool_out/04662.out;b'uo\xe6\xfbA\xd0EP'
xortool_out/04663.out;b'uo\xe6\xfbA\xd0E\x15'
xortool_out/04664.out;b'uo\xe6\xfbA\xd0El'
xortool_out/04665.out;b'uo\xe6\xfbA\xd0IP'
xortool_out/04666.out;b'uo\xe6\xfbA\xd0I\x15'
xortool_out/04667.out;b'uo\xe6\xfbA\xd0Il'
xortool_out/04668.out;b'uo\xe6\xfbA\x81\x1bP'
xortool_out/04669.out;b'uo\xe6\xfbA\x81\x1b\x15'
xortool_out/04670.out;b'uo\xe6\xfbA\x81\x1bl'
xortool_out/04671.out;b'uo\xe6\xfbA\x81\x1aP'
xortool_out/04672.out;b'uo\xe6\xfbA\x81\x1a\x15'
xortool_out/04673.out;b'uo\xe6\xfbA\x81\x1al'
xortool_out/04674.out;b'uo\xe6\xfbA\x81EP'
xortool_out/04675.out;b'uo\xe6\xfbA\x81E\x15'
xortool_out/04676.out;b'uo\xe6\xfbA\x81El'
xortool_out/04677.out;b'uo\xe6\xfbA\x81IP'
xortool_out/04678.out;b'uo\xe6\xfbA\x81I\x15'
xortool_out/04679.out;b'uo\xe6\xfbA\x81Il'
xortool_out/04680.out;b'uo\xe6\xfbA\xc5\x1bP'
xortool_out/04681.out;b'uo\xe6\xfbA\xc5\x1b\x15'
xortool_out/04682.out;b'uo\xe6\xfbA\xc5\x1bl'
xortool_out/04683.out;b'uo\xe6\xfbA\xc5\x1aP'
xortool_out/04684.out;b'uo\xe6\xfbA\xc5\x1a\x15'
xortool_out/04685.out;b'uo\xe6\xfbA\xc5\x1al'
xortool_out/04686.out;b'uo\xe6\xfbA\xc5EP'
xortool_out/04687.out;b'uo\xe6\xfbA\xc5E\x15'
xortool_out/04688.out;b'uo\xe6\xfbA\xc5El'
xortool_out/04689.out;b'uo\xe6\xfbA\xc5IP'
xortool_out/04690.out;b'uo\xe6\xfbA\xc5I\x15'
xortool_out/04691.out;b'uo\xe6\xfbA\xc5Il'
xortool_out/04692.out;b'uo\xe6\xfbA\xcc\x1bP'
xortool_out/04693.out;b'uo\xe6\xfbA\xcc\x1b\x15'
xortool_out/04694.out;b'uo\xe6\xfbA\xcc\x1bl'
xortool_out/04695.out;b'uo\xe6\xfbA\xcc\x1aP'
xortool_out/04696.out;b'uo\xe6\xfbA\xcc\x1a\x15'
xortool_out/04697.out;b'uo\xe6\xfbA\xcc\x1al'
xortool_out/04698.out;b'uo\xe6\xfbA\xccEP'
xortool_out/04699.out;b'uo\xe6\xfbA\xccE\x15'
xortool_out/04700.out;b'uo\xe6\xfbA\xccEl'
xortool_out/04701.out;b'uo\xe6\xfbA\xccIP'
xortool_out/04702.out;b'uo\xe6\xfbA\xccI\x15'
xortool_out/04703.out;b'uo\xe6\xfbA\xccIl'
xortool_out/04704.out;b'uo\xe6\xfbv\xd0\x1bP'
xortool_out/04705.out;b'uo\xe6\xfbv\xd0\x1b\x15'
xortool_out/04706.out;b'uo\xe6\xfbv\xd0\x1bl'
xortool_out/04707.out;b'uo\xe6\xfbv\xd0\x1aP'
xortool_out/04708.out;b'uo\xe6\xfbv\xd0\x1a\x15'
xortool_out/04709.out;b'uo\xe6\xfbv\xd0\x1al'
xortool_out/04710.out;b'uo\xe6\xfbv\xd0EP'
xortool_out/04711.out;b'uo\xe6\xfbv\xd0E\x15'
xortool_out/04712.out;b'uo\xe6\xfbv\xd0El'
xortool_out/04713.out;b'uo\xe6\xfbv\xd0IP'
xortool_out/04714.out;b'uo\xe6\xfbv\xd0I\x15'
xortool_out/04715.out;b'uo\xe6\xfbv\xd0Il'
xortool_out/04716.out;b'uo\xe6\xfbv\x81\x1bP'
xortool_out/04717.out;b'uo\xe6\xfbv\x81\x1b\x15'
xortool_out/04718.out;b'uo\xe6\xfbv\x81\x1bl'
xortool_out/04719.out;b'uo\xe6\xfbv\x81\x1aP'
xortool_out/04720.out;b'uo\xe6\xfbv\x81\x1a\x15'
xortool_out/04721.out;b'uo\xe6\xfbv\x81\x1al'
xortool_out/04722.out;b'uo\xe6\xfbv\x81EP'
xortool_out/04723.out;b'uo\xe6\xfbv\x81E\x15'
xortool_out/04724.out;b'uo\xe6\xfbv\x81El'
xortool_out/04725.out;b'uo\xe6\xfbv\x81IP'
xortool_out/04726.out;b'uo\xe6\xfbv\x81I\x15'
xortool_out/04727.out;b'uo\xe6\xfbv\x81Il'
xortool_out/04728.out;b'uo\xe6\xfbv\xc5\x1bP'
xortool_out/04729.out;b'uo\xe6\xfbv\xc5\x1b\x15'
xortool_out/04730.out;b'uo\xe6\xfbv\xc5\x1bl'
xortool_out/04731.out;b'uo\xe6\xfbv\xc5\x1aP'
xortool_out/04732.out;b'uo\xe6\xfbv\xc5\x1a\x15'
xortool_out/04733.out;b'uo\xe6\xfbv\xc5\x1al'
xortool_out/04734.out;b'uo\xe6\xfbv\xc5EP'
xortool_out/04735.out;b'uo\xe6\xfbv\xc5E\x15'
xortool_out/04736.out;b'uo\xe6\xfbv\xc5El'
xortool_out/04737.out;b'uo\xe6\xfbv\xc5IP'
xortool_out/04738.out;b'uo\xe6\xfbv\xc5I\x15'
xortool_out/04739.out;b'uo\xe6\xfbv\xc5Il'
xortool_out/04740.out;b'uo\xe6\xfbv\xcc\x1bP'
xortool_out/04741.out;b'uo\xe6\xfbv\xcc\x1b\x15'
xortool_out/04742.out;b'uo\xe6\xfbv\xcc\x1bl'
xortool_out/04743.out;b'uo\xe6\xfbv\xcc\x1aP'
xortool_out/04744.out;b'uo\xe6\xfbv\xcc\x1a\x15'
xortool_out/04745.out;b'uo\xe6\xfbv\xcc\x1al'
xortool_out/04746.out;b'uo\xe6\xfbv\xccEP'
xortool_out/04747.out;b'uo\xe6\xfbv\xccE\x15'
xortool_out/04748.out;b'uo\xe6\xfbv\xccEl'
xortool_out/04749.out;b'uo\xe6\xfbv\xccIP'
xortool_out/04750.out;b'uo\xe6\xfbv\xccI\x15'
xortool_out/04751.out;b'uo\xe6\xfbv\xccIl'
xortool_out/04752.out;b'uo\xe6\xfbK\xd0\x1bP'
xortool_out/04753.out;b'uo\xe6\xfbK\xd0\x1b\x15'
xortool_out/04754.out;b'uo\xe6\xfbK\xd0\x1bl'
xortool_out/04755.out;b'uo\xe6\xfbK\xd0\x1aP'
xortool_out/04756.out;b'uo\xe6\xfbK\xd0\x1a\x15'
xortool_out/04757.out;b'uo\xe6\xfbK\xd0\x1al'
xortool_out/04758.out;b'uo\xe6\xfbK\xd0EP'
xortool_out/04759.out;b'uo\xe6\xfbK\xd0E\x15'
xortool_out/04760.out;b'uo\xe6\xfbK\xd0El'
xortool_out/04761.out;b'uo\xe6\xfbK\xd0IP'
xortool_out/04762.out;b'uo\xe6\xfbK\xd0I\x15'
xortool_out/04763.out;b'uo\xe6\xfbK\xd0Il'
xortool_out/04764.out;b'uo\xe6\xfbK\x81\x1bP'
xortool_out/04765.out;b'uo\xe6\xfbK\x81\x1b\x15'
xortool_out/04766.out;b'uo\xe6\xfbK\x81\x1bl'
xortool_out/04767.out;b'uo\xe6\xfbK\x81\x1aP'
xortool_out/04768.out;b'uo\xe6\xfbK\x81\x1a\x15'
xortool_out/04769.out;b'uo\xe6\xfbK\x81\x1al'
xortool_out/04770.out;b'uo\xe6\xfbK\x81EP'
xortool_out/04771.out;b'uo\xe6\xfbK\x81E\x15'
xortool_out/04772.out;b'uo\xe6\xfbK\x81El'
xortool_out/04773.out;b'uo\xe6\xfbK\x81IP'
xortool_out/04774.out;b'uo\xe6\xfbK\x81I\x15'
xortool_out/04775.out;b'uo\xe6\xfbK\x81Il'
xortool_out/04776.out;b'uo\xe6\xfbK\xc5\x1bP'
xortool_out/04777.out;b'uo\xe6\xfbK\xc5\x1b\x15'
xortool_out/04778.out;b'uo\xe6\xfbK\xc5\x1bl'
xortool_out/04779.out;b'uo\xe6\xfbK\xc5\x1aP'
xortool_out/04780.out;b'uo\xe6\xfbK\xc5\x1a\x15'
xortool_out/04781.out;b'uo\xe6\xfbK\xc5\x1al'
xortool_out/04782.out;b'uo\xe6\xfbK\xc5EP'
xortool_out/04783.out;b'uo\xe6\xfbK\xc5E\x15'
xortool_out/04784.out;b'uo\xe6\xfbK\xc5El'
xortool_out/04785.out;b'uo\xe6\xfbK\xc5IP'
xortool_out/04786.out;b'uo\xe6\xfbK\xc5I\x15'
xortool_out/04787.out;b'uo\xe6\xfbK\xc5Il'
xortool_out/04788.out;b'uo\xe6\xfbK\xcc\x1bP'
xortool_out/04789.out;b'uo\xe6\xfbK\xcc\x1b\x15'
xortool_out/04790.out;b'uo\xe6\xfbK\xcc\x1bl'
xortool_out/04791.out;b'uo\xe6\xfbK\xcc\x1aP'
xortool_out/04792.out;b'uo\xe6\xfbK\xcc\x1a\x15'
xortool_out/04793.out;b'uo\xe6\xfbK\xcc\x1al'
xortool_out/04794.out;b'uo\xe6\xfbK\xccEP'
xortool_out/04795.out;b'uo\xe6\xfbK\xccE\x15'
xortool_out/04796.out;b'uo\xe6\xfbK\xccEl'
xortool_out/04797.out;b'uo\xe6\xfbK\xccIP'
xortool_out/04798.out;b'uo\xe6\xfbK\xccI\x15'
xortool_out/04799.out;b'uo\xe6\xfbK\xccIl'
xortool_out/04800.out;b'uo\xe6\xbe[\xd0\x1bP'
xortool_out/04801.out;b'uo\xe6\xbe[\xd0\x1b\x15'
xortool_out/04802.out;b'uo\xe6\xbe[\xd0\x1bl'
xortool_out/04803.out;b'uo\xe6\xbe[\xd0\x1aP'
xortool_out/04804.out;b'uo\xe6\xbe[\xd0\x1a\x15'
xortool_out/04805.out;b'uo\xe6\xbe[\xd0\x1al'
xortool_out/04806.out;b'uo\xe6\xbe[\xd0EP'
xortool_out/04807.out;b'uo\xe6\xbe[\xd0E\x15'
xortool_out/04808.out;b'uo\xe6\xbe[\xd0El'
xortool_out/04809.out;b'uo\xe6\xbe[\xd0IP'
xortool_out/04810.out;b'uo\xe6\xbe[\xd0I\x15'
xortool_out/04811.out;b'uo\xe6\xbe[\xd0Il'
xortool_out/04812.out;b'uo\xe6\xbe[\x81\x1bP'
xortool_out/04813.out;b'uo\xe6\xbe[\x81\x1b\x15'
xortool_out/04814.out;b'uo\xe6\xbe[\x81\x1bl'
xortool_out/04815.out;b'uo\xe6\xbe[\x81\x1aP'
xortool_out/04816.out;b'uo\xe6\xbe[\x81\x1a\x15'
xortool_out/04817.out;b'uo\xe6\xbe[\x81\x1al'
xortool_out/04818.out;b'uo\xe6\xbe[\x81EP'
xortool_out/04819.out;b'uo\xe6\xbe[\x81E\x15'
xortool_out/04820.out;b'uo\xe6\xbe[\x81El'
xortool_out/04821.out;b'uo\xe6\xbe[\x81IP'
xortool_out/04822.out;b'uo\xe6\xbe[\x81I\x15'
xortool_out/04823.out;b'uo\xe6\xbe[\x81Il'
xortool_out/04824.out;b'uo\xe6\xbe[\xc5\x1bP'
xortool_out/04825.out;b'uo\xe6\xbe[\xc5\x1b\x15'
xortool_out/04826.out;b'uo\xe6\xbe[\xc5\x1bl'
xortool_out/04827.out;b'uo\xe6\xbe[\xc5\x1aP'
xortool_out/04828.out;b'uo\xe6\xbe[\xc5\x1a\x15'
xortool_out/04829.out;b'uo\xe6\xbe[\xc5\x1al'
xortool_out/04830.out;b'uo\xe6\xbe[\xc5EP'
xortool_out/04831.out;b'uo\xe6\xbe[\xc5E\x15'
xortool_out/04832.out;b'uo\xe6\xbe[\xc5El'
xortool_out/04833.out;b'uo\xe6\xbe[\xc5IP'
xortool_out/04834.out;b'uo\xe6\xbe[\xc5I\x15'
xortool_out/04835.out;b'uo\xe6\xbe[\xc5Il'
xortool_out/04836.out;b'uo\xe6\xbe[\xcc\x1bP'
xortool_out/04837.out;b'uo\xe6\xbe[\xcc\x1b\x15'
xortool_out/04838.out;b'uo\xe6\xbe[\xcc\x1bl'
xortool_out/04839.out;b'uo\xe6\xbe[\xcc\x1aP'
xortool_out/04840.out;b'uo\xe6\xbe[\xcc\x1a\x15'
xortool_out/04841.out;b'uo\xe6\xbe[\xcc\x1al'
xortool_out/04842.out;b'uo\xe6\xbe[\xccEP'
xortool_out/04843.out;b'uo\xe6\xbe[\xccE\x15'
xortool_out/04844.out;b'uo\xe6\xbe[\xccEl'
xortool_out/04845.out;b'uo\xe6\xbe[\xccIP'
xortool_out/04846.out;b'uo\xe6\xbe[\xccI\x15'
xortool_out/04847.out;b'uo\xe6\xbe[\xccIl'
xortool_out/04848.out;b'uo\xe6\xbeA\xd0\x1bP'
xortool_out/04849.out;b'uo\xe6\xbeA\xd0\x1b\x15'
xortool_out/04850.out;b'uo\xe6\xbeA\xd0\x1bl'
xortool_out/04851.out;b'uo\xe6\xbeA\xd0\x1aP'
xortool_out/04852.out;b'uo\xe6\xbeA\xd0\x1a\x15'
xortool_out/04853.out;b'uo\xe6\xbeA\xd0\x1al'
xortool_out/04854.out;b'uo\xe6\xbeA\xd0EP'
xortool_out/04855.out;b'uo\xe6\xbeA\xd0E\x15'
xortool_out/04856.out;b'uo\xe6\xbeA\xd0El'
xortool_out/04857.out;b'uo\xe6\xbeA\xd0IP'
xortool_out/04858.out;b'uo\xe6\xbeA\xd0I\x15'
xortool_out/04859.out;b'uo\xe6\xbeA\xd0Il'
xortool_out/04860.out;b'uo\xe6\xbeA\x81\x1bP'
xortool_out/04861.out;b'uo\xe6\xbeA\x81\x1b\x15'
xortool_out/04862.out;b'uo\xe6\xbeA\x81\x1bl'
xortool_out/04863.out;b'uo\xe6\xbeA\x81\x1aP'
xortool_out/04864.out;b'uo\xe6\xbeA\x81\x1a\x15'
xortool_out/04865.out;b'uo\xe6\xbeA\x81\x1al'
xortool_out/04866.out;b'uo\xe6\xbeA\x81EP'
xortool_out/04867.out;b'uo\xe6\xbeA\x81E\x15'
xortool_out/04868.out;b'uo\xe6\xbeA\x81El'
xortool_out/04869.out;b'uo\xe6\xbeA\x81IP'
xortool_out/04870.out;b'uo\xe6\xbeA\x81I\x15'
xortool_out/04871.out;b'uo\xe6\xbeA\x81Il'
xortool_out/04872.out;b'uo\xe6\xbeA\xc5\x1bP'
xortool_out/04873.out;b'uo\xe6\xbeA\xc5\x1b\x15'
xortool_out/04874.out;b'uo\xe6\xbeA\xc5\x1bl'
xortool_out/04875.out;b'uo\xe6\xbeA\xc5\x1aP'
xortool_out/04876.out;b'uo\xe6\xbeA\xc5\x1a\x15'
xortool_out/04877.out;b'uo\xe6\xbeA\xc5\x1al'
xortool_out/04878.out;b'uo\xe6\xbeA\xc5EP'
xortool_out/04879.out;b'uo\xe6\xbeA\xc5E\x15'
xortool_out/04880.out;b'uo\xe6\xbeA\xc5El'
xortool_out/04881.out;b'uo\xe6\xbeA\xc5IP'
xortool_out/04882.out;b'uo\xe6\xbeA\xc5I\x15'
xortool_out/04883.out;b'uo\xe6\xbeA\xc5Il'
xortool_out/04884.out;b'uo\xe6\xbeA\xcc\x1bP'
xortool_out/04885.out;b'uo\xe6\xbeA\xcc\x1b\x15'
xortool_out/04886.out;b'uo\xe6\xbeA\xcc\x1bl'
xortool_out/04887.out;b'uo\xe6\xbeA\xcc\x1aP'
xortool_out/04888.out;b'uo\xe6\xbeA\xcc\x1a\x15'
xortool_out/04889.out;b'uo\xe6\xbeA\xcc\x1al'
xortool_out/04890.out;b'uo\xe6\xbeA\xccEP'
xortool_out/04891.out;b'uo\xe6\xbeA\xccE\x15'
xortool_out/04892.out;b'uo\xe6\xbeA\xccEl'
xortool_out/04893.out;b'uo\xe6\xbeA\xccIP'
xortool_out/04894.out;b'uo\xe6\xbeA\xccI\x15'
xortool_out/04895.out;b'uo\xe6\xbeA\xccIl'
xortool_out/04896.out;b'uo\xe6\xbev\xd0\x1bP'
xortool_out/04897.out;b'uo\xe6\xbev\xd0\x1b\x15'
xortool_out/04898.out;b'uo\xe6\xbev\xd0\x1bl'
xortool_out/04899.out;b'uo\xe6\xbev\xd0\x1aP'
xortool_out/04900.out;b'uo\xe6\xbev\xd0\x1a\x15'
xortool_out/04901.out;b'uo\xe6\xbev\xd0\x1al'
xortool_out/04902.out;b'uo\xe6\xbev\xd0EP'
xortool_out/04903.out;b'uo\xe6\xbev\xd0E\x15'
xortool_out/04904.out;b'uo\xe6\xbev\xd0El'
xortool_out/04905.out;b'uo\xe6\xbev\xd0IP'
xortool_out/04906.out;b'uo\xe6\xbev\xd0I\x15'
xortool_out/04907.out;b'uo\xe6\xbev\xd0Il'
xortool_out/04908.out;b'uo\xe6\xbev\x81\x1bP'
xortool_out/04909.out;b'uo\xe6\xbev\x81\x1b\x15'
xortool_out/04910.out;b'uo\xe6\xbev\x81\x1bl'
xortool_out/04911.out;b'uo\xe6\xbev\x81\x1aP'
xortool_out/04912.out;b'uo\xe6\xbev\x81\x1a\x15'
xortool_out/04913.out;b'uo\xe6\xbev\x81\x1al'
xortool_out/04914.out;b'uo\xe6\xbev\x81EP'
xortool_out/04915.out;b'uo\xe6\xbev\x81E\x15'
xortool_out/04916.out;b'uo\xe6\xbev\x81El'
xortool_out/04917.out;b'uo\xe6\xbev\x81IP'
xortool_out/04918.out;b'uo\xe6\xbev\x81I\x15'
xortool_out/04919.out;b'uo\xe6\xbev\x81Il'
xortool_out/04920.out;b'uo\xe6\xbev\xc5\x1bP'
xortool_out/04921.out;b'uo\xe6\xbev\xc5\x1b\x15'
xortool_out/04922.out;b'uo\xe6\xbev\xc5\x1bl'
xortool_out/04923.out;b'uo\xe6\xbev\xc5\x1aP'
xortool_out/04924.out;b'uo\xe6\xbev\xc5\x1a\x15'
xortool_out/04925.out;b'uo\xe6\xbev\xc5\x1al'
xortool_out/04926.out;b'uo\xe6\xbev\xc5EP'
xortool_out/04927.out;b'uo\xe6\xbev\xc5E\x15'
xortool_out/04928.out;b'uo\xe6\xbev\xc5El'
xortool_out/04929.out;b'uo\xe6\xbev\xc5IP'
xortool_out/04930.out;b'uo\xe6\xbev\xc5I\x15'
xortool_out/04931.out;b'uo\xe6\xbev\xc5Il'
xortool_out/04932.out;b'uo\xe6\xbev\xcc\x1bP'
xortool_out/04933.out;b'uo\xe6\xbev\xcc\x1b\x15'
xortool_out/04934.out;b'uo\xe6\xbev\xcc\x1bl'
xortool_out/04935.out;b'uo\xe6\xbev\xcc\x1aP'
xortool_out/04936.out;b'uo\xe6\xbev\xcc\x1a\x15'
xortool_out/04937.out;b'uo\xe6\xbev\xcc\x1al'
xortool_out/04938.out;b'uo\xe6\xbev\xccEP'
xortool_out/04939.out;b'uo\xe6\xbev\xccE\x15'
xortool_out/04940.out;b'uo\xe6\xbev\xccEl'
xortool_out/04941.out;b'uo\xe6\xbev\xccIP'
xortool_out/04942.out;b'uo\xe6\xbev\xccI\x15'
xortool_out/04943.out;b'uo\xe6\xbev\xccIl'
xortool_out/04944.out;b'uo\xe6\xbeK\xd0\x1bP'
xortool_out/04945.out;b'uo\xe6\xbeK\xd0\x1b\x15'
xortool_out/04946.out;b'uo\xe6\xbeK\xd0\x1bl'
xortool_out/04947.out;b'uo\xe6\xbeK\xd0\x1aP'
xortool_out/04948.out;b'uo\xe6\xbeK\xd0\x1a\x15'
xortool_out/04949.out;b'uo\xe6\xbeK\xd0\x1al'
xortool_out/04950.out;b'uo\xe6\xbeK\xd0EP'
xortool_out/04951.out;b'uo\xe6\xbeK\xd0E\x15'
xortool_out/04952.out;b'uo\xe6\xbeK\xd0El'
xortool_out/04953.out;b'uo\xe6\xbeK\xd0IP'
xortool_out/04954.out;b'uo\xe6\xbeK\xd0I\x15'
xortool_out/04955.out;b'uo\xe6\xbeK\xd0Il'
xortool_out/04956.out;b'uo\xe6\xbeK\x81\x1bP'
xortool_out/04957.out;b'uo\xe6\xbeK\x81\x1b\x15'
xortool_out/04958.out;b'uo\xe6\xbeK\x81\x1bl'
xortool_out/04959.out;b'uo\xe6\xbeK\x81\x1aP'
xortool_out/04960.out;b'uo\xe6\xbeK\x81\x1a\x15'
xortool_out/04961.out;b'uo\xe6\xbeK\x81\x1al'
xortool_out/04962.out;b'uo\xe6\xbeK\x81EP'
xortool_out/04963.out;b'uo\xe6\xbeK\x81E\x15'
xortool_out/04964.out;b'uo\xe6\xbeK\x81El'
xortool_out/04965.out;b'uo\xe6\xbeK\x81IP'
xortool_out/04966.out;b'uo\xe6\xbeK\x81I\x15'
xortool_out/04967.out;b'uo\xe6\xbeK\x81Il'
xortool_out/04968.out;b'uo\xe6\xbeK\xc5\x1bP'
xortool_out/04969.out;b'uo\xe6\xbeK\xc5\x1b\x15'
xortool_out/04970.out;b'uo\xe6\xbeK\xc5\x1bl'
xortool_out/04971.out;b'uo\xe6\xbeK\xc5\x1aP'
xortool_out/04972.out;b'uo\xe6\xbeK\xc5\x1a\x15'
xortool_out/04973.out;b'uo\xe6\xbeK\xc5\x1al'
xortool_out/04974.out;b'uo\xe6\xbeK\xc5EP'
xortool_out/04975.out;b'uo\xe6\xbeK\xc5E\x15'
xortool_out/04976.out;b'uo\xe6\xbeK\xc5El'
xortool_out/04977.out;b'uo\xe6\xbeK\xc5IP'
xortool_out/04978.out;b'uo\xe6\xbeK\xc5I\x15'
xortool_out/04979.out;b'uo\xe6\xbeK\xc5Il'
xortool_out/04980.out;b'uo\xe6\xbeK\xcc\x1bP'
xortool_out/04981.out;b'uo\xe6\xbeK\xcc\x1b\x15'
xortool_out/04982.out;b'uo\xe6\xbeK\xcc\x1bl'
xortool_out/04983.out;b'uo\xe6\xbeK\xcc\x1aP'
xortool_out/04984.out;b'uo\xe6\xbeK\xcc\x1a\x15'
xortool_out/04985.out;b'uo\xe6\xbeK\xcc\x1al'
xortool_out/04986.out;b'uo\xe6\xbeK\xccEP'
xortool_out/04987.out;b'uo\xe6\xbeK\xccE\x15'
xortool_out/04988.out;b'uo\xe6\xbeK\xccEl'
xortool_out/04989.out;b'uo\xe6\xbeK\xccIP'
xortool_out/04990.out;b'uo\xe6\xbeK\xccI\x15'
xortool_out/04991.out;b'uo\xe6\xbeK\xccIl'
xortool_out/04992.out;b'uo\xe6\xfd[\xd0\x1bP'
xortool_out/04993.out;b'uo\xe6\xfd[\xd0\x1b\x15'
xortool_out/04994.out;b'uo\xe6\xfd[\xd0\x1bl'
xortool_out/04995.out;b'uo\xe6\xfd[\xd0\x1aP'
xortool_out/04996.out;b'uo\xe6\xfd[\xd0\x1a\x15'
xortool_out/04997.out;b'uo\xe6\xfd[\xd0\x1al'
xortool_out/04998.out;b'uo\xe6\xfd[\xd0EP'
xortool_out/04999.out;b'uo\xe6\xfd[\xd0E\x15'
xortool_out/05000.out;b'uo\xe6\xfd[\xd0El'
xortool_out/05001.out;b'uo\xe6\xfd[\xd0IP'
xortool_out/05002.out;b'uo\xe6\xfd[\xd0I\x15'
xortool_out/05003.out;b'uo\xe6\xfd[\xd0Il'
xortool_out/05004.out;b'uo\xe6\xfd[\x81\x1bP'
xortool_out/05005.out;b'uo\xe6\xfd[\x81\x1b\x15'
xortool_out/05006.out;b'uo\xe6\xfd[\x81\x1bl'
xortool_out/05007.out;b'uo\xe6\xfd[\x81\x1aP'
xortool_out/05008.out;b'uo\xe6\xfd[\x81\x1a\x15'
xortool_out/05009.out;b'uo\xe6\xfd[\x81\x1al'
xortool_out/05010.out;b'uo\xe6\xfd[\x81EP'
xortool_out/05011.out;b'uo\xe6\xfd[\x81E\x15'
xortool_out/05012.out;b'uo\xe6\xfd[\x81El'
xortool_out/05013.out;b'uo\xe6\xfd[\x81IP'
xortool_out/05014.out;b'uo\xe6\xfd[\x81I\x15'
xortool_out/05015.out;b'uo\xe6\xfd[\x81Il'
xortool_out/05016.out;b'uo\xe6\xfd[\xc5\x1bP'
xortool_out/05017.out;b'uo\xe6\xfd[\xc5\x1b\x15'
xortool_out/05018.out;b'uo\xe6\xfd[\xc5\x1bl'
xortool_out/05019.out;b'uo\xe6\xfd[\xc5\x1aP'
xortool_out/05020.out;b'uo\xe6\xfd[\xc5\x1a\x15'
xortool_out/05021.out;b'uo\xe6\xfd[\xc5\x1al'
xortool_out/05022.out;b'uo\xe6\xfd[\xc5EP'
xortool_out/05023.out;b'uo\xe6\xfd[\xc5E\x15'
xortool_out/05024.out;b'uo\xe6\xfd[\xc5El'
xortool_out/05025.out;b'uo\xe6\xfd[\xc5IP'
xortool_out/05026.out;b'uo\xe6\xfd[\xc5I\x15'
xortool_out/05027.out;b'uo\xe6\xfd[\xc5Il'
xortool_out/05028.out;b'uo\xe6\xfd[\xcc\x1bP'
xortool_out/05029.out;b'uo\xe6\xfd[\xcc\x1b\x15'
xortool_out/05030.out;b'uo\xe6\xfd[\xcc\x1bl'
xortool_out/05031.out;b'uo\xe6\xfd[\xcc\x1aP'
xortool_out/05032.out;b'uo\xe6\xfd[\xcc\x1a\x15'
xortool_out/05033.out;b'uo\xe6\xfd[\xcc\x1al'
xortool_out/05034.out;b'uo\xe6\xfd[\xccEP'
xortool_out/05035.out;b'uo\xe6\xfd[\xccE\x15'
xortool_out/05036.out;b'uo\xe6\xfd[\xccEl'
xortool_out/05037.out;b'uo\xe6\xfd[\xccIP'
xortool_out/05038.out;b'uo\xe6\xfd[\xccI\x15'
xortool_out/05039.out;b'uo\xe6\xfd[\xccIl'
xortool_out/05040.out;b'uo\xe6\xfdA\xd0\x1bP'
xortool_out/05041.out;b'uo\xe6\xfdA\xd0\x1b\x15'
xortool_out/05042.out;b'uo\xe6\xfdA\xd0\x1bl'
xortool_out/05043.out;b'uo\xe6\xfdA\xd0\x1aP'
xortool_out/05044.out;b'uo\xe6\xfdA\xd0\x1a\x15'
xortool_out/05045.out;b'uo\xe6\xfdA\xd0\x1al'
xortool_out/05046.out;b'uo\xe6\xfdA\xd0EP'
xortool_out/05047.out;b'uo\xe6\xfdA\xd0E\x15'
xortool_out/05048.out;b'uo\xe6\xfdA\xd0El'
xortool_out/05049.out;b'uo\xe6\xfdA\xd0IP'
xortool_out/05050.out;b'uo\xe6\xfdA\xd0I\x15'
xortool_out/05051.out;b'uo\xe6\xfdA\xd0Il'
xortool_out/05052.out;b'uo\xe6\xfdA\x81\x1bP'
xortool_out/05053.out;b'uo\xe6\xfdA\x81\x1b\x15'
xortool_out/05054.out;b'uo\xe6\xfdA\x81\x1bl'
xortool_out/05055.out;b'uo\xe6\xfdA\x81\x1aP'
xortool_out/05056.out;b'uo\xe6\xfdA\x81\x1a\x15'
xortool_out/05057.out;b'uo\xe6\xfdA\x81\x1al'
xortool_out/05058.out;b'uo\xe6\xfdA\x81EP'
xortool_out/05059.out;b'uo\xe6\xfdA\x81E\x15'
xortool_out/05060.out;b'uo\xe6\xfdA\x81El'
xortool_out/05061.out;b'uo\xe6\xfdA\x81IP'
xortool_out/05062.out;b'uo\xe6\xfdA\x81I\x15'
xortool_out/05063.out;b'uo\xe6\xfdA\x81Il'
xortool_out/05064.out;b'uo\xe6\xfdA\xc5\x1bP'
xortool_out/05065.out;b'uo\xe6\xfdA\xc5\x1b\x15'
xortool_out/05066.out;b'uo\xe6\xfdA\xc5\x1bl'
xortool_out/05067.out;b'uo\xe6\xfdA\xc5\x1aP'
xortool_out/05068.out;b'uo\xe6\xfdA\xc5\x1a\x15'
xortool_out/05069.out;b'uo\xe6\xfdA\xc5\x1al'
xortool_out/05070.out;b'uo\xe6\xfdA\xc5EP'
xortool_out/05071.out;b'uo\xe6\xfdA\xc5E\x15'
xortool_out/05072.out;b'uo\xe6\xfdA\xc5El'
xortool_out/05073.out;b'uo\xe6\xfdA\xc5IP'
xortool_out/05074.out;b'uo\xe6\xfdA\xc5I\x15'
xortool_out/05075.out;b'uo\xe6\xfdA\xc5Il'
xortool_out/05076.out;b'uo\xe6\xfdA\xcc\x1bP'
xortool_out/05077.out;b'uo\xe6\xfdA\xcc\x1b\x15'
xortool_out/05078.out;b'uo\xe6\xfdA\xcc\x1bl'
xortool_out/05079.out;b'uo\xe6\xfdA\xcc\x1aP'
xortool_out/05080.out;b'uo\xe6\xfdA\xcc\x1a\x15'
xortool_out/05081.out;b'uo\xe6\xfdA\xcc\x1al'
xortool_out/05082.out;b'uo\xe6\xfdA\xccEP'
xortool_out/05083.out;b'uo\xe6\xfdA\xccE\x15'
xortool_out/05084.out;b'uo\xe6\xfdA\xccEl'
xortool_out/05085.out;b'uo\xe6\xfdA\xccIP'
xortool_out/05086.out;b'uo\xe6\xfdA\xccI\x15'
xortool_out/05087.out;b'uo\xe6\xfdA\xccIl'
xortool_out/05088.out;b'uo\xe6\xfdv\xd0\x1bP'
xortool_out/05089.out;b'uo\xe6\xfdv\xd0\x1b\x15'
xortool_out/05090.out;b'uo\xe6\xfdv\xd0\x1bl'
xortool_out/05091.out;b'uo\xe6\xfdv\xd0\x1aP'
xortool_out/05092.out;b'uo\xe6\xfdv\xd0\x1a\x15'
xortool_out/05093.out;b'uo\xe6\xfdv\xd0\x1al'
xortool_out/05094.out;b'uo\xe6\xfdv\xd0EP'
xortool_out/05095.out;b'uo\xe6\xfdv\xd0E\x15'
xortool_out/05096.out;b'uo\xe6\xfdv\xd0El'
xortool_out/05097.out;b'uo\xe6\xfdv\xd0IP'
xortool_out/05098.out;b'uo\xe6\xfdv\xd0I\x15'
xortool_out/05099.out;b'uo\xe6\xfdv\xd0Il'
xortool_out/05100.out;b'uo\xe6\xfdv\x81\x1bP'
xortool_out/05101.out;b'uo\xe6\xfdv\x81\x1b\x15'
xortool_out/05102.out;b'uo\xe6\xfdv\x81\x1bl'
xortool_out/05103.out;b'uo\xe6\xfdv\x81\x1aP'
xortool_out/05104.out;b'uo\xe6\xfdv\x81\x1a\x15'
xortool_out/05105.out;b'uo\xe6\xfdv\x81\x1al'
xortool_out/05106.out;b'uo\xe6\xfdv\x81EP'
xortool_out/05107.out;b'uo\xe6\xfdv\x81E\x15'
xortool_out/05108.out;b'uo\xe6\xfdv\x81El'
xortool_out/05109.out;b'uo\xe6\xfdv\x81IP'
xortool_out/05110.out;b'uo\xe6\xfdv\x81I\x15'
xortool_out/05111.out;b'uo\xe6\xfdv\x81Il'
xortool_out/05112.out;b'uo\xe6\xfdv\xc5\x1bP'
xortool_out/05113.out;b'uo\xe6\xfdv\xc5\x1b\x15'
xortool_out/05114.out;b'uo\xe6\xfdv\xc5\x1bl'
xortool_out/05115.out;b'uo\xe6\xfdv\xc5\x1aP'
xortool_out/05116.out;b'uo\xe6\xfdv\xc5\x1a\x15'
xortool_out/05117.out;b'uo\xe6\xfdv\xc5\x1al'
xortool_out/05118.out;b'uo\xe6\xfdv\xc5EP'
xortool_out/05119.out;b'uo\xe6\xfdv\xc5E\x15'
xortool_out/05120.out;b'uo\xe6\xfdv\xc5El'
xortool_out/05121.out;b'uo\xe6\xfdv\xc5IP'
xortool_out/05122.out;b'uo\xe6\xfdv\xc5I\x15'
xortool_out/05123.out;b'uo\xe6\xfdv\xc5Il'
xortool_out/05124.out;b'uo\xe6\xfdv\xcc\x1bP'
xortool_out/05125.out;b'uo\xe6\xfdv\xcc\x1b\x15'
xortool_out/05126.out;b'uo\xe6\xfdv\xcc\x1bl'
xortool_out/05127.out;b'uo\xe6\xfdv\xcc\x1aP'
xortool_out/05128.out;b'uo\xe6\xfdv\xcc\x1a\x15'
xortool_out/05129.out;b'uo\xe6\xfdv\xcc\x1al'
xortool_out/05130.out;b'uo\xe6\xfdv\xccEP'
xortool_out/05131.out;b'uo\xe6\xfdv\xccE\x15'
xortool_out/05132.out;b'uo\xe6\xfdv\xccEl'
xortool_out/05133.out;b'uo\xe6\xfdv\xccIP'
xortool_out/05134.out;b'uo\xe6\xfdv\xccI\x15'
xortool_out/05135.out;b'uo\xe6\xfdv\xccIl'
xortool_out/05136.out;b'uo\xe6\xfdK\xd0\x1bP'
xortool_out/05137.out;b'uo\xe6\xfdK\xd0\x1b\x15'
xortool_out/05138.out;b'uo\xe6\xfdK\xd0\x1bl'
xortool_out/05139.out;b'uo\xe6\xfdK\xd0\x1aP'
xortool_out/05140.out;b'uo\xe6\xfdK\xd0\x1a\x15'
xortool_out/05141.out;b'uo\xe6\xfdK\xd0\x1al'
xortool_out/05142.out;b'uo\xe6\xfdK\xd0EP'
xortool_out/05143.out;b'uo\xe6\xfdK\xd0E\x15'
xortool_out/05144.out;b'uo\xe6\xfdK\xd0El'
xortool_out/05145.out;b'uo\xe6\xfdK\xd0IP'
xortool_out/05146.out;b'uo\xe6\xfdK\xd0I\x15'
xortool_out/05147.out;b'uo\xe6\xfdK\xd0Il'
xortool_out/05148.out;b'uo\xe6\xfdK\x81\x1bP'
xortool_out/05149.out;b'uo\xe6\xfdK\x81\x1b\x15'
xortool_out/05150.out;b'uo\xe6\xfdK\x81\x1bl'
xortool_out/05151.out;b'uo\xe6\xfdK\x81\x1aP'
xortool_out/05152.out;b'uo\xe6\xfdK\x81\x1a\x15'
xortool_out/05153.out;b'uo\xe6\xfdK\x81\x1al'
xortool_out/05154.out;b'uo\xe6\xfdK\x81EP'
xortool_out/05155.out;b'uo\xe6\xfdK\x81E\x15'
xortool_out/05156.out;b'uo\xe6\xfdK\x81El'
xortool_out/05157.out;b'uo\xe6\xfdK\x81IP'
xortool_out/05158.out;b'uo\xe6\xfdK\x81I\x15'
xortool_out/05159.out;b'uo\xe6\xfdK\x81Il'
xortool_out/05160.out;b'uo\xe6\xfdK\xc5\x1bP'
xortool_out/05161.out;b'uo\xe6\xfdK\xc5\x1b\x15'
xortool_out/05162.out;b'uo\xe6\xfdK\xc5\x1bl'
xortool_out/05163.out;b'uo\xe6\xfdK\xc5\x1aP'
xortool_out/05164.out;b'uo\xe6\xfdK\xc5\x1a\x15'
xortool_out/05165.out;b'uo\xe6\xfdK\xc5\x1al'
xortool_out/05166.out;b'uo\xe6\xfdK\xc5EP'
xortool_out/05167.out;b'uo\xe6\xfdK\xc5E\x15'
xortool_out/05168.out;b'uo\xe6\xfdK\xc5El'
xortool_out/05169.out;b'uo\xe6\xfdK\xc5IP'
xortool_out/05170.out;b'uo\xe6\xfdK\xc5I\x15'
xortool_out/05171.out;b'uo\xe6\xfdK\xc5Il'
xortool_out/05172.out;b'uo\xe6\xfdK\xcc\x1bP'
xortool_out/05173.out;b'uo\xe6\xfdK\xcc\x1b\x15'
xortool_out/05174.out;b'uo\xe6\xfdK\xcc\x1bl'
xortool_out/05175.out;b'uo\xe6\xfdK\xcc\x1aP'
xortool_out/05176.out;b'uo\xe6\xfdK\xcc\x1a\x15'
xortool_out/05177.out;b'uo\xe6\xfdK\xcc\x1al'
xortool_out/05178.out;b'uo\xe6\xfdK\xccEP'
xortool_out/05179.out;b'uo\xe6\xfdK\xccE\x15'
xortool_out/05180.out;b'uo\xe6\xfdK\xccEl'
xortool_out/05181.out;b'uo\xe6\xfdK\xccIP'
xortool_out/05182.out;b'uo\xe6\xfdK\xccI\x15'
xortool_out/05183.out;b'uo\xe6\xfdK\xccIl'
xortool_out/05184.out;b'uo\xe6\xfc[\xd0\x1bP'
xortool_out/05185.out;b'uo\xe6\xfc[\xd0\x1b\x15'
xortool_out/05186.out;b'uo\xe6\xfc[\xd0\x1bl'
xortool_out/05187.out;b'uo\xe6\xfc[\xd0\x1aP'
xortool_out/05188.out;b'uo\xe6\xfc[\xd0\x1a\x15'
xortool_out/05189.out;b'uo\xe6\xfc[\xd0\x1al'
xortool_out/05190.out;b'uo\xe6\xfc[\xd0EP'
xortool_out/05191.out;b'uo\xe6\xfc[\xd0E\x15'
xortool_out/05192.out;b'uo\xe6\xfc[\xd0El'
xortool_out/05193.out;b'uo\xe6\xfc[\xd0IP'
xortool_out/05194.out;b'uo\xe6\xfc[\xd0I\x15'
xortool_out/05195.out;b'uo\xe6\xfc[\xd0Il'
xortool_out/05196.out;b'uo\xe6\xfc[\x81\x1bP'
xortool_out/05197.out;b'uo\xe6\xfc[\x81\x1b\x15'
xortool_out/05198.out;b'uo\xe6\xfc[\x81\x1bl'
xortool_out/05199.out;b'uo\xe6\xfc[\x81\x1aP'
xortool_out/05200.out;b'uo\xe6\xfc[\x81\x1a\x15'
xortool_out/05201.out;b'uo\xe6\xfc[\x81\x1al'
xortool_out/05202.out;b'uo\xe6\xfc[\x81EP'
xortool_out/05203.out;b'uo\xe6\xfc[\x81E\x15'
xortool_out/05204.out;b'uo\xe6\xfc[\x81El'
xortool_out/05205.out;b'uo\xe6\xfc[\x81IP'
xortool_out/05206.out;b'uo\xe6\xfc[\x81I\x15'
xortool_out/05207.out;b'uo\xe6\xfc[\x81Il'
xortool_out/05208.out;b'uo\xe6\xfc[\xc5\x1bP'
xortool_out/05209.out;b'uo\xe6\xfc[\xc5\x1b\x15'
xortool_out/05210.out;b'uo\xe6\xfc[\xc5\x1bl'
xortool_out/05211.out;b'uo\xe6\xfc[\xc5\x1aP'
xortool_out/05212.out;b'uo\xe6\xfc[\xc5\x1a\x15'
xortool_out/05213.out;b'uo\xe6\xfc[\xc5\x1al'
xortool_out/05214.out;b'uo\xe6\xfc[\xc5EP'
xortool_out/05215.out;b'uo\xe6\xfc[\xc5E\x15'
xortool_out/05216.out;b'uo\xe6\xfc[\xc5El'
xortool_out/05217.out;b'uo\xe6\xfc[\xc5IP'
xortool_out/05218.out;b'uo\xe6\xfc[\xc5I\x15'
xortool_out/05219.out;b'uo\xe6\xfc[\xc5Il'
xortool_out/05220.out;b'uo\xe6\xfc[\xcc\x1bP'
xortool_out/05221.out;b'uo\xe6\xfc[\xcc\x1b\x15'
xortool_out/05222.out;b'uo\xe6\xfc[\xcc\x1bl'
xortool_out/05223.out;b'uo\xe6\xfc[\xcc\x1aP'
xortool_out/05224.out;b'uo\xe6\xfc[\xcc\x1a\x15'
xortool_out/05225.out;b'uo\xe6\xfc[\xcc\x1al'
xortool_out/05226.out;b'uo\xe6\xfc[\xccEP'
xortool_out/05227.out;b'uo\xe6\xfc[\xccE\x15'
xortool_out/05228.out;b'uo\xe6\xfc[\xccEl'
xortool_out/05229.out;b'uo\xe6\xfc[\xccIP'
xortool_out/05230.out;b'uo\xe6\xfc[\xccI\x15'
xortool_out/05231.out;b'uo\xe6\xfc[\xccIl'
xortool_out/05232.out;b'uo\xe6\xfcA\xd0\x1bP'
xortool_out/05233.out;b'uo\xe6\xfcA\xd0\x1b\x15'
xortool_out/05234.out;b'uo\xe6\xfcA\xd0\x1bl'
xortool_out/05235.out;b'uo\xe6\xfcA\xd0\x1aP'
xortool_out/05236.out;b'uo\xe6\xfcA\xd0\x1a\x15'
xortool_out/05237.out;b'uo\xe6\xfcA\xd0\x1al'
xortool_out/05238.out;b'uo\xe6\xfcA\xd0EP'
xortool_out/05239.out;b'uo\xe6\xfcA\xd0E\x15'
xortool_out/05240.out;b'uo\xe6\xfcA\xd0El'
xortool_out/05241.out;b'uo\xe6\xfcA\xd0IP'
xortool_out/05242.out;b'uo\xe6\xfcA\xd0I\x15'
xortool_out/05243.out;b'uo\xe6\xfcA\xd0Il'
xortool_out/05244.out;b'uo\xe6\xfcA\x81\x1bP'
xortool_out/05245.out;b'uo\xe6\xfcA\x81\x1b\x15'
xortool_out/05246.out;b'uo\xe6\xfcA\x81\x1bl'
xortool_out/05247.out;b'uo\xe6\xfcA\x81\x1aP'
xortool_out/05248.out;b'uo\xe6\xfcA\x81\x1a\x15'
xortool_out/05249.out;b'uo\xe6\xfcA\x81\x1al'
xortool_out/05250.out;b'uo\xe6\xfcA\x81EP'
xortool_out/05251.out;b'uo\xe6\xfcA\x81E\x15'
xortool_out/05252.out;b'uo\xe6\xfcA\x81El'
xortool_out/05253.out;b'uo\xe6\xfcA\x81IP'
xortool_out/05254.out;b'uo\xe6\xfcA\x81I\x15'
xortool_out/05255.out;b'uo\xe6\xfcA\x81Il'
xortool_out/05256.out;b'uo\xe6\xfcA\xc5\x1bP'
xortool_out/05257.out;b'uo\xe6\xfcA\xc5\x1b\x15'
xortool_out/05258.out;b'uo\xe6\xfcA\xc5\x1bl'
xortool_out/05259.out;b'uo\xe6\xfcA\xc5\x1aP'
xortool_out/05260.out;b'uo\xe6\xfcA\xc5\x1a\x15'
xortool_out/05261.out;b'uo\xe6\xfcA\xc5\x1al'
xortool_out/05262.out;b'uo\xe6\xfcA\xc5EP'
xortool_out/05263.out;b'uo\xe6\xfcA\xc5E\x15'
xortool_out/05264.out;b'uo\xe6\xfcA\xc5El'
xortool_out/05265.out;b'uo\xe6\xfcA\xc5IP'
xortool_out/05266.out;b'uo\xe6\xfcA\xc5I\x15'
xortool_out/05267.out;b'uo\xe6\xfcA\xc5Il'
xortool_out/05268.out;b'uo\xe6\xfcA\xcc\x1bP'
xortool_out/05269.out;b'uo\xe6\xfcA\xcc\x1b\x15'
xortool_out/05270.out;b'uo\xe6\xfcA\xcc\x1bl'
xortool_out/05271.out;b'uo\xe6\xfcA\xcc\x1aP'
xortool_out/05272.out;b'uo\xe6\xfcA\xcc\x1a\x15'
xortool_out/05273.out;b'uo\xe6\xfcA\xcc\x1al'
xortool_out/05274.out;b'uo\xe6\xfcA\xccEP'
xortool_out/05275.out;b'uo\xe6\xfcA\xccE\x15'
xortool_out/05276.out;b'uo\xe6\xfcA\xccEl'
xortool_out/05277.out;b'uo\xe6\xfcA\xccIP'
xortool_out/05278.out;b'uo\xe6\xfcA\xccI\x15'
xortool_out/05279.out;b'uo\xe6\xfcA\xccIl'
xortool_out/05280.out;b'uo\xe6\xfcv\xd0\x1bP'
xortool_out/05281.out;b'uo\xe6\xfcv\xd0\x1b\x15'
xortool_out/05282.out;b'uo\xe6\xfcv\xd0\x1bl'
xortool_out/05283.out;b'uo\xe6\xfcv\xd0\x1aP'
xortool_out/05284.out;b'uo\xe6\xfcv\xd0\x1a\x15'
xortool_out/05285.out;b'uo\xe6\xfcv\xd0\x1al'
xortool_out/05286.out;b'uo\xe6\xfcv\xd0EP'
xortool_out/05287.out;b'uo\xe6\xfcv\xd0E\x15'
xortool_out/05288.out;b'uo\xe6\xfcv\xd0El'
xortool_out/05289.out;b'uo\xe6\xfcv\xd0IP'
xortool_out/05290.out;b'uo\xe6\xfcv\xd0I\x15'
xortool_out/05291.out;b'uo\xe6\xfcv\xd0Il'
xortool_out/05292.out;b'uo\xe6\xfcv\x81\x1bP'
xortool_out/05293.out;b'uo\xe6\xfcv\x81\x1b\x15'
xortool_out/05294.out;b'uo\xe6\xfcv\x81\x1bl'
xortool_out/05295.out;b'uo\xe6\xfcv\x81\x1aP'
xortool_out/05296.out;b'uo\xe6\xfcv\x81\x1a\x15'
xortool_out/05297.out;b'uo\xe6\xfcv\x81\x1al'
xortool_out/05298.out;b'uo\xe6\xfcv\x81EP'
xortool_out/05299.out;b'uo\xe6\xfcv\x81E\x15'
xortool_out/05300.out;b'uo\xe6\xfcv\x81El'
xortool_out/05301.out;b'uo\xe6\xfcv\x81IP'
xortool_out/05302.out;b'uo\xe6\xfcv\x81I\x15'
xortool_out/05303.out;b'uo\xe6\xfcv\x81Il'
xortool_out/05304.out;b'uo\xe6\xfcv\xc5\x1bP'
xortool_out/05305.out;b'uo\xe6\xfcv\xc5\x1b\x15'
xortool_out/05306.out;b'uo\xe6\xfcv\xc5\x1bl'
xortool_out/05307.out;b'uo\xe6\xfcv\xc5\x1aP'
xortool_out/05308.out;b'uo\xe6\xfcv\xc5\x1a\x15'
xortool_out/05309.out;b'uo\xe6\xfcv\xc5\x1al'
xortool_out/05310.out;b'uo\xe6\xfcv\xc5EP'
xortool_out/05311.out;b'uo\xe6\xfcv\xc5E\x15'
xortool_out/05312.out;b'uo\xe6\xfcv\xc5El'
xortool_out/05313.out;b'uo\xe6\xfcv\xc5IP'
xortool_out/05314.out;b'uo\xe6\xfcv\xc5I\x15'
xortool_out/05315.out;b'uo\xe6\xfcv\xc5Il'
xortool_out/05316.out;b'uo\xe6\xfcv\xcc\x1bP'
xortool_out/05317.out;b'uo\xe6\xfcv\xcc\x1b\x15'
xortool_out/05318.out;b'uo\xe6\xfcv\xcc\x1bl'
xortool_out/05319.out;b'uo\xe6\xfcv\xcc\x1aP'
xortool_out/05320.out;b'uo\xe6\xfcv\xcc\x1a\x15'
xortool_out/05321.out;b'uo\xe6\xfcv\xcc\x1al'
xortool_out/05322.out;b'uo\xe6\xfcv\xccEP'
xortool_out/05323.out;b'uo\xe6\xfcv\xccE\x15'
xortool_out/05324.out;b'uo\xe6\xfcv\xccEl'
xortool_out/05325.out;b'uo\xe6\xfcv\xccIP'
xortool_out/05326.out;b'uo\xe6\xfcv\xccI\x15'
xortool_out/05327.out;b'uo\xe6\xfcv\xccIl'
xortool_out/05328.out;b'uo\xe6\xfcK\xd0\x1bP'
xortool_out/05329.out;b'uo\xe6\xfcK\xd0\x1b\x15'
xortool_out/05330.out;b'uo\xe6\xfcK\xd0\x1bl'
xortool_out/05331.out;b'uo\xe6\xfcK\xd0\x1aP'
xortool_out/05332.out;b'uo\xe6\xfcK\xd0\x1a\x15'
xortool_out/05333.out;b'uo\xe6\xfcK\xd0\x1al'
xortool_out/05334.out;b'uo\xe6\xfcK\xd0EP'
xortool_out/05335.out;b'uo\xe6\xfcK\xd0E\x15'
xortool_out/05336.out;b'uo\xe6\xfcK\xd0El'
xortool_out/05337.out;b'uo\xe6\xfcK\xd0IP'
xortool_out/05338.out;b'uo\xe6\xfcK\xd0I\x15'
xortool_out/05339.out;b'uo\xe6\xfcK\xd0Il'
xortool_out/05340.out;b'uo\xe6\xfcK\x81\x1bP'
xortool_out/05341.out;b'uo\xe6\xfcK\x81\x1b\x15'
xortool_out/05342.out;b'uo\xe6\xfcK\x81\x1bl'
xortool_out/05343.out;b'uo\xe6\xfcK\x81\x1aP'
xortool_out/05344.out;b'uo\xe6\xfcK\x81\x1a\x15'
xortool_out/05345.out;b'uo\xe6\xfcK\x81\x1al'
xortool_out/05346.out;b'uo\xe6\xfcK\x81EP'
xortool_out/05347.out;b'uo\xe6\xfcK\x81E\x15'
xortool_out/05348.out;b'uo\xe6\xfcK\x81El'
xortool_out/05349.out;b'uo\xe6\xfcK\x81IP'
xortool_out/05350.out;b'uo\xe6\xfcK\x81I\x15'
xortool_out/05351.out;b'uo\xe6\xfcK\x81Il'
xortool_out/05352.out;b'uo\xe6\xfcK\xc5\x1bP'
xortool_out/05353.out;b'uo\xe6\xfcK\xc5\x1b\x15'
xortool_out/05354.out;b'uo\xe6\xfcK\xc5\x1bl'
xortool_out/05355.out;b'uo\xe6\xfcK\xc5\x1aP'
xortool_out/05356.out;b'uo\xe6\xfcK\xc5\x1a\x15'
xortool_out/05357.out;b'uo\xe6\xfcK\xc5\x1al'
xortool_out/05358.out;b'uo\xe6\xfcK\xc5EP'
xortool_out/05359.out;b'uo\xe6\xfcK\xc5E\x15'
xortool_out/05360.out;b'uo\xe6\xfcK\xc5El'
xortool_out/05361.out;b'uo\xe6\xfcK\xc5IP'
xortool_out/05362.out;b'uo\xe6\xfcK\xc5I\x15'
xortool_out/05363.out;b'uo\xe6\xfcK\xc5Il'
xortool_out/05364.out;b'uo\xe6\xfcK\xcc\x1bP'
xortool_out/05365.out;b'uo\xe6\xfcK\xcc\x1b\x15'
xortool_out/05366.out;b'uo\xe6\xfcK\xcc\x1bl'
xortool_out/05367.out;b'uo\xe6\xfcK\xcc\x1aP'
xortool_out/05368.out;b'uo\xe6\xfcK\xcc\x1a\x15'
xortool_out/05369.out;b'uo\xe6\xfcK\xcc\x1al'
xortool_out/05370.out;b'uo\xe6\xfcK\xccEP'
xortool_out/05371.out;b'uo\xe6\xfcK\xccE\x15'
xortool_out/05372.out;b'uo\xe6\xfcK\xccEl'
xortool_out/05373.out;b'uo\xe6\xfcK\xccIP'
xortool_out/05374.out;b'uo\xe6\xfcK\xccI\x15'
xortool_out/05375.out;b'uo\xe6\xfcK\xccIl'
xortool_out/05376.out;b'uo\x93\xfb[\xd0\x1bP'
xortool_out/05377.out;b'uo\x93\xfb[\xd0\x1b\x15'
xortool_out/05378.out;b'uo\x93\xfb[\xd0\x1bl'
xortool_out/05379.out;b'uo\x93\xfb[\xd0\x1aP'
xortool_out/05380.out;b'uo\x93\xfb[\xd0\x1a\x15'
xortool_out/05381.out;b'uo\x93\xfb[\xd0\x1al'
xortool_out/05382.out;b'uo\x93\xfb[\xd0EP'
xortool_out/05383.out;b'uo\x93\xfb[\xd0E\x15'
xortool_out/05384.out;b'uo\x93\xfb[\xd0El'
xortool_out/05385.out;b'uo\x93\xfb[\xd0IP'
xortool_out/05386.out;b'uo\x93\xfb[\xd0I\x15'
xortool_out/05387.out;b'uo\x93\xfb[\xd0Il'
xortool_out/05388.out;b'uo\x93\xfb[\x81\x1bP'
xortool_out/05389.out;b'uo\x93\xfb[\x81\x1b\x15'
xortool_out/05390.out;b'uo\x93\xfb[\x81\x1bl'
xortool_out/05391.out;b'uo\x93\xfb[\x81\x1aP'
xortool_out/05392.out;b'uo\x93\xfb[\x81\x1a\x15'
xortool_out/05393.out;b'uo\x93\xfb[\x81\x1al'
xortool_out/05394.out;b'uo\x93\xfb[\x81EP'
xortool_out/05395.out;b'uo\x93\xfb[\x81E\x15'
xortool_out/05396.out;b'uo\x93\xfb[\x81El'
xortool_out/05397.out;b'uo\x93\xfb[\x81IP'
xortool_out/05398.out;b'uo\x93\xfb[\x81I\x15'
xortool_out/05399.out;b'uo\x93\xfb[\x81Il'
xortool_out/05400.out;b'uo\x93\xfb[\xc5\x1bP'
xortool_out/05401.out;b'uo\x93\xfb[\xc5\x1b\x15'
xortool_out/05402.out;b'uo\x93\xfb[\xc5\x1bl'
xortool_out/05403.out;b'uo\x93\xfb[\xc5\x1aP'
xortool_out/05404.out;b'uo\x93\xfb[\xc5\x1a\x15'
xortool_out/05405.out;b'uo\x93\xfb[\xc5\x1al'
xortool_out/05406.out;b'uo\x93\xfb[\xc5EP'
xortool_out/05407.out;b'uo\x93\xfb[\xc5E\x15'
xortool_out/05408.out;b'uo\x93\xfb[\xc5El'
xortool_out/05409.out;b'uo\x93\xfb[\xc5IP'
xortool_out/05410.out;b'uo\x93\xfb[\xc5I\x15'
xortool_out/05411.out;b'uo\x93\xfb[\xc5Il'
xortool_out/05412.out;b'uo\x93\xfb[\xcc\x1bP'
xortool_out/05413.out;b'uo\x93\xfb[\xcc\x1b\x15'
xortool_out/05414.out;b'uo\x93\xfb[\xcc\x1bl'
xortool_out/05415.out;b'uo\x93\xfb[\xcc\x1aP'
xortool_out/05416.out;b'uo\x93\xfb[\xcc\x1a\x15'
xortool_out/05417.out;b'uo\x93\xfb[\xcc\x1al'
xortool_out/05418.out;b'uo\x93\xfb[\xccEP'
xortool_out/05419.out;b'uo\x93\xfb[\xccE\x15'
xortool_out/05420.out;b'uo\x93\xfb[\xccEl'
xortool_out/05421.out;b'uo\x93\xfb[\xccIP'
xortool_out/05422.out;b'uo\x93\xfb[\xccI\x15'
xortool_out/05423.out;b'uo\x93\xfb[\xccIl'
xortool_out/05424.out;b'uo\x93\xfbA\xd0\x1bP'
xortool_out/05425.out;b'uo\x93\xfbA\xd0\x1b\x15'
xortool_out/05426.out;b'uo\x93\xfbA\xd0\x1bl'
xortool_out/05427.out;b'uo\x93\xfbA\xd0\x1aP'
xortool_out/05428.out;b'uo\x93\xfbA\xd0\x1a\x15'
xortool_out/05429.out;b'uo\x93\xfbA\xd0\x1al'
xortool_out/05430.out;b'uo\x93\xfbA\xd0EP'
xortool_out/05431.out;b'uo\x93\xfbA\xd0E\x15'
xortool_out/05432.out;b'uo\x93\xfbA\xd0El'
xortool_out/05433.out;b'uo\x93\xfbA\xd0IP'
xortool_out/05434.out;b'uo\x93\xfbA\xd0I\x15'
xortool_out/05435.out;b'uo\x93\xfbA\xd0Il'
xortool_out/05436.out;b'uo\x93\xfbA\x81\x1bP'
xortool_out/05437.out;b'uo\x93\xfbA\x81\x1b\x15'
xortool_out/05438.out;b'uo\x93\xfbA\x81\x1bl'
xortool_out/05439.out;b'uo\x93\xfbA\x81\x1aP'
xortool_out/05440.out;b'uo\x93\xfbA\x81\x1a\x15'
xortool_out/05441.out;b'uo\x93\xfbA\x81\x1al'
xortool_out/05442.out;b'uo\x93\xfbA\x81EP'
xortool_out/05443.out;b'uo\x93\xfbA\x81E\x15'
xortool_out/05444.out;b'uo\x93\xfbA\x81El'
xortool_out/05445.out;b'uo\x93\xfbA\x81IP'
xortool_out/05446.out;b'uo\x93\xfbA\x81I\x15'
xortool_out/05447.out;b'uo\x93\xfbA\x81Il'
xortool_out/05448.out;b'uo\x93\xfbA\xc5\x1bP'
xortool_out/05449.out;b'uo\x93\xfbA\xc5\x1b\x15'
xortool_out/05450.out;b'uo\x93\xfbA\xc5\x1bl'
xortool_out/05451.out;b'uo\x93\xfbA\xc5\x1aP'
xortool_out/05452.out;b'uo\x93\xfbA\xc5\x1a\x15'
xortool_out/05453.out;b'uo\x93\xfbA\xc5\x1al'
xortool_out/05454.out;b'uo\x93\xfbA\xc5EP'
xortool_out/05455.out;b'uo\x93\xfbA\xc5E\x15'
xortool_out/05456.out;b'uo\x93\xfbA\xc5El'
xortool_out/05457.out;b'uo\x93\xfbA\xc5IP'
xortool_out/05458.out;b'uo\x93\xfbA\xc5I\x15'
xortool_out/05459.out;b'uo\x93\xfbA\xc5Il'
xortool_out/05460.out;b'uo\x93\xfbA\xcc\x1bP'
xortool_out/05461.out;b'uo\x93\xfbA\xcc\x1b\x15'
xortool_out/05462.out;b'uo\x93\xfbA\xcc\x1bl'
xortool_out/05463.out;b'uo\x93\xfbA\xcc\x1aP'
xortool_out/05464.out;b'uo\x93\xfbA\xcc\x1a\x15'
xortool_out/05465.out;b'uo\x93\xfbA\xcc\x1al'
xortool_out/05466.out;b'uo\x93\xfbA\xccEP'
xortool_out/05467.out;b'uo\x93\xfbA\xccE\x15'
xortool_out/05468.out;b'uo\x93\xfbA\xccEl'
xortool_out/05469.out;b'uo\x93\xfbA\xccIP'
xortool_out/05470.out;b'uo\x93\xfbA\xccI\x15'
xortool_out/05471.out;b'uo\x93\xfbA\xccIl'
xortool_out/05472.out;b'uo\x93\xfbv\xd0\x1bP'
xortool_out/05473.out;b'uo\x93\xfbv\xd0\x1b\x15'
xortool_out/05474.out;b'uo\x93\xfbv\xd0\x1bl'
xortool_out/05475.out;b'uo\x93\xfbv\xd0\x1aP'
xortool_out/05476.out;b'uo\x93\xfbv\xd0\x1a\x15'
xortool_out/05477.out;b'uo\x93\xfbv\xd0\x1al'
xortool_out/05478.out;b'uo\x93\xfbv\xd0EP'
xortool_out/05479.out;b'uo\x93\xfbv\xd0E\x15'
xortool_out/05480.out;b'uo\x93\xfbv\xd0El'
xortool_out/05481.out;b'uo\x93\xfbv\xd0IP'
xortool_out/05482.out;b'uo\x93\xfbv\xd0I\x15'
xortool_out/05483.out;b'uo\x93\xfbv\xd0Il'
xortool_out/05484.out;b'uo\x93\xfbv\x81\x1bP'
xortool_out/05485.out;b'uo\x93\xfbv\x81\x1b\x15'
xortool_out/05486.out;b'uo\x93\xfbv\x81\x1bl'
xortool_out/05487.out;b'uo\x93\xfbv\x81\x1aP'
xortool_out/05488.out;b'uo\x93\xfbv\x81\x1a\x15'
xortool_out/05489.out;b'uo\x93\xfbv\x81\x1al'
xortool_out/05490.out;b'uo\x93\xfbv\x81EP'
xortool_out/05491.out;b'uo\x93\xfbv\x81E\x15'
xortool_out/05492.out;b'uo\x93\xfbv\x81El'
xortool_out/05493.out;b'uo\x93\xfbv\x81IP'
xortool_out/05494.out;b'uo\x93\xfbv\x81I\x15'
xortool_out/05495.out;b'uo\x93\xfbv\x81Il'
xortool_out/05496.out;b'uo\x93\xfbv\xc5\x1bP'
xortool_out/05497.out;b'uo\x93\xfbv\xc5\x1b\x15'
xortool_out/05498.out;b'uo\x93\xfbv\xc5\x1bl'
xortool_out/05499.out;b'uo\x93\xfbv\xc5\x1aP'
xortool_out/05500.out;b'uo\x93\xfbv\xc5\x1a\x15'
xortool_out/05501.out;b'uo\x93\xfbv\xc5\x1al'
xortool_out/05502.out;b'uo\x93\xfbv\xc5EP'
xortool_out/05503.out;b'uo\x93\xfbv\xc5E\x15'
xortool_out/05504.out;b'uo\x93\xfbv\xc5El'
xortool_out/05505.out;b'uo\x93\xfbv\xc5IP'
xortool_out/05506.out;b'uo\x93\xfbv\xc5I\x15'
xortool_out/05507.out;b'uo\x93\xfbv\xc5Il'
xortool_out/05508.out;b'uo\x93\xfbv\xcc\x1bP'
xortool_out/05509.out;b'uo\x93\xfbv\xcc\x1b\x15'
xortool_out/05510.out;b'uo\x93\xfbv\xcc\x1bl'
xortool_out/05511.out;b'uo\x93\xfbv\xcc\x1aP'
xortool_out/05512.out;b'uo\x93\xfbv\xcc\x1a\x15'
xortool_out/05513.out;b'uo\x93\xfbv\xcc\x1al'
xortool_out/05514.out;b'uo\x93\xfbv\xccEP'
xortool_out/05515.out;b'uo\x93\xfbv\xccE\x15'
xortool_out/05516.out;b'uo\x93\xfbv\xccEl'
xortool_out/05517.out;b'uo\x93\xfbv\xccIP'
xortool_out/05518.out;b'uo\x93\xfbv\xccI\x15'
xortool_out/05519.out;b'uo\x93\xfbv\xccIl'
xortool_out/05520.out;b'uo\x93\xfbK\xd0\x1bP'
xortool_out/05521.out;b'uo\x93\xfbK\xd0\x1b\x15'
xortool_out/05522.out;b'uo\x93\xfbK\xd0\x1bl'
xortool_out/05523.out;b'uo\x93\xfbK\xd0\x1aP'
xortool_out/05524.out;b'uo\x93\xfbK\xd0\x1a\x15'
xortool_out/05525.out;b'uo\x93\xfbK\xd0\x1al'
xortool_out/05526.out;b'uo\x93\xfbK\xd0EP'
xortool_out/05527.out;b'uo\x93\xfbK\xd0E\x15'
xortool_out/05528.out;b'uo\x93\xfbK\xd0El'
xortool_out/05529.out;b'uo\x93\xfbK\xd0IP'
xortool_out/05530.out;b'uo\x93\xfbK\xd0I\x15'
xortool_out/05531.out;b'uo\x93\xfbK\xd0Il'
xortool_out/05532.out;b'uo\x93\xfbK\x81\x1bP'
xortool_out/05533.out;b'uo\x93\xfbK\x81\x1b\x15'
xortool_out/05534.out;b'uo\x93\xfbK\x81\x1bl'
xortool_out/05535.out;b'uo\x93\xfbK\x81\x1aP'
xortool_out/05536.out;b'uo\x93\xfbK\x81\x1a\x15'
xortool_out/05537.out;b'uo\x93\xfbK\x81\x1al'
xortool_out/05538.out;b'uo\x93\xfbK\x81EP'
xortool_out/05539.out;b'uo\x93\xfbK\x81E\x15'
xortool_out/05540.out;b'uo\x93\xfbK\x81El'
xortool_out/05541.out;b'uo\x93\xfbK\x81IP'
xortool_out/05542.out;b'uo\x93\xfbK\x81I\x15'
xortool_out/05543.out;b'uo\x93\xfbK\x81Il'
xortool_out/05544.out;b'uo\x93\xfbK\xc5\x1bP'
xortool_out/05545.out;b'uo\x93\xfbK\xc5\x1b\x15'
xortool_out/05546.out;b'uo\x93\xfbK\xc5\x1bl'
xortool_out/05547.out;b'uo\x93\xfbK\xc5\x1aP'
xortool_out/05548.out;b'uo\x93\xfbK\xc5\x1a\x15'
xortool_out/05549.out;b'uo\x93\xfbK\xc5\x1al'
xortool_out/05550.out;b'uo\x93\xfbK\xc5EP'
xortool_out/05551.out;b'uo\x93\xfbK\xc5E\x15'
xortool_out/05552.out;b'uo\x93\xfbK\xc5El'
xortool_out/05553.out;b'uo\x93\xfbK\xc5IP'
xortool_out/05554.out;b'uo\x93\xfbK\xc5I\x15'
xortool_out/05555.out;b'uo\x93\xfbK\xc5Il'
xortool_out/05556.out;b'uo\x93\xfbK\xcc\x1bP'
xortool_out/05557.out;b'uo\x93\xfbK\xcc\x1b\x15'
xortool_out/05558.out;b'uo\x93\xfbK\xcc\x1bl'
xortool_out/05559.out;b'uo\x93\xfbK\xcc\x1aP'
xortool_out/05560.out;b'uo\x93\xfbK\xcc\x1a\x15'
xortool_out/05561.out;b'uo\x93\xfbK\xcc\x1al'
xortool_out/05562.out;b'uo\x93\xfbK\xccEP'
xortool_out/05563.out;b'uo\x93\xfbK\xccE\x15'
xortool_out/05564.out;b'uo\x93\xfbK\xccEl'
xortool_out/05565.out;b'uo\x93\xfbK\xccIP'
xortool_out/05566.out;b'uo\x93\xfbK\xccI\x15'
xortool_out/05567.out;b'uo\x93\xfbK\xccIl'
xortool_out/05568.out;b'uo\x93\xbe[\xd0\x1bP'
xortool_out/05569.out;b'uo\x93\xbe[\xd0\x1b\x15'
xortool_out/05570.out;b'uo\x93\xbe[\xd0\x1bl'
xortool_out/05571.out;b'uo\x93\xbe[\xd0\x1aP'
xortool_out/05572.out;b'uo\x93\xbe[\xd0\x1a\x15'
xortool_out/05573.out;b'uo\x93\xbe[\xd0\x1al'
xortool_out/05574.out;b'uo\x93\xbe[\xd0EP'
xortool_out/05575.out;b'uo\x93\xbe[\xd0E\x15'
xortool_out/05576.out;b'uo\x93\xbe[\xd0El'
xortool_out/05577.out;b'uo\x93\xbe[\xd0IP'
xortool_out/05578.out;b'uo\x93\xbe[\xd0I\x15'
xortool_out/05579.out;b'uo\x93\xbe[\xd0Il'
xortool_out/05580.out;b'uo\x93\xbe[\x81\x1bP'
xortool_out/05581.out;b'uo\x93\xbe[\x81\x1b\x15'
xortool_out/05582.out;b'uo\x93\xbe[\x81\x1bl'
xortool_out/05583.out;b'uo\x93\xbe[\x81\x1aP'
xortool_out/05584.out;b'uo\x93\xbe[\x81\x1a\x15'
xortool_out/05585.out;b'uo\x93\xbe[\x81\x1al'
xortool_out/05586.out;b'uo\x93\xbe[\x81EP'
xortool_out/05587.out;b'uo\x93\xbe[\x81E\x15'
xortool_out/05588.out;b'uo\x93\xbe[\x81El'
xortool_out/05589.out;b'uo\x93\xbe[\x81IP'
xortool_out/05590.out;b'uo\x93\xbe[\x81I\x15'
xortool_out/05591.out;b'uo\x93\xbe[\x81Il'
xortool_out/05592.out;b'uo\x93\xbe[\xc5\x1bP'
xortool_out/05593.out;b'uo\x93\xbe[\xc5\x1b\x15'
xortool_out/05594.out;b'uo\x93\xbe[\xc5\x1bl'
xortool_out/05595.out;b'uo\x93\xbe[\xc5\x1aP'
xortool_out/05596.out;b'uo\x93\xbe[\xc5\x1a\x15'
xortool_out/05597.out;b'uo\x93\xbe[\xc5\x1al'
xortool_out/05598.out;b'uo\x93\xbe[\xc5EP'
xortool_out/05599.out;b'uo\x93\xbe[\xc5E\x15'
xortool_out/05600.out;b'uo\x93\xbe[\xc5El'
xortool_out/05601.out;b'uo\x93\xbe[\xc5IP'
xortool_out/05602.out;b'uo\x93\xbe[\xc5I\x15'
xortool_out/05603.out;b'uo\x93\xbe[\xc5Il'
xortool_out/05604.out;b'uo\x93\xbe[\xcc\x1bP'
xortool_out/05605.out;b'uo\x93\xbe[\xcc\x1b\x15'
xortool_out/05606.out;b'uo\x93\xbe[\xcc\x1bl'
xortool_out/05607.out;b'uo\x93\xbe[\xcc\x1aP'
xortool_out/05608.out;b'uo\x93\xbe[\xcc\x1a\x15'
xortool_out/05609.out;b'uo\x93\xbe[\xcc\x1al'
xortool_out/05610.out;b'uo\x93\xbe[\xccEP'
xortool_out/05611.out;b'uo\x93\xbe[\xccE\x15'
xortool_out/05612.out;b'uo\x93\xbe[\xccEl'
xortool_out/05613.out;b'uo\x93\xbe[\xccIP'
xortool_out/05614.out;b'uo\x93\xbe[\xccI\x15'
xortool_out/05615.out;b'uo\x93\xbe[\xccIl'
xortool_out/05616.out;b'uo\x93\xbeA\xd0\x1bP'
xortool_out/05617.out;b'uo\x93\xbeA\xd0\x1b\x15'
xortool_out/05618.out;b'uo\x93\xbeA\xd0\x1bl'
xortool_out/05619.out;b'uo\x93\xbeA\xd0\x1aP'
xortool_out/05620.out;b'uo\x93\xbeA\xd0\x1a\x15'
xortool_out/05621.out;b'uo\x93\xbeA\xd0\x1al'
xortool_out/05622.out;b'uo\x93\xbeA\xd0EP'
xortool_out/05623.out;b'uo\x93\xbeA\xd0E\x15'
xortool_out/05624.out;b'uo\x93\xbeA\xd0El'
xortool_out/05625.out;b'uo\x93\xbeA\xd0IP'
xortool_out/05626.out;b'uo\x93\xbeA\xd0I\x15'
xortool_out/05627.out;b'uo\x93\xbeA\xd0Il'
xortool_out/05628.out;b'uo\x93\xbeA\x81\x1bP'
xortool_out/05629.out;b'uo\x93\xbeA\x81\x1b\x15'
xortool_out/05630.out;b'uo\x93\xbeA\x81\x1bl'
xortool_out/05631.out;b'uo\x93\xbeA\x81\x1aP'
xortool_out/05632.out;b'uo\x93\xbeA\x81\x1a\x15'
xortool_out/05633.out;b'uo\x93\xbeA\x81\x1al'
xortool_out/05634.out;b'uo\x93\xbeA\x81EP'
xortool_out/05635.out;b'uo\x93\xbeA\x81E\x15'
xortool_out/05636.out;b'uo\x93\xbeA\x81El'
xortool_out/05637.out;b'uo\x93\xbeA\x81IP'
xortool_out/05638.out;b'uo\x93\xbeA\x81I\x15'
xortool_out/05639.out;b'uo\x93\xbeA\x81Il'
xortool_out/05640.out;b'uo\x93\xbeA\xc5\x1bP'
xortool_out/05641.out;b'uo\x93\xbeA\xc5\x1b\x15'
xortool_out/05642.out;b'uo\x93\xbeA\xc5\x1bl'
xortool_out/05643.out;b'uo\x93\xbeA\xc5\x1aP'
xortool_out/05644.out;b'uo\x93\xbeA\xc5\x1a\x15'
xortool_out/05645.out;b'uo\x93\xbeA\xc5\x1al'
xortool_out/05646.out;b'uo\x93\xbeA\xc5EP'
xortool_out/05647.out;b'uo\x93\xbeA\xc5E\x15'
xortool_out/05648.out;b'uo\x93\xbeA\xc5El'
xortool_out/05649.out;b'uo\x93\xbeA\xc5IP'
xortool_out/05650.out;b'uo\x93\xbeA\xc5I\x15'
xortool_out/05651.out;b'uo\x93\xbeA\xc5Il'
xortool_out/05652.out;b'uo\x93\xbeA\xcc\x1bP'
xortool_out/05653.out;b'uo\x93\xbeA\xcc\x1b\x15'
xortool_out/05654.out;b'uo\x93\xbeA\xcc\x1bl'
xortool_out/05655.out;b'uo\x93\xbeA\xcc\x1aP'
xortool_out/05656.out;b'uo\x93\xbeA\xcc\x1a\x15'
xortool_out/05657.out;b'uo\x93\xbeA\xcc\x1al'
xortool_out/05658.out;b'uo\x93\xbeA\xccEP'
xortool_out/05659.out;b'uo\x93\xbeA\xccE\x15'
xortool_out/05660.out;b'uo\x93\xbeA\xccEl'
xortool_out/05661.out;b'uo\x93\xbeA\xccIP'
xortool_out/05662.out;b'uo\x93\xbeA\xccI\x15'
xortool_out/05663.out;b'uo\x93\xbeA\xccIl'
xortool_out/05664.out;b'uo\x93\xbev\xd0\x1bP'
xortool_out/05665.out;b'uo\x93\xbev\xd0\x1b\x15'
xortool_out/05666.out;b'uo\x93\xbev\xd0\x1bl'
xortool_out/05667.out;b'uo\x93\xbev\xd0\x1aP'
xortool_out/05668.out;b'uo\x93\xbev\xd0\x1a\x15'
xortool_out/05669.out;b'uo\x93\xbev\xd0\x1al'
xortool_out/05670.out;b'uo\x93\xbev\xd0EP'
xortool_out/05671.out;b'uo\x93\xbev\xd0E\x15'
xortool_out/05672.out;b'uo\x93\xbev\xd0El'
xortool_out/05673.out;b'uo\x93\xbev\xd0IP'
xortool_out/05674.out;b'uo\x93\xbev\xd0I\x15'
xortool_out/05675.out;b'uo\x93\xbev\xd0Il'
xortool_out/05676.out;b'uo\x93\xbev\x81\x1bP'
xortool_out/05677.out;b'uo\x93\xbev\x81\x1b\x15'
xortool_out/05678.out;b'uo\x93\xbev\x81\x1bl'
xortool_out/05679.out;b'uo\x93\xbev\x81\x1aP'
xortool_out/05680.out;b'uo\x93\xbev\x81\x1a\x15'
xortool_out/05681.out;b'uo\x93\xbev\x81\x1al'
xortool_out/05682.out;b'uo\x93\xbev\x81EP'
xortool_out/05683.out;b'uo\x93\xbev\x81E\x15'
xortool_out/05684.out;b'uo\x93\xbev\x81El'
xortool_out/05685.out;b'uo\x93\xbev\x81IP'
xortool_out/05686.out;b'uo\x93\xbev\x81I\x15'
xortool_out/05687.out;b'uo\x93\xbev\x81Il'
xortool_out/05688.out;b'uo\x93\xbev\xc5\x1bP'
xortool_out/05689.out;b'uo\x93\xbev\xc5\x1b\x15'
xortool_out/05690.out;b'uo\x93\xbev\xc5\x1bl'
xortool_out/05691.out;b'uo\x93\xbev\xc5\x1aP'
xortool_out/05692.out;b'uo\x93\xbev\xc5\x1a\x15'
xortool_out/05693.out;b'uo\x93\xbev\xc5\x1al'
xortool_out/05694.out;b'uo\x93\xbev\xc5EP'
xortool_out/05695.out;b'uo\x93\xbev\xc5E\x15'
xortool_out/05696.out;b'uo\x93\xbev\xc5El'
xortool_out/05697.out;b'uo\x93\xbev\xc5IP'
xortool_out/05698.out;b'uo\x93\xbev\xc5I\x15'
xortool_out/05699.out;b'uo\x93\xbev\xc5Il'
xortool_out/05700.out;b'uo\x93\xbev\xcc\x1bP'
xortool_out/05701.out;b'uo\x93\xbev\xcc\x1b\x15'
xortool_out/05702.out;b'uo\x93\xbev\xcc\x1bl'
xortool_out/05703.out;b'uo\x93\xbev\xcc\x1aP'
xortool_out/05704.out;b'uo\x93\xbev\xcc\x1a\x15'
xortool_out/05705.out;b'uo\x93\xbev\xcc\x1al'
xortool_out/05706.out;b'uo\x93\xbev\xccEP'
xortool_out/05707.out;b'uo\x93\xbev\xccE\x15'
xortool_out/05708.out;b'uo\x93\xbev\xccEl'
xortool_out/05709.out;b'uo\x93\xbev\xccIP'
xortool_out/05710.out;b'uo\x93\xbev\xccI\x15'
xortool_out/05711.out;b'uo\x93\xbev\xccIl'
xortool_out/05712.out;b'uo\x93\xbeK\xd0\x1bP'
xortool_out/05713.out;b'uo\x93\xbeK\xd0\x1b\x15'
xortool_out/05714.out;b'uo\x93\xbeK\xd0\x1bl'
xortool_out/05715.out;b'uo\x93\xbeK\xd0\x1aP'
xortool_out/05716.out;b'uo\x93\xbeK\xd0\x1a\x15'
xortool_out/05717.out;b'uo\x93\xbeK\xd0\x1al'
xortool_out/05718.out;b'uo\x93\xbeK\xd0EP'
xortool_out/05719.out;b'uo\x93\xbeK\xd0E\x15'
xortool_out/05720.out;b'uo\x93\xbeK\xd0El'
xortool_out/05721.out;b'uo\x93\xbeK\xd0IP'
xortool_out/05722.out;b'uo\x93\xbeK\xd0I\x15'
xortool_out/05723.out;b'uo\x93\xbeK\xd0Il'
xortool_out/05724.out;b'uo\x93\xbeK\x81\x1bP'
xortool_out/05725.out;b'uo\x93\xbeK\x81\x1b\x15'
xortool_out/05726.out;b'uo\x93\xbeK\x81\x1bl'
xortool_out/05727.out;b'uo\x93\xbeK\x81\x1aP'
xortool_out/05728.out;b'uo\x93\xbeK\x81\x1a\x15'
xortool_out/05729.out;b'uo\x93\xbeK\x81\x1al'
xortool_out/05730.out;b'uo\x93\xbeK\x81EP'
xortool_out/05731.out;b'uo\x93\xbeK\x81E\x15'
xortool_out/05732.out;b'uo\x93\xbeK\x81El'
xortool_out/05733.out;b'uo\x93\xbeK\x81IP'
xortool_out/05734.out;b'uo\x93\xbeK\x81I\x15'
xortool_out/05735.out;b'uo\x93\xbeK\x81Il'
xortool_out/05736.out;b'uo\x93\xbeK\xc5\x1bP'
xortool_out/05737.out;b'uo\x93\xbeK\xc5\x1b\x15'
xortool_out/05738.out;b'uo\x93\xbeK\xc5\x1bl'
xortool_out/05739.out;b'uo\x93\xbeK\xc5\x1aP'
xortool_out/05740.out;b'uo\x93\xbeK\xc5\x1a\x15'
xortool_out/05741.out;b'uo\x93\xbeK\xc5\x1al'
xortool_out/05742.out;b'uo\x93\xbeK\xc5EP'
xortool_out/05743.out;b'uo\x93\xbeK\xc5E\x15'
xortool_out/05744.out;b'uo\x93\xbeK\xc5El'
xortool_out/05745.out;b'uo\x93\xbeK\xc5IP'
xortool_out/05746.out;b'uo\x93\xbeK\xc5I\x15'
xortool_out/05747.out;b'uo\x93\xbeK\xc5Il'
xortool_out/05748.out;b'uo\x93\xbeK\xcc\x1bP'
xortool_out/05749.out;b'uo\x93\xbeK\xcc\x1b\x15'
xortool_out/05750.out;b'uo\x93\xbeK\xcc\x1bl'
xortool_out/05751.out;b'uo\x93\xbeK\xcc\x1aP'
xortool_out/05752.out;b'uo\x93\xbeK\xcc\x1a\x15'
xortool_out/05753.out;b'uo\x93\xbeK\xcc\x1al'
xortool_out/05754.out;b'uo\x93\xbeK\xccEP'
xortool_out/05755.out;b'uo\x93\xbeK\xccE\x15'
xortool_out/05756.out;b'uo\x93\xbeK\xccEl'
xortool_out/05757.out;b'uo\x93\xbeK\xccIP'
xortool_out/05758.out;b'uo\x93\xbeK\xccI\x15'
xortool_out/05759.out;b'uo\x93\xbeK\xccIl'
xortool_out/05760.out;b'uo\x93\xfd[\xd0\x1bP'
xortool_out/05761.out;b'uo\x93\xfd[\xd0\x1b\x15'
xortool_out/05762.out;b'uo\x93\xfd[\xd0\x1bl'
xortool_out/05763.out;b'uo\x93\xfd[\xd0\x1aP'
xortool_out/05764.out;b'uo\x93\xfd[\xd0\x1a\x15'
xortool_out/05765.out;b'uo\x93\xfd[\xd0\x1al'
xortool_out/05766.out;b'uo\x93\xfd[\xd0EP'
xortool_out/05767.out;b'uo\x93\xfd[\xd0E\x15'
xortool_out/05768.out;b'uo\x93\xfd[\xd0El'
xortool_out/05769.out;b'uo\x93\xfd[\xd0IP'
xortool_out/05770.out;b'uo\x93\xfd[\xd0I\x15'
xortool_out/05771.out;b'uo\x93\xfd[\xd0Il'
xortool_out/05772.out;b'uo\x93\xfd[\x81\x1bP'
xortool_out/05773.out;b'uo\x93\xfd[\x81\x1b\x15'
xortool_out/05774.out;b'uo\x93\xfd[\x81\x1bl'
xortool_out/05775.out;b'uo\x93\xfd[\x81\x1aP'
xortool_out/05776.out;b'uo\x93\xfd[\x81\x1a\x15'
xortool_out/05777.out;b'uo\x93\xfd[\x81\x1al'
xortool_out/05778.out;b'uo\x93\xfd[\x81EP'
xortool_out/05779.out;b'uo\x93\xfd[\x81E\x15'
xortool_out/05780.out;b'uo\x93\xfd[\x81El'
xortool_out/05781.out;b'uo\x93\xfd[\x81IP'
xortool_out/05782.out;b'uo\x93\xfd[\x81I\x15'
xortool_out/05783.out;b'uo\x93\xfd[\x81Il'
xortool_out/05784.out;b'uo\x93\xfd[\xc5\x1bP'
xortool_out/05785.out;b'uo\x93\xfd[\xc5\x1b\x15'
xortool_out/05786.out;b'uo\x93\xfd[\xc5\x1bl'
xortool_out/05787.out;b'uo\x93\xfd[\xc5\x1aP'
xortool_out/05788.out;b'uo\x93\xfd[\xc5\x1a\x15'
xortool_out/05789.out;b'uo\x93\xfd[\xc5\x1al'
xortool_out/05790.out;b'uo\x93\xfd[\xc5EP'
xortool_out/05791.out;b'uo\x93\xfd[\xc5E\x15'
xortool_out/05792.out;b'uo\x93\xfd[\xc5El'
xortool_out/05793.out;b'uo\x93\xfd[\xc5IP'
xortool_out/05794.out;b'uo\x93\xfd[\xc5I\x15'
xortool_out/05795.out;b'uo\x93\xfd[\xc5Il'
xortool_out/05796.out;b'uo\x93\xfd[\xcc\x1bP'
xortool_out/05797.out;b'uo\x93\xfd[\xcc\x1b\x15'
xortool_out/05798.out;b'uo\x93\xfd[\xcc\x1bl'
xortool_out/05799.out;b'uo\x93\xfd[\xcc\x1aP'
xortool_out/05800.out;b'uo\x93\xfd[\xcc\x1a\x15'
xortool_out/05801.out;b'uo\x93\xfd[\xcc\x1al'
xortool_out/05802.out;b'uo\x93\xfd[\xccEP'
xortool_out/05803.out;b'uo\x93\xfd[\xccE\x15'
xortool_out/05804.out;b'uo\x93\xfd[\xccEl'
xortool_out/05805.out;b'uo\x93\xfd[\xccIP'
xortool_out/05806.out;b'uo\x93\xfd[\xccI\x15'
xortool_out/05807.out;b'uo\x93\xfd[\xccIl'
xortool_out/05808.out;b'uo\x93\xfdA\xd0\x1bP'
xortool_out/05809.out;b'uo\x93\xfdA\xd0\x1b\x15'
xortool_out/05810.out;b'uo\x93\xfdA\xd0\x1bl'
xortool_out/05811.out;b'uo\x93\xfdA\xd0\x1aP'
xortool_out/05812.out;b'uo\x93\xfdA\xd0\x1a\x15'
xortool_out/05813.out;b'uo\x93\xfdA\xd0\x1al'
xortool_out/05814.out;b'uo\x93\xfdA\xd0EP'
xortool_out/05815.out;b'uo\x93\xfdA\xd0E\x15'
xortool_out/05816.out;b'uo\x93\xfdA\xd0El'
xortool_out/05817.out;b'uo\x93\xfdA\xd0IP'
xortool_out/05818.out;b'uo\x93\xfdA\xd0I\x15'
xortool_out/05819.out;b'uo\x93\xfdA\xd0Il'
xortool_out/05820.out;b'uo\x93\xfdA\x81\x1bP'
xortool_out/05821.out;b'uo\x93\xfdA\x81\x1b\x15'
xortool_out/05822.out;b'uo\x93\xfdA\x81\x1bl'
xortool_out/05823.out;b'uo\x93\xfdA\x81\x1aP'
xortool_out/05824.out;b'uo\x93\xfdA\x81\x1a\x15'
xortool_out/05825.out;b'uo\x93\xfdA\x81\x1al'
xortool_out/05826.out;b'uo\x93\xfdA\x81EP'
xortool_out/05827.out;b'uo\x93\xfdA\x81E\x15'
xortool_out/05828.out;b'uo\x93\xfdA\x81El'
xortool_out/05829.out;b'uo\x93\xfdA\x81IP'
xortool_out/05830.out;b'uo\x93\xfdA\x81I\x15'
xortool_out/05831.out;b'uo\x93\xfdA\x81Il'
xortool_out/05832.out;b'uo\x93\xfdA\xc5\x1bP'
xortool_out/05833.out;b'uo\x93\xfdA\xc5\x1b\x15'
xortool_out/05834.out;b'uo\x93\xfdA\xc5\x1bl'
xortool_out/05835.out;b'uo\x93\xfdA\xc5\x1aP'
xortool_out/05836.out;b'uo\x93\xfdA\xc5\x1a\x15'
xortool_out/05837.out;b'uo\x93\xfdA\xc5\x1al'
xortool_out/05838.out;b'uo\x93\xfdA\xc5EP'
xortool_out/05839.out;b'uo\x93\xfdA\xc5E\x15'
xortool_out/05840.out;b'uo\x93\xfdA\xc5El'
xortool_out/05841.out;b'uo\x93\xfdA\xc5IP'
xortool_out/05842.out;b'uo\x93\xfdA\xc5I\x15'
xortool_out/05843.out;b'uo\x93\xfdA\xc5Il'
xortool_out/05844.out;b'uo\x93\xfdA\xcc\x1bP'
xortool_out/05845.out;b'uo\x93\xfdA\xcc\x1b\x15'
xortool_out/05846.out;b'uo\x93\xfdA\xcc\x1bl'
xortool_out/05847.out;b'uo\x93\xfdA\xcc\x1aP'
xortool_out/05848.out;b'uo\x93\xfdA\xcc\x1a\x15'
xortool_out/05849.out;b'uo\x93\xfdA\xcc\x1al'
xortool_out/05850.out;b'uo\x93\xfdA\xccEP'
xortool_out/05851.out;b'uo\x93\xfdA\xccE\x15'
xortool_out/05852.out;b'uo\x93\xfdA\xccEl'
xortool_out/05853.out;b'uo\x93\xfdA\xccIP'
xortool_out/05854.out;b'uo\x93\xfdA\xccI\x15'
xortool_out/05855.out;b'uo\x93\xfdA\xccIl'
xortool_out/05856.out;b'uo\x93\xfdv\xd0\x1bP'
xortool_out/05857.out;b'uo\x93\xfdv\xd0\x1b\x15'
xortool_out/05858.out;b'uo\x93\xfdv\xd0\x1bl'
xortool_out/05859.out;b'uo\x93\xfdv\xd0\x1aP'
xortool_out/05860.out;b'uo\x93\xfdv\xd0\x1a\x15'
xortool_out/05861.out;b'uo\x93\xfdv\xd0\x1al'
xortool_out/05862.out;b'uo\x93\xfdv\xd0EP'
xortool_out/05863.out;b'uo\x93\xfdv\xd0E\x15'
xortool_out/05864.out;b'uo\x93\xfdv\xd0El'
xortool_out/05865.out;b'uo\x93\xfdv\xd0IP'
xortool_out/05866.out;b'uo\x93\xfdv\xd0I\x15'
xortool_out/05867.out;b'uo\x93\xfdv\xd0Il'
xortool_out/05868.out;b'uo\x93\xfdv\x81\x1bP'
xortool_out/05869.out;b'uo\x93\xfdv\x81\x1b\x15'
xortool_out/05870.out;b'uo\x93\xfdv\x81\x1bl'
xortool_out/05871.out;b'uo\x93\xfdv\x81\x1aP'
xortool_out/05872.out;b'uo\x93\xfdv\x81\x1a\x15'
xortool_out/05873.out;b'uo\x93\xfdv\x81\x1al'
xortool_out/05874.out;b'uo\x93\xfdv\x81EP'
xortool_out/05875.out;b'uo\x93\xfdv\x81E\x15'
xortool_out/05876.out;b'uo\x93\xfdv\x81El'
xortool_out/05877.out;b'uo\x93\xfdv\x81IP'
xortool_out/05878.out;b'uo\x93\xfdv\x81I\x15'
xortool_out/05879.out;b'uo\x93\xfdv\x81Il'
xortool_out/05880.out;b'uo\x93\xfdv\xc5\x1bP'
xortool_out/05881.out;b'uo\x93\xfdv\xc5\x1b\x15'
xortool_out/05882.out;b'uo\x93\xfdv\xc5\x1bl'
xortool_out/05883.out;b'uo\x93\xfdv\xc5\x1aP'
xortool_out/05884.out;b'uo\x93\xfdv\xc5\x1a\x15'
xortool_out/05885.out;b'uo\x93\xfdv\xc5\x1al'
xortool_out/05886.out;b'uo\x93\xfdv\xc5EP'
xortool_out/05887.out;b'uo\x93\xfdv\xc5E\x15'
xortool_out/05888.out;b'uo\x93\xfdv\xc5El'
xortool_out/05889.out;b'uo\x93\xfdv\xc5IP'
xortool_out/05890.out;b'uo\x93\xfdv\xc5I\x15'
xortool_out/05891.out;b'uo\x93\xfdv\xc5Il'
xortool_out/05892.out;b'uo\x93\xfdv\xcc\x1bP'
xortool_out/05893.out;b'uo\x93\xfdv\xcc\x1b\x15'
xortool_out/05894.out;b'uo\x93\xfdv\xcc\x1bl'
xortool_out/05895.out;b'uo\x93\xfdv\xcc\x1aP'
xortool_out/05896.out;b'uo\x93\xfdv\xcc\x1a\x15'
xortool_out/05897.out;b'uo\x93\xfdv\xcc\x1al'
xortool_out/05898.out;b'uo\x93\xfdv\xccEP'
xortool_out/05899.out;b'uo\x93\xfdv\xccE\x15'
xortool_out/05900.out;b'uo\x93\xfdv\xccEl'
xortool_out/05901.out;b'uo\x93\xfdv\xccIP'
xortool_out/05902.out;b'uo\x93\xfdv\xccI\x15'
xortool_out/05903.out;b'uo\x93\xfdv\xccIl'
xortool_out/05904.out;b'uo\x93\xfdK\xd0\x1bP'
xortool_out/05905.out;b'uo\x93\xfdK\xd0\x1b\x15'
xortool_out/05906.out;b'uo\x93\xfdK\xd0\x1bl'
xortool_out/05907.out;b'uo\x93\xfdK\xd0\x1aP'
xortool_out/05908.out;b'uo\x93\xfdK\xd0\x1a\x15'
xortool_out/05909.out;b'uo\x93\xfdK\xd0\x1al'
xortool_out/05910.out;b'uo\x93\xfdK\xd0EP'
xortool_out/05911.out;b'uo\x93\xfdK\xd0E\x15'
xortool_out/05912.out;b'uo\x93\xfdK\xd0El'
xortool_out/05913.out;b'uo\x93\xfdK\xd0IP'
xortool_out/05914.out;b'uo\x93\xfdK\xd0I\x15'
xortool_out/05915.out;b'uo\x93\xfdK\xd0Il'
xortool_out/05916.out;b'uo\x93\xfdK\x81\x1bP'
xortool_out/05917.out;b'uo\x93\xfdK\x81\x1b\x15'
xortool_out/05918.out;b'uo\x93\xfdK\x81\x1bl'
xortool_out/05919.out;b'uo\x93\xfdK\x81\x1aP'
xortool_out/05920.out;b'uo\x93\xfdK\x81\x1a\x15'
xortool_out/05921.out;b'uo\x93\xfdK\x81\x1al'
xortool_out/05922.out;b'uo\x93\xfdK\x81EP'
xortool_out/05923.out;b'uo\x93\xfdK\x81E\x15'
xortool_out/05924.out;b'uo\x93\xfdK\x81El'
xortool_out/05925.out;b'uo\x93\xfdK\x81IP'
xortool_out/05926.out;b'uo\x93\xfdK\x81I\x15'
xortool_out/05927.out;b'uo\x93\xfdK\x81Il'
xortool_out/05928.out;b'uo\x93\xfdK\xc5\x1bP'
xortool_out/05929.out;b'uo\x93\xfdK\xc5\x1b\x15'
xortool_out/05930.out;b'uo\x93\xfdK\xc5\x1bl'
xortool_out/05931.out;b'uo\x93\xfdK\xc5\x1aP'
xortool_out/05932.out;b'uo\x93\xfdK\xc5\x1a\x15'
xortool_out/05933.out;b'uo\x93\xfdK\xc5\x1al'
xortool_out/05934.out;b'uo\x93\xfdK\xc5EP'
xortool_out/05935.out;b'uo\x93\xfdK\xc5E\x15'
xortool_out/05936.out;b'uo\x93\xfdK\xc5El'
xortool_out/05937.out;b'uo\x93\xfdK\xc5IP'
xortool_out/05938.out;b'uo\x93\xfdK\xc5I\x15'
xortool_out/05939.out;b'uo\x93\xfdK\xc5Il'
xortool_out/05940.out;b'uo\x93\xfdK\xcc\x1bP'
xortool_out/05941.out;b'uo\x93\xfdK\xcc\x1b\x15'
xortool_out/05942.out;b'uo\x93\xfdK\xcc\x1bl'
xortool_out/05943.out;b'uo\x93\xfdK\xcc\x1aP'
xortool_out/05944.out;b'uo\x93\xfdK\xcc\x1a\x15'
xortool_out/05945.out;b'uo\x93\xfdK\xcc\x1al'
xortool_out/05946.out;b'uo\x93\xfdK\xccEP'
xortool_out/05947.out;b'uo\x93\xfdK\xccE\x15'
xortool_out/05948.out;b'uo\x93\xfdK\xccEl'
xortool_out/05949.out;b'uo\x93\xfdK\xccIP'
xortool_out/05950.out;b'uo\x93\xfdK\xccI\x15'
xortool_out/05951.out;b'uo\x93\xfdK\xccIl'
xortool_out/05952.out;b'uo\x93\xfc[\xd0\x1bP'
xortool_out/05953.out;b'uo\x93\xfc[\xd0\x1b\x15'
xortool_out/05954.out;b'uo\x93\xfc[\xd0\x1bl'
xortool_out/05955.out;b'uo\x93\xfc[\xd0\x1aP'
xortool_out/05956.out;b'uo\x93\xfc[\xd0\x1a\x15'
xortool_out/05957.out;b'uo\x93\xfc[\xd0\x1al'
xortool_out/05958.out;b'uo\x93\xfc[\xd0EP'
xortool_out/05959.out;b'uo\x93\xfc[\xd0E\x15'
xortool_out/05960.out;b'uo\x93\xfc[\xd0El'
xortool_out/05961.out;b'uo\x93\xfc[\xd0IP'
xortool_out/05962.out;b'uo\x93\xfc[\xd0I\x15'
xortool_out/05963.out;b'uo\x93\xfc[\xd0Il'
xortool_out/05964.out;b'uo\x93\xfc[\x81\x1bP'
xortool_out/05965.out;b'uo\x93\xfc[\x81\x1b\x15'
xortool_out/05966.out;b'uo\x93\xfc[\x81\x1bl'
xortool_out/05967.out;b'uo\x93\xfc[\x81\x1aP'
xortool_out/05968.out;b'uo\x93\xfc[\x81\x1a\x15'
xortool_out/05969.out;b'uo\x93\xfc[\x81\x1al'
xortool_out/05970.out;b'uo\x93\xfc[\x81EP'
xortool_out/05971.out;b'uo\x93\xfc[\x81E\x15'
xortool_out/05972.out;b'uo\x93\xfc[\x81El'
xortool_out/05973.out;b'uo\x93\xfc[\x81IP'
xortool_out/05974.out;b'uo\x93\xfc[\x81I\x15'
xortool_out/05975.out;b'uo\x93\xfc[\x81Il'
xortool_out/05976.out;b'uo\x93\xfc[\xc5\x1bP'
xortool_out/05977.out;b'uo\x93\xfc[\xc5\x1b\x15'
xortool_out/05978.out;b'uo\x93\xfc[\xc5\x1bl'
xortool_out/05979.out;b'uo\x93\xfc[\xc5\x1aP'
xortool_out/05980.out;b'uo\x93\xfc[\xc5\x1a\x15'
xortool_out/05981.out;b'uo\x93\xfc[\xc5\x1al'
xortool_out/05982.out;b'uo\x93\xfc[\xc5EP'
xortool_out/05983.out;b'uo\x93\xfc[\xc5E\x15'
xortool_out/05984.out;b'uo\x93\xfc[\xc5El'
xortool_out/05985.out;b'uo\x93\xfc[\xc5IP'
xortool_out/05986.out;b'uo\x93\xfc[\xc5I\x15'
xortool_out/05987.out;b'uo\x93\xfc[\xc5Il'
xortool_out/05988.out;b'uo\x93\xfc[\xcc\x1bP'
xortool_out/05989.out;b'uo\x93\xfc[\xcc\x1b\x15'
xortool_out/05990.out;b'uo\x93\xfc[\xcc\x1bl'
xortool_out/05991.out;b'uo\x93\xfc[\xcc\x1aP'
xortool_out/05992.out;b'uo\x93\xfc[\xcc\x1a\x15'
xortool_out/05993.out;b'uo\x93\xfc[\xcc\x1al'
xortool_out/05994.out;b'uo\x93\xfc[\xccEP'
xortool_out/05995.out;b'uo\x93\xfc[\xccE\x15'
xortool_out/05996.out;b'uo\x93\xfc[\xccEl'
xortool_out/05997.out;b'uo\x93\xfc[\xccIP'
xortool_out/05998.out;b'uo\x93\xfc[\xccI\x15'
xortool_out/05999.out;b'uo\x93\xfc[\xccIl'
xortool_out/06000.out;b'uo\x93\xfcA\xd0\x1bP'
xortool_out/06001.out;b'uo\x93\xfcA\xd0\x1b\x15'
xortool_out/06002.out;b'uo\x93\xfcA\xd0\x1bl'
xortool_out/06003.out;b'uo\x93\xfcA\xd0\x1aP'
xortool_out/06004.out;b'uo\x93\xfcA\xd0\x1a\x15'
xortool_out/06005.out;b'uo\x93\xfcA\xd0\x1al'
xortool_out/06006.out;b'uo\x93\xfcA\xd0EP'
xortool_out/06007.out;b'uo\x93\xfcA\xd0E\x15'
xortool_out/06008.out;b'uo\x93\xfcA\xd0El'
xortool_out/06009.out;b'uo\x93\xfcA\xd0IP'
xortool_out/06010.out;b'uo\x93\xfcA\xd0I\x15'
xortool_out/06011.out;b'uo\x93\xfcA\xd0Il'
xortool_out/06012.out;b'uo\x93\xfcA\x81\x1bP'
xortool_out/06013.out;b'uo\x93\xfcA\x81\x1b\x15'
xortool_out/06014.out;b'uo\x93\xfcA\x81\x1bl'
xortool_out/06015.out;b'uo\x93\xfcA\x81\x1aP'
xortool_out/06016.out;b'uo\x93\xfcA\x81\x1a\x15'
xortool_out/06017.out;b'uo\x93\xfcA\x81\x1al'
xortool_out/06018.out;b'uo\x93\xfcA\x81EP'
xortool_out/06019.out;b'uo\x93\xfcA\x81E\x15'
xortool_out/06020.out;b'uo\x93\xfcA\x81El'
xortool_out/06021.out;b'uo\x93\xfcA\x81IP'
xortool_out/06022.out;b'uo\x93\xfcA\x81I\x15'
xortool_out/06023.out;b'uo\x93\xfcA\x81Il'
xortool_out/06024.out;b'uo\x93\xfcA\xc5\x1bP'
xortool_out/06025.out;b'uo\x93\xfcA\xc5\x1b\x15'
xortool_out/06026.out;b'uo\x93\xfcA\xc5\x1bl'
xortool_out/06027.out;b'uo\x93\xfcA\xc5\x1aP'
xortool_out/06028.out;b'uo\x93\xfcA\xc5\x1a\x15'
xortool_out/06029.out;b'uo\x93\xfcA\xc5\x1al'
xortool_out/06030.out;b'uo\x93\xfcA\xc5EP'
xortool_out/06031.out;b'uo\x93\xfcA\xc5E\x15'
xortool_out/06032.out;b'uo\x93\xfcA\xc5El'
xortool_out/06033.out;b'uo\x93\xfcA\xc5IP'
xortool_out/06034.out;b'uo\x93\xfcA\xc5I\x15'
xortool_out/06035.out;b'uo\x93\xfcA\xc5Il'
xortool_out/06036.out;b'uo\x93\xfcA\xcc\x1bP'
xortool_out/06037.out;b'uo\x93\xfcA\xcc\x1b\x15'
xortool_out/06038.out;b'uo\x93\xfcA\xcc\x1bl'
xortool_out/06039.out;b'uo\x93\xfcA\xcc\x1aP'
xortool_out/06040.out;b'uo\x93\xfcA\xcc\x1a\x15'
xortool_out/06041.out;b'uo\x93\xfcA\xcc\x1al'
xortool_out/06042.out;b'uo\x93\xfcA\xccEP'
xortool_out/06043.out;b'uo\x93\xfcA\xccE\x15'
xortool_out/06044.out;b'uo\x93\xfcA\xccEl'
xortool_out/06045.out;b'uo\x93\xfcA\xccIP'
xortool_out/06046.out;b'uo\x93\xfcA\xccI\x15'
xortool_out/06047.out;b'uo\x93\xfcA\xccIl'
xortool_out/06048.out;b'uo\x93\xfcv\xd0\x1bP'
xortool_out/06049.out;b'uo\x93\xfcv\xd0\x1b\x15'
xortool_out/06050.out;b'uo\x93\xfcv\xd0\x1bl'
xortool_out/06051.out;b'uo\x93\xfcv\xd0\x1aP'
xortool_out/06052.out;b'uo\x93\xfcv\xd0\x1a\x15'
xortool_out/06053.out;b'uo\x93\xfcv\xd0\x1al'
xortool_out/06054.out;b'uo\x93\xfcv\xd0EP'
xortool_out/06055.out;b'uo\x93\xfcv\xd0E\x15'
xortool_out/06056.out;b'uo\x93\xfcv\xd0El'
xortool_out/06057.out;b'uo\x93\xfcv\xd0IP'
xortool_out/06058.out;b'uo\x93\xfcv\xd0I\x15'
xortool_out/06059.out;b'uo\x93\xfcv\xd0Il'
xortool_out/06060.out;b'uo\x93\xfcv\x81\x1bP'
xortool_out/06061.out;b'uo\x93\xfcv\x81\x1b\x15'
xortool_out/06062.out;b'uo\x93\xfcv\x81\x1bl'
xortool_out/06063.out;b'uo\x93\xfcv\x81\x1aP'
xortool_out/06064.out;b'uo\x93\xfcv\x81\x1a\x15'
xortool_out/06065.out;b'uo\x93\xfcv\x81\x1al'
xortool_out/06066.out;b'uo\x93\xfcv\x81EP'
xortool_out/06067.out;b'uo\x93\xfcv\x81E\x15'
xortool_out/06068.out;b'uo\x93\xfcv\x81El'
xortool_out/06069.out;b'uo\x93\xfcv\x81IP'
xortool_out/06070.out;b'uo\x93\xfcv\x81I\x15'
xortool_out/06071.out;b'uo\x93\xfcv\x81Il'
xortool_out/06072.out;b'uo\x93\xfcv\xc5\x1bP'
xortool_out/06073.out;b'uo\x93\xfcv\xc5\x1b\x15'
xortool_out/06074.out;b'uo\x93\xfcv\xc5\x1bl'
xortool_out/06075.out;b'uo\x93\xfcv\xc5\x1aP'
xortool_out/06076.out;b'uo\x93\xfcv\xc5\x1a\x15'
xortool_out/06077.out;b'uo\x93\xfcv\xc5\x1al'
xortool_out/06078.out;b'uo\x93\xfcv\xc5EP'
xortool_out/06079.out;b'uo\x93\xfcv\xc5E\x15'
xortool_out/06080.out;b'uo\x93\xfcv\xc5El'
xortool_out/06081.out;b'uo\x93\xfcv\xc5IP'
xortool_out/06082.out;b'uo\x93\xfcv\xc5I\x15'
xortool_out/06083.out;b'uo\x93\xfcv\xc5Il'
xortool_out/06084.out;b'uo\x93\xfcv\xcc\x1bP'
xortool_out/06085.out;b'uo\x93\xfcv\xcc\x1b\x15'
xortool_out/06086.out;b'uo\x93\xfcv\xcc\x1bl'
xortool_out/06087.out;b'uo\x93\xfcv\xcc\x1aP'
xortool_out/06088.out;b'uo\x93\xfcv\xcc\x1a\x15'
xortool_out/06089.out;b'uo\x93\xfcv\xcc\x1al'
xortool_out/06090.out;b'uo\x93\xfcv\xccEP'
xortool_out/06091.out;b'uo\x93\xfcv\xccE\x15'
xortool_out/06092.out;b'uo\x93\xfcv\xccEl'
xortool_out/06093.out;b'uo\x93\xfcv\xccIP'
xortool_out/06094.out;b'uo\x93\xfcv\xccI\x15'
xortool_out/06095.out;b'uo\x93\xfcv\xccIl'
xortool_out/06096.out;b'uo\x93\xfcK\xd0\x1bP'
xortool_out/06097.out;b'uo\x93\xfcK\xd0\x1b\x15'
xortool_out/06098.out;b'uo\x93\xfcK\xd0\x1bl'
xortool_out/06099.out;b'uo\x93\xfcK\xd0\x1aP'
xortool_out/06100.out;b'uo\x93\xfcK\xd0\x1a\x15'
xortool_out/06101.out;b'uo\x93\xfcK\xd0\x1al'
xortool_out/06102.out;b'uo\x93\xfcK\xd0EP'
xortool_out/06103.out;b'uo\x93\xfcK\xd0E\x15'
xortool_out/06104.out;b'uo\x93\xfcK\xd0El'
xortool_out/06105.out;b'uo\x93\xfcK\xd0IP'
xortool_out/06106.out;b'uo\x93\xfcK\xd0I\x15'
xortool_out/06107.out;b'uo\x93\xfcK\xd0Il'
xortool_out/06108.out;b'uo\x93\xfcK\x81\x1bP'
xortool_out/06109.out;b'uo\x93\xfcK\x81\x1b\x15'
xortool_out/06110.out;b'uo\x93\xfcK\x81\x1bl'
xortool_out/06111.out;b'uo\x93\xfcK\x81\x1aP'
xortool_out/06112.out;b'uo\x93\xfcK\x81\x1a\x15'
xortool_out/06113.out;b'uo\x93\xfcK\x81\x1al'
xortool_out/06114.out;b'uo\x93\xfcK\x81EP'
xortool_out/06115.out;b'uo\x93\xfcK\x81E\x15'
xortool_out/06116.out;b'uo\x93\xfcK\x81El'
xortool_out/06117.out;b'uo\x93\xfcK\x81IP'
xortool_out/06118.out;b'uo\x93\xfcK\x81I\x15'
xortool_out/06119.out;b'uo\x93\xfcK\x81Il'
xortool_out/06120.out;b'uo\x93\xfcK\xc5\x1bP'
xortool_out/06121.out;b'uo\x93\xfcK\xc5\x1b\x15'
xortool_out/06122.out;b'uo\x93\xfcK\xc5\x1bl'
xortool_out/06123.out;b'uo\x93\xfcK\xc5\x1aP'
xortool_out/06124.out;b'uo\x93\xfcK\xc5\x1a\x15'
xortool_out/06125.out;b'uo\x93\xfcK\xc5\x1al'
xortool_out/06126.out;b'uo\x93\xfcK\xc5EP'
xortool_out/06127.out;b'uo\x93\xfcK\xc5E\x15'
xortool_out/06128.out;b'uo\x93\xfcK\xc5El'
xortool_out/06129.out;b'uo\x93\xfcK\xc5IP'
xortool_out/06130.out;b'uo\x93\xfcK\xc5I\x15'
xortool_out/06131.out;b'uo\x93\xfcK\xc5Il'
xortool_out/06132.out;b'uo\x93\xfcK\xcc\x1bP'
xortool_out/06133.out;b'uo\x93\xfcK\xcc\x1b\x15'
xortool_out/06134.out;b'uo\x93\xfcK\xcc\x1bl'
xortool_out/06135.out;b'uo\x93\xfcK\xcc\x1aP'
xortool_out/06136.out;b'uo\x93\xfcK\xcc\x1a\x15'
xortool_out/06137.out;b'uo\x93\xfcK\xcc\x1al'
xortool_out/06138.out;b'uo\x93\xfcK\xccEP'
xortool_out/06139.out;b'uo\x93\xfcK\xccE\x15'
xortool_out/06140.out;b'uo\x93\xfcK\xccEl'
xortool_out/06141.out;b'uo\x93\xfcK\xccIP'
xortool_out/06142.out;b'uo\x93\xfcK\xccI\x15'
xortool_out/06143.out;b'uo\x93\xfcK\xccIl'
xortool_out/06144.out;b'ui\xb8\xfb[\xd0\x1bP'
xortool_out/06145.out;b'ui\xb8\xfb[\xd0\x1b\x15'
xortool_out/06146.out;b'ui\xb8\xfb[\xd0\x1bl'
xortool_out/06147.out;b'ui\xb8\xfb[\xd0\x1aP'
xortool_out/06148.out;b'ui\xb8\xfb[\xd0\x1a\x15'
xortool_out/06149.out;b'ui\xb8\xfb[\xd0\x1al'
xortool_out/06150.out;b'ui\xb8\xfb[\xd0EP'
xortool_out/06151.out;b'ui\xb8\xfb[\xd0E\x15'
xortool_out/06152.out;b'ui\xb8\xfb[\xd0El'
xortool_out/06153.out;b'ui\xb8\xfb[\xd0IP'
xortool_out/06154.out;b'ui\xb8\xfb[\xd0I\x15'
xortool_out/06155.out;b'ui\xb8\xfb[\xd0Il'
xortool_out/06156.out;b'ui\xb8\xfb[\x81\x1bP'
xortool_out/06157.out;b'ui\xb8\xfb[\x81\x1b\x15'
xortool_out/06158.out;b'ui\xb8\xfb[\x81\x1bl'
xortool_out/06159.out;b'ui\xb8\xfb[\x81\x1aP'
xortool_out/06160.out;b'ui\xb8\xfb[\x81\x1a\x15'
xortool_out/06161.out;b'ui\xb8\xfb[\x81\x1al'
xortool_out/06162.out;b'ui\xb8\xfb[\x81EP'
xortool_out/06163.out;b'ui\xb8\xfb[\x81E\x15'
xortool_out/06164.out;b'ui\xb8\xfb[\x81El'
xortool_out/06165.out;b'ui\xb8\xfb[\x81IP'
xortool_out/06166.out;b'ui\xb8\xfb[\x81I\x15'
xortool_out/06167.out;b'ui\xb8\xfb[\x81Il'
xortool_out/06168.out;b'ui\xb8\xfb[\xc5\x1bP'
xortool_out/06169.out;b'ui\xb8\xfb[\xc5\x1b\x15'
xortool_out/06170.out;b'ui\xb8\xfb[\xc5\x1bl'
xortool_out/06171.out;b'ui\xb8\xfb[\xc5\x1aP'
xortool_out/06172.out;b'ui\xb8\xfb[\xc5\x1a\x15'
xortool_out/06173.out;b'ui\xb8\xfb[\xc5\x1al'
xortool_out/06174.out;b'ui\xb8\xfb[\xc5EP'
xortool_out/06175.out;b'ui\xb8\xfb[\xc5E\x15'
xortool_out/06176.out;b'ui\xb8\xfb[\xc5El'
xortool_out/06177.out;b'ui\xb8\xfb[\xc5IP'
xortool_out/06178.out;b'ui\xb8\xfb[\xc5I\x15'
xortool_out/06179.out;b'ui\xb8\xfb[\xc5Il'
xortool_out/06180.out;b'ui\xb8\xfb[\xcc\x1bP'
xortool_out/06181.out;b'ui\xb8\xfb[\xcc\x1b\x15'
xortool_out/06182.out;b'ui\xb8\xfb[\xcc\x1bl'
xortool_out/06183.out;b'ui\xb8\xfb[\xcc\x1aP'
xortool_out/06184.out;b'ui\xb8\xfb[\xcc\x1a\x15'
xortool_out/06185.out;b'ui\xb8\xfb[\xcc\x1al'
xortool_out/06186.out;b'ui\xb8\xfb[\xccEP'
xortool_out/06187.out;b'ui\xb8\xfb[\xccE\x15'
xortool_out/06188.out;b'ui\xb8\xfb[\xccEl'
xortool_out/06189.out;b'ui\xb8\xfb[\xccIP'
xortool_out/06190.out;b'ui\xb8\xfb[\xccI\x15'
xortool_out/06191.out;b'ui\xb8\xfb[\xccIl'
xortool_out/06192.out;b'ui\xb8\xfbA\xd0\x1bP'
xortool_out/06193.out;b'ui\xb8\xfbA\xd0\x1b\x15'
xortool_out/06194.out;b'ui\xb8\xfbA\xd0\x1bl'
xortool_out/06195.out;b'ui\xb8\xfbA\xd0\x1aP'
xortool_out/06196.out;b'ui\xb8\xfbA\xd0\x1a\x15'
xortool_out/06197.out;b'ui\xb8\xfbA\xd0\x1al'
xortool_out/06198.out;b'ui\xb8\xfbA\xd0EP'
xortool_out/06199.out;b'ui\xb8\xfbA\xd0E\x15'
xortool_out/06200.out;b'ui\xb8\xfbA\xd0El'
xortool_out/06201.out;b'ui\xb8\xfbA\xd0IP'
xortool_out/06202.out;b'ui\xb8\xfbA\xd0I\x15'
xortool_out/06203.out;b'ui\xb8\xfbA\xd0Il'
xortool_out/06204.out;b'ui\xb8\xfbA\x81\x1bP'
xortool_out/06205.out;b'ui\xb8\xfbA\x81\x1b\x15'
xortool_out/06206.out;b'ui\xb8\xfbA\x81\x1bl'
xortool_out/06207.out;b'ui\xb8\xfbA\x81\x1aP'
xortool_out/06208.out;b'ui\xb8\xfbA\x81\x1a\x15'
xortool_out/06209.out;b'ui\xb8\xfbA\x81\x1al'
xortool_out/06210.out;b'ui\xb8\xfbA\x81EP'
xortool_out/06211.out;b'ui\xb8\xfbA\x81E\x15'
xortool_out/06212.out;b'ui\xb8\xfbA\x81El'
xortool_out/06213.out;b'ui\xb8\xfbA\x81IP'
xortool_out/06214.out;b'ui\xb8\xfbA\x81I\x15'
xortool_out/06215.out;b'ui\xb8\xfbA\x81Il'
xortool_out/06216.out;b'ui\xb8\xfbA\xc5\x1bP'
xortool_out/06217.out;b'ui\xb8\xfbA\xc5\x1b\x15'
xortool_out/06218.out;b'ui\xb8\xfbA\xc5\x1bl'
xortool_out/06219.out;b'ui\xb8\xfbA\xc5\x1aP'
xortool_out/06220.out;b'ui\xb8\xfbA\xc5\x1a\x15'
xortool_out/06221.out;b'ui\xb8\xfbA\xc5\x1al'
xortool_out/06222.out;b'ui\xb8\xfbA\xc5EP'
xortool_out/06223.out;b'ui\xb8\xfbA\xc5E\x15'
xortool_out/06224.out;b'ui\xb8\xfbA\xc5El'
xortool_out/06225.out;b'ui\xb8\xfbA\xc5IP'
xortool_out/06226.out;b'ui\xb8\xfbA\xc5I\x15'
xortool_out/06227.out;b'ui\xb8\xfbA\xc5Il'
xortool_out/06228.out;b'ui\xb8\xfbA\xcc\x1bP'
xortool_out/06229.out;b'ui\xb8\xfbA\xcc\x1b\x15'
xortool_out/06230.out;b'ui\xb8\xfbA\xcc\x1bl'
xortool_out/06231.out;b'ui\xb8\xfbA\xcc\x1aP'
xortool_out/06232.out;b'ui\xb8\xfbA\xcc\x1a\x15'
xortool_out/06233.out;b'ui\xb8\xfbA\xcc\x1al'
xortool_out/06234.out;b'ui\xb8\xfbA\xccEP'
xortool_out/06235.out;b'ui\xb8\xfbA\xccE\x15'
xortool_out/06236.out;b'ui\xb8\xfbA\xccEl'
xortool_out/06237.out;b'ui\xb8\xfbA\xccIP'
xortool_out/06238.out;b'ui\xb8\xfbA\xccI\x15'
xortool_out/06239.out;b'ui\xb8\xfbA\xccIl'
xortool_out/06240.out;b'ui\xb8\xfbv\xd0\x1bP'
xortool_out/06241.out;b'ui\xb8\xfbv\xd0\x1b\x15'
xortool_out/06242.out;b'ui\xb8\xfbv\xd0\x1bl'
xortool_out/06243.out;b'ui\xb8\xfbv\xd0\x1aP'
xortool_out/06244.out;b'ui\xb8\xfbv\xd0\x1a\x15'
xortool_out/06245.out;b'ui\xb8\xfbv\xd0\x1al'
xortool_out/06246.out;b'ui\xb8\xfbv\xd0EP'
xortool_out/06247.out;b'ui\xb8\xfbv\xd0E\x15'
xortool_out/06248.out;b'ui\xb8\xfbv\xd0El'
xortool_out/06249.out;b'ui\xb8\xfbv\xd0IP'
xortool_out/06250.out;b'ui\xb8\xfbv\xd0I\x15'
xortool_out/06251.out;b'ui\xb8\xfbv\xd0Il'
xortool_out/06252.out;b'ui\xb8\xfbv\x81\x1bP'
xortool_out/06253.out;b'ui\xb8\xfbv\x81\x1b\x15'
xortool_out/06254.out;b'ui\xb8\xfbv\x81\x1bl'
xortool_out/06255.out;b'ui\xb8\xfbv\x81\x1aP'
xortool_out/06256.out;b'ui\xb8\xfbv\x81\x1a\x15'
xortool_out/06257.out;b'ui\xb8\xfbv\x81\x1al'
xortool_out/06258.out;b'ui\xb8\xfbv\x81EP'
xortool_out/06259.out;b'ui\xb8\xfbv\x81E\x15'
xortool_out/06260.out;b'ui\xb8\xfbv\x81El'
xortool_out/06261.out;b'ui\xb8\xfbv\x81IP'
xortool_out/06262.out;b'ui\xb8\xfbv\x81I\x15'
xortool_out/06263.out;b'ui\xb8\xfbv\x81Il'
xortool_out/06264.out;b'ui\xb8\xfbv\xc5\x1bP'
xortool_out/06265.out;b'ui\xb8\xfbv\xc5\x1b\x15'
xortool_out/06266.out;b'ui\xb8\xfbv\xc5\x1bl'
xortool_out/06267.out;b'ui\xb8\xfbv\xc5\x1aP'
xortool_out/06268.out;b'ui\xb8\xfbv\xc5\x1a\x15'
xortool_out/06269.out;b'ui\xb8\xfbv\xc5\x1al'
xortool_out/06270.out;b'ui\xb8\xfbv\xc5EP'
xortool_out/06271.out;b'ui\xb8\xfbv\xc5E\x15'
xortool_out/06272.out;b'ui\xb8\xfbv\xc5El'
xortool_out/06273.out;b'ui\xb8\xfbv\xc5IP'
xortool_out/06274.out;b'ui\xb8\xfbv\xc5I\x15'
xortool_out/06275.out;b'ui\xb8\xfbv\xc5Il'
xortool_out/06276.out;b'ui\xb8\xfbv\xcc\x1bP'
xortool_out/06277.out;b'ui\xb8\xfbv\xcc\x1b\x15'
xortool_out/06278.out;b'ui\xb8\xfbv\xcc\x1bl'
xortool_out/06279.out;b'ui\xb8\xfbv\xcc\x1aP'
xortool_out/06280.out;b'ui\xb8\xfbv\xcc\x1a\x15'
xortool_out/06281.out;b'ui\xb8\xfbv\xcc\x1al'
xortool_out/06282.out;b'ui\xb8\xfbv\xccEP'
xortool_out/06283.out;b'ui\xb8\xfbv\xccE\x15'
xortool_out/06284.out;b'ui\xb8\xfbv\xccEl'
xortool_out/06285.out;b'ui\xb8\xfbv\xccIP'
xortool_out/06286.out;b'ui\xb8\xfbv\xccI\x15'
xortool_out/06287.out;b'ui\xb8\xfbv\xccIl'
xortool_out/06288.out;b'ui\xb8\xfbK\xd0\x1bP'
xortool_out/06289.out;b'ui\xb8\xfbK\xd0\x1b\x15'
xortool_out/06290.out;b'ui\xb8\xfbK\xd0\x1bl'
xortool_out/06291.out;b'ui\xb8\xfbK\xd0\x1aP'
xortool_out/06292.out;b'ui\xb8\xfbK\xd0\x1a\x15'
xortool_out/06293.out;b'ui\xb8\xfbK\xd0\x1al'
xortool_out/06294.out;b'ui\xb8\xfbK\xd0EP'
xortool_out/06295.out;b'ui\xb8\xfbK\xd0E\x15'
xortool_out/06296.out;b'ui\xb8\xfbK\xd0El'
xortool_out/06297.out;b'ui\xb8\xfbK\xd0IP'
xortool_out/06298.out;b'ui\xb8\xfbK\xd0I\x15'
xortool_out/06299.out;b'ui\xb8\xfbK\xd0Il'
xortool_out/06300.out;b'ui\xb8\xfbK\x81\x1bP'
xortool_out/06301.out;b'ui\xb8\xfbK\x81\x1b\x15'
xortool_out/06302.out;b'ui\xb8\xfbK\x81\x1bl'
xortool_out/06303.out;b'ui\xb8\xfbK\x81\x1aP'
xortool_out/06304.out;b'ui\xb8\xfbK\x81\x1a\x15'
xortool_out/06305.out;b'ui\xb8\xfbK\x81\x1al'
xortool_out/06306.out;b'ui\xb8\xfbK\x81EP'
xortool_out/06307.out;b'ui\xb8\xfbK\x81E\x15'
xortool_out/06308.out;b'ui\xb8\xfbK\x81El'
xortool_out/06309.out;b'ui\xb8\xfbK\x81IP'
xortool_out/06310.out;b'ui\xb8\xfbK\x81I\x15'
xortool_out/06311.out;b'ui\xb8\xfbK\x81Il'
xortool_out/06312.out;b'ui\xb8\xfbK\xc5\x1bP'
xortool_out/06313.out;b'ui\xb8\xfbK\xc5\x1b\x15'
xortool_out/06314.out;b'ui\xb8\xfbK\xc5\x1bl'
xortool_out/06315.out;b'ui\xb8\xfbK\xc5\x1aP'
xortool_out/06316.out;b'ui\xb8\xfbK\xc5\x1a\x15'
xortool_out/06317.out;b'ui\xb8\xfbK\xc5\x1al'
xortool_out/06318.out;b'ui\xb8\xfbK\xc5EP'
xortool_out/06319.out;b'ui\xb8\xfbK\xc5E\x15'
xortool_out/06320.out;b'ui\xb8\xfbK\xc5El'
xortool_out/06321.out;b'ui\xb8\xfbK\xc5IP'
xortool_out/06322.out;b'ui\xb8\xfbK\xc5I\x15'
xortool_out/06323.out;b'ui\xb8\xfbK\xc5Il'
xortool_out/06324.out;b'ui\xb8\xfbK\xcc\x1bP'
xortool_out/06325.out;b'ui\xb8\xfbK\xcc\x1b\x15'
xortool_out/06326.out;b'ui\xb8\xfbK\xcc\x1bl'
xortool_out/06327.out;b'ui\xb8\xfbK\xcc\x1aP'
xortool_out/06328.out;b'ui\xb8\xfbK\xcc\x1a\x15'
xortool_out/06329.out;b'ui\xb8\xfbK\xcc\x1al'
xortool_out/06330.out;b'ui\xb8\xfbK\xccEP'
xortool_out/06331.out;b'ui\xb8\xfbK\xccE\x15'
xortool_out/06332.out;b'ui\xb8\xfbK\xccEl'
xortool_out/06333.out;b'ui\xb8\xfbK\xccIP'
xortool_out/06334.out;b'ui\xb8\xfbK\xccI\x15'
xortool_out/06335.out;b'ui\xb8\xfbK\xccIl'
xortool_out/06336.out;b'ui\xb8\xbe[\xd0\x1bP'
xortool_out/06337.out;b'ui\xb8\xbe[\xd0\x1b\x15'
xortool_out/06338.out;b'ui\xb8\xbe[\xd0\x1bl'
xortool_out/06339.out;b'ui\xb8\xbe[\xd0\x1aP'
xortool_out/06340.out;b'ui\xb8\xbe[\xd0\x1a\x15'
xortool_out/06341.out;b'ui\xb8\xbe[\xd0\x1al'
xortool_out/06342.out;b'ui\xb8\xbe[\xd0EP'
xortool_out/06343.out;b'ui\xb8\xbe[\xd0E\x15'
xortool_out/06344.out;b'ui\xb8\xbe[\xd0El'
xortool_out/06345.out;b'ui\xb8\xbe[\xd0IP'
xortool_out/06346.out;b'ui\xb8\xbe[\xd0I\x15'
xortool_out/06347.out;b'ui\xb8\xbe[\xd0Il'
xortool_out/06348.out;b'ui\xb8\xbe[\x81\x1bP'
xortool_out/06349.out;b'ui\xb8\xbe[\x81\x1b\x15'
xortool_out/06350.out;b'ui\xb8\xbe[\x81\x1bl'
xortool_out/06351.out;b'ui\xb8\xbe[\x81\x1aP'
xortool_out/06352.out;b'ui\xb8\xbe[\x81\x1a\x15'
xortool_out/06353.out;b'ui\xb8\xbe[\x81\x1al'
xortool_out/06354.out;b'ui\xb8\xbe[\x81EP'
xortool_out/06355.out;b'ui\xb8\xbe[\x81E\x15'
xortool_out/06356.out;b'ui\xb8\xbe[\x81El'
xortool_out/06357.out;b'ui\xb8\xbe[\x81IP'
xortool_out/06358.out;b'ui\xb8\xbe[\x81I\x15'
xortool_out/06359.out;b'ui\xb8\xbe[\x81Il'
xortool_out/06360.out;b'ui\xb8\xbe[\xc5\x1bP'
xortool_out/06361.out;b'ui\xb8\xbe[\xc5\x1b\x15'
xortool_out/06362.out;b'ui\xb8\xbe[\xc5\x1bl'
xortool_out/06363.out;b'ui\xb8\xbe[\xc5\x1aP'
xortool_out/06364.out;b'ui\xb8\xbe[\xc5\x1a\x15'
xortool_out/06365.out;b'ui\xb8\xbe[\xc5\x1al'
xortool_out/06366.out;b'ui\xb8\xbe[\xc5EP'
xortool_out/06367.out;b'ui\xb8\xbe[\xc5E\x15'
xortool_out/06368.out;b'ui\xb8\xbe[\xc5El'
xortool_out/06369.out;b'ui\xb8\xbe[\xc5IP'
xortool_out/06370.out;b'ui\xb8\xbe[\xc5I\x15'
xortool_out/06371.out;b'ui\xb8\xbe[\xc5Il'
xortool_out/06372.out;b'ui\xb8\xbe[\xcc\x1bP'
xortool_out/06373.out;b'ui\xb8\xbe[\xcc\x1b\x15'
xortool_out/06374.out;b'ui\xb8\xbe[\xcc\x1bl'
xortool_out/06375.out;b'ui\xb8\xbe[\xcc\x1aP'
xortool_out/06376.out;b'ui\xb8\xbe[\xcc\x1a\x15'
xortool_out/06377.out;b'ui\xb8\xbe[\xcc\x1al'
xortool_out/06378.out;b'ui\xb8\xbe[\xccEP'
xortool_out/06379.out;b'ui\xb8\xbe[\xccE\x15'
xortool_out/06380.out;b'ui\xb8\xbe[\xccEl'
xortool_out/06381.out;b'ui\xb8\xbe[\xccIP'
xortool_out/06382.out;b'ui\xb8\xbe[\xccI\x15'
xortool_out/06383.out;b'ui\xb8\xbe[\xccIl'
xortool_out/06384.out;b'ui\xb8\xbeA\xd0\x1bP'
xortool_out/06385.out;b'ui\xb8\xbeA\xd0\x1b\x15'
xortool_out/06386.out;b'ui\xb8\xbeA\xd0\x1bl'
xortool_out/06387.out;b'ui\xb8\xbeA\xd0\x1aP'
xortool_out/06388.out;b'ui\xb8\xbeA\xd0\x1a\x15'
xortool_out/06389.out;b'ui\xb8\xbeA\xd0\x1al'
xortool_out/06390.out;b'ui\xb8\xbeA\xd0EP'
xortool_out/06391.out;b'ui\xb8\xbeA\xd0E\x15'
xortool_out/06392.out;b'ui\xb8\xbeA\xd0El'
xortool_out/06393.out;b'ui\xb8\xbeA\xd0IP'
xortool_out/06394.out;b'ui\xb8\xbeA\xd0I\x15'
xortool_out/06395.out;b'ui\xb8\xbeA\xd0Il'
xortool_out/06396.out;b'ui\xb8\xbeA\x81\x1bP'
xortool_out/06397.out;b'ui\xb8\xbeA\x81\x1b\x15'
xortool_out/06398.out;b'ui\xb8\xbeA\x81\x1bl'
xortool_out/06399.out;b'ui\xb8\xbeA\x81\x1aP'
xortool_out/06400.out;b'ui\xb8\xbeA\x81\x1a\x15'
xortool_out/06401.out;b'ui\xb8\xbeA\x81\x1al'
xortool_out/06402.out;b'ui\xb8\xbeA\x81EP'
xortool_out/06403.out;b'ui\xb8\xbeA\x81E\x15'
xortool_out/06404.out;b'ui\xb8\xbeA\x81El'
xortool_out/06405.out;b'ui\xb8\xbeA\x81IP'
xortool_out/06406.out;b'ui\xb8\xbeA\x81I\x15'
xortool_out/06407.out;b'ui\xb8\xbeA\x81Il'
xortool_out/06408.out;b'ui\xb8\xbeA\xc5\x1bP'
xortool_out/06409.out;b'ui\xb8\xbeA\xc5\x1b\x15'
xortool_out/06410.out;b'ui\xb8\xbeA\xc5\x1bl'
xortool_out/06411.out;b'ui\xb8\xbeA\xc5\x1aP'
xortool_out/06412.out;b'ui\xb8\xbeA\xc5\x1a\x15'
xortool_out/06413.out;b'ui\xb8\xbeA\xc5\x1al'
xortool_out/06414.out;b'ui\xb8\xbeA\xc5EP'
xortool_out/06415.out;b'ui\xb8\xbeA\xc5E\x15'
xortool_out/06416.out;b'ui\xb8\xbeA\xc5El'
xortool_out/06417.out;b'ui\xb8\xbeA\xc5IP'
xortool_out/06418.out;b'ui\xb8\xbeA\xc5I\x15'
xortool_out/06419.out;b'ui\xb8\xbeA\xc5Il'
xortool_out/06420.out;b'ui\xb8\xbeA\xcc\x1bP'
xortool_out/06421.out;b'ui\xb8\xbeA\xcc\x1b\x15'
xortool_out/06422.out;b'ui\xb8\xbeA\xcc\x1bl'
xortool_out/06423.out;b'ui\xb8\xbeA\xcc\x1aP'
xortool_out/06424.out;b'ui\xb8\xbeA\xcc\x1a\x15'
xortool_out/06425.out;b'ui\xb8\xbeA\xcc\x1al'
xortool_out/06426.out;b'ui\xb8\xbeA\xccEP'
xortool_out/06427.out;b'ui\xb8\xbeA\xccE\x15'
xortool_out/06428.out;b'ui\xb8\xbeA\xccEl'
xortool_out/06429.out;b'ui\xb8\xbeA\xccIP'
xortool_out/06430.out;b'ui\xb8\xbeA\xccI\x15'
xortool_out/06431.out;b'ui\xb8\xbeA\xccIl'
xortool_out/06432.out;b'ui\xb8\xbev\xd0\x1bP'
xortool_out/06433.out;b'ui\xb8\xbev\xd0\x1b\x15'
xortool_out/06434.out;b'ui\xb8\xbev\xd0\x1bl'
xortool_out/06435.out;b'ui\xb8\xbev\xd0\x1aP'
xortool_out/06436.out;b'ui\xb8\xbev\xd0\x1a\x15'
xortool_out/06437.out;b'ui\xb8\xbev\xd0\x1al'
xortool_out/06438.out;b'ui\xb8\xbev\xd0EP'
xortool_out/06439.out;b'ui\xb8\xbev\xd0E\x15'
xortool_out/06440.out;b'ui\xb8\xbev\xd0El'
xortool_out/06441.out;b'ui\xb8\xbev\xd0IP'
xortool_out/06442.out;b'ui\xb8\xbev\xd0I\x15'
xortool_out/06443.out;b'ui\xb8\xbev\xd0Il'
xortool_out/06444.out;b'ui\xb8\xbev\x81\x1bP'
xortool_out/06445.out;b'ui\xb8\xbev\x81\x1b\x15'
xortool_out/06446.out;b'ui\xb8\xbev\x81\x1bl'
xortool_out/06447.out;b'ui\xb8\xbev\x81\x1aP'
xortool_out/06448.out;b'ui\xb8\xbev\x81\x1a\x15'
xortool_out/06449.out;b'ui\xb8\xbev\x81\x1al'
xortool_out/06450.out;b'ui\xb8\xbev\x81EP'
xortool_out/06451.out;b'ui\xb8\xbev\x81E\x15'
xortool_out/06452.out;b'ui\xb8\xbev\x81El'
xortool_out/06453.out;b'ui\xb8\xbev\x81IP'
xortool_out/06454.out;b'ui\xb8\xbev\x81I\x15'
xortool_out/06455.out;b'ui\xb8\xbev\x81Il'
xortool_out/06456.out;b'ui\xb8\xbev\xc5\x1bP'
xortool_out/06457.out;b'ui\xb8\xbev\xc5\x1b\x15'
xortool_out/06458.out;b'ui\xb8\xbev\xc5\x1bl'
xortool_out/06459.out;b'ui\xb8\xbev\xc5\x1aP'
xortool_out/06460.out;b'ui\xb8\xbev\xc5\x1a\x15'
xortool_out/06461.out;b'ui\xb8\xbev\xc5\x1al'
xortool_out/06462.out;b'ui\xb8\xbev\xc5EP'
xortool_out/06463.out;b'ui\xb8\xbev\xc5E\x15'
xortool_out/06464.out;b'ui\xb8\xbev\xc5El'
xortool_out/06465.out;b'ui\xb8\xbev\xc5IP'
xortool_out/06466.out;b'ui\xb8\xbev\xc5I\x15'
xortool_out/06467.out;b'ui\xb8\xbev\xc5Il'
xortool_out/06468.out;b'ui\xb8\xbev\xcc\x1bP'
xortool_out/06469.out;b'ui\xb8\xbev\xcc\x1b\x15'
xortool_out/06470.out;b'ui\xb8\xbev\xcc\x1bl'
xortool_out/06471.out;b'ui\xb8\xbev\xcc\x1aP'
xortool_out/06472.out;b'ui\xb8\xbev\xcc\x1a\x15'
xortool_out/06473.out;b'ui\xb8\xbev\xcc\x1al'
xortool_out/06474.out;b'ui\xb8\xbev\xccEP'
xortool_out/06475.out;b'ui\xb8\xbev\xccE\x15'
xortool_out/06476.out;b'ui\xb8\xbev\xccEl'
xortool_out/06477.out;b'ui\xb8\xbev\xccIP'
xortool_out/06478.out;b'ui\xb8\xbev\xccI\x15'
xortool_out/06479.out;b'ui\xb8\xbev\xccIl'
xortool_out/06480.out;b'ui\xb8\xbeK\xd0\x1bP'
xortool_out/06481.out;b'ui\xb8\xbeK\xd0\x1b\x15'
xortool_out/06482.out;b'ui\xb8\xbeK\xd0\x1bl'
xortool_out/06483.out;b'ui\xb8\xbeK\xd0\x1aP'
xortool_out/06484.out;b'ui\xb8\xbeK\xd0\x1a\x15'
xortool_out/06485.out;b'ui\xb8\xbeK\xd0\x1al'
xortool_out/06486.out;b'ui\xb8\xbeK\xd0EP'
xortool_out/06487.out;b'ui\xb8\xbeK\xd0E\x15'
xortool_out/06488.out;b'ui\xb8\xbeK\xd0El'
xortool_out/06489.out;b'ui\xb8\xbeK\xd0IP'
xortool_out/06490.out;b'ui\xb8\xbeK\xd0I\x15'
xortool_out/06491.out;b'ui\xb8\xbeK\xd0Il'
xortool_out/06492.out;b'ui\xb8\xbeK\x81\x1bP'
xortool_out/06493.out;b'ui\xb8\xbeK\x81\x1b\x15'
xortool_out/06494.out;b'ui\xb8\xbeK\x81\x1bl'
xortool_out/06495.out;b'ui\xb8\xbeK\x81\x1aP'
xortool_out/06496.out;b'ui\xb8\xbeK\x81\x1a\x15'
xortool_out/06497.out;b'ui\xb8\xbeK\x81\x1al'
xortool_out/06498.out;b'ui\xb8\xbeK\x81EP'
xortool_out/06499.out;b'ui\xb8\xbeK\x81E\x15'
xortool_out/06500.out;b'ui\xb8\xbeK\x81El'
xortool_out/06501.out;b'ui\xb8\xbeK\x81IP'
xortool_out/06502.out;b'ui\xb8\xbeK\x81I\x15'
xortool_out/06503.out;b'ui\xb8\xbeK\x81Il'
xortool_out/06504.out;b'ui\xb8\xbeK\xc5\x1bP'
xortool_out/06505.out;b'ui\xb8\xbeK\xc5\x1b\x15'
xortool_out/06506.out;b'ui\xb8\xbeK\xc5\x1bl'
xortool_out/06507.out;b'ui\xb8\xbeK\xc5\x1aP'
xortool_out/06508.out;b'ui\xb8\xbeK\xc5\x1a\x15'
xortool_out/06509.out;b'ui\xb8\xbeK\xc5\x1al'
xortool_out/06510.out;b'ui\xb8\xbeK\xc5EP'
xortool_out/06511.out;b'ui\xb8\xbeK\xc5E\x15'
xortool_out/06512.out;b'ui\xb8\xbeK\xc5El'
xortool_out/06513.out;b'ui\xb8\xbeK\xc5IP'
xortool_out/06514.out;b'ui\xb8\xbeK\xc5I\x15'
xortool_out/06515.out;b'ui\xb8\xbeK\xc5Il'
xortool_out/06516.out;b'ui\xb8\xbeK\xcc\x1bP'
xortool_out/06517.out;b'ui\xb8\xbeK\xcc\x1b\x15'
xortool_out/06518.out;b'ui\xb8\xbeK\xcc\x1bl'
xortool_out/06519.out;b'ui\xb8\xbeK\xcc\x1aP'
xortool_out/06520.out;b'ui\xb8\xbeK\xcc\x1a\x15'
xortool_out/06521.out;b'ui\xb8\xbeK\xcc\x1al'
xortool_out/06522.out;b'ui\xb8\xbeK\xccEP'
xortool_out/06523.out;b'ui\xb8\xbeK\xccE\x15'
xortool_out/06524.out;b'ui\xb8\xbeK\xccEl'
xortool_out/06525.out;b'ui\xb8\xbeK\xccIP'
xortool_out/06526.out;b'ui\xb8\xbeK\xccI\x15'
xortool_out/06527.out;b'ui\xb8\xbeK\xccIl'
xortool_out/06528.out;b'ui\xb8\xfd[\xd0\x1bP'
xortool_out/06529.out;b'ui\xb8\xfd[\xd0\x1b\x15'
xortool_out/06530.out;b'ui\xb8\xfd[\xd0\x1bl'
xortool_out/06531.out;b'ui\xb8\xfd[\xd0\x1aP'
xortool_out/06532.out;b'ui\xb8\xfd[\xd0\x1a\x15'
xortool_out/06533.out;b'ui\xb8\xfd[\xd0\x1al'
xortool_out/06534.out;b'ui\xb8\xfd[\xd0EP'
xortool_out/06535.out;b'ui\xb8\xfd[\xd0E\x15'
xortool_out/06536.out;b'ui\xb8\xfd[\xd0El'
xortool_out/06537.out;b'ui\xb8\xfd[\xd0IP'
xortool_out/06538.out;b'ui\xb8\xfd[\xd0I\x15'
xortool_out/06539.out;b'ui\xb8\xfd[\xd0Il'
xortool_out/06540.out;b'ui\xb8\xfd[\x81\x1bP'
xortool_out/06541.out;b'ui\xb8\xfd[\x81\x1b\x15'
xortool_out/06542.out;b'ui\xb8\xfd[\x81\x1bl'
xortool_out/06543.out;b'ui\xb8\xfd[\x81\x1aP'
xortool_out/06544.out;b'ui\xb8\xfd[\x81\x1a\x15'
xortool_out/06545.out;b'ui\xb8\xfd[\x81\x1al'
xortool_out/06546.out;b'ui\xb8\xfd[\x81EP'
xortool_out/06547.out;b'ui\xb8\xfd[\x81E\x15'
xortool_out/06548.out;b'ui\xb8\xfd[\x81El'
xortool_out/06549.out;b'ui\xb8\xfd[\x81IP'
xortool_out/06550.out;b'ui\xb8\xfd[\x81I\x15'
xortool_out/06551.out;b'ui\xb8\xfd[\x81Il'
xortool_out/06552.out;b'ui\xb8\xfd[\xc5\x1bP'
xortool_out/06553.out;b'ui\xb8\xfd[\xc5\x1b\x15'
xortool_out/06554.out;b'ui\xb8\xfd[\xc5\x1bl'
xortool_out/06555.out;b'ui\xb8\xfd[\xc5\x1aP'
xortool_out/06556.out;b'ui\xb8\xfd[\xc5\x1a\x15'
xortool_out/06557.out;b'ui\xb8\xfd[\xc5\x1al'
xortool_out/06558.out;b'ui\xb8\xfd[\xc5EP'
xortool_out/06559.out;b'ui\xb8\xfd[\xc5E\x15'
xortool_out/06560.out;b'ui\xb8\xfd[\xc5El'
xortool_out/06561.out;b'ui\xb8\xfd[\xc5IP'
xortool_out/06562.out;b'ui\xb8\xfd[\xc5I\x15'
xortool_out/06563.out;b'ui\xb8\xfd[\xc5Il'
xortool_out/06564.out;b'ui\xb8\xfd[\xcc\x1bP'
xortool_out/06565.out;b'ui\xb8\xfd[\xcc\x1b\x15'
xortool_out/06566.out;b'ui\xb8\xfd[\xcc\x1bl'
xortool_out/06567.out;b'ui\xb8\xfd[\xcc\x1aP'
xortool_out/06568.out;b'ui\xb8\xfd[\xcc\x1a\x15'
xortool_out/06569.out;b'ui\xb8\xfd[\xcc\x1al'
xortool_out/06570.out;b'ui\xb8\xfd[\xccEP'
xortool_out/06571.out;b'ui\xb8\xfd[\xccE\x15'
xortool_out/06572.out;b'ui\xb8\xfd[\xccEl'
xortool_out/06573.out;b'ui\xb8\xfd[\xccIP'
xortool_out/06574.out;b'ui\xb8\xfd[\xccI\x15'
xortool_out/06575.out;b'ui\xb8\xfd[\xccIl'
xortool_out/06576.out;b'ui\xb8\xfdA\xd0\x1bP'
xortool_out/06577.out;b'ui\xb8\xfdA\xd0\x1b\x15'
xortool_out/06578.out;b'ui\xb8\xfdA\xd0\x1bl'
xortool_out/06579.out;b'ui\xb8\xfdA\xd0\x1aP'
xortool_out/06580.out;b'ui\xb8\xfdA\xd0\x1a\x15'
xortool_out/06581.out;b'ui\xb8\xfdA\xd0\x1al'
xortool_out/06582.out;b'ui\xb8\xfdA\xd0EP'
xortool_out/06583.out;b'ui\xb8\xfdA\xd0E\x15'
xortool_out/06584.out;b'ui\xb8\xfdA\xd0El'
xortool_out/06585.out;b'ui\xb8\xfdA\xd0IP'
xortool_out/06586.out;b'ui\xb8\xfdA\xd0I\x15'
xortool_out/06587.out;b'ui\xb8\xfdA\xd0Il'
xortool_out/06588.out;b'ui\xb8\xfdA\x81\x1bP'
xortool_out/06589.out;b'ui\xb8\xfdA\x81\x1b\x15'
xortool_out/06590.out;b'ui\xb8\xfdA\x81\x1bl'
xortool_out/06591.out;b'ui\xb8\xfdA\x81\x1aP'
xortool_out/06592.out;b'ui\xb8\xfdA\x81\x1a\x15'
xortool_out/06593.out;b'ui\xb8\xfdA\x81\x1al'
xortool_out/06594.out;b'ui\xb8\xfdA\x81EP'
xortool_out/06595.out;b'ui\xb8\xfdA\x81E\x15'
xortool_out/06596.out;b'ui\xb8\xfdA\x81El'
xortool_out/06597.out;b'ui\xb8\xfdA\x81IP'
xortool_out/06598.out;b'ui\xb8\xfdA\x81I\x15'
xortool_out/06599.out;b'ui\xb8\xfdA\x81Il'
xortool_out/06600.out;b'ui\xb8\xfdA\xc5\x1bP'
xortool_out/06601.out;b'ui\xb8\xfdA\xc5\x1b\x15'
xortool_out/06602.out;b'ui\xb8\xfdA\xc5\x1bl'
xortool_out/06603.out;b'ui\xb8\xfdA\xc5\x1aP'
xortool_out/06604.out;b'ui\xb8\xfdA\xc5\x1a\x15'
xortool_out/06605.out;b'ui\xb8\xfdA\xc5\x1al'
xortool_out/06606.out;b'ui\xb8\xfdA\xc5EP'
xortool_out/06607.out;b'ui\xb8\xfdA\xc5E\x15'
xortool_out/06608.out;b'ui\xb8\xfdA\xc5El'
xortool_out/06609.out;b'ui\xb8\xfdA\xc5IP'
xortool_out/06610.out;b'ui\xb8\xfdA\xc5I\x15'
xortool_out/06611.out;b'ui\xb8\xfdA\xc5Il'
xortool_out/06612.out;b'ui\xb8\xfdA\xcc\x1bP'
xortool_out/06613.out;b'ui\xb8\xfdA\xcc\x1b\x15'
xortool_out/06614.out;b'ui\xb8\xfdA\xcc\x1bl'
xortool_out/06615.out;b'ui\xb8\xfdA\xcc\x1aP'
xortool_out/06616.out;b'ui\xb8\xfdA\xcc\x1a\x15'
xortool_out/06617.out;b'ui\xb8\xfdA\xcc\x1al'
xortool_out/06618.out;b'ui\xb8\xfdA\xccEP'
xortool_out/06619.out;b'ui\xb8\xfdA\xccE\x15'
xortool_out/06620.out;b'ui\xb8\xfdA\xccEl'
xortool_out/06621.out;b'ui\xb8\xfdA\xccIP'
xortool_out/06622.out;b'ui\xb8\xfdA\xccI\x15'
xortool_out/06623.out;b'ui\xb8\xfdA\xccIl'
xortool_out/06624.out;b'ui\xb8\xfdv\xd0\x1bP'
xortool_out/06625.out;b'ui\xb8\xfdv\xd0\x1b\x15'
xortool_out/06626.out;b'ui\xb8\xfdv\xd0\x1bl'
xortool_out/06627.out;b'ui\xb8\xfdv\xd0\x1aP'
xortool_out/06628.out;b'ui\xb8\xfdv\xd0\x1a\x15'
xortool_out/06629.out;b'ui\xb8\xfdv\xd0\x1al'
xortool_out/06630.out;b'ui\xb8\xfdv\xd0EP'
xortool_out/06631.out;b'ui\xb8\xfdv\xd0E\x15'
xortool_out/06632.out;b'ui\xb8\xfdv\xd0El'
xortool_out/06633.out;b'ui\xb8\xfdv\xd0IP'
xortool_out/06634.out;b'ui\xb8\xfdv\xd0I\x15'
xortool_out/06635.out;b'ui\xb8\xfdv\xd0Il'
xortool_out/06636.out;b'ui\xb8\xfdv\x81\x1bP'
xortool_out/06637.out;b'ui\xb8\xfdv\x81\x1b\x15'
xortool_out/06638.out;b'ui\xb8\xfdv\x81\x1bl'
xortool_out/06639.out;b'ui\xb8\xfdv\x81\x1aP'
xortool_out/06640.out;b'ui\xb8\xfdv\x81\x1a\x15'
xortool_out/06641.out;b'ui\xb8\xfdv\x81\x1al'
xortool_out/06642.out;b'ui\xb8\xfdv\x81EP'
xortool_out/06643.out;b'ui\xb8\xfdv\x81E\x15'
xortool_out/06644.out;b'ui\xb8\xfdv\x81El'
xortool_out/06645.out;b'ui\xb8\xfdv\x81IP'
xortool_out/06646.out;b'ui\xb8\xfdv\x81I\x15'
xortool_out/06647.out;b'ui\xb8\xfdv\x81Il'
xortool_out/06648.out;b'ui\xb8\xfdv\xc5\x1bP'
xortool_out/06649.out;b'ui\xb8\xfdv\xc5\x1b\x15'
xortool_out/06650.out;b'ui\xb8\xfdv\xc5\x1bl'
xortool_out/06651.out;b'ui\xb8\xfdv\xc5\x1aP'
xortool_out/06652.out;b'ui\xb8\xfdv\xc5\x1a\x15'
xortool_out/06653.out;b'ui\xb8\xfdv\xc5\x1al'
xortool_out/06654.out;b'ui\xb8\xfdv\xc5EP'
xortool_out/06655.out;b'ui\xb8\xfdv\xc5E\x15'
xortool_out/06656.out;b'ui\xb8\xfdv\xc5El'
xortool_out/06657.out;b'ui\xb8\xfdv\xc5IP'
xortool_out/06658.out;b'ui\xb8\xfdv\xc5I\x15'
xortool_out/06659.out;b'ui\xb8\xfdv\xc5Il'
xortool_out/06660.out;b'ui\xb8\xfdv\xcc\x1bP'
xortool_out/06661.out;b'ui\xb8\xfdv\xcc\x1b\x15'
xortool_out/06662.out;b'ui\xb8\xfdv\xcc\x1bl'
xortool_out/06663.out;b'ui\xb8\xfdv\xcc\x1aP'
xortool_out/06664.out;b'ui\xb8\xfdv\xcc\x1a\x15'
xortool_out/06665.out;b'ui\xb8\xfdv\xcc\x1al'
xortool_out/06666.out;b'ui\xb8\xfdv\xccEP'
xortool_out/06667.out;b'ui\xb8\xfdv\xccE\x15'
xortool_out/06668.out;b'ui\xb8\xfdv\xccEl'
xortool_out/06669.out;b'ui\xb8\xfdv\xccIP'
xortool_out/06670.out;b'ui\xb8\xfdv\xccI\x15'
xortool_out/06671.out;b'ui\xb8\xfdv\xccIl'
xortool_out/06672.out;b'ui\xb8\xfdK\xd0\x1bP'
xortool_out/06673.out;b'ui\xb8\xfdK\xd0\x1b\x15'
xortool_out/06674.out;b'ui\xb8\xfdK\xd0\x1bl'
xortool_out/06675.out;b'ui\xb8\xfdK\xd0\x1aP'
xortool_out/06676.out;b'ui\xb8\xfdK\xd0\x1a\x15'
xortool_out/06677.out;b'ui\xb8\xfdK\xd0\x1al'
xortool_out/06678.out;b'ui\xb8\xfdK\xd0EP'
xortool_out/06679.out;b'ui\xb8\xfdK\xd0E\x15'
xortool_out/06680.out;b'ui\xb8\xfdK\xd0El'
xortool_out/06681.out;b'ui\xb8\xfdK\xd0IP'
xortool_out/06682.out;b'ui\xb8\xfdK\xd0I\x15'
xortool_out/06683.out;b'ui\xb8\xfdK\xd0Il'
xortool_out/06684.out;b'ui\xb8\xfdK\x81\x1bP'
xortool_out/06685.out;b'ui\xb8\xfdK\x81\x1b\x15'
xortool_out/06686.out;b'ui\xb8\xfdK\x81\x1bl'
xortool_out/06687.out;b'ui\xb8\xfdK\x81\x1aP'
xortool_out/06688.out;b'ui\xb8\xfdK\x81\x1a\x15'
xortool_out/06689.out;b'ui\xb8\xfdK\x81\x1al'
xortool_out/06690.out;b'ui\xb8\xfdK\x81EP'
xortool_out/06691.out;b'ui\xb8\xfdK\x81E\x15'
xortool_out/06692.out;b'ui\xb8\xfdK\x81El'
xortool_out/06693.out;b'ui\xb8\xfdK\x81IP'
xortool_out/06694.out;b'ui\xb8\xfdK\x81I\x15'
xortool_out/06695.out;b'ui\xb8\xfdK\x81Il'
xortool_out/06696.out;b'ui\xb8\xfdK\xc5\x1bP'
xortool_out/06697.out;b'ui\xb8\xfdK\xc5\x1b\x15'
xortool_out/06698.out;b'ui\xb8\xfdK\xc5\x1bl'
xortool_out/06699.out;b'ui\xb8\xfdK\xc5\x1aP'
xortool_out/06700.out;b'ui\xb8\xfdK\xc5\x1a\x15'
xortool_out/06701.out;b'ui\xb8\xfdK\xc5\x1al'
xortool_out/06702.out;b'ui\xb8\xfdK\xc5EP'
xortool_out/06703.out;b'ui\xb8\xfdK\xc5E\x15'
xortool_out/06704.out;b'ui\xb8\xfdK\xc5El'
xortool_out/06705.out;b'ui\xb8\xfdK\xc5IP'
xortool_out/06706.out;b'ui\xb8\xfdK\xc5I\x15'
xortool_out/06707.out;b'ui\xb8\xfdK\xc5Il'
xortool_out/06708.out;b'ui\xb8\xfdK\xcc\x1bP'
xortool_out/06709.out;b'ui\xb8\xfdK\xcc\x1b\x15'
xortool_out/06710.out;b'ui\xb8\xfdK\xcc\x1bl'
xortool_out/06711.out;b'ui\xb8\xfdK\xcc\x1aP'
xortool_out/06712.out;b'ui\xb8\xfdK\xcc\x1a\x15'
xortool_out/06713.out;b'ui\xb8\xfdK\xcc\x1al'
xortool_out/06714.out;b'ui\xb8\xfdK\xccEP'
xortool_out/06715.out;b'ui\xb8\xfdK\xccE\x15'
xortool_out/06716.out;b'ui\xb8\xfdK\xccEl'
xortool_out/06717.out;b'ui\xb8\xfdK\xccIP'
xortool_out/06718.out;b'ui\xb8\xfdK\xccI\x15'
xortool_out/06719.out;b'ui\xb8\xfdK\xccIl'
xortool_out/06720.out;b'ui\xb8\xfc[\xd0\x1bP'
xortool_out/06721.out;b'ui\xb8\xfc[\xd0\x1b\x15'
xortool_out/06722.out;b'ui\xb8\xfc[\xd0\x1bl'
xortool_out/06723.out;b'ui\xb8\xfc[\xd0\x1aP'
xortool_out/06724.out;b'ui\xb8\xfc[\xd0\x1a\x15'
xortool_out/06725.out;b'ui\xb8\xfc[\xd0\x1al'
xortool_out/06726.out;b'ui\xb8\xfc[\xd0EP'
xortool_out/06727.out;b'ui\xb8\xfc[\xd0E\x15'
xortool_out/06728.out;b'ui\xb8\xfc[\xd0El'
xortool_out/06729.out;b'ui\xb8\xfc[\xd0IP'
xortool_out/06730.out;b'ui\xb8\xfc[\xd0I\x15'
xortool_out/06731.out;b'ui\xb8\xfc[\xd0Il'
xortool_out/06732.out;b'ui\xb8\xfc[\x81\x1bP'
xortool_out/06733.out;b'ui\xb8\xfc[\x81\x1b\x15'
xortool_out/06734.out;b'ui\xb8\xfc[\x81\x1bl'
xortool_out/06735.out;b'ui\xb8\xfc[\x81\x1aP'
xortool_out/06736.out;b'ui\xb8\xfc[\x81\x1a\x15'
xortool_out/06737.out;b'ui\xb8\xfc[\x81\x1al'
xortool_out/06738.out;b'ui\xb8\xfc[\x81EP'
xortool_out/06739.out;b'ui\xb8\xfc[\x81E\x15'
xortool_out/06740.out;b'ui\xb8\xfc[\x81El'
xortool_out/06741.out;b'ui\xb8\xfc[\x81IP'
xortool_out/06742.out;b'ui\xb8\xfc[\x81I\x15'
xortool_out/06743.out;b'ui\xb8\xfc[\x81Il'
xortool_out/06744.out;b'ui\xb8\xfc[\xc5\x1bP'
xortool_out/06745.out;b'ui\xb8\xfc[\xc5\x1b\x15'
xortool_out/06746.out;b'ui\xb8\xfc[\xc5\x1bl'
xortool_out/06747.out;b'ui\xb8\xfc[\xc5\x1aP'
xortool_out/06748.out;b'ui\xb8\xfc[\xc5\x1a\x15'
xortool_out/06749.out;b'ui\xb8\xfc[\xc5\x1al'
xortool_out/06750.out;b'ui\xb8\xfc[\xc5EP'
xortool_out/06751.out;b'ui\xb8\xfc[\xc5E\x15'
xortool_out/06752.out;b'ui\xb8\xfc[\xc5El'
xortool_out/06753.out;b'ui\xb8\xfc[\xc5IP'
xortool_out/06754.out;b'ui\xb8\xfc[\xc5I\x15'
xortool_out/06755.out;b'ui\xb8\xfc[\xc5Il'
xortool_out/06756.out;b'ui\xb8\xfc[\xcc\x1bP'
xortool_out/06757.out;b'ui\xb8\xfc[\xcc\x1b\x15'
xortool_out/06758.out;b'ui\xb8\xfc[\xcc\x1bl'
xortool_out/06759.out;b'ui\xb8\xfc[\xcc\x1aP'
xortool_out/06760.out;b'ui\xb8\xfc[\xcc\x1a\x15'
xortool_out/06761.out;b'ui\xb8\xfc[\xcc\x1al'
xortool_out/06762.out;b'ui\xb8\xfc[\xccEP'
xortool_out/06763.out;b'ui\xb8\xfc[\xccE\x15'
xortool_out/06764.out;b'ui\xb8\xfc[\xccEl'
xortool_out/06765.out;b'ui\xb8\xfc[\xccIP'
xortool_out/06766.out;b'ui\xb8\xfc[\xccI\x15'
xortool_out/06767.out;b'ui\xb8\xfc[\xccIl'
xortool_out/06768.out;b'ui\xb8\xfcA\xd0\x1bP'
xortool_out/06769.out;b'ui\xb8\xfcA\xd0\x1b\x15'
xortool_out/06770.out;b'ui\xb8\xfcA\xd0\x1bl'
xortool_out/06771.out;b'ui\xb8\xfcA\xd0\x1aP'
xortool_out/06772.out;b'ui\xb8\xfcA\xd0\x1a\x15'
xortool_out/06773.out;b'ui\xb8\xfcA\xd0\x1al'
xortool_out/06774.out;b'ui\xb8\xfcA\xd0EP'
xortool_out/06775.out;b'ui\xb8\xfcA\xd0E\x15'
xortool_out/06776.out;b'ui\xb8\xfcA\xd0El'
xortool_out/06777.out;b'ui\xb8\xfcA\xd0IP'
xortool_out/06778.out;b'ui\xb8\xfcA\xd0I\x15'
xortool_out/06779.out;b'ui\xb8\xfcA\xd0Il'
xortool_out/06780.out;b'ui\xb8\xfcA\x81\x1bP'
xortool_out/06781.out;b'ui\xb8\xfcA\x81\x1b\x15'
xortool_out/06782.out;b'ui\xb8\xfcA\x81\x1bl'
xortool_out/06783.out;b'ui\xb8\xfcA\x81\x1aP'
xortool_out/06784.out;b'ui\xb8\xfcA\x81\x1a\x15'
xortool_out/06785.out;b'ui\xb8\xfcA\x81\x1al'
xortool_out/06786.out;b'ui\xb8\xfcA\x81EP'
xortool_out/06787.out;b'ui\xb8\xfcA\x81E\x15'
xortool_out/06788.out;b'ui\xb8\xfcA\x81El'
xortool_out/06789.out;b'ui\xb8\xfcA\x81IP'
xortool_out/06790.out;b'ui\xb8\xfcA\x81I\x15'
xortool_out/06791.out;b'ui\xb8\xfcA\x81Il'
xortool_out/06792.out;b'ui\xb8\xfcA\xc5\x1bP'
xortool_out/06793.out;b'ui\xb8\xfcA\xc5\x1b\x15'
xortool_out/06794.out;b'ui\xb8\xfcA\xc5\x1bl'
xortool_out/06795.out;b'ui\xb8\xfcA\xc5\x1aP'
xortool_out/06796.out;b'ui\xb8\xfcA\xc5\x1a\x15'
xortool_out/06797.out;b'ui\xb8\xfcA\xc5\x1al'
xortool_out/06798.out;b'ui\xb8\xfcA\xc5EP'
xortool_out/06799.out;b'ui\xb8\xfcA\xc5E\x15'
xortool_out/06800.out;b'ui\xb8\xfcA\xc5El'
xortool_out/06801.out;b'ui\xb8\xfcA\xc5IP'
xortool_out/06802.out;b'ui\xb8\xfcA\xc5I\x15'
xortool_out/06803.out;b'ui\xb8\xfcA\xc5Il'
xortool_out/06804.out;b'ui\xb8\xfcA\xcc\x1bP'
xortool_out/06805.out;b'ui\xb8\xfcA\xcc\x1b\x15'
xortool_out/06806.out;b'ui\xb8\xfcA\xcc\x1bl'
xortool_out/06807.out;b'ui\xb8\xfcA\xcc\x1aP'
xortool_out/06808.out;b'ui\xb8\xfcA\xcc\x1a\x15'
xortool_out/06809.out;b'ui\xb8\xfcA\xcc\x1al'
xortool_out/06810.out;b'ui\xb8\xfcA\xccEP'
xortool_out/06811.out;b'ui\xb8\xfcA\xccE\x15'
xortool_out/06812.out;b'ui\xb8\xfcA\xccEl'
xortool_out/06813.out;b'ui\xb8\xfcA\xccIP'
xortool_out/06814.out;b'ui\xb8\xfcA\xccI\x15'
xortool_out/06815.out;b'ui\xb8\xfcA\xccIl'
xortool_out/06816.out;b'ui\xb8\xfcv\xd0\x1bP'
xortool_out/06817.out;b'ui\xb8\xfcv\xd0\x1b\x15'
xortool_out/06818.out;b'ui\xb8\xfcv\xd0\x1bl'
xortool_out/06819.out;b'ui\xb8\xfcv\xd0\x1aP'
xortool_out/06820.out;b'ui\xb8\xfcv\xd0\x1a\x15'
xortool_out/06821.out;b'ui\xb8\xfcv\xd0\x1al'
xortool_out/06822.out;b'ui\xb8\xfcv\xd0EP'
xortool_out/06823.out;b'ui\xb8\xfcv\xd0E\x15'
xortool_out/06824.out;b'ui\xb8\xfcv\xd0El'
xortool_out/06825.out;b'ui\xb8\xfcv\xd0IP'
xortool_out/06826.out;b'ui\xb8\xfcv\xd0I\x15'
xortool_out/06827.out;b'ui\xb8\xfcv\xd0Il'
xortool_out/06828.out;b'ui\xb8\xfcv\x81\x1bP'
xortool_out/06829.out;b'ui\xb8\xfcv\x81\x1b\x15'
xortool_out/06830.out;b'ui\xb8\xfcv\x81\x1bl'
xortool_out/06831.out;b'ui\xb8\xfcv\x81\x1aP'
xortool_out/06832.out;b'ui\xb8\xfcv\x81\x1a\x15'
xortool_out/06833.out;b'ui\xb8\xfcv\x81\x1al'
xortool_out/06834.out;b'ui\xb8\xfcv\x81EP'
xortool_out/06835.out;b'ui\xb8\xfcv\x81E\x15'
xortool_out/06836.out;b'ui\xb8\xfcv\x81El'
xortool_out/06837.out;b'ui\xb8\xfcv\x81IP'
xortool_out/06838.out;b'ui\xb8\xfcv\x81I\x15'
xortool_out/06839.out;b'ui\xb8\xfcv\x81Il'
xortool_out/06840.out;b'ui\xb8\xfcv\xc5\x1bP'
xortool_out/06841.out;b'ui\xb8\xfcv\xc5\x1b\x15'
xortool_out/06842.out;b'ui\xb8\xfcv\xc5\x1bl'
xortool_out/06843.out;b'ui\xb8\xfcv\xc5\x1aP'
xortool_out/06844.out;b'ui\xb8\xfcv\xc5\x1a\x15'
xortool_out/06845.out;b'ui\xb8\xfcv\xc5\x1al'
xortool_out/06846.out;b'ui\xb8\xfcv\xc5EP'
xortool_out/06847.out;b'ui\xb8\xfcv\xc5E\x15'
xortool_out/06848.out;b'ui\xb8\xfcv\xc5El'
xortool_out/06849.out;b'ui\xb8\xfcv\xc5IP'
xortool_out/06850.out;b'ui\xb8\xfcv\xc5I\x15'
xortool_out/06851.out;b'ui\xb8\xfcv\xc5Il'
xortool_out/06852.out;b'ui\xb8\xfcv\xcc\x1bP'
xortool_out/06853.out;b'ui\xb8\xfcv\xcc\x1b\x15'
xortool_out/06854.out;b'ui\xb8\xfcv\xcc\x1bl'
xortool_out/06855.out;b'ui\xb8\xfcv\xcc\x1aP'
xortool_out/06856.out;b'ui\xb8\xfcv\xcc\x1a\x15'
xortool_out/06857.out;b'ui\xb8\xfcv\xcc\x1al'
xortool_out/06858.out;b'ui\xb8\xfcv\xccEP'
xortool_out/06859.out;b'ui\xb8\xfcv\xccE\x15'
xortool_out/06860.out;b'ui\xb8\xfcv\xccEl'
xortool_out/06861.out;b'ui\xb8\xfcv\xccIP'
xortool_out/06862.out;b'ui\xb8\xfcv\xccI\x15'
xortool_out/06863.out;b'ui\xb8\xfcv\xccIl'
xortool_out/06864.out;b'ui\xb8\xfcK\xd0\x1bP'
xortool_out/06865.out;b'ui\xb8\xfcK\xd0\x1b\x15'
xortool_out/06866.out;b'ui\xb8\xfcK\xd0\x1bl'
xortool_out/06867.out;b'ui\xb8\xfcK\xd0\x1aP'
xortool_out/06868.out;b'ui\xb8\xfcK\xd0\x1a\x15'
xortool_out/06869.out;b'ui\xb8\xfcK\xd0\x1al'
xortool_out/06870.out;b'ui\xb8\xfcK\xd0EP'
xortool_out/06871.out;b'ui\xb8\xfcK\xd0E\x15'
xortool_out/06872.out;b'ui\xb8\xfcK\xd0El'
xortool_out/06873.out;b'ui\xb8\xfcK\xd0IP'
xortool_out/06874.out;b'ui\xb8\xfcK\xd0I\x15'
xortool_out/06875.out;b'ui\xb8\xfcK\xd0Il'
xortool_out/06876.out;b'ui\xb8\xfcK\x81\x1bP'
xortool_out/06877.out;b'ui\xb8\xfcK\x81\x1b\x15'
xortool_out/06878.out;b'ui\xb8\xfcK\x81\x1bl'
xortool_out/06879.out;b'ui\xb8\xfcK\x81\x1aP'
xortool_out/06880.out;b'ui\xb8\xfcK\x81\x1a\x15'
xortool_out/06881.out;b'ui\xb8\xfcK\x81\x1al'
xortool_out/06882.out;b'ui\xb8\xfcK\x81EP'
xortool_out/06883.out;b'ui\xb8\xfcK\x81E\x15'
xortool_out/06884.out;b'ui\xb8\xfcK\x81El'
xortool_out/06885.out;b'ui\xb8\xfcK\x81IP'
xortool_out/06886.out;b'ui\xb8\xfcK\x81I\x15'
xortool_out/06887.out;b'ui\xb8\xfcK\x81Il'
xortool_out/06888.out;b'ui\xb8\xfcK\xc5\x1bP'
xortool_out/06889.out;b'ui\xb8\xfcK\xc5\x1b\x15'
xortool_out/06890.out;b'ui\xb8\xfcK\xc5\x1bl'
xortool_out/06891.out;b'ui\xb8\xfcK\xc5\x1aP'
xortool_out/06892.out;b'ui\xb8\xfcK\xc5\x1a\x15'
xortool_out/06893.out;b'ui\xb8\xfcK\xc5\x1al'
xortool_out/06894.out;b'ui\xb8\xfcK\xc5EP'
xortool_out/06895.out;b'ui\xb8\xfcK\xc5E\x15'
xortool_out/06896.out;b'ui\xb8\xfcK\xc5El'
xortool_out/06897.out;b'ui\xb8\xfcK\xc5IP'
xortool_out/06898.out;b'ui\xb8\xfcK\xc5I\x15'
xortool_out/06899.out;b'ui\xb8\xfcK\xc5Il'
xortool_out/06900.out;b'ui\xb8\xfcK\xcc\x1bP'
xortool_out/06901.out;b'ui\xb8\xfcK\xcc\x1b\x15'
xortool_out/06902.out;b'ui\xb8\xfcK\xcc\x1bl'
xortool_out/06903.out;b'ui\xb8\xfcK\xcc\x1aP'
xortool_out/06904.out;b'ui\xb8\xfcK\xcc\x1a\x15'
xortool_out/06905.out;b'ui\xb8\xfcK\xcc\x1al'
xortool_out/06906.out;b'ui\xb8\xfcK\xccEP'
xortool_out/06907.out;b'ui\xb8\xfcK\xccE\x15'
xortool_out/06908.out;b'ui\xb8\xfcK\xccEl'
xortool_out/06909.out;b'ui\xb8\xfcK\xccIP'
xortool_out/06910.out;b'ui\xb8\xfcK\xccI\x15'
xortool_out/06911.out;b'ui\xb8\xfcK\xccIl'
xortool_out/06912.out;b'ui\xa4\xfb[\xd0\x1bP'
xortool_out/06913.out;b'ui\xa4\xfb[\xd0\x1b\x15'
xortool_out/06914.out;b'ui\xa4\xfb[\xd0\x1bl'
xortool_out/06915.out;b'ui\xa4\xfb[\xd0\x1aP'
xortool_out/06916.out;b'ui\xa4\xfb[\xd0\x1a\x15'
xortool_out/06917.out;b'ui\xa4\xfb[\xd0\x1al'
xortool_out/06918.out;b'ui\xa4\xfb[\xd0EP'
xortool_out/06919.out;b'ui\xa4\xfb[\xd0E\x15'
xortool_out/06920.out;b'ui\xa4\xfb[\xd0El'
xortool_out/06921.out;b'ui\xa4\xfb[\xd0IP'
xortool_out/06922.out;b'ui\xa4\xfb[\xd0I\x15'
xortool_out/06923.out;b'ui\xa4\xfb[\xd0Il'
xortool_out/06924.out;b'ui\xa4\xfb[\x81\x1bP'
xortool_out/06925.out;b'ui\xa4\xfb[\x81\x1b\x15'
xortool_out/06926.out;b'ui\xa4\xfb[\x81\x1bl'
xortool_out/06927.out;b'ui\xa4\xfb[\x81\x1aP'
xortool_out/06928.out;b'ui\xa4\xfb[\x81\x1a\x15'
xortool_out/06929.out;b'ui\xa4\xfb[\x81\x1al'
xortool_out/06930.out;b'ui\xa4\xfb[\x81EP'
xortool_out/06931.out;b'ui\xa4\xfb[\x81E\x15'
xortool_out/06932.out;b'ui\xa4\xfb[\x81El'
xortool_out/06933.out;b'ui\xa4\xfb[\x81IP'
xortool_out/06934.out;b'ui\xa4\xfb[\x81I\x15'
xortool_out/06935.out;b'ui\xa4\xfb[\x81Il'
xortool_out/06936.out;b'ui\xa4\xfb[\xc5\x1bP'
xortool_out/06937.out;b'ui\xa4\xfb[\xc5\x1b\x15'
xortool_out/06938.out;b'ui\xa4\xfb[\xc5\x1bl'
xortool_out/06939.out;b'ui\xa4\xfb[\xc5\x1aP'
xortool_out/06940.out;b'ui\xa4\xfb[\xc5\x1a\x15'
xortool_out/06941.out;b'ui\xa4\xfb[\xc5\x1al'
xortool_out/06942.out;b'ui\xa4\xfb[\xc5EP'
xortool_out/06943.out;b'ui\xa4\xfb[\xc5E\x15'
xortool_out/06944.out;b'ui\xa4\xfb[\xc5El'
xortool_out/06945.out;b'ui\xa4\xfb[\xc5IP'
xortool_out/06946.out;b'ui\xa4\xfb[\xc5I\x15'
xortool_out/06947.out;b'ui\xa4\xfb[\xc5Il'
xortool_out/06948.out;b'ui\xa4\xfb[\xcc\x1bP'
xortool_out/06949.out;b'ui\xa4\xfb[\xcc\x1b\x15'
xortool_out/06950.out;b'ui\xa4\xfb[\xcc\x1bl'
xortool_out/06951.out;b'ui\xa4\xfb[\xcc\x1aP'
xortool_out/06952.out;b'ui\xa4\xfb[\xcc\x1a\x15'
xortool_out/06953.out;b'ui\xa4\xfb[\xcc\x1al'
xortool_out/06954.out;b'ui\xa4\xfb[\xccEP'
xortool_out/06955.out;b'ui\xa4\xfb[\xccE\x15'
xortool_out/06956.out;b'ui\xa4\xfb[\xccEl'
xortool_out/06957.out;b'ui\xa4\xfb[\xccIP'
xortool_out/06958.out;b'ui\xa4\xfb[\xccI\x15'
xortool_out/06959.out;b'ui\xa4\xfb[\xccIl'
xortool_out/06960.out;b'ui\xa4\xfbA\xd0\x1bP'
xortool_out/06961.out;b'ui\xa4\xfbA\xd0\x1b\x15'
xortool_out/06962.out;b'ui\xa4\xfbA\xd0\x1bl'
xortool_out/06963.out;b'ui\xa4\xfbA\xd0\x1aP'
xortool_out/06964.out;b'ui\xa4\xfbA\xd0\x1a\x15'
xortool_out/06965.out;b'ui\xa4\xfbA\xd0\x1al'
xortool_out/06966.out;b'ui\xa4\xfbA\xd0EP'
xortool_out/06967.out;b'ui\xa4\xfbA\xd0E\x15'
xortool_out/06968.out;b'ui\xa4\xfbA\xd0El'
xortool_out/06969.out;b'ui\xa4\xfbA\xd0IP'
xortool_out/06970.out;b'ui\xa4\xfbA\xd0I\x15'
xortool_out/06971.out;b'ui\xa4\xfbA\xd0Il'
xortool_out/06972.out;b'ui\xa4\xfbA\x81\x1bP'
xortool_out/06973.out;b'ui\xa4\xfbA\x81\x1b\x15'
xortool_out/06974.out;b'ui\xa4\xfbA\x81\x1bl'
xortool_out/06975.out;b'ui\xa4\xfbA\x81\x1aP'
xortool_out/06976.out;b'ui\xa4\xfbA\x81\x1a\x15'
xortool_out/06977.out;b'ui\xa4\xfbA\x81\x1al'
xortool_out/06978.out;b'ui\xa4\xfbA\x81EP'
xortool_out/06979.out;b'ui\xa4\xfbA\x81E\x15'
xortool_out/06980.out;b'ui\xa4\xfbA\x81El'
xortool_out/06981.out;b'ui\xa4\xfbA\x81IP'
xortool_out/06982.out;b'ui\xa4\xfbA\x81I\x15'
xortool_out/06983.out;b'ui\xa4\xfbA\x81Il'
xortool_out/06984.out;b'ui\xa4\xfbA\xc5\x1bP'
xortool_out/06985.out;b'ui\xa4\xfbA\xc5\x1b\x15'
xortool_out/06986.out;b'ui\xa4\xfbA\xc5\x1bl'
xortool_out/06987.out;b'ui\xa4\xfbA\xc5\x1aP'
xortool_out/06988.out;b'ui\xa4\xfbA\xc5\x1a\x15'
xortool_out/06989.out;b'ui\xa4\xfbA\xc5\x1al'
xortool_out/06990.out;b'ui\xa4\xfbA\xc5EP'
xortool_out/06991.out;b'ui\xa4\xfbA\xc5E\x15'
xortool_out/06992.out;b'ui\xa4\xfbA\xc5El'
xortool_out/06993.out;b'ui\xa4\xfbA\xc5IP'
xortool_out/06994.out;b'ui\xa4\xfbA\xc5I\x15'
xortool_out/06995.out;b'ui\xa4\xfbA\xc5Il'
xortool_out/06996.out;b'ui\xa4\xfbA\xcc\x1bP'
xortool_out/06997.out;b'ui\xa4\xfbA\xcc\x1b\x15'
xortool_out/06998.out;b'ui\xa4\xfbA\xcc\x1bl'
xortool_out/06999.out;b'ui\xa4\xfbA\xcc\x1aP'
xortool_out/07000.out;b'ui\xa4\xfbA\xcc\x1a\x15'
xortool_out/07001.out;b'ui\xa4\xfbA\xcc\x1al'
xortool_out/07002.out;b'ui\xa4\xfbA\xccEP'
xortool_out/07003.out;b'ui\xa4\xfbA\xccE\x15'
xortool_out/07004.out;b'ui\xa4\xfbA\xccEl'
xortool_out/07005.out;b'ui\xa4\xfbA\xccIP'
xortool_out/07006.out;b'ui\xa4\xfbA\xccI\x15'
xortool_out/07007.out;b'ui\xa4\xfbA\xccIl'
xortool_out/07008.out;b'ui\xa4\xfbv\xd0\x1bP'
xortool_out/07009.out;b'ui\xa4\xfbv\xd0\x1b\x15'
xortool_out/07010.out;b'ui\xa4\xfbv\xd0\x1bl'
xortool_out/07011.out;b'ui\xa4\xfbv\xd0\x1aP'
xortool_out/07012.out;b'ui\xa4\xfbv\xd0\x1a\x15'
xortool_out/07013.out;b'ui\xa4\xfbv\xd0\x1al'
xortool_out/07014.out;b'ui\xa4\xfbv\xd0EP'
xortool_out/07015.out;b'ui\xa4\xfbv\xd0E\x15'
xortool_out/07016.out;b'ui\xa4\xfbv\xd0El'
xortool_out/07017.out;b'ui\xa4\xfbv\xd0IP'
xortool_out/07018.out;b'ui\xa4\xfbv\xd0I\x15'
xortool_out/07019.out;b'ui\xa4\xfbv\xd0Il'
xortool_out/07020.out;b'ui\xa4\xfbv\x81\x1bP'
xortool_out/07021.out;b'ui\xa4\xfbv\x81\x1b\x15'
xortool_out/07022.out;b'ui\xa4\xfbv\x81\x1bl'
xortool_out/07023.out;b'ui\xa4\xfbv\x81\x1aP'
xortool_out/07024.out;b'ui\xa4\xfbv\x81\x1a\x15'
xortool_out/07025.out;b'ui\xa4\xfbv\x81\x1al'
xortool_out/07026.out;b'ui\xa4\xfbv\x81EP'
xortool_out/07027.out;b'ui\xa4\xfbv\x81E\x15'
xortool_out/07028.out;b'ui\xa4\xfbv\x81El'
xortool_out/07029.out;b'ui\xa4\xfbv\x81IP'
xortool_out/07030.out;b'ui\xa4\xfbv\x81I\x15'
xortool_out/07031.out;b'ui\xa4\xfbv\x81Il'
xortool_out/07032.out;b'ui\xa4\xfbv\xc5\x1bP'
xortool_out/07033.out;b'ui\xa4\xfbv\xc5\x1b\x15'
xortool_out/07034.out;b'ui\xa4\xfbv\xc5\x1bl'
xortool_out/07035.out;b'ui\xa4\xfbv\xc5\x1aP'
xortool_out/07036.out;b'ui\xa4\xfbv\xc5\x1a\x15'
xortool_out/07037.out;b'ui\xa4\xfbv\xc5\x1al'
xortool_out/07038.out;b'ui\xa4\xfbv\xc5EP'
xortool_out/07039.out;b'ui\xa4\xfbv\xc5E\x15'
xortool_out/07040.out;b'ui\xa4\xfbv\xc5El'
xortool_out/07041.out;b'ui\xa4\xfbv\xc5IP'
xortool_out/07042.out;b'ui\xa4\xfbv\xc5I\x15'
xortool_out/07043.out;b'ui\xa4\xfbv\xc5Il'
xortool_out/07044.out;b'ui\xa4\xfbv\xcc\x1bP'
xortool_out/07045.out;b'ui\xa4\xfbv\xcc\x1b\x15'
xortool_out/07046.out;b'ui\xa4\xfbv\xcc\x1bl'
xortool_out/07047.out;b'ui\xa4\xfbv\xcc\x1aP'
xortool_out/07048.out;b'ui\xa4\xfbv\xcc\x1a\x15'
xortool_out/07049.out;b'ui\xa4\xfbv\xcc\x1al'
xortool_out/07050.out;b'ui\xa4\xfbv\xccEP'
xortool_out/07051.out;b'ui\xa4\xfbv\xccE\x15'
xortool_out/07052.out;b'ui\xa4\xfbv\xccEl'
xortool_out/07053.out;b'ui\xa4\xfbv\xccIP'
xortool_out/07054.out;b'ui\xa4\xfbv\xccI\x15'
xortool_out/07055.out;b'ui\xa4\xfbv\xccIl'
xortool_out/07056.out;b'ui\xa4\xfbK\xd0\x1bP'
xortool_out/07057.out;b'ui\xa4\xfbK\xd0\x1b\x15'
xortool_out/07058.out;b'ui\xa4\xfbK\xd0\x1bl'
xortool_out/07059.out;b'ui\xa4\xfbK\xd0\x1aP'
xortool_out/07060.out;b'ui\xa4\xfbK\xd0\x1a\x15'
xortool_out/07061.out;b'ui\xa4\xfbK\xd0\x1al'
xortool_out/07062.out;b'ui\xa4\xfbK\xd0EP'
xortool_out/07063.out;b'ui\xa4\xfbK\xd0E\x15'
xortool_out/07064.out;b'ui\xa4\xfbK\xd0El'
xortool_out/07065.out;b'ui\xa4\xfbK\xd0IP'
xortool_out/07066.out;b'ui\xa4\xfbK\xd0I\x15'
xortool_out/07067.out;b'ui\xa4\xfbK\xd0Il'
xortool_out/07068.out;b'ui\xa4\xfbK\x81\x1bP'
xortool_out/07069.out;b'ui\xa4\xfbK\x81\x1b\x15'
xortool_out/07070.out;b'ui\xa4\xfbK\x81\x1bl'
xortool_out/07071.out;b'ui\xa4\xfbK\x81\x1aP'
xortool_out/07072.out;b'ui\xa4\xfbK\x81\x1a\x15'
xortool_out/07073.out;b'ui\xa4\xfbK\x81\x1al'
xortool_out/07074.out;b'ui\xa4\xfbK\x81EP'
xortool_out/07075.out;b'ui\xa4\xfbK\x81E\x15'
xortool_out/07076.out;b'ui\xa4\xfbK\x81El'
xortool_out/07077.out;b'ui\xa4\xfbK\x81IP'
xortool_out/07078.out;b'ui\xa4\xfbK\x81I\x15'
xortool_out/07079.out;b'ui\xa4\xfbK\x81Il'
xortool_out/07080.out;b'ui\xa4\xfbK\xc5\x1bP'
xortool_out/07081.out;b'ui\xa4\xfbK\xc5\x1b\x15'
xortool_out/07082.out;b'ui\xa4\xfbK\xc5\x1bl'
xortool_out/07083.out;b'ui\xa4\xfbK\xc5\x1aP'
xortool_out/07084.out;b'ui\xa4\xfbK\xc5\x1a\x15'
xortool_out/07085.out;b'ui\xa4\xfbK\xc5\x1al'
xortool_out/07086.out;b'ui\xa4\xfbK\xc5EP'
xortool_out/07087.out;b'ui\xa4\xfbK\xc5E\x15'
xortool_out/07088.out;b'ui\xa4\xfbK\xc5El'
xortool_out/07089.out;b'ui\xa4\xfbK\xc5IP'
xortool_out/07090.out;b'ui\xa4\xfbK\xc5I\x15'
xortool_out/07091.out;b'ui\xa4\xfbK\xc5Il'
xortool_out/07092.out;b'ui\xa4\xfbK\xcc\x1bP'
xortool_out/07093.out;b'ui\xa4\xfbK\xcc\x1b\x15'
xortool_out/07094.out;b'ui\xa4\xfbK\xcc\x1bl'
xortool_out/07095.out;b'ui\xa4\xfbK\xcc\x1aP'
xortool_out/07096.out;b'ui\xa4\xfbK\xcc\x1a\x15'
xortool_out/07097.out;b'ui\xa4\xfbK\xcc\x1al'
xortool_out/07098.out;b'ui\xa4\xfbK\xccEP'
xortool_out/07099.out;b'ui\xa4\xfbK\xccE\x15'
xortool_out/07100.out;b'ui\xa4\xfbK\xccEl'
xortool_out/07101.out;b'ui\xa4\xfbK\xccIP'
xortool_out/07102.out;b'ui\xa4\xfbK\xccI\x15'
xortool_out/07103.out;b'ui\xa4\xfbK\xccIl'
xortool_out/07104.out;b'ui\xa4\xbe[\xd0\x1bP'
xortool_out/07105.out;b'ui\xa4\xbe[\xd0\x1b\x15'
xortool_out/07106.out;b'ui\xa4\xbe[\xd0\x1bl'
xortool_out/07107.out;b'ui\xa4\xbe[\xd0\x1aP'
xortool_out/07108.out;b'ui\xa4\xbe[\xd0\x1a\x15'
xortool_out/07109.out;b'ui\xa4\xbe[\xd0\x1al'
xortool_out/07110.out;b'ui\xa4\xbe[\xd0EP'
xortool_out/07111.out;b'ui\xa4\xbe[\xd0E\x15'
xortool_out/07112.out;b'ui\xa4\xbe[\xd0El'
xortool_out/07113.out;b'ui\xa4\xbe[\xd0IP'
xortool_out/07114.out;b'ui\xa4\xbe[\xd0I\x15'
xortool_out/07115.out;b'ui\xa4\xbe[\xd0Il'
xortool_out/07116.out;b'ui\xa4\xbe[\x81\x1bP'
xortool_out/07117.out;b'ui\xa4\xbe[\x81\x1b\x15'
xortool_out/07118.out;b'ui\xa4\xbe[\x81\x1bl'
xortool_out/07119.out;b'ui\xa4\xbe[\x81\x1aP'
xortool_out/07120.out;b'ui\xa4\xbe[\x81\x1a\x15'
xortool_out/07121.out;b'ui\xa4\xbe[\x81\x1al'
xortool_out/07122.out;b'ui\xa4\xbe[\x81EP'
xortool_out/07123.out;b'ui\xa4\xbe[\x81E\x15'
xortool_out/07124.out;b'ui\xa4\xbe[\x81El'
xortool_out/07125.out;b'ui\xa4\xbe[\x81IP'
xortool_out/07126.out;b'ui\xa4\xbe[\x81I\x15'
xortool_out/07127.out;b'ui\xa4\xbe[\x81Il'
xortool_out/07128.out;b'ui\xa4\xbe[\xc5\x1bP'
xortool_out/07129.out;b'ui\xa4\xbe[\xc5\x1b\x15'
xortool_out/07130.out;b'ui\xa4\xbe[\xc5\x1bl'
xortool_out/07131.out;b'ui\xa4\xbe[\xc5\x1aP'
xortool_out/07132.out;b'ui\xa4\xbe[\xc5\x1a\x15'
xortool_out/07133.out;b'ui\xa4\xbe[\xc5\x1al'
xortool_out/07134.out;b'ui\xa4\xbe[\xc5EP'
xortool_out/07135.out;b'ui\xa4\xbe[\xc5E\x15'
xortool_out/07136.out;b'ui\xa4\xbe[\xc5El'
xortool_out/07137.out;b'ui\xa4\xbe[\xc5IP'
xortool_out/07138.out;b'ui\xa4\xbe[\xc5I\x15'
xortool_out/07139.out;b'ui\xa4\xbe[\xc5Il'
xortool_out/07140.out;b'ui\xa4\xbe[\xcc\x1bP'
xortool_out/07141.out;b'ui\xa4\xbe[\xcc\x1b\x15'
xortool_out/07142.out;b'ui\xa4\xbe[\xcc\x1bl'
xortool_out/07143.out;b'ui\xa4\xbe[\xcc\x1aP'
xortool_out/07144.out;b'ui\xa4\xbe[\xcc\x1a\x15'
xortool_out/07145.out;b'ui\xa4\xbe[\xcc\x1al'
xortool_out/07146.out;b'ui\xa4\xbe[\xccEP'
xortool_out/07147.out;b'ui\xa4\xbe[\xccE\x15'
xortool_out/07148.out;b'ui\xa4\xbe[\xccEl'
xortool_out/07149.out;b'ui\xa4\xbe[\xccIP'
xortool_out/07150.out;b'ui\xa4\xbe[\xccI\x15'
xortool_out/07151.out;b'ui\xa4\xbe[\xccIl'
xortool_out/07152.out;b'ui\xa4\xbeA\xd0\x1bP'
xortool_out/07153.out;b'ui\xa4\xbeA\xd0\x1b\x15'
xortool_out/07154.out;b'ui\xa4\xbeA\xd0\x1bl'
xortool_out/07155.out;b'ui\xa4\xbeA\xd0\x1aP'
xortool_out/07156.out;b'ui\xa4\xbeA\xd0\x1a\x15'
xortool_out/07157.out;b'ui\xa4\xbeA\xd0\x1al'
xortool_out/07158.out;b'ui\xa4\xbeA\xd0EP'
xortool_out/07159.out;b'ui\xa4\xbeA\xd0E\x15'
xortool_out/07160.out;b'ui\xa4\xbeA\xd0El'
xortool_out/07161.out;b'ui\xa4\xbeA\xd0IP'
xortool_out/07162.out;b'ui\xa4\xbeA\xd0I\x15'
xortool_out/07163.out;b'ui\xa4\xbeA\xd0Il'
xortool_out/07164.out;b'ui\xa4\xbeA\x81\x1bP'
xortool_out/07165.out;b'ui\xa4\xbeA\x81\x1b\x15'
xortool_out/07166.out;b'ui\xa4\xbeA\x81\x1bl'
xortool_out/07167.out;b'ui\xa4\xbeA\x81\x1aP'
xortool_out/07168.out;b'ui\xa4\xbeA\x81\x1a\x15'
xortool_out/07169.out;b'ui\xa4\xbeA\x81\x1al'
xortool_out/07170.out;b'ui\xa4\xbeA\x81EP'
xortool_out/07171.out;b'ui\xa4\xbeA\x81E\x15'
xortool_out/07172.out;b'ui\xa4\xbeA\x81El'
xortool_out/07173.out;b'ui\xa4\xbeA\x81IP'
xortool_out/07174.out;b'ui\xa4\xbeA\x81I\x15'
xortool_out/07175.out;b'ui\xa4\xbeA\x81Il'
xortool_out/07176.out;b'ui\xa4\xbeA\xc5\x1bP'
xortool_out/07177.out;b'ui\xa4\xbeA\xc5\x1b\x15'
xortool_out/07178.out;b'ui\xa4\xbeA\xc5\x1bl'
xortool_out/07179.out;b'ui\xa4\xbeA\xc5\x1aP'
xortool_out/07180.out;b'ui\xa4\xbeA\xc5\x1a\x15'
xortool_out/07181.out;b'ui\xa4\xbeA\xc5\x1al'
xortool_out/07182.out;b'ui\xa4\xbeA\xc5EP'
xortool_out/07183.out;b'ui\xa4\xbeA\xc5E\x15'
xortool_out/07184.out;b'ui\xa4\xbeA\xc5El'
xortool_out/07185.out;b'ui\xa4\xbeA\xc5IP'
xortool_out/07186.out;b'ui\xa4\xbeA\xc5I\x15'
xortool_out/07187.out;b'ui\xa4\xbeA\xc5Il'
xortool_out/07188.out;b'ui\xa4\xbeA\xcc\x1bP'
xortool_out/07189.out;b'ui\xa4\xbeA\xcc\x1b\x15'
xortool_out/07190.out;b'ui\xa4\xbeA\xcc\x1bl'
xortool_out/07191.out;b'ui\xa4\xbeA\xcc\x1aP'
xortool_out/07192.out;b'ui\xa4\xbeA\xcc\x1a\x15'
xortool_out/07193.out;b'ui\xa4\xbeA\xcc\x1al'
xortool_out/07194.out;b'ui\xa4\xbeA\xccEP'
xortool_out/07195.out;b'ui\xa4\xbeA\xccE\x15'
xortool_out/07196.out;b'ui\xa4\xbeA\xccEl'
xortool_out/07197.out;b'ui\xa4\xbeA\xccIP'
xortool_out/07198.out;b'ui\xa4\xbeA\xccI\x15'
xortool_out/07199.out;b'ui\xa4\xbeA\xccIl'
xortool_out/07200.out;b'ui\xa4\xbev\xd0\x1bP'
xortool_out/07201.out;b'ui\xa4\xbev\xd0\x1b\x15'
xortool_out/07202.out;b'ui\xa4\xbev\xd0\x1bl'
xortool_out/07203.out;b'ui\xa4\xbev\xd0\x1aP'
xortool_out/07204.out;b'ui\xa4\xbev\xd0\x1a\x15'
xortool_out/07205.out;b'ui\xa4\xbev\xd0\x1al'
xortool_out/07206.out;b'ui\xa4\xbev\xd0EP'
xortool_out/07207.out;b'ui\xa4\xbev\xd0E\x15'
xortool_out/07208.out;b'ui\xa4\xbev\xd0El'
xortool_out/07209.out;b'ui\xa4\xbev\xd0IP'
xortool_out/07210.out;b'ui\xa4\xbev\xd0I\x15'
xortool_out/07211.out;b'ui\xa4\xbev\xd0Il'
xortool_out/07212.out;b'ui\xa4\xbev\x81\x1bP'
xortool_out/07213.out;b'ui\xa4\xbev\x81\x1b\x15'
xortool_out/07214.out;b'ui\xa4\xbev\x81\x1bl'
xortool_out/07215.out;b'ui\xa4\xbev\x81\x1aP'
xortool_out/07216.out;b'ui\xa4\xbev\x81\x1a\x15'
xortool_out/07217.out;b'ui\xa4\xbev\x81\x1al'
xortool_out/07218.out;b'ui\xa4\xbev\x81EP'
xortool_out/07219.out;b'ui\xa4\xbev\x81E\x15'
xortool_out/07220.out;b'ui\xa4\xbev\x81El'
xortool_out/07221.out;b'ui\xa4\xbev\x81IP'
xortool_out/07222.out;b'ui\xa4\xbev\x81I\x15'
xortool_out/07223.out;b'ui\xa4\xbev\x81Il'
xortool_out/07224.out;b'ui\xa4\xbev\xc5\x1bP'
xortool_out/07225.out;b'ui\xa4\xbev\xc5\x1b\x15'
xortool_out/07226.out;b'ui\xa4\xbev\xc5\x1bl'
xortool_out/07227.out;b'ui\xa4\xbev\xc5\x1aP'
xortool_out/07228.out;b'ui\xa4\xbev\xc5\x1a\x15'
xortool_out/07229.out;b'ui\xa4\xbev\xc5\x1al'
xortool_out/07230.out;b'ui\xa4\xbev\xc5EP'
xortool_out/07231.out;b'ui\xa4\xbev\xc5E\x15'
xortool_out/07232.out;b'ui\xa4\xbev\xc5El'
xortool_out/07233.out;b'ui\xa4\xbev\xc5IP'
xortool_out/07234.out;b'ui\xa4\xbev\xc5I\x15'
xortool_out/07235.out;b'ui\xa4\xbev\xc5Il'
xortool_out/07236.out;b'ui\xa4\xbev\xcc\x1bP'
xortool_out/07237.out;b'ui\xa4\xbev\xcc\x1b\x15'
xortool_out/07238.out;b'ui\xa4\xbev\xcc\x1bl'
xortool_out/07239.out;b'ui\xa4\xbev\xcc\x1aP'
xortool_out/07240.out;b'ui\xa4\xbev\xcc\x1a\x15'
xortool_out/07241.out;b'ui\xa4\xbev\xcc\x1al'
xortool_out/07242.out;b'ui\xa4\xbev\xccEP'
xortool_out/07243.out;b'ui\xa4\xbev\xccE\x15'
xortool_out/07244.out;b'ui\xa4\xbev\xccEl'
xortool_out/07245.out;b'ui\xa4\xbev\xccIP'
xortool_out/07246.out;b'ui\xa4\xbev\xccI\x15'
xortool_out/07247.out;b'ui\xa4\xbev\xccIl'
xortool_out/07248.out;b'ui\xa4\xbeK\xd0\x1bP'
xortool_out/07249.out;b'ui\xa4\xbeK\xd0\x1b\x15'
xortool_out/07250.out;b'ui\xa4\xbeK\xd0\x1bl'
xortool_out/07251.out;b'ui\xa4\xbeK\xd0\x1aP'
xortool_out/07252.out;b'ui\xa4\xbeK\xd0\x1a\x15'
xortool_out/07253.out;b'ui\xa4\xbeK\xd0\x1al'
xortool_out/07254.out;b'ui\xa4\xbeK\xd0EP'
xortool_out/07255.out;b'ui\xa4\xbeK\xd0E\x15'
xortool_out/07256.out;b'ui\xa4\xbeK\xd0El'
xortool_out/07257.out;b'ui\xa4\xbeK\xd0IP'
xortool_out/07258.out;b'ui\xa4\xbeK\xd0I\x15'
xortool_out/07259.out;b'ui\xa4\xbeK\xd0Il'
xortool_out/07260.out;b'ui\xa4\xbeK\x81\x1bP'
xortool_out/07261.out;b'ui\xa4\xbeK\x81\x1b\x15'
xortool_out/07262.out;b'ui\xa4\xbeK\x81\x1bl'
xortool_out/07263.out;b'ui\xa4\xbeK\x81\x1aP'
xortool_out/07264.out;b'ui\xa4\xbeK\x81\x1a\x15'
xortool_out/07265.out;b'ui\xa4\xbeK\x81\x1al'
xortool_out/07266.out;b'ui\xa4\xbeK\x81EP'
xortool_out/07267.out;b'ui\xa4\xbeK\x81E\x15'
xortool_out/07268.out;b'ui\xa4\xbeK\x81El'
xortool_out/07269.out;b'ui\xa4\xbeK\x81IP'
xortool_out/07270.out;b'ui\xa4\xbeK\x81I\x15'
xortool_out/07271.out;b'ui\xa4\xbeK\x81Il'
xortool_out/07272.out;b'ui\xa4\xbeK\xc5\x1bP'
xortool_out/07273.out;b'ui\xa4\xbeK\xc5\x1b\x15'
xortool_out/07274.out;b'ui\xa4\xbeK\xc5\x1bl'
xortool_out/07275.out;b'ui\xa4\xbeK\xc5\x1aP'
xortool_out/07276.out;b'ui\xa4\xbeK\xc5\x1a\x15'
xortool_out/07277.out;b'ui\xa4\xbeK\xc5\x1al'
xortool_out/07278.out;b'ui\xa4\xbeK\xc5EP'
xortool_out/07279.out;b'ui\xa4\xbeK\xc5E\x15'
xortool_out/07280.out;b'ui\xa4\xbeK\xc5El'
xortool_out/07281.out;b'ui\xa4\xbeK\xc5IP'
xortool_out/07282.out;b'ui\xa4\xbeK\xc5I\x15'
xortool_out/07283.out;b'ui\xa4\xbeK\xc5Il'
xortool_out/07284.out;b'ui\xa4\xbeK\xcc\x1bP'
xortool_out/07285.out;b'ui\xa4\xbeK\xcc\x1b\x15'
xortool_out/07286.out;b'ui\xa4\xbeK\xcc\x1bl'
xortool_out/07287.out;b'ui\xa4\xbeK\xcc\x1aP'
xortool_out/07288.out;b'ui\xa4\xbeK\xcc\x1a\x15'
xortool_out/07289.out;b'ui\xa4\xbeK\xcc\x1al'
xortool_out/07290.out;b'ui\xa4\xbeK\xccEP'
xortool_out/07291.out;b'ui\xa4\xbeK\xccE\x15'
xortool_out/07292.out;b'ui\xa4\xbeK\xccEl'
xortool_out/07293.out;b'ui\xa4\xbeK\xccIP'
xortool_out/07294.out;b'ui\xa4\xbeK\xccI\x15'
xortool_out/07295.out;b'ui\xa4\xbeK\xccIl'
xortool_out/07296.out;b'ui\xa4\xfd[\xd0\x1bP'
xortool_out/07297.out;b'ui\xa4\xfd[\xd0\x1b\x15'
xortool_out/07298.out;b'ui\xa4\xfd[\xd0\x1bl'
xortool_out/07299.out;b'ui\xa4\xfd[\xd0\x1aP'
xortool_out/07300.out;b'ui\xa4\xfd[\xd0\x1a\x15'
xortool_out/07301.out;b'ui\xa4\xfd[\xd0\x1al'
xortool_out/07302.out;b'ui\xa4\xfd[\xd0EP'
xortool_out/07303.out;b'ui\xa4\xfd[\xd0E\x15'
xortool_out/07304.out;b'ui\xa4\xfd[\xd0El'
xortool_out/07305.out;b'ui\xa4\xfd[\xd0IP'
xortool_out/07306.out;b'ui\xa4\xfd[\xd0I\x15'
xortool_out/07307.out;b'ui\xa4\xfd[\xd0Il'
xortool_out/07308.out;b'ui\xa4\xfd[\x81\x1bP'
xortool_out/07309.out;b'ui\xa4\xfd[\x81\x1b\x15'
xortool_out/07310.out;b'ui\xa4\xfd[\x81\x1bl'
xortool_out/07311.out;b'ui\xa4\xfd[\x81\x1aP'
xortool_out/07312.out;b'ui\xa4\xfd[\x81\x1a\x15'
xortool_out/07313.out;b'ui\xa4\xfd[\x81\x1al'
xortool_out/07314.out;b'ui\xa4\xfd[\x81EP'
xortool_out/07315.out;b'ui\xa4\xfd[\x81E\x15'
xortool_out/07316.out;b'ui\xa4\xfd[\x81El'
xortool_out/07317.out;b'ui\xa4\xfd[\x81IP'
xortool_out/07318.out;b'ui\xa4\xfd[\x81I\x15'
xortool_out/07319.out;b'ui\xa4\xfd[\x81Il'
xortool_out/07320.out;b'ui\xa4\xfd[\xc5\x1bP'
xortool_out/07321.out;b'ui\xa4\xfd[\xc5\x1b\x15'
xortool_out/07322.out;b'ui\xa4\xfd[\xc5\x1bl'
xortool_out/07323.out;b'ui\xa4\xfd[\xc5\x1aP'
xortool_out/07324.out;b'ui\xa4\xfd[\xc5\x1a\x15'
xortool_out/07325.out;b'ui\xa4\xfd[\xc5\x1al'
xortool_out/07326.out;b'ui\xa4\xfd[\xc5EP'
xortool_out/07327.out;b'ui\xa4\xfd[\xc5E\x15'
xortool_out/07328.out;b'ui\xa4\xfd[\xc5El'
xortool_out/07329.out;b'ui\xa4\xfd[\xc5IP'
xortool_out/07330.out;b'ui\xa4\xfd[\xc5I\x15'
xortool_out/07331.out;b'ui\xa4\xfd[\xc5Il'
xortool_out/07332.out;b'ui\xa4\xfd[\xcc\x1bP'
xortool_out/07333.out;b'ui\xa4\xfd[\xcc\x1b\x15'
xortool_out/07334.out;b'ui\xa4\xfd[\xcc\x1bl'
xortool_out/07335.out;b'ui\xa4\xfd[\xcc\x1aP'
xortool_out/07336.out;b'ui\xa4\xfd[\xcc\x1a\x15'
xortool_out/07337.out;b'ui\xa4\xfd[\xcc\x1al'
xortool_out/07338.out;b'ui\xa4\xfd[\xccEP'
xortool_out/07339.out;b'ui\xa4\xfd[\xccE\x15'
xortool_out/07340.out;b'ui\xa4\xfd[\xccEl'
xortool_out/07341.out;b'ui\xa4\xfd[\xccIP'
xortool_out/07342.out;b'ui\xa4\xfd[\xccI\x15'
xortool_out/07343.out;b'ui\xa4\xfd[\xccIl'
xortool_out/07344.out;b'ui\xa4\xfdA\xd0\x1bP'
xortool_out/07345.out;b'ui\xa4\xfdA\xd0\x1b\x15'
xortool_out/07346.out;b'ui\xa4\xfdA\xd0\x1bl'
xortool_out/07347.out;b'ui\xa4\xfdA\xd0\x1aP'
xortool_out/07348.out;b'ui\xa4\xfdA\xd0\x1a\x15'
xortool_out/07349.out;b'ui\xa4\xfdA\xd0\x1al'
xortool_out/07350.out;b'ui\xa4\xfdA\xd0EP'
xortool_out/07351.out;b'ui\xa4\xfdA\xd0E\x15'
xortool_out/07352.out;b'ui\xa4\xfdA\xd0El'
xortool_out/07353.out;b'ui\xa4\xfdA\xd0IP'
xortool_out/07354.out;b'ui\xa4\xfdA\xd0I\x15'
xortool_out/07355.out;b'ui\xa4\xfdA\xd0Il'
xortool_out/07356.out;b'ui\xa4\xfdA\x81\x1bP'
xortool_out/07357.out;b'ui\xa4\xfdA\x81\x1b\x15'
xortool_out/07358.out;b'ui\xa4\xfdA\x81\x1bl'
xortool_out/07359.out;b'ui\xa4\xfdA\x81\x1aP'
xortool_out/07360.out;b'ui\xa4\xfdA\x81\x1a\x15'
xortool_out/07361.out;b'ui\xa4\xfdA\x81\x1al'
xortool_out/07362.out;b'ui\xa4\xfdA\x81EP'
xortool_out/07363.out;b'ui\xa4\xfdA\x81E\x15'
xortool_out/07364.out;b'ui\xa4\xfdA\x81El'
xortool_out/07365.out;b'ui\xa4\xfdA\x81IP'
xortool_out/07366.out;b'ui\xa4\xfdA\x81I\x15'
xortool_out/07367.out;b'ui\xa4\xfdA\x81Il'
xortool_out/07368.out;b'ui\xa4\xfdA\xc5\x1bP'
xortool_out/07369.out;b'ui\xa4\xfdA\xc5\x1b\x15'
xortool_out/07370.out;b'ui\xa4\xfdA\xc5\x1bl'
xortool_out/07371.out;b'ui\xa4\xfdA\xc5\x1aP'
xortool_out/07372.out;b'ui\xa4\xfdA\xc5\x1a\x15'
xortool_out/07373.out;b'ui\xa4\xfdA\xc5\x1al'
xortool_out/07374.out;b'ui\xa4\xfdA\xc5EP'
xortool_out/07375.out;b'ui\xa4\xfdA\xc5E\x15'
xortool_out/07376.out;b'ui\xa4\xfdA\xc5El'
xortool_out/07377.out;b'ui\xa4\xfdA\xc5IP'
xortool_out/07378.out;b'ui\xa4\xfdA\xc5I\x15'
xortool_out/07379.out;b'ui\xa4\xfdA\xc5Il'
xortool_out/07380.out;b'ui\xa4\xfdA\xcc\x1bP'
xortool_out/07381.out;b'ui\xa4\xfdA\xcc\x1b\x15'
xortool_out/07382.out;b'ui\xa4\xfdA\xcc\x1bl'
xortool_out/07383.out;b'ui\xa4\xfdA\xcc\x1aP'
xortool_out/07384.out;b'ui\xa4\xfdA\xcc\x1a\x15'
xortool_out/07385.out;b'ui\xa4\xfdA\xcc\x1al'
xortool_out/07386.out;b'ui\xa4\xfdA\xccEP'
xortool_out/07387.out;b'ui\xa4\xfdA\xccE\x15'
xortool_out/07388.out;b'ui\xa4\xfdA\xccEl'
xortool_out/07389.out;b'ui\xa4\xfdA\xccIP'
xortool_out/07390.out;b'ui\xa4\xfdA\xccI\x15'
xortool_out/07391.out;b'ui\xa4\xfdA\xccIl'
xortool_out/07392.out;b'ui\xa4\xfdv\xd0\x1bP'
xortool_out/07393.out;b'ui\xa4\xfdv\xd0\x1b\x15'
xortool_out/07394.out;b'ui\xa4\xfdv\xd0\x1bl'
xortool_out/07395.out;b'ui\xa4\xfdv\xd0\x1aP'
xortool_out/07396.out;b'ui\xa4\xfdv\xd0\x1a\x15'
xortool_out/07397.out;b'ui\xa4\xfdv\xd0\x1al'
xortool_out/07398.out;b'ui\xa4\xfdv\xd0EP'
xortool_out/07399.out;b'ui\xa4\xfdv\xd0E\x15'
xortool_out/07400.out;b'ui\xa4\xfdv\xd0El'
xortool_out/07401.out;b'ui\xa4\xfdv\xd0IP'
xortool_out/07402.out;b'ui\xa4\xfdv\xd0I\x15'
xortool_out/07403.out;b'ui\xa4\xfdv\xd0Il'
xortool_out/07404.out;b'ui\xa4\xfdv\x81\x1bP'
xortool_out/07405.out;b'ui\xa4\xfdv\x81\x1b\x15'
xortool_out/07406.out;b'ui\xa4\xfdv\x81\x1bl'
xortool_out/07407.out;b'ui\xa4\xfdv\x81\x1aP'
xortool_out/07408.out;b'ui\xa4\xfdv\x81\x1a\x15'
xortool_out/07409.out;b'ui\xa4\xfdv\x81\x1al'
xortool_out/07410.out;b'ui\xa4\xfdv\x81EP'
xortool_out/07411.out;b'ui\xa4\xfdv\x81E\x15'
xortool_out/07412.out;b'ui\xa4\xfdv\x81El'
xortool_out/07413.out;b'ui\xa4\xfdv\x81IP'
xortool_out/07414.out;b'ui\xa4\xfdv\x81I\x15'
xortool_out/07415.out;b'ui\xa4\xfdv\x81Il'
xortool_out/07416.out;b'ui\xa4\xfdv\xc5\x1bP'
xortool_out/07417.out;b'ui\xa4\xfdv\xc5\x1b\x15'
xortool_out/07418.out;b'ui\xa4\xfdv\xc5\x1bl'
xortool_out/07419.out;b'ui\xa4\xfdv\xc5\x1aP'
xortool_out/07420.out;b'ui\xa4\xfdv\xc5\x1a\x15'
xortool_out/07421.out;b'ui\xa4\xfdv\xc5\x1al'
xortool_out/07422.out;b'ui\xa4\xfdv\xc5EP'
xortool_out/07423.out;b'ui\xa4\xfdv\xc5E\x15'
xortool_out/07424.out;b'ui\xa4\xfdv\xc5El'
xortool_out/07425.out;b'ui\xa4\xfdv\xc5IP'
xortool_out/07426.out;b'ui\xa4\xfdv\xc5I\x15'
xortool_out/07427.out;b'ui\xa4\xfdv\xc5Il'
xortool_out/07428.out;b'ui\xa4\xfdv\xcc\x1bP'
xortool_out/07429.out;b'ui\xa4\xfdv\xcc\x1b\x15'
xortool_out/07430.out;b'ui\xa4\xfdv\xcc\x1bl'
xortool_out/07431.out;b'ui\xa4\xfdv\xcc\x1aP'
xortool_out/07432.out;b'ui\xa4\xfdv\xcc\x1a\x15'
xortool_out/07433.out;b'ui\xa4\xfdv\xcc\x1al'
xortool_out/07434.out;b'ui\xa4\xfdv\xccEP'
xortool_out/07435.out;b'ui\xa4\xfdv\xccE\x15'
xortool_out/07436.out;b'ui\xa4\xfdv\xccEl'
xortool_out/07437.out;b'ui\xa4\xfdv\xccIP'
xortool_out/07438.out;b'ui\xa4\xfdv\xccI\x15'
xortool_out/07439.out;b'ui\xa4\xfdv\xccIl'
xortool_out/07440.out;b'ui\xa4\xfdK\xd0\x1bP'
xortool_out/07441.out;b'ui\xa4\xfdK\xd0\x1b\x15'
xortool_out/07442.out;b'ui\xa4\xfdK\xd0\x1bl'
xortool_out/07443.out;b'ui\xa4\xfdK\xd0\x1aP'
xortool_out/07444.out;b'ui\xa4\xfdK\xd0\x1a\x15'
xortool_out/07445.out;b'ui\xa4\xfdK\xd0\x1al'
xortool_out/07446.out;b'ui\xa4\xfdK\xd0EP'
xortool_out/07447.out;b'ui\xa4\xfdK\xd0E\x15'
xortool_out/07448.out;b'ui\xa4\xfdK\xd0El'
xortool_out/07449.out;b'ui\xa4\xfdK\xd0IP'
xortool_out/07450.out;b'ui\xa4\xfdK\xd0I\x15'
xortool_out/07451.out;b'ui\xa4\xfdK\xd0Il'
xortool_out/07452.out;b'ui\xa4\xfdK\x81\x1bP'
xortool_out/07453.out;b'ui\xa4\xfdK\x81\x1b\x15'
xortool_out/07454.out;b'ui\xa4\xfdK\x81\x1bl'
xortool_out/07455.out;b'ui\xa4\xfdK\x81\x1aP'
xortool_out/07456.out;b'ui\xa4\xfdK\x81\x1a\x15'
xortool_out/07457.out;b'ui\xa4\xfdK\x81\x1al'
xortool_out/07458.out;b'ui\xa4\xfdK\x81EP'
xortool_out/07459.out;b'ui\xa4\xfdK\x81E\x15'
xortool_out/07460.out;b'ui\xa4\xfdK\x81El'
xortool_out/07461.out;b'ui\xa4\xfdK\x81IP'
xortool_out/07462.out;b'ui\xa4\xfdK\x81I\x15'
xortool_out/07463.out;b'ui\xa4\xfdK\x81Il'
xortool_out/07464.out;b'ui\xa4\xfdK\xc5\x1bP'
xortool_out/07465.out;b'ui\xa4\xfdK\xc5\x1b\x15'
xortool_out/07466.out;b'ui\xa4\xfdK\xc5\x1bl'
xortool_out/07467.out;b'ui\xa4\xfdK\xc5\x1aP'
xortool_out/07468.out;b'ui\xa4\xfdK\xc5\x1a\x15'
xortool_out/07469.out;b'ui\xa4\xfdK\xc5\x1al'
xortool_out/07470.out;b'ui\xa4\xfdK\xc5EP'
xortool_out/07471.out;b'ui\xa4\xfdK\xc5E\x15'
xortool_out/07472.out;b'ui\xa4\xfdK\xc5El'
xortool_out/07473.out;b'ui\xa4\xfdK\xc5IP'
xortool_out/07474.out;b'ui\xa4\xfdK\xc5I\x15'
xortool_out/07475.out;b'ui\xa4\xfdK\xc5Il'
xortool_out/07476.out;b'ui\xa4\xfdK\xcc\x1bP'
xortool_out/07477.out;b'ui\xa4\xfdK\xcc\x1b\x15'
xortool_out/07478.out;b'ui\xa4\xfdK\xcc\x1bl'
xortool_out/07479.out;b'ui\xa4\xfdK\xcc\x1aP'
xortool_out/07480.out;b'ui\xa4\xfdK\xcc\x1a\x15'
xortool_out/07481.out;b'ui\xa4\xfdK\xcc\x1al'
xortool_out/07482.out;b'ui\xa4\xfdK\xccEP'
xortool_out/07483.out;b'ui\xa4\xfdK\xccE\x15'
xortool_out/07484.out;b'ui\xa4\xfdK\xccEl'
xortool_out/07485.out;b'ui\xa4\xfdK\xccIP'
xortool_out/07486.out;b'ui\xa4\xfdK\xccI\x15'
xortool_out/07487.out;b'ui\xa4\xfdK\xccIl'
xortool_out/07488.out;b'ui\xa4\xfc[\xd0\x1bP'
xortool_out/07489.out;b'ui\xa4\xfc[\xd0\x1b\x15'
xortool_out/07490.out;b'ui\xa4\xfc[\xd0\x1bl'
xortool_out/07491.out;b'ui\xa4\xfc[\xd0\x1aP'
xortool_out/07492.out;b'ui\xa4\xfc[\xd0\x1a\x15'
xortool_out/07493.out;b'ui\xa4\xfc[\xd0\x1al'
xortool_out/07494.out;b'ui\xa4\xfc[\xd0EP'
xortool_out/07495.out;b'ui\xa4\xfc[\xd0E\x15'
xortool_out/07496.out;b'ui\xa4\xfc[\xd0El'
xortool_out/07497.out;b'ui\xa4\xfc[\xd0IP'
xortool_out/07498.out;b'ui\xa4\xfc[\xd0I\x15'
xortool_out/07499.out;b'ui\xa4\xfc[\xd0Il'
xortool_out/07500.out;b'ui\xa4\xfc[\x81\x1bP'
xortool_out/07501.out;b'ui\xa4\xfc[\x81\x1b\x15'
xortool_out/07502.out;b'ui\xa4\xfc[\x81\x1bl'
xortool_out/07503.out;b'ui\xa4\xfc[\x81\x1aP'
xortool_out/07504.out;b'ui\xa4\xfc[\x81\x1a\x15'
xortool_out/07505.out;b'ui\xa4\xfc[\x81\x1al'
xortool_out/07506.out;b'ui\xa4\xfc[\x81EP'
xortool_out/07507.out;b'ui\xa4\xfc[\x81E\x15'
xortool_out/07508.out;b'ui\xa4\xfc[\x81El'
xortool_out/07509.out;b'ui\xa4\xfc[\x81IP'
xortool_out/07510.out;b'ui\xa4\xfc[\x81I\x15'
xortool_out/07511.out;b'ui\xa4\xfc[\x81Il'
xortool_out/07512.out;b'ui\xa4\xfc[\xc5\x1bP'
xortool_out/07513.out;b'ui\xa4\xfc[\xc5\x1b\x15'
xortool_out/07514.out;b'ui\xa4\xfc[\xc5\x1bl'
xortool_out/07515.out;b'ui\xa4\xfc[\xc5\x1aP'
xortool_out/07516.out;b'ui\xa4\xfc[\xc5\x1a\x15'
xortool_out/07517.out;b'ui\xa4\xfc[\xc5\x1al'
xortool_out/07518.out;b'ui\xa4\xfc[\xc5EP'
xortool_out/07519.out;b'ui\xa4\xfc[\xc5E\x15'
xortool_out/07520.out;b'ui\xa4\xfc[\xc5El'
xortool_out/07521.out;b'ui\xa4\xfc[\xc5IP'
xortool_out/07522.out;b'ui\xa4\xfc[\xc5I\x15'
xortool_out/07523.out;b'ui\xa4\xfc[\xc5Il'
xortool_out/07524.out;b'ui\xa4\xfc[\xcc\x1bP'
xortool_out/07525.out;b'ui\xa4\xfc[\xcc\x1b\x15'
xortool_out/07526.out;b'ui\xa4\xfc[\xcc\x1bl'
xortool_out/07527.out;b'ui\xa4\xfc[\xcc\x1aP'
xortool_out/07528.out;b'ui\xa4\xfc[\xcc\x1a\x15'
xortool_out/07529.out;b'ui\xa4\xfc[\xcc\x1al'
xortool_out/07530.out;b'ui\xa4\xfc[\xccEP'
xortool_out/07531.out;b'ui\xa4\xfc[\xccE\x15'
xortool_out/07532.out;b'ui\xa4\xfc[\xccEl'
xortool_out/07533.out;b'ui\xa4\xfc[\xccIP'
xortool_out/07534.out;b'ui\xa4\xfc[\xccI\x15'
xortool_out/07535.out;b'ui\xa4\xfc[\xccIl'
xortool_out/07536.out;b'ui\xa4\xfcA\xd0\x1bP'
xortool_out/07537.out;b'ui\xa4\xfcA\xd0\x1b\x15'
xortool_out/07538.out;b'ui\xa4\xfcA\xd0\x1bl'
xortool_out/07539.out;b'ui\xa4\xfcA\xd0\x1aP'
xortool_out/07540.out;b'ui\xa4\xfcA\xd0\x1a\x15'
xortool_out/07541.out;b'ui\xa4\xfcA\xd0\x1al'
xortool_out/07542.out;b'ui\xa4\xfcA\xd0EP'
xortool_out/07543.out;b'ui\xa4\xfcA\xd0E\x15'
xortool_out/07544.out;b'ui\xa4\xfcA\xd0El'
xortool_out/07545.out;b'ui\xa4\xfcA\xd0IP'
xortool_out/07546.out;b'ui\xa4\xfcA\xd0I\x15'
xortool_out/07547.out;b'ui\xa4\xfcA\xd0Il'
xortool_out/07548.out;b'ui\xa4\xfcA\x81\x1bP'
xortool_out/07549.out;b'ui\xa4\xfcA\x81\x1b\x15'
xortool_out/07550.out;b'ui\xa4\xfcA\x81\x1bl'
xortool_out/07551.out;b'ui\xa4\xfcA\x81\x1aP'
xortool_out/07552.out;b'ui\xa4\xfcA\x81\x1a\x15'
xortool_out/07553.out;b'ui\xa4\xfcA\x81\x1al'
xortool_out/07554.out;b'ui\xa4\xfcA\x81EP'
xortool_out/07555.out;b'ui\xa4\xfcA\x81E\x15'
xortool_out/07556.out;b'ui\xa4\xfcA\x81El'
xortool_out/07557.out;b'ui\xa4\xfcA\x81IP'
xortool_out/07558.out;b'ui\xa4\xfcA\x81I\x15'
xortool_out/07559.out;b'ui\xa4\xfcA\x81Il'
xortool_out/07560.out;b'ui\xa4\xfcA\xc5\x1bP'
xortool_out/07561.out;b'ui\xa4\xfcA\xc5\x1b\x15'
xortool_out/07562.out;b'ui\xa4\xfcA\xc5\x1bl'
xortool_out/07563.out;b'ui\xa4\xfcA\xc5\x1aP'
xortool_out/07564.out;b'ui\xa4\xfcA\xc5\x1a\x15'
xortool_out/07565.out;b'ui\xa4\xfcA\xc5\x1al'
xortool_out/07566.out;b'ui\xa4\xfcA\xc5EP'
xortool_out/07567.out;b'ui\xa4\xfcA\xc5E\x15'
xortool_out/07568.out;b'ui\xa4\xfcA\xc5El'
xortool_out/07569.out;b'ui\xa4\xfcA\xc5IP'
xortool_out/07570.out;b'ui\xa4\xfcA\xc5I\x15'
xortool_out/07571.out;b'ui\xa4\xfcA\xc5Il'
xortool_out/07572.out;b'ui\xa4\xfcA\xcc\x1bP'
xortool_out/07573.out;b'ui\xa4\xfcA\xcc\x1b\x15'
xortool_out/07574.out;b'ui\xa4\xfcA\xcc\x1bl'
xortool_out/07575.out;b'ui\xa4\xfcA\xcc\x1aP'
xortool_out/07576.out;b'ui\xa4\xfcA\xcc\x1a\x15'
xortool_out/07577.out;b'ui\xa4\xfcA\xcc\x1al'
xortool_out/07578.out;b'ui\xa4\xfcA\xccEP'
xortool_out/07579.out;b'ui\xa4\xfcA\xccE\x15'
xortool_out/07580.out;b'ui\xa4\xfcA\xccEl'
xortool_out/07581.out;b'ui\xa4\xfcA\xccIP'
xortool_out/07582.out;b'ui\xa4\xfcA\xccI\x15'
xortool_out/07583.out;b'ui\xa4\xfcA\xccIl'
xortool_out/07584.out;b'ui\xa4\xfcv\xd0\x1bP'
xortool_out/07585.out;b'ui\xa4\xfcv\xd0\x1b\x15'
xortool_out/07586.out;b'ui\xa4\xfcv\xd0\x1bl'
xortool_out/07587.out;b'ui\xa4\xfcv\xd0\x1aP'
xortool_out/07588.out;b'ui\xa4\xfcv\xd0\x1a\x15'
xortool_out/07589.out;b'ui\xa4\xfcv\xd0\x1al'
xortool_out/07590.out;b'ui\xa4\xfcv\xd0EP'
xortool_out/07591.out;b'ui\xa4\xfcv\xd0E\x15'
xortool_out/07592.out;b'ui\xa4\xfcv\xd0El'
xortool_out/07593.out;b'ui\xa4\xfcv\xd0IP'
xortool_out/07594.out;b'ui\xa4\xfcv\xd0I\x15'
xortool_out/07595.out;b'ui\xa4\xfcv\xd0Il'
xortool_out/07596.out;b'ui\xa4\xfcv\x81\x1bP'
xortool_out/07597.out;b'ui\xa4\xfcv\x81\x1b\x15'
xortool_out/07598.out;b'ui\xa4\xfcv\x81\x1bl'
xortool_out/07599.out;b'ui\xa4\xfcv\x81\x1aP'
xortool_out/07600.out;b'ui\xa4\xfcv\x81\x1a\x15'
xortool_out/07601.out;b'ui\xa4\xfcv\x81\x1al'
xortool_out/07602.out;b'ui\xa4\xfcv\x81EP'
xortool_out/07603.out;b'ui\xa4\xfcv\x81E\x15'
xortool_out/07604.out;b'ui\xa4\xfcv\x81El'
xortool_out/07605.out;b'ui\xa4\xfcv\x81IP'
xortool_out/07606.out;b'ui\xa4\xfcv\x81I\x15'
xortool_out/07607.out;b'ui\xa4\xfcv\x81Il'
xortool_out/07608.out;b'ui\xa4\xfcv\xc5\x1bP'
xortool_out/07609.out;b'ui\xa4\xfcv\xc5\x1b\x15'
xortool_out/07610.out;b'ui\xa4\xfcv\xc5\x1bl'
xortool_out/07611.out;b'ui\xa4\xfcv\xc5\x1aP'
xortool_out/07612.out;b'ui\xa4\xfcv\xc5\x1a\x15'
xortool_out/07613.out;b'ui\xa4\xfcv\xc5\x1al'
xortool_out/07614.out;b'ui\xa4\xfcv\xc5EP'
xortool_out/07615.out;b'ui\xa4\xfcv\xc5E\x15'
xortool_out/07616.out;b'ui\xa4\xfcv\xc5El'
xortool_out/07617.out;b'ui\xa4\xfcv\xc5IP'
xortool_out/07618.out;b'ui\xa4\xfcv\xc5I\x15'
xortool_out/07619.out;b'ui\xa4\xfcv\xc5Il'
xortool_out/07620.out;b'ui\xa4\xfcv\xcc\x1bP'
xortool_out/07621.out;b'ui\xa4\xfcv\xcc\x1b\x15'
xortool_out/07622.out;b'ui\xa4\xfcv\xcc\x1bl'
xortool_out/07623.out;b'ui\xa4\xfcv\xcc\x1aP'
xortool_out/07624.out;b'ui\xa4\xfcv\xcc\x1a\x15'
xortool_out/07625.out;b'ui\xa4\xfcv\xcc\x1al'
xortool_out/07626.out;b'ui\xa4\xfcv\xccEP'
xortool_out/07627.out;b'ui\xa4\xfcv\xccE\x15'
xortool_out/07628.out;b'ui\xa4\xfcv\xccEl'
xortool_out/07629.out;b'ui\xa4\xfcv\xccIP'
xortool_out/07630.out;b'ui\xa4\xfcv\xccI\x15'
xortool_out/07631.out;b'ui\xa4\xfcv\xccIl'
xortool_out/07632.out;b'ui\xa4\xfcK\xd0\x1bP'
xortool_out/07633.out;b'ui\xa4\xfcK\xd0\x1b\x15'
xortool_out/07634.out;b'ui\xa4\xfcK\xd0\x1bl'
xortool_out/07635.out;b'ui\xa4\xfcK\xd0\x1aP'
xortool_out/07636.out;b'ui\xa4\xfcK\xd0\x1a\x15'
xortool_out/07637.out;b'ui\xa4\xfcK\xd0\x1al'
xortool_out/07638.out;b'ui\xa4\xfcK\xd0EP'
xortool_out/07639.out;b'ui\xa4\xfcK\xd0E\x15'
xortool_out/07640.out;b'ui\xa4\xfcK\xd0El'
xortool_out/07641.out;b'ui\xa4\xfcK\xd0IP'
xortool_out/07642.out;b'ui\xa4\xfcK\xd0I\x15'
xortool_out/07643.out;b'ui\xa4\xfcK\xd0Il'
xortool_out/07644.out;b'ui\xa4\xfcK\x81\x1bP'
xortool_out/07645.out;b'ui\xa4\xfcK\x81\x1b\x15'
xortool_out/07646.out;b'ui\xa4\xfcK\x81\x1bl'
xortool_out/07647.out;b'ui\xa4\xfcK\x81\x1aP'
xortool_out/07648.out;b'ui\xa4\xfcK\x81\x1a\x15'
xortool_out/07649.out;b'ui\xa4\xfcK\x81\x1al'
xortool_out/07650.out;b'ui\xa4\xfcK\x81EP'
xortool_out/07651.out;b'ui\xa4\xfcK\x81E\x15'
xortool_out/07652.out;b'ui\xa4\xfcK\x81El'
xortool_out/07653.out;b'ui\xa4\xfcK\x81IP'
xortool_out/07654.out;b'ui\xa4\xfcK\x81I\x15'
xortool_out/07655.out;b'ui\xa4\xfcK\x81Il'
xortool_out/07656.out;b'ui\xa4\xfcK\xc5\x1bP'
xortool_out/07657.out;b'ui\xa4\xfcK\xc5\x1b\x15'
xortool_out/07658.out;b'ui\xa4\xfcK\xc5\x1bl'
xortool_out/07659.out;b'ui\xa4\xfcK\xc5\x1aP'
xortool_out/07660.out;b'ui\xa4\xfcK\xc5\x1a\x15'
xortool_out/07661.out;b'ui\xa4\xfcK\xc5\x1al'
xortool_out/07662.out;b'ui\xa4\xfcK\xc5EP'
xortool_out/07663.out;b'ui\xa4\xfcK\xc5E\x15'
xortool_out/07664.out;b'ui\xa4\xfcK\xc5El'
xortool_out/07665.out;b'ui\xa4\xfcK\xc5IP'
xortool_out/07666.out;b'ui\xa4\xfcK\xc5I\x15'
xortool_out/07667.out;b'ui\xa4\xfcK\xc5Il'
xortool_out/07668.out;b'ui\xa4\xfcK\xcc\x1bP'
xortool_out/07669.out;b'ui\xa4\xfcK\xcc\x1b\x15'
xortool_out/07670.out;b'ui\xa4\xfcK\xcc\x1bl'
xortool_out/07671.out;b'ui\xa4\xfcK\xcc\x1aP'
xortool_out/07672.out;b'ui\xa4\xfcK\xcc\x1a\x15'
xortool_out/07673.out;b'ui\xa4\xfcK\xcc\x1al'
xortool_out/07674.out;b'ui\xa4\xfcK\xccEP'
xortool_out/07675.out;b'ui\xa4\xfcK\xccE\x15'
xortool_out/07676.out;b'ui\xa4\xfcK\xccEl'
xortool_out/07677.out;b'ui\xa4\xfcK\xccIP'
xortool_out/07678.out;b'ui\xa4\xfcK\xccI\x15'
xortool_out/07679.out;b'ui\xa4\xfcK\xccIl'
xortool_out/07680.out;b'ui\xe6\xfb[\xd0\x1bP'
xortool_out/07681.out;b'ui\xe6\xfb[\xd0\x1b\x15'
xortool_out/07682.out;b'ui\xe6\xfb[\xd0\x1bl'
xortool_out/07683.out;b'ui\xe6\xfb[\xd0\x1aP'
xortool_out/07684.out;b'ui\xe6\xfb[\xd0\x1a\x15'
xortool_out/07685.out;b'ui\xe6\xfb[\xd0\x1al'
xortool_out/07686.out;b'ui\xe6\xfb[\xd0EP'
xortool_out/07687.out;b'ui\xe6\xfb[\xd0E\x15'
xortool_out/07688.out;b'ui\xe6\xfb[\xd0El'
xortool_out/07689.out;b'ui\xe6\xfb[\xd0IP'
xortool_out/07690.out;b'ui\xe6\xfb[\xd0I\x15'
xortool_out/07691.out;b'ui\xe6\xfb[\xd0Il'
xortool_out/07692.out;b'ui\xe6\xfb[\x81\x1bP'
xortool_out/07693.out;b'ui\xe6\xfb[\x81\x1b\x15'
xortool_out/07694.out;b'ui\xe6\xfb[\x81\x1bl'
xortool_out/07695.out;b'ui\xe6\xfb[\x81\x1aP'
xortool_out/07696.out;b'ui\xe6\xfb[\x81\x1a\x15'
xortool_out/07697.out;b'ui\xe6\xfb[\x81\x1al'
xortool_out/07698.out;b'ui\xe6\xfb[\x81EP'
xortool_out/07699.out;b'ui\xe6\xfb[\x81E\x15'
xortool_out/07700.out;b'ui\xe6\xfb[\x81El'
xortool_out/07701.out;b'ui\xe6\xfb[\x81IP'
xortool_out/07702.out;b'ui\xe6\xfb[\x81I\x15'
xortool_out/07703.out;b'ui\xe6\xfb[\x81Il'
xortool_out/07704.out;b'ui\xe6\xfb[\xc5\x1bP'
xortool_out/07705.out;b'ui\xe6\xfb[\xc5\x1b\x15'
xortool_out/07706.out;b'ui\xe6\xfb[\xc5\x1bl'
xortool_out/07707.out;b'ui\xe6\xfb[\xc5\x1aP'
xortool_out/07708.out;b'ui\xe6\xfb[\xc5\x1a\x15'
xortool_out/07709.out;b'ui\xe6\xfb[\xc5\x1al'
xortool_out/07710.out;b'ui\xe6\xfb[\xc5EP'
xortool_out/07711.out;b'ui\xe6\xfb[\xc5E\x15'
xortool_out/07712.out;b'ui\xe6\xfb[\xc5El'
xortool_out/07713.out;b'ui\xe6\xfb[\xc5IP'
xortool_out/07714.out;b'ui\xe6\xfb[\xc5I\x15'
xortool_out/07715.out;b'ui\xe6\xfb[\xc5Il'
xortool_out/07716.out;b'ui\xe6\xfb[\xcc\x1bP'
xortool_out/07717.out;b'ui\xe6\xfb[\xcc\x1b\x15'
xortool_out/07718.out;b'ui\xe6\xfb[\xcc\x1bl'
xortool_out/07719.out;b'ui\xe6\xfb[\xcc\x1aP'
xortool_out/07720.out;b'ui\xe6\xfb[\xcc\x1a\x15'
xortool_out/07721.out;b'ui\xe6\xfb[\xcc\x1al'
xortool_out/07722.out;b'ui\xe6\xfb[\xccEP'
xortool_out/07723.out;b'ui\xe6\xfb[\xccE\x15'
xortool_out/07724.out;b'ui\xe6\xfb[\xccEl'
xortool_out/07725.out;b'ui\xe6\xfb[\xccIP'
xortool_out/07726.out;b'ui\xe6\xfb[\xccI\x15'
xortool_out/07727.out;b'ui\xe6\xfb[\xccIl'
xortool_out/07728.out;b'ui\xe6\xfbA\xd0\x1bP'
xortool_out/07729.out;b'ui\xe6\xfbA\xd0\x1b\x15'
xortool_out/07730.out;b'ui\xe6\xfbA\xd0\x1bl'
xortool_out/07731.out;b'ui\xe6\xfbA\xd0\x1aP'
xortool_out/07732.out;b'ui\xe6\xfbA\xd0\x1a\x15'
xortool_out/07733.out;b'ui\xe6\xfbA\xd0\x1al'
xortool_out/07734.out;b'ui\xe6\xfbA\xd0EP'
xortool_out/07735.out;b'ui\xe6\xfbA\xd0E\x15'
xortool_out/07736.out;b'ui\xe6\xfbA\xd0El'
xortool_out/07737.out;b'ui\xe6\xfbA\xd0IP'
xortool_out/07738.out;b'ui\xe6\xfbA\xd0I\x15'
xortool_out/07739.out;b'ui\xe6\xfbA\xd0Il'
xortool_out/07740.out;b'ui\xe6\xfbA\x81\x1bP'
xortool_out/07741.out;b'ui\xe6\xfbA\x81\x1b\x15'
xortool_out/07742.out;b'ui\xe6\xfbA\x81\x1bl'
xortool_out/07743.out;b'ui\xe6\xfbA\x81\x1aP'
xortool_out/07744.out;b'ui\xe6\xfbA\x81\x1a\x15'
xortool_out/07745.out;b'ui\xe6\xfbA\x81\x1al'
xortool_out/07746.out;b'ui\xe6\xfbA\x81EP'
xortool_out/07747.out;b'ui\xe6\xfbA\x81E\x15'
xortool_out/07748.out;b'ui\xe6\xfbA\x81El'
xortool_out/07749.out;b'ui\xe6\xfbA\x81IP'
xortool_out/07750.out;b'ui\xe6\xfbA\x81I\x15'
xortool_out/07751.out;b'ui\xe6\xfbA\x81Il'
xortool_out/07752.out;b'ui\xe6\xfbA\xc5\x1bP'
xortool_out/07753.out;b'ui\xe6\xfbA\xc5\x1b\x15'
xortool_out/07754.out;b'ui\xe6\xfbA\xc5\x1bl'
xortool_out/07755.out;b'ui\xe6\xfbA\xc5\x1aP'
xortool_out/07756.out;b'ui\xe6\xfbA\xc5\x1a\x15'
xortool_out/07757.out;b'ui\xe6\xfbA\xc5\x1al'
xortool_out/07758.out;b'ui\xe6\xfbA\xc5EP'
xortool_out/07759.out;b'ui\xe6\xfbA\xc5E\x15'
xortool_out/07760.out;b'ui\xe6\xfbA\xc5El'
xortool_out/07761.out;b'ui\xe6\xfbA\xc5IP'
xortool_out/07762.out;b'ui\xe6\xfbA\xc5I\x15'
xortool_out/07763.out;b'ui\xe6\xfbA\xc5Il'
xortool_out/07764.out;b'ui\xe6\xfbA\xcc\x1bP'
xortool_out/07765.out;b'ui\xe6\xfbA\xcc\x1b\x15'
xortool_out/07766.out;b'ui\xe6\xfbA\xcc\x1bl'
xortool_out/07767.out;b'ui\xe6\xfbA\xcc\x1aP'
xortool_out/07768.out;b'ui\xe6\xfbA\xcc\x1a\x15'
xortool_out/07769.out;b'ui\xe6\xfbA\xcc\x1al'
xortool_out/07770.out;b'ui\xe6\xfbA\xccEP'
xortool_out/07771.out;b'ui\xe6\xfbA\xccE\x15'
xortool_out/07772.out;b'ui\xe6\xfbA\xccEl'
xortool_out/07773.out;b'ui\xe6\xfbA\xccIP'
xortool_out/07774.out;b'ui\xe6\xfbA\xccI\x15'
xortool_out/07775.out;b'ui\xe6\xfbA\xccIl'
xortool_out/07776.out;b'ui\xe6\xfbv\xd0\x1bP'
xortool_out/07777.out;b'ui\xe6\xfbv\xd0\x1b\x15'
xortool_out/07778.out;b'ui\xe6\xfbv\xd0\x1bl'
xortool_out/07779.out;b'ui\xe6\xfbv\xd0\x1aP'
xortool_out/07780.out;b'ui\xe6\xfbv\xd0\x1a\x15'
xortool_out/07781.out;b'ui\xe6\xfbv\xd0\x1al'
xortool_out/07782.out;b'ui\xe6\xfbv\xd0EP'
xortool_out/07783.out;b'ui\xe6\xfbv\xd0E\x15'
xortool_out/07784.out;b'ui\xe6\xfbv\xd0El'
xortool_out/07785.out;b'ui\xe6\xfbv\xd0IP'
xortool_out/07786.out;b'ui\xe6\xfbv\xd0I\x15'
xortool_out/07787.out;b'ui\xe6\xfbv\xd0Il'
xortool_out/07788.out;b'ui\xe6\xfbv\x81\x1bP'
xortool_out/07789.out;b'ui\xe6\xfbv\x81\x1b\x15'
xortool_out/07790.out;b'ui\xe6\xfbv\x81\x1bl'
xortool_out/07791.out;b'ui\xe6\xfbv\x81\x1aP'
xortool_out/07792.out;b'ui\xe6\xfbv\x81\x1a\x15'
xortool_out/07793.out;b'ui\xe6\xfbv\x81\x1al'
xortool_out/07794.out;b'ui\xe6\xfbv\x81EP'
xortool_out/07795.out;b'ui\xe6\xfbv\x81E\x15'
xortool_out/07796.out;b'ui\xe6\xfbv\x81El'
xortool_out/07797.out;b'ui\xe6\xfbv\x81IP'
xortool_out/07798.out;b'ui\xe6\xfbv\x81I\x15'
xortool_out/07799.out;b'ui\xe6\xfbv\x81Il'
xortool_out/07800.out;b'ui\xe6\xfbv\xc5\x1bP'
xortool_out/07801.out;b'ui\xe6\xfbv\xc5\x1b\x15'
xortool_out/07802.out;b'ui\xe6\xfbv\xc5\x1bl'
xortool_out/07803.out;b'ui\xe6\xfbv\xc5\x1aP'
xortool_out/07804.out;b'ui\xe6\xfbv\xc5\x1a\x15'
xortool_out/07805.out;b'ui\xe6\xfbv\xc5\x1al'
xortool_out/07806.out;b'ui\xe6\xfbv\xc5EP'
xortool_out/07807.out;b'ui\xe6\xfbv\xc5E\x15'
xortool_out/07808.out;b'ui\xe6\xfbv\xc5El'
xortool_out/07809.out;b'ui\xe6\xfbv\xc5IP'
xortool_out/07810.out;b'ui\xe6\xfbv\xc5I\x15'
xortool_out/07811.out;b'ui\xe6\xfbv\xc5Il'
xortool_out/07812.out;b'ui\xe6\xfbv\xcc\x1bP'
xortool_out/07813.out;b'ui\xe6\xfbv\xcc\x1b\x15'
xortool_out/07814.out;b'ui\xe6\xfbv\xcc\x1bl'
xortool_out/07815.out;b'ui\xe6\xfbv\xcc\x1aP'
xortool_out/07816.out;b'ui\xe6\xfbv\xcc\x1a\x15'
xortool_out/07817.out;b'ui\xe6\xfbv\xcc\x1al'
xortool_out/07818.out;b'ui\xe6\xfbv\xccEP'
xortool_out/07819.out;b'ui\xe6\xfbv\xccE\x15'
xortool_out/07820.out;b'ui\xe6\xfbv\xccEl'
xortool_out/07821.out;b'ui\xe6\xfbv\xccIP'
xortool_out/07822.out;b'ui\xe6\xfbv\xccI\x15'
xortool_out/07823.out;b'ui\xe6\xfbv\xccIl'
xortool_out/07824.out;b'ui\xe6\xfbK\xd0\x1bP'
xortool_out/07825.out;b'ui\xe6\xfbK\xd0\x1b\x15'
xortool_out/07826.out;b'ui\xe6\xfbK\xd0\x1bl'
xortool_out/07827.out;b'ui\xe6\xfbK\xd0\x1aP'
xortool_out/07828.out;b'ui\xe6\xfbK\xd0\x1a\x15'
xortool_out/07829.out;b'ui\xe6\xfbK\xd0\x1al'
xortool_out/07830.out;b'ui\xe6\xfbK\xd0EP'
xortool_out/07831.out;b'ui\xe6\xfbK\xd0E\x15'
xortool_out/07832.out;b'ui\xe6\xfbK\xd0El'
xortool_out/07833.out;b'ui\xe6\xfbK\xd0IP'
xortool_out/07834.out;b'ui\xe6\xfbK\xd0I\x15'
xortool_out/07835.out;b'ui\xe6\xfbK\xd0Il'
xortool_out/07836.out;b'ui\xe6\xfbK\x81\x1bP'
xortool_out/07837.out;b'ui\xe6\xfbK\x81\x1b\x15'
xortool_out/07838.out;b'ui\xe6\xfbK\x81\x1bl'
xortool_out/07839.out;b'ui\xe6\xfbK\x81\x1aP'
xortool_out/07840.out;b'ui\xe6\xfbK\x81\x1a\x15'
xortool_out/07841.out;b'ui\xe6\xfbK\x81\x1al'
xortool_out/07842.out;b'ui\xe6\xfbK\x81EP'
xortool_out/07843.out;b'ui\xe6\xfbK\x81E\x15'
xortool_out/07844.out;b'ui\xe6\xfbK\x81El'
xortool_out/07845.out;b'ui\xe6\xfbK\x81IP'
xortool_out/07846.out;b'ui\xe6\xfbK\x81I\x15'
xortool_out/07847.out;b'ui\xe6\xfbK\x81Il'
xortool_out/07848.out;b'ui\xe6\xfbK\xc5\x1bP'
xortool_out/07849.out;b'ui\xe6\xfbK\xc5\x1b\x15'
xortool_out/07850.out;b'ui\xe6\xfbK\xc5\x1bl'
xortool_out/07851.out;b'ui\xe6\xfbK\xc5\x1aP'
xortool_out/07852.out;b'ui\xe6\xfbK\xc5\x1a\x15'
xortool_out/07853.out;b'ui\xe6\xfbK\xc5\x1al'
xortool_out/07854.out;b'ui\xe6\xfbK\xc5EP'
xortool_out/07855.out;b'ui\xe6\xfbK\xc5E\x15'
xortool_out/07856.out;b'ui\xe6\xfbK\xc5El'
xortool_out/07857.out;b'ui\xe6\xfbK\xc5IP'
xortool_out/07858.out;b'ui\xe6\xfbK\xc5I\x15'
xortool_out/07859.out;b'ui\xe6\xfbK\xc5Il'
xortool_out/07860.out;b'ui\xe6\xfbK\xcc\x1bP'
xortool_out/07861.out;b'ui\xe6\xfbK\xcc\x1b\x15'
xortool_out/07862.out;b'ui\xe6\xfbK\xcc\x1bl'
xortool_out/07863.out;b'ui\xe6\xfbK\xcc\x1aP'
xortool_out/07864.out;b'ui\xe6\xfbK\xcc\x1a\x15'
xortool_out/07865.out;b'ui\xe6\xfbK\xcc\x1al'
xortool_out/07866.out;b'ui\xe6\xfbK\xccEP'
xortool_out/07867.out;b'ui\xe6\xfbK\xccE\x15'
xortool_out/07868.out;b'ui\xe6\xfbK\xccEl'
xortool_out/07869.out;b'ui\xe6\xfbK\xccIP'
xortool_out/07870.out;b'ui\xe6\xfbK\xccI\x15'
xortool_out/07871.out;b'ui\xe6\xfbK\xccIl'
xortool_out/07872.out;b'ui\xe6\xbe[\xd0\x1bP'
xortool_out/07873.out;b'ui\xe6\xbe[\xd0\x1b\x15'
xortool_out/07874.out;b'ui\xe6\xbe[\xd0\x1bl'
xortool_out/07875.out;b'ui\xe6\xbe[\xd0\x1aP'
xortool_out/07876.out;b'ui\xe6\xbe[\xd0\x1a\x15'
xortool_out/07877.out;b'ui\xe6\xbe[\xd0\x1al'
xortool_out/07878.out;b'ui\xe6\xbe[\xd0EP'
xortool_out/07879.out;b'ui\xe6\xbe[\xd0E\x15'
xortool_out/07880.out;b'ui\xe6\xbe[\xd0El'
xortool_out/07881.out;b'ui\xe6\xbe[\xd0IP'
xortool_out/07882.out;b'ui\xe6\xbe[\xd0I\x15'
xortool_out/07883.out;b'ui\xe6\xbe[\xd0Il'
xortool_out/07884.out;b'ui\xe6\xbe[\x81\x1bP'
xortool_out/07885.out;b'ui\xe6\xbe[\x81\x1b\x15'
xortool_out/07886.out;b'ui\xe6\xbe[\x81\x1bl'
xortool_out/07887.out;b'ui\xe6\xbe[\x81\x1aP'
xortool_out/07888.out;b'ui\xe6\xbe[\x81\x1a\x15'
xortool_out/07889.out;b'ui\xe6\xbe[\x81\x1al'
xortool_out/07890.out;b'ui\xe6\xbe[\x81EP'
xortool_out/07891.out;b'ui\xe6\xbe[\x81E\x15'
xortool_out/07892.out;b'ui\xe6\xbe[\x81El'
xortool_out/07893.out;b'ui\xe6\xbe[\x81IP'
xortool_out/07894.out;b'ui\xe6\xbe[\x81I\x15'
xortool_out/07895.out;b'ui\xe6\xbe[\x81Il'
xortool_out/07896.out;b'ui\xe6\xbe[\xc5\x1bP'
xortool_out/07897.out;b'ui\xe6\xbe[\xc5\x1b\x15'
xortool_out/07898.out;b'ui\xe6\xbe[\xc5\x1bl'
xortool_out/07899.out;b'ui\xe6\xbe[\xc5\x1aP'
xortool_out/07900.out;b'ui\xe6\xbe[\xc5\x1a\x15'
xortool_out/07901.out;b'ui\xe6\xbe[\xc5\x1al'
xortool_out/07902.out;b'ui\xe6\xbe[\xc5EP'
xortool_out/07903.out;b'ui\xe6\xbe[\xc5E\x15'
xortool_out/07904.out;b'ui\xe6\xbe[\xc5El'
xortool_out/07905.out;b'ui\xe6\xbe[\xc5IP'
xortool_out/07906.out;b'ui\xe6\xbe[\xc5I\x15'
xortool_out/07907.out;b'ui\xe6\xbe[\xc5Il'
xortool_out/07908.out;b'ui\xe6\xbe[\xcc\x1bP'
xortool_out/07909.out;b'ui\xe6\xbe[\xcc\x1b\x15'
xortool_out/07910.out;b'ui\xe6\xbe[\xcc\x1bl'
xortool_out/07911.out;b'ui\xe6\xbe[\xcc\x1aP'
xortool_out/07912.out;b'ui\xe6\xbe[\xcc\x1a\x15'
xortool_out/07913.out;b'ui\xe6\xbe[\xcc\x1al'
xortool_out/07914.out;b'ui\xe6\xbe[\xccEP'
xortool_out/07915.out;b'ui\xe6\xbe[\xccE\x15'
xortool_out/07916.out;b'ui\xe6\xbe[\xccEl'
xortool_out/07917.out;b'ui\xe6\xbe[\xccIP'
xortool_out/07918.out;b'ui\xe6\xbe[\xccI\x15'
xortool_out/07919.out;b'ui\xe6\xbe[\xccIl'
xortool_out/07920.out;b'ui\xe6\xbeA\xd0\x1bP'
xortool_out/07921.out;b'ui\xe6\xbeA\xd0\x1b\x15'
xortool_out/07922.out;b'ui\xe6\xbeA\xd0\x1bl'
xortool_out/07923.out;b'ui\xe6\xbeA\xd0\x1aP'
xortool_out/07924.out;b'ui\xe6\xbeA\xd0\x1a\x15'
xortool_out/07925.out;b'ui\xe6\xbeA\xd0\x1al'
xortool_out/07926.out;b'ui\xe6\xbeA\xd0EP'
xortool_out/07927.out;b'ui\xe6\xbeA\xd0E\x15'
xortool_out/07928.out;b'ui\xe6\xbeA\xd0El'
xortool_out/07929.out;b'ui\xe6\xbeA\xd0IP'
xortool_out/07930.out;b'ui\xe6\xbeA\xd0I\x15'
xortool_out/07931.out;b'ui\xe6\xbeA\xd0Il'
xortool_out/07932.out;b'ui\xe6\xbeA\x81\x1bP'
xortool_out/07933.out;b'ui\xe6\xbeA\x81\x1b\x15'
xortool_out/07934.out;b'ui\xe6\xbeA\x81\x1bl'
xortool_out/07935.out;b'ui\xe6\xbeA\x81\x1aP'
xortool_out/07936.out;b'ui\xe6\xbeA\x81\x1a\x15'
xortool_out/07937.out;b'ui\xe6\xbeA\x81\x1al'
xortool_out/07938.out;b'ui\xe6\xbeA\x81EP'
xortool_out/07939.out;b'ui\xe6\xbeA\x81E\x15'
xortool_out/07940.out;b'ui\xe6\xbeA\x81El'
xortool_out/07941.out;b'ui\xe6\xbeA\x81IP'
xortool_out/07942.out;b'ui\xe6\xbeA\x81I\x15'
xortool_out/07943.out;b'ui\xe6\xbeA\x81Il'
xortool_out/07944.out;b'ui\xe6\xbeA\xc5\x1bP'
xortool_out/07945.out;b'ui\xe6\xbeA\xc5\x1b\x15'
xortool_out/07946.out;b'ui\xe6\xbeA\xc5\x1bl'
xortool_out/07947.out;b'ui\xe6\xbeA\xc5\x1aP'
xortool_out/07948.out;b'ui\xe6\xbeA\xc5\x1a\x15'
xortool_out/07949.out;b'ui\xe6\xbeA\xc5\x1al'
xortool_out/07950.out;b'ui\xe6\xbeA\xc5EP'
xortool_out/07951.out;b'ui\xe6\xbeA\xc5E\x15'
xortool_out/07952.out;b'ui\xe6\xbeA\xc5El'
xortool_out/07953.out;b'ui\xe6\xbeA\xc5IP'
xortool_out/07954.out;b'ui\xe6\xbeA\xc5I\x15'
xortool_out/07955.out;b'ui\xe6\xbeA\xc5Il'
xortool_out/07956.out;b'ui\xe6\xbeA\xcc\x1bP'
xortool_out/07957.out;b'ui\xe6\xbeA\xcc\x1b\x15'
xortool_out/07958.out;b'ui\xe6\xbeA\xcc\x1bl'
xortool_out/07959.out;b'ui\xe6\xbeA\xcc\x1aP'
xortool_out/07960.out;b'ui\xe6\xbeA\xcc\x1a\x15'
xortool_out/07961.out;b'ui\xe6\xbeA\xcc\x1al'
xortool_out/07962.out;b'ui\xe6\xbeA\xccEP'
xortool_out/07963.out;b'ui\xe6\xbeA\xccE\x15'
xortool_out/07964.out;b'ui\xe6\xbeA\xccEl'
xortool_out/07965.out;b'ui\xe6\xbeA\xccIP'
xortool_out/07966.out;b'ui\xe6\xbeA\xccI\x15'
xortool_out/07967.out;b'ui\xe6\xbeA\xccIl'
xortool_out/07968.out;b'ui\xe6\xbev\xd0\x1bP'
xortool_out/07969.out;b'ui\xe6\xbev\xd0\x1b\x15'
xortool_out/07970.out;b'ui\xe6\xbev\xd0\x1bl'
xortool_out/07971.out;b'ui\xe6\xbev\xd0\x1aP'
xortool_out/07972.out;b'ui\xe6\xbev\xd0\x1a\x15'
xortool_out/07973.out;b'ui\xe6\xbev\xd0\x1al'
xortool_out/07974.out;b'ui\xe6\xbev\xd0EP'
xortool_out/07975.out;b'ui\xe6\xbev\xd0E\x15'
xortool_out/07976.out;b'ui\xe6\xbev\xd0El'
xortool_out/07977.out;b'ui\xe6\xbev\xd0IP'
xortool_out/07978.out;b'ui\xe6\xbev\xd0I\x15'
xortool_out/07979.out;b'ui\xe6\xbev\xd0Il'
xortool_out/07980.out;b'ui\xe6\xbev\x81\x1bP'
xortool_out/07981.out;b'ui\xe6\xbev\x81\x1b\x15'
xortool_out/07982.out;b'ui\xe6\xbev\x81\x1bl'
xortool_out/07983.out;b'ui\xe6\xbev\x81\x1aP'
xortool_out/07984.out;b'ui\xe6\xbev\x81\x1a\x15'
xortool_out/07985.out;b'ui\xe6\xbev\x81\x1al'
xortool_out/07986.out;b'ui\xe6\xbev\x81EP'
xortool_out/07987.out;b'ui\xe6\xbev\x81E\x15'
xortool_out/07988.out;b'ui\xe6\xbev\x81El'
xortool_out/07989.out;b'ui\xe6\xbev\x81IP'
xortool_out/07990.out;b'ui\xe6\xbev\x81I\x15'
xortool_out/07991.out;b'ui\xe6\xbev\x81Il'
xortool_out/07992.out;b'ui\xe6\xbev\xc5\x1bP'
xortool_out/07993.out;b'ui\xe6\xbev\xc5\x1b\x15'
xortool_out/07994.out;b'ui\xe6\xbev\xc5\x1bl'
xortool_out/07995.out;b'ui\xe6\xbev\xc5\x1aP'
xortool_out/07996.out;b'ui\xe6\xbev\xc5\x1a\x15'
xortool_out/07997.out;b'ui\xe6\xbev\xc5\x1al'
xortool_out/07998.out;b'ui\xe6\xbev\xc5EP'
xortool_out/07999.out;b'ui\xe6\xbev\xc5E\x15'
xortool_out/08000.out;b'ui\xe6\xbev\xc5El'
xortool_out/08001.out;b'ui\xe6\xbev\xc5IP'
xortool_out/08002.out;b'ui\xe6\xbev\xc5I\x15'
xortool_out/08003.out;b'ui\xe6\xbev\xc5Il'
xortool_out/08004.out;b'ui\xe6\xbev\xcc\x1bP'
xortool_out/08005.out;b'ui\xe6\xbev\xcc\x1b\x15'
xortool_out/08006.out;b'ui\xe6\xbev\xcc\x1bl'
xortool_out/08007.out;b'ui\xe6\xbev\xcc\x1aP'
xortool_out/08008.out;b'ui\xe6\xbev\xcc\x1a\x15'
xortool_out/08009.out;b'ui\xe6\xbev\xcc\x1al'
xortool_out/08010.out;b'ui\xe6\xbev\xccEP'
xortool_out/08011.out;b'ui\xe6\xbev\xccE\x15'
xortool_out/08012.out;b'ui\xe6\xbev\xccEl'
xortool_out/08013.out;b'ui\xe6\xbev\xccIP'
xortool_out/08014.out;b'ui\xe6\xbev\xccI\x15'
xortool_out/08015.out;b'ui\xe6\xbev\xccIl'
xortool_out/08016.out;b'ui\xe6\xbeK\xd0\x1bP'
xortool_out/08017.out;b'ui\xe6\xbeK\xd0\x1b\x15'
xortool_out/08018.out;b'ui\xe6\xbeK\xd0\x1bl'
xortool_out/08019.out;b'ui\xe6\xbeK\xd0\x1aP'
xortool_out/08020.out;b'ui\xe6\xbeK\xd0\x1a\x15'
xortool_out/08021.out;b'ui\xe6\xbeK\xd0\x1al'
xortool_out/08022.out;b'ui\xe6\xbeK\xd0EP'
xortool_out/08023.out;b'ui\xe6\xbeK\xd0E\x15'
xortool_out/08024.out;b'ui\xe6\xbeK\xd0El'
xortool_out/08025.out;b'ui\xe6\xbeK\xd0IP'
xortool_out/08026.out;b'ui\xe6\xbeK\xd0I\x15'
xortool_out/08027.out;b'ui\xe6\xbeK\xd0Il'
xortool_out/08028.out;b'ui\xe6\xbeK\x81\x1bP'
xortool_out/08029.out;b'ui\xe6\xbeK\x81\x1b\x15'
xortool_out/08030.out;b'ui\xe6\xbeK\x81\x1bl'
xortool_out/08031.out;b'ui\xe6\xbeK\x81\x1aP'
xortool_out/08032.out;b'ui\xe6\xbeK\x81\x1a\x15'
xortool_out/08033.out;b'ui\xe6\xbeK\x81\x1al'
xortool_out/08034.out;b'ui\xe6\xbeK\x81EP'
xortool_out/08035.out;b'ui\xe6\xbeK\x81E\x15'
xortool_out/08036.out;b'ui\xe6\xbeK\x81El'
xortool_out/08037.out;b'ui\xe6\xbeK\x81IP'
xortool_out/08038.out;b'ui\xe6\xbeK\x81I\x15'
xortool_out/08039.out;b'ui\xe6\xbeK\x81Il'
xortool_out/08040.out;b'ui\xe6\xbeK\xc5\x1bP'
xortool_out/08041.out;b'ui\xe6\xbeK\xc5\x1b\x15'
xortool_out/08042.out;b'ui\xe6\xbeK\xc5\x1bl'
xortool_out/08043.out;b'ui\xe6\xbeK\xc5\x1aP'
xortool_out/08044.out;b'ui\xe6\xbeK\xc5\x1a\x15'
xortool_out/08045.out;b'ui\xe6\xbeK\xc5\x1al'
xortool_out/08046.out;b'ui\xe6\xbeK\xc5EP'
xortool_out/08047.out;b'ui\xe6\xbeK\xc5E\x15'
xortool_out/08048.out;b'ui\xe6\xbeK\xc5El'
xortool_out/08049.out;b'ui\xe6\xbeK\xc5IP'
xortool_out/08050.out;b'ui\xe6\xbeK\xc5I\x15'
xortool_out/08051.out;b'ui\xe6\xbeK\xc5Il'
xortool_out/08052.out;b'ui\xe6\xbeK\xcc\x1bP'
xortool_out/08053.out;b'ui\xe6\xbeK\xcc\x1b\x15'
xortool_out/08054.out;b'ui\xe6\xbeK\xcc\x1bl'
xortool_out/08055.out;b'ui\xe6\xbeK\xcc\x1aP'
xortool_out/08056.out;b'ui\xe6\xbeK\xcc\x1a\x15'
xortool_out/08057.out;b'ui\xe6\xbeK\xcc\x1al'
xortool_out/08058.out;b'ui\xe6\xbeK\xccEP'
xortool_out/08059.out;b'ui\xe6\xbeK\xccE\x15'
xortool_out/08060.out;b'ui\xe6\xbeK\xccEl'
xortool_out/08061.out;b'ui\xe6\xbeK\xccIP'
xortool_out/08062.out;b'ui\xe6\xbeK\xccI\x15'
xortool_out/08063.out;b'ui\xe6\xbeK\xccIl'
xortool_out/08064.out;b'ui\xe6\xfd[\xd0\x1bP'
xortool_out/08065.out;b'ui\xe6\xfd[\xd0\x1b\x15'
xortool_out/08066.out;b'ui\xe6\xfd[\xd0\x1bl'
xortool_out/08067.out;b'ui\xe6\xfd[\xd0\x1aP'
xortool_out/08068.out;b'ui\xe6\xfd[\xd0\x1a\x15'
xortool_out/08069.out;b'ui\xe6\xfd[\xd0\x1al'
xortool_out/08070.out;b'ui\xe6\xfd[\xd0EP'
xortool_out/08071.out;b'ui\xe6\xfd[\xd0E\x15'
xortool_out/08072.out;b'ui\xe6\xfd[\xd0El'
xortool_out/08073.out;b'ui\xe6\xfd[\xd0IP'
xortool_out/08074.out;b'ui\xe6\xfd[\xd0I\x15'
xortool_out/08075.out;b'ui\xe6\xfd[\xd0Il'
xortool_out/08076.out;b'ui\xe6\xfd[\x81\x1bP'
xortool_out/08077.out;b'ui\xe6\xfd[\x81\x1b\x15'
xortool_out/08078.out;b'ui\xe6\xfd[\x81\x1bl'
xortool_out/08079.out;b'ui\xe6\xfd[\x81\x1aP'
xortool_out/08080.out;b'ui\xe6\xfd[\x81\x1a\x15'
xortool_out/08081.out;b'ui\xe6\xfd[\x81\x1al'
xortool_out/08082.out;b'ui\xe6\xfd[\x81EP'
xortool_out/08083.out;b'ui\xe6\xfd[\x81E\x15'
xortool_out/08084.out;b'ui\xe6\xfd[\x81El'
xortool_out/08085.out;b'ui\xe6\xfd[\x81IP'
xortool_out/08086.out;b'ui\xe6\xfd[\x81I\x15'
xortool_out/08087.out;b'ui\xe6\xfd[\x81Il'
xortool_out/08088.out;b'ui\xe6\xfd[\xc5\x1bP'
xortool_out/08089.out;b'ui\xe6\xfd[\xc5\x1b\x15'
xortool_out/08090.out;b'ui\xe6\xfd[\xc5\x1bl'
xortool_out/08091.out;b'ui\xe6\xfd[\xc5\x1aP'
xortool_out/08092.out;b'ui\xe6\xfd[\xc5\x1a\x15'
xortool_out/08093.out;b'ui\xe6\xfd[\xc5\x1al'
xortool_out/08094.out;b'ui\xe6\xfd[\xc5EP'
xortool_out/08095.out;b'ui\xe6\xfd[\xc5E\x15'
xortool_out/08096.out;b'ui\xe6\xfd[\xc5El'
xortool_out/08097.out;b'ui\xe6\xfd[\xc5IP'
xortool_out/08098.out;b'ui\xe6\xfd[\xc5I\x15'
xortool_out/08099.out;b'ui\xe6\xfd[\xc5Il'
xortool_out/08100.out;b'ui\xe6\xfd[\xcc\x1bP'
xortool_out/08101.out;b'ui\xe6\xfd[\xcc\x1b\x15'
xortool_out/08102.out;b'ui\xe6\xfd[\xcc\x1bl'
xortool_out/08103.out;b'ui\xe6\xfd[\xcc\x1aP'
xortool_out/08104.out;b'ui\xe6\xfd[\xcc\x1a\x15'
xortool_out/08105.out;b'ui\xe6\xfd[\xcc\x1al'
xortool_out/08106.out;b'ui\xe6\xfd[\xccEP'
xortool_out/08107.out;b'ui\xe6\xfd[\xccE\x15'
xortool_out/08108.out;b'ui\xe6\xfd[\xccEl'
xortool_out/08109.out;b'ui\xe6\xfd[\xccIP'
xortool_out/08110.out;b'ui\xe6\xfd[\xccI\x15'
xortool_out/08111.out;b'ui\xe6\xfd[\xccIl'
xortool_out/08112.out;b'ui\xe6\xfdA\xd0\x1bP'
xortool_out/08113.out;b'ui\xe6\xfdA\xd0\x1b\x15'
xortool_out/08114.out;b'ui\xe6\xfdA\xd0\x1bl'
xortool_out/08115.out;b'ui\xe6\xfdA\xd0\x1aP'
xortool_out/08116.out;b'ui\xe6\xfdA\xd0\x1a\x15'
xortool_out/08117.out;b'ui\xe6\xfdA\xd0\x1al'
xortool_out/08118.out;b'ui\xe6\xfdA\xd0EP'
xortool_out/08119.out;b'ui\xe6\xfdA\xd0E\x15'
xortool_out/08120.out;b'ui\xe6\xfdA\xd0El'
xortool_out/08121.out;b'ui\xe6\xfdA\xd0IP'
xortool_out/08122.out;b'ui\xe6\xfdA\xd0I\x15'
xortool_out/08123.out;b'ui\xe6\xfdA\xd0Il'
xortool_out/08124.out;b'ui\xe6\xfdA\x81\x1bP'
xortool_out/08125.out;b'ui\xe6\xfdA\x81\x1b\x15'
xortool_out/08126.out;b'ui\xe6\xfdA\x81\x1bl'
xortool_out/08127.out;b'ui\xe6\xfdA\x81\x1aP'
xortool_out/08128.out;b'ui\xe6\xfdA\x81\x1a\x15'
xortool_out/08129.out;b'ui\xe6\xfdA\x81\x1al'
xortool_out/08130.out;b'ui\xe6\xfdA\x81EP'
xortool_out/08131.out;b'ui\xe6\xfdA\x81E\x15'
xortool_out/08132.out;b'ui\xe6\xfdA\x81El'
xortool_out/08133.out;b'ui\xe6\xfdA\x81IP'
xortool_out/08134.out;b'ui\xe6\xfdA\x81I\x15'
xortool_out/08135.out;b'ui\xe6\xfdA\x81Il'
xortool_out/08136.out;b'ui\xe6\xfdA\xc5\x1bP'
xortool_out/08137.out;b'ui\xe6\xfdA\xc5\x1b\x15'
xortool_out/08138.out;b'ui\xe6\xfdA\xc5\x1bl'
xortool_out/08139.out;b'ui\xe6\xfdA\xc5\x1aP'
xortool_out/08140.out;b'ui\xe6\xfdA\xc5\x1a\x15'
xortool_out/08141.out;b'ui\xe6\xfdA\xc5\x1al'
xortool_out/08142.out;b'ui\xe6\xfdA\xc5EP'
xortool_out/08143.out;b'ui\xe6\xfdA\xc5E\x15'
xortool_out/08144.out;b'ui\xe6\xfdA\xc5El'
xortool_out/08145.out;b'ui\xe6\xfdA\xc5IP'
xortool_out/08146.out;b'ui\xe6\xfdA\xc5I\x15'
xortool_out/08147.out;b'ui\xe6\xfdA\xc5Il'
xortool_out/08148.out;b'ui\xe6\xfdA\xcc\x1bP'
xortool_out/08149.out;b'ui\xe6\xfdA\xcc\x1b\x15'
xortool_out/08150.out;b'ui\xe6\xfdA\xcc\x1bl'
xortool_out/08151.out;b'ui\xe6\xfdA\xcc\x1aP'
xortool_out/08152.out;b'ui\xe6\xfdA\xcc\x1a\x15'
xortool_out/08153.out;b'ui\xe6\xfdA\xcc\x1al'
xortool_out/08154.out;b'ui\xe6\xfdA\xccEP'
xortool_out/08155.out;b'ui\xe6\xfdA\xccE\x15'
xortool_out/08156.out;b'ui\xe6\xfdA\xccEl'
xortool_out/08157.out;b'ui\xe6\xfdA\xccIP'
xortool_out/08158.out;b'ui\xe6\xfdA\xccI\x15'
xortool_out/08159.out;b'ui\xe6\xfdA\xccIl'
xortool_out/08160.out;b'ui\xe6\xfdv\xd0\x1bP'
xortool_out/08161.out;b'ui\xe6\xfdv\xd0\x1b\x15'
xortool_out/08162.out;b'ui\xe6\xfdv\xd0\x1bl'
xortool_out/08163.out;b'ui\xe6\xfdv\xd0\x1aP'
xortool_out/08164.out;b'ui\xe6\xfdv\xd0\x1a\x15'
xortool_out/08165.out;b'ui\xe6\xfdv\xd0\x1al'
xortool_out/08166.out;b'ui\xe6\xfdv\xd0EP'
xortool_out/08167.out;b'ui\xe6\xfdv\xd0E\x15'
xortool_out/08168.out;b'ui\xe6\xfdv\xd0El'
xortool_out/08169.out;b'ui\xe6\xfdv\xd0IP'
xortool_out/08170.out;b'ui\xe6\xfdv\xd0I\x15'
xortool_out/08171.out;b'ui\xe6\xfdv\xd0Il'
xortool_out/08172.out;b'ui\xe6\xfdv\x81\x1bP'
xortool_out/08173.out;b'ui\xe6\xfdv\x81\x1b\x15'
xortool_out/08174.out;b'ui\xe6\xfdv\x81\x1bl'
xortool_out/08175.out;b'ui\xe6\xfdv\x81\x1aP'
xortool_out/08176.out;b'ui\xe6\xfdv\x81\x1a\x15'
xortool_out/08177.out;b'ui\xe6\xfdv\x81\x1al'
xortool_out/08178.out;b'ui\xe6\xfdv\x81EP'
xortool_out/08179.out;b'ui\xe6\xfdv\x81E\x15'
xortool_out/08180.out;b'ui\xe6\xfdv\x81El'
xortool_out/08181.out;b'ui\xe6\xfdv\x81IP'
xortool_out/08182.out;b'ui\xe6\xfdv\x81I\x15'
xortool_out/08183.out;b'ui\xe6\xfdv\x81Il'
xortool_out/08184.out;b'ui\xe6\xfdv\xc5\x1bP'
xortool_out/08185.out;b'ui\xe6\xfdv\xc5\x1b\x15'
xortool_out/08186.out;b'ui\xe6\xfdv\xc5\x1bl'
xortool_out/08187.out;b'ui\xe6\xfdv\xc5\x1aP'
xortool_out/08188.out;b'ui\xe6\xfdv\xc5\x1a\x15'
xortool_out/08189.out;b'ui\xe6\xfdv\xc5\x1al'
xortool_out/08190.out;b'ui\xe6\xfdv\xc5EP'
xortool_out/08191.out;b'ui\xe6\xfdv\xc5E\x15'
xortool_out/08192.out;b'ui\xe6\xfdv\xc5El'
xortool_out/08193.out;b'ui\xe6\xfdv\xc5IP'
xortool_out/08194.out;b'ui\xe6\xfdv\xc5I\x15'
xortool_out/08195.out;b'ui\xe6\xfdv\xc5Il'
xortool_out/08196.out;b'ui\xe6\xfdv\xcc\x1bP'
xortool_out/08197.out;b'ui\xe6\xfdv\xcc\x1b\x15'
xortool_out/08198.out;b'ui\xe6\xfdv\xcc\x1bl'
xortool_out/08199.out;b'ui\xe6\xfdv\xcc\x1aP'
xortool_out/08200.out;b'ui\xe6\xfdv\xcc\x1a\x15'
xortool_out/08201.out;b'ui\xe6\xfdv\xcc\x1al'
xortool_out/08202.out;b'ui\xe6\xfdv\xccEP'
xortool_out/08203.out;b'ui\xe6\xfdv\xccE\x15'
xortool_out/08204.out;b'ui\xe6\xfdv\xccEl'
xortool_out/08205.out;b'ui\xe6\xfdv\xccIP'
xortool_out/08206.out;b'ui\xe6\xfdv\xccI\x15'
xortool_out/08207.out;b'ui\xe6\xfdv\xccIl'
xortool_out/08208.out;b'ui\xe6\xfdK\xd0\x1bP'
xortool_out/08209.out;b'ui\xe6\xfdK\xd0\x1b\x15'
xortool_out/08210.out;b'ui\xe6\xfdK\xd0\x1bl'
xortool_out/08211.out;b'ui\xe6\xfdK\xd0\x1aP'
xortool_out/08212.out;b'ui\xe6\xfdK\xd0\x1a\x15'
xortool_out/08213.out;b'ui\xe6\xfdK\xd0\x1al'
xortool_out/08214.out;b'ui\xe6\xfdK\xd0EP'
xortool_out/08215.out;b'ui\xe6\xfdK\xd0E\x15'
xortool_out/08216.out;b'ui\xe6\xfdK\xd0El'
xortool_out/08217.out;b'ui\xe6\xfdK\xd0IP'
xortool_out/08218.out;b'ui\xe6\xfdK\xd0I\x15'
xortool_out/08219.out;b'ui\xe6\xfdK\xd0Il'
xortool_out/08220.out;b'ui\xe6\xfdK\x81\x1bP'
xortool_out/08221.out;b'ui\xe6\xfdK\x81\x1b\x15'
xortool_out/08222.out;b'ui\xe6\xfdK\x81\x1bl'
xortool_out/08223.out;b'ui\xe6\xfdK\x81\x1aP'
xortool_out/08224.out;b'ui\xe6\xfdK\x81\x1a\x15'
xortool_out/08225.out;b'ui\xe6\xfdK\x81\x1al'
xortool_out/08226.out;b'ui\xe6\xfdK\x81EP'
xortool_out/08227.out;b'ui\xe6\xfdK\x81E\x15'
xortool_out/08228.out;b'ui\xe6\xfdK\x81El'
xortool_out/08229.out;b'ui\xe6\xfdK\x81IP'
xortool_out/08230.out;b'ui\xe6\xfdK\x81I\x15'
xortool_out/08231.out;b'ui\xe6\xfdK\x81Il'
xortool_out/08232.out;b'ui\xe6\xfdK\xc5\x1bP'
xortool_out/08233.out;b'ui\xe6\xfdK\xc5\x1b\x15'
xortool_out/08234.out;b'ui\xe6\xfdK\xc5\x1bl'
xortool_out/08235.out;b'ui\xe6\xfdK\xc5\x1aP'
xortool_out/08236.out;b'ui\xe6\xfdK\xc5\x1a\x15'
xortool_out/08237.out;b'ui\xe6\xfdK\xc5\x1al'
xortool_out/08238.out;b'ui\xe6\xfdK\xc5EP'
xortool_out/08239.out;b'ui\xe6\xfdK\xc5E\x15'
xortool_out/08240.out;b'ui\xe6\xfdK\xc5El'
xortool_out/08241.out;b'ui\xe6\xfdK\xc5IP'
xortool_out/08242.out;b'ui\xe6\xfdK\xc5I\x15'
xortool_out/08243.out;b'ui\xe6\xfdK\xc5Il'
xortool_out/08244.out;b'ui\xe6\xfdK\xcc\x1bP'
xortool_out/08245.out;b'ui\xe6\xfdK\xcc\x1b\x15'
xortool_out/08246.out;b'ui\xe6\xfdK\xcc\x1bl'
xortool_out/08247.out;b'ui\xe6\xfdK\xcc\x1aP'
xortool_out/08248.out;b'ui\xe6\xfdK\xcc\x1a\x15'
xortool_out/08249.out;b'ui\xe6\xfdK\xcc\x1al'
xortool_out/08250.out;b'ui\xe6\xfdK\xccEP'
xortool_out/08251.out;b'ui\xe6\xfdK\xccE\x15'
xortool_out/08252.out;b'ui\xe6\xfdK\xccEl'
xortool_out/08253.out;b'ui\xe6\xfdK\xccIP'
xortool_out/08254.out;b'ui\xe6\xfdK\xccI\x15'
xortool_out/08255.out;b'ui\xe6\xfdK\xccIl'
xortool_out/08256.out;b'ui\xe6\xfc[\xd0\x1bP'
xortool_out/08257.out;b'ui\xe6\xfc[\xd0\x1b\x15'
xortool_out/08258.out;b'ui\xe6\xfc[\xd0\x1bl'
xortool_out/08259.out;b'ui\xe6\xfc[\xd0\x1aP'
xortool_out/08260.out;b'ui\xe6\xfc[\xd0\x1a\x15'
xortool_out/08261.out;b'ui\xe6\xfc[\xd0\x1al'
xortool_out/08262.out;b'ui\xe6\xfc[\xd0EP'
xortool_out/08263.out;b'ui\xe6\xfc[\xd0E\x15'
xortool_out/08264.out;b'ui\xe6\xfc[\xd0El'
xortool_out/08265.out;b'ui\xe6\xfc[\xd0IP'
xortool_out/08266.out;b'ui\xe6\xfc[\xd0I\x15'
xortool_out/08267.out;b'ui\xe6\xfc[\xd0Il'
xortool_out/08268.out;b'ui\xe6\xfc[\x81\x1bP'
xortool_out/08269.out;b'ui\xe6\xfc[\x81\x1b\x15'
xortool_out/08270.out;b'ui\xe6\xfc[\x81\x1bl'
xortool_out/08271.out;b'ui\xe6\xfc[\x81\x1aP'
xortool_out/08272.out;b'ui\xe6\xfc[\x81\x1a\x15'
xortool_out/08273.out;b'ui\xe6\xfc[\x81\x1al'
xortool_out/08274.out;b'ui\xe6\xfc[\x81EP'
xortool_out/08275.out;b'ui\xe6\xfc[\x81E\x15'
xortool_out/08276.out;b'ui\xe6\xfc[\x81El'
xortool_out/08277.out;b'ui\xe6\xfc[\x81IP'
xortool_out/08278.out;b'ui\xe6\xfc[\x81I\x15'
xortool_out/08279.out;b'ui\xe6\xfc[\x81Il'
xortool_out/08280.out;b'ui\xe6\xfc[\xc5\x1bP'
xortool_out/08281.out;b'ui\xe6\xfc[\xc5\x1b\x15'
xortool_out/08282.out;b'ui\xe6\xfc[\xc5\x1bl'
xortool_out/08283.out;b'ui\xe6\xfc[\xc5\x1aP'
xortool_out/08284.out;b'ui\xe6\xfc[\xc5\x1a\x15'
xortool_out/08285.out;b'ui\xe6\xfc[\xc5\x1al'
xortool_out/08286.out;b'ui\xe6\xfc[\xc5EP'
xortool_out/08287.out;b'ui\xe6\xfc[\xc5E\x15'
xortool_out/08288.out;b'ui\xe6\xfc[\xc5El'
xortool_out/08289.out;b'ui\xe6\xfc[\xc5IP'
xortool_out/08290.out;b'ui\xe6\xfc[\xc5I\x15'
xortool_out/08291.out;b'ui\xe6\xfc[\xc5Il'
xortool_out/08292.out;b'ui\xe6\xfc[\xcc\x1bP'
xortool_out/08293.out;b'ui\xe6\xfc[\xcc\x1b\x15'
xortool_out/08294.out;b'ui\xe6\xfc[\xcc\x1bl'
xortool_out/08295.out;b'ui\xe6\xfc[\xcc\x1aP'
xortool_out/08296.out;b'ui\xe6\xfc[\xcc\x1a\x15'
xortool_out/08297.out;b'ui\xe6\xfc[\xcc\x1al'
xortool_out/08298.out;b'ui\xe6\xfc[\xccEP'
xortool_out/08299.out;b'ui\xe6\xfc[\xccE\x15'
xortool_out/08300.out;b'ui\xe6\xfc[\xccEl'
xortool_out/08301.out;b'ui\xe6\xfc[\xccIP'
xortool_out/08302.out;b'ui\xe6\xfc[\xccI\x15'
xortool_out/08303.out;b'ui\xe6\xfc[\xccIl'
xortool_out/08304.out;b'ui\xe6\xfcA\xd0\x1bP'
xortool_out/08305.out;b'ui\xe6\xfcA\xd0\x1b\x15'
xortool_out/08306.out;b'ui\xe6\xfcA\xd0\x1bl'
xortool_out/08307.out;b'ui\xe6\xfcA\xd0\x1aP'
xortool_out/08308.out;b'ui\xe6\xfcA\xd0\x1a\x15'
xortool_out/08309.out;b'ui\xe6\xfcA\xd0\x1al'
xortool_out/08310.out;b'ui\xe6\xfcA\xd0EP'
xortool_out/08311.out;b'ui\xe6\xfcA\xd0E\x15'
xortool_out/08312.out;b'ui\xe6\xfcA\xd0El'
xortool_out/08313.out;b'ui\xe6\xfcA\xd0IP'
xortool_out/08314.out;b'ui\xe6\xfcA\xd0I\x15'
xortool_out/08315.out;b'ui\xe6\xfcA\xd0Il'
xortool_out/08316.out;b'ui\xe6\xfcA\x81\x1bP'
xortool_out/08317.out;b'ui\xe6\xfcA\x81\x1b\x15'
xortool_out/08318.out;b'ui\xe6\xfcA\x81\x1bl'
xortool_out/08319.out;b'ui\xe6\xfcA\x81\x1aP'
xortool_out/08320.out;b'ui\xe6\xfcA\x81\x1a\x15'
xortool_out/08321.out;b'ui\xe6\xfcA\x81\x1al'
xortool_out/08322.out;b'ui\xe6\xfcA\x81EP'
xortool_out/08323.out;b'ui\xe6\xfcA\x81E\x15'
xortool_out/08324.out;b'ui\xe6\xfcA\x81El'
xortool_out/08325.out;b'ui\xe6\xfcA\x81IP'
xortool_out/08326.out;b'ui\xe6\xfcA\x81I\x15'
xortool_out/08327.out;b'ui\xe6\xfcA\x81Il'
xortool_out/08328.out;b'ui\xe6\xfcA\xc5\x1bP'
xortool_out/08329.out;b'ui\xe6\xfcA\xc5\x1b\x15'
xortool_out/08330.out;b'ui\xe6\xfcA\xc5\x1bl'
xortool_out/08331.out;b'ui\xe6\xfcA\xc5\x1aP'
xortool_out/08332.out;b'ui\xe6\xfcA\xc5\x1a\x15'
xortool_out/08333.out;b'ui\xe6\xfcA\xc5\x1al'
xortool_out/08334.out;b'ui\xe6\xfcA\xc5EP'
xortool_out/08335.out;b'ui\xe6\xfcA\xc5E\x15'
xortool_out/08336.out;b'ui\xe6\xfcA\xc5El'
xortool_out/08337.out;b'ui\xe6\xfcA\xc5IP'
xortool_out/08338.out;b'ui\xe6\xfcA\xc5I\x15'
xortool_out/08339.out;b'ui\xe6\xfcA\xc5Il'
xortool_out/08340.out;b'ui\xe6\xfcA\xcc\x1bP'
xortool_out/08341.out;b'ui\xe6\xfcA\xcc\x1b\x15'
xortool_out/08342.out;b'ui\xe6\xfcA\xcc\x1bl'
xortool_out/08343.out;b'ui\xe6\xfcA\xcc\x1aP'
xortool_out/08344.out;b'ui\xe6\xfcA\xcc\x1a\x15'
xortool_out/08345.out;b'ui\xe6\xfcA\xcc\x1al'
xortool_out/08346.out;b'ui\xe6\xfcA\xccEP'
xortool_out/08347.out;b'ui\xe6\xfcA\xccE\x15'
xortool_out/08348.out;b'ui\xe6\xfcA\xccEl'
xortool_out/08349.out;b'ui\xe6\xfcA\xccIP'
xortool_out/08350.out;b'ui\xe6\xfcA\xccI\x15'
xortool_out/08351.out;b'ui\xe6\xfcA\xccIl'
xortool_out/08352.out;b'ui\xe6\xfcv\xd0\x1bP'
xortool_out/08353.out;b'ui\xe6\xfcv\xd0\x1b\x15'
xortool_out/08354.out;b'ui\xe6\xfcv\xd0\x1bl'
xortool_out/08355.out;b'ui\xe6\xfcv\xd0\x1aP'
xortool_out/08356.out;b'ui\xe6\xfcv\xd0\x1a\x15'
xortool_out/08357.out;b'ui\xe6\xfcv\xd0\x1al'
xortool_out/08358.out;b'ui\xe6\xfcv\xd0EP'
xortool_out/08359.out;b'ui\xe6\xfcv\xd0E\x15'
xortool_out/08360.out;b'ui\xe6\xfcv\xd0El'
xortool_out/08361.out;b'ui\xe6\xfcv\xd0IP'
xortool_out/08362.out;b'ui\xe6\xfcv\xd0I\x15'
xortool_out/08363.out;b'ui\xe6\xfcv\xd0Il'
xortool_out/08364.out;b'ui\xe6\xfcv\x81\x1bP'
xortool_out/08365.out;b'ui\xe6\xfcv\x81\x1b\x15'
xortool_out/08366.out;b'ui\xe6\xfcv\x81\x1bl'
xortool_out/08367.out;b'ui\xe6\xfcv\x81\x1aP'
xortool_out/08368.out;b'ui\xe6\xfcv\x81\x1a\x15'
xortool_out/08369.out;b'ui\xe6\xfcv\x81\x1al'
xortool_out/08370.out;b'ui\xe6\xfcv\x81EP'
xortool_out/08371.out;b'ui\xe6\xfcv\x81E\x15'
xortool_out/08372.out;b'ui\xe6\xfcv\x81El'
xortool_out/08373.out;b'ui\xe6\xfcv\x81IP'
xortool_out/08374.out;b'ui\xe6\xfcv\x81I\x15'
xortool_out/08375.out;b'ui\xe6\xfcv\x81Il'
xortool_out/08376.out;b'ui\xe6\xfcv\xc5\x1bP'
xortool_out/08377.out;b'ui\xe6\xfcv\xc5\x1b\x15'
xortool_out/08378.out;b'ui\xe6\xfcv\xc5\x1bl'
xortool_out/08379.out;b'ui\xe6\xfcv\xc5\x1aP'
xortool_out/08380.out;b'ui\xe6\xfcv\xc5\x1a\x15'
xortool_out/08381.out;b'ui\xe6\xfcv\xc5\x1al'
xortool_out/08382.out;b'ui\xe6\xfcv\xc5EP'
xortool_out/08383.out;b'ui\xe6\xfcv\xc5E\x15'
xortool_out/08384.out;b'ui\xe6\xfcv\xc5El'
xortool_out/08385.out;b'ui\xe6\xfcv\xc5IP'
xortool_out/08386.out;b'ui\xe6\xfcv\xc5I\x15'
xortool_out/08387.out;b'ui\xe6\xfcv\xc5Il'
xortool_out/08388.out;b'ui\xe6\xfcv\xcc\x1bP'
xortool_out/08389.out;b'ui\xe6\xfcv\xcc\x1b\x15'
xortool_out/08390.out;b'ui\xe6\xfcv\xcc\x1bl'
xortool_out/08391.out;b'ui\xe6\xfcv\xcc\x1aP'
xortool_out/08392.out;b'ui\xe6\xfcv\xcc\x1a\x15'
xortool_out/08393.out;b'ui\xe6\xfcv\xcc\x1al'
xortool_out/08394.out;b'ui\xe6\xfcv\xccEP'
xortool_out/08395.out;b'ui\xe6\xfcv\xccE\x15'
xortool_out/08396.out;b'ui\xe6\xfcv\xccEl'
xortool_out/08397.out;b'ui\xe6\xfcv\xccIP'
xortool_out/08398.out;b'ui\xe6\xfcv\xccI\x15'
xortool_out/08399.out;b'ui\xe6\xfcv\xccIl'
xortool_out/08400.out;b'ui\xe6\xfcK\xd0\x1bP'
xortool_out/08401.out;b'ui\xe6\xfcK\xd0\x1b\x15'
xortool_out/08402.out;b'ui\xe6\xfcK\xd0\x1bl'
xortool_out/08403.out;b'ui\xe6\xfcK\xd0\x1aP'
xortool_out/08404.out;b'ui\xe6\xfcK\xd0\x1a\x15'
xortool_out/08405.out;b'ui\xe6\xfcK\xd0\x1al'
xortool_out/08406.out;b'ui\xe6\xfcK\xd0EP'
xortool_out/08407.out;b'ui\xe6\xfcK\xd0E\x15'
xortool_out/08408.out;b'ui\xe6\xfcK\xd0El'
xortool_out/08409.out;b'ui\xe6\xfcK\xd0IP'
xortool_out/08410.out;b'ui\xe6\xfcK\xd0I\x15'
xortool_out/08411.out;b'ui\xe6\xfcK\xd0Il'
xortool_out/08412.out;b'ui\xe6\xfcK\x81\x1bP'
xortool_out/08413.out;b'ui\xe6\xfcK\x81\x1b\x15'
xortool_out/08414.out;b'ui\xe6\xfcK\x81\x1bl'
xortool_out/08415.out;b'ui\xe6\xfcK\x81\x1aP'
xortool_out/08416.out;b'ui\xe6\xfcK\x81\x1a\x15'
xortool_out/08417.out;b'ui\xe6\xfcK\x81\x1al'
xortool_out/08418.out;b'ui\xe6\xfcK\x81EP'
xortool_out/08419.out;b'ui\xe6\xfcK\x81E\x15'
xortool_out/08420.out;b'ui\xe6\xfcK\x81El'
xortool_out/08421.out;b'ui\xe6\xfcK\x81IP'
xortool_out/08422.out;b'ui\xe6\xfcK\x81I\x15'
xortool_out/08423.out;b'ui\xe6\xfcK\x81Il'
xortool_out/08424.out;b'ui\xe6\xfcK\xc5\x1bP'
xortool_out/08425.out;b'ui\xe6\xfcK\xc5\x1b\x15'
xortool_out/08426.out;b'ui\xe6\xfcK\xc5\x1bl'
xortool_out/08427.out;b'ui\xe6\xfcK\xc5\x1aP'
xortool_out/08428.out;b'ui\xe6\xfcK\xc5\x1a\x15'
xortool_out/08429.out;b'ui\xe6\xfcK\xc5\x1al'
xortool_out/08430.out;b'ui\xe6\xfcK\xc5EP'
xortool_out/08431.out;b'ui\xe6\xfcK\xc5E\x15'
xortool_out/08432.out;b'ui\xe6\xfcK\xc5El'
xortool_out/08433.out;b'ui\xe6\xfcK\xc5IP'
xortool_out/08434.out;b'ui\xe6\xfcK\xc5I\x15'
xortool_out/08435.out;b'ui\xe6\xfcK\xc5Il'
xortool_out/08436.out;b'ui\xe6\xfcK\xcc\x1bP'
xortool_out/08437.out;b'ui\xe6\xfcK\xcc\x1b\x15'
xortool_out/08438.out;b'ui\xe6\xfcK\xcc\x1bl'
xortool_out/08439.out;b'ui\xe6\xfcK\xcc\x1aP'
xortool_out/08440.out;b'ui\xe6\xfcK\xcc\x1a\x15'
xortool_out/08441.out;b'ui\xe6\xfcK\xcc\x1al'
xortool_out/08442.out;b'ui\xe6\xfcK\xccEP'
xortool_out/08443.out;b'ui\xe6\xfcK\xccE\x15'
xortool_out/08444.out;b'ui\xe6\xfcK\xccEl'
xortool_out/08445.out;b'ui\xe6\xfcK\xccIP'
xortool_out/08446.out;b'ui\xe6\xfcK\xccI\x15'
xortool_out/08447.out;b'ui\xe6\xfcK\xccIl'
xortool_out/08448.out;b'ui\x93\xfb[\xd0\x1bP'
xortool_out/08449.out;b'ui\x93\xfb[\xd0\x1b\x15'
xortool_out/08450.out;b'ui\x93\xfb[\xd0\x1bl'
xortool_out/08451.out;b'ui\x93\xfb[\xd0\x1aP'
xortool_out/08452.out;b'ui\x93\xfb[\xd0\x1a\x15'
xortool_out/08453.out;b'ui\x93\xfb[\xd0\x1al'
xortool_out/08454.out;b'ui\x93\xfb[\xd0EP'
xortool_out/08455.out;b'ui\x93\xfb[\xd0E\x15'
xortool_out/08456.out;b'ui\x93\xfb[\xd0El'
xortool_out/08457.out;b'ui\x93\xfb[\xd0IP'
xortool_out/08458.out;b'ui\x93\xfb[\xd0I\x15'
xortool_out/08459.out;b'ui\x93\xfb[\xd0Il'
xortool_out/08460.out;b'ui\x93\xfb[\x81\x1bP'
xortool_out/08461.out;b'ui\x93\xfb[\x81\x1b\x15'
xortool_out/08462.out;b'ui\x93\xfb[\x81\x1bl'
xortool_out/08463.out;b'ui\x93\xfb[\x81\x1aP'
xortool_out/08464.out;b'ui\x93\xfb[\x81\x1a\x15'
xortool_out/08465.out;b'ui\x93\xfb[\x81\x1al'
xortool_out/08466.out;b'ui\x93\xfb[\x81EP'
xortool_out/08467.out;b'ui\x93\xfb[\x81E\x15'
xortool_out/08468.out;b'ui\x93\xfb[\x81El'
xortool_out/08469.out;b'ui\x93\xfb[\x81IP'
xortool_out/08470.out;b'ui\x93\xfb[\x81I\x15'
xortool_out/08471.out;b'ui\x93\xfb[\x81Il'
xortool_out/08472.out;b'ui\x93\xfb[\xc5\x1bP'
xortool_out/08473.out;b'ui\x93\xfb[\xc5\x1b\x15'
xortool_out/08474.out;b'ui\x93\xfb[\xc5\x1bl'
xortool_out/08475.out;b'ui\x93\xfb[\xc5\x1aP'
xortool_out/08476.out;b'ui\x93\xfb[\xc5\x1a\x15'
xortool_out/08477.out;b'ui\x93\xfb[\xc5\x1al'
xortool_out/08478.out;b'ui\x93\xfb[\xc5EP'
xortool_out/08479.out;b'ui\x93\xfb[\xc5E\x15'
xortool_out/08480.out;b'ui\x93\xfb[\xc5El'
xortool_out/08481.out;b'ui\x93\xfb[\xc5IP'
xortool_out/08482.out;b'ui\x93\xfb[\xc5I\x15'
xortool_out/08483.out;b'ui\x93\xfb[\xc5Il'
xortool_out/08484.out;b'ui\x93\xfb[\xcc\x1bP'
xortool_out/08485.out;b'ui\x93\xfb[\xcc\x1b\x15'
xortool_out/08486.out;b'ui\x93\xfb[\xcc\x1bl'
xortool_out/08487.out;b'ui\x93\xfb[\xcc\x1aP'
xortool_out/08488.out;b'ui\x93\xfb[\xcc\x1a\x15'
xortool_out/08489.out;b'ui\x93\xfb[\xcc\x1al'
xortool_out/08490.out;b'ui\x93\xfb[\xccEP'
xortool_out/08491.out;b'ui\x93\xfb[\xccE\x15'
xortool_out/08492.out;b'ui\x93\xfb[\xccEl'
xortool_out/08493.out;b'ui\x93\xfb[\xccIP'
xortool_out/08494.out;b'ui\x93\xfb[\xccI\x15'
xortool_out/08495.out;b'ui\x93\xfb[\xccIl'
xortool_out/08496.out;b'ui\x93\xfbA\xd0\x1bP'
xortool_out/08497.out;b'ui\x93\xfbA\xd0\x1b\x15'
xortool_out/08498.out;b'ui\x93\xfbA\xd0\x1bl'
xortool_out/08499.out;b'ui\x93\xfbA\xd0\x1aP'
xortool_out/08500.out;b'ui\x93\xfbA\xd0\x1a\x15'
xortool_out/08501.out;b'ui\x93\xfbA\xd0\x1al'
xortool_out/08502.out;b'ui\x93\xfbA\xd0EP'
xortool_out/08503.out;b'ui\x93\xfbA\xd0E\x15'
xortool_out/08504.out;b'ui\x93\xfbA\xd0El'
xortool_out/08505.out;b'ui\x93\xfbA\xd0IP'
xortool_out/08506.out;b'ui\x93\xfbA\xd0I\x15'
xortool_out/08507.out;b'ui\x93\xfbA\xd0Il'
xortool_out/08508.out;b'ui\x93\xfbA\x81\x1bP'
xortool_out/08509.out;b'ui\x93\xfbA\x81\x1b\x15'
xortool_out/08510.out;b'ui\x93\xfbA\x81\x1bl'
xortool_out/08511.out;b'ui\x93\xfbA\x81\x1aP'
xortool_out/08512.out;b'ui\x93\xfbA\x81\x1a\x15'
xortool_out/08513.out;b'ui\x93\xfbA\x81\x1al'
xortool_out/08514.out;b'ui\x93\xfbA\x81EP'
xortool_out/08515.out;b'ui\x93\xfbA\x81E\x15'
xortool_out/08516.out;b'ui\x93\xfbA\x81El'
xortool_out/08517.out;b'ui\x93\xfbA\x81IP'
xortool_out/08518.out;b'ui\x93\xfbA\x81I\x15'
xortool_out/08519.out;b'ui\x93\xfbA\x81Il'
xortool_out/08520.out;b'ui\x93\xfbA\xc5\x1bP'
xortool_out/08521.out;b'ui\x93\xfbA\xc5\x1b\x15'
xortool_out/08522.out;b'ui\x93\xfbA\xc5\x1bl'
xortool_out/08523.out;b'ui\x93\xfbA\xc5\x1aP'
xortool_out/08524.out;b'ui\x93\xfbA\xc5\x1a\x15'
xortool_out/08525.out;b'ui\x93\xfbA\xc5\x1al'
xortool_out/08526.out;b'ui\x93\xfbA\xc5EP'
xortool_out/08527.out;b'ui\x93\xfbA\xc5E\x15'
xortool_out/08528.out;b'ui\x93\xfbA\xc5El'
xortool_out/08529.out;b'ui\x93\xfbA\xc5IP'
xortool_out/08530.out;b'ui\x93\xfbA\xc5I\x15'
xortool_out/08531.out;b'ui\x93\xfbA\xc5Il'
xortool_out/08532.out;b'ui\x93\xfbA\xcc\x1bP'
xortool_out/08533.out;b'ui\x93\xfbA\xcc\x1b\x15'
xortool_out/08534.out;b'ui\x93\xfbA\xcc\x1bl'
xortool_out/08535.out;b'ui\x93\xfbA\xcc\x1aP'
xortool_out/08536.out;b'ui\x93\xfbA\xcc\x1a\x15'
xortool_out/08537.out;b'ui\x93\xfbA\xcc\x1al'
xortool_out/08538.out;b'ui\x93\xfbA\xccEP'
xortool_out/08539.out;b'ui\x93\xfbA\xccE\x15'
xortool_out/08540.out;b'ui\x93\xfbA\xccEl'
xortool_out/08541.out;b'ui\x93\xfbA\xccIP'
xortool_out/08542.out;b'ui\x93\xfbA\xccI\x15'
xortool_out/08543.out;b'ui\x93\xfbA\xccIl'
xortool_out/08544.out;b'ui\x93\xfbv\xd0\x1bP'
xortool_out/08545.out;b'ui\x93\xfbv\xd0\x1b\x15'
xortool_out/08546.out;b'ui\x93\xfbv\xd0\x1bl'
xortool_out/08547.out;b'ui\x93\xfbv\xd0\x1aP'
xortool_out/08548.out;b'ui\x93\xfbv\xd0\x1a\x15'
xortool_out/08549.out;b'ui\x93\xfbv\xd0\x1al'
xortool_out/08550.out;b'ui\x93\xfbv\xd0EP'
xortool_out/08551.out;b'ui\x93\xfbv\xd0E\x15'
xortool_out/08552.out;b'ui\x93\xfbv\xd0El'
xortool_out/08553.out;b'ui\x93\xfbv\xd0IP'
xortool_out/08554.out;b'ui\x93\xfbv\xd0I\x15'
xortool_out/08555.out;b'ui\x93\xfbv\xd0Il'
xortool_out/08556.out;b'ui\x93\xfbv\x81\x1bP'
xortool_out/08557.out;b'ui\x93\xfbv\x81\x1b\x15'
xortool_out/08558.out;b'ui\x93\xfbv\x81\x1bl'
xortool_out/08559.out;b'ui\x93\xfbv\x81\x1aP'
xortool_out/08560.out;b'ui\x93\xfbv\x81\x1a\x15'
xortool_out/08561.out;b'ui\x93\xfbv\x81\x1al'
xortool_out/08562.out;b'ui\x93\xfbv\x81EP'
xortool_out/08563.out;b'ui\x93\xfbv\x81E\x15'
xortool_out/08564.out;b'ui\x93\xfbv\x81El'
xortool_out/08565.out;b'ui\x93\xfbv\x81IP'
xortool_out/08566.out;b'ui\x93\xfbv\x81I\x15'
xortool_out/08567.out;b'ui\x93\xfbv\x81Il'
xortool_out/08568.out;b'ui\x93\xfbv\xc5\x1bP'
xortool_out/08569.out;b'ui\x93\xfbv\xc5\x1b\x15'
xortool_out/08570.out;b'ui\x93\xfbv\xc5\x1bl'
xortool_out/08571.out;b'ui\x93\xfbv\xc5\x1aP'
xortool_out/08572.out;b'ui\x93\xfbv\xc5\x1a\x15'
xortool_out/08573.out;b'ui\x93\xfbv\xc5\x1al'
xortool_out/08574.out;b'ui\x93\xfbv\xc5EP'
xortool_out/08575.out;b'ui\x93\xfbv\xc5E\x15'
xortool_out/08576.out;b'ui\x93\xfbv\xc5El'
xortool_out/08577.out;b'ui\x93\xfbv\xc5IP'
xortool_out/08578.out;b'ui\x93\xfbv\xc5I\x15'
xortool_out/08579.out;b'ui\x93\xfbv\xc5Il'
xortool_out/08580.out;b'ui\x93\xfbv\xcc\x1bP'
xortool_out/08581.out;b'ui\x93\xfbv\xcc\x1b\x15'
xortool_out/08582.out;b'ui\x93\xfbv\xcc\x1bl'
xortool_out/08583.out;b'ui\x93\xfbv\xcc\x1aP'
xortool_out/08584.out;b'ui\x93\xfbv\xcc\x1a\x15'
xortool_out/08585.out;b'ui\x93\xfbv\xcc\x1al'
xortool_out/08586.out;b'ui\x93\xfbv\xccEP'
xortool_out/08587.out;b'ui\x93\xfbv\xccE\x15'
xortool_out/08588.out;b'ui\x93\xfbv\xccEl'
xortool_out/08589.out;b'ui\x93\xfbv\xccIP'
xortool_out/08590.out;b'ui\x93\xfbv\xccI\x15'
xortool_out/08591.out;b'ui\x93\xfbv\xccIl'
xortool_out/08592.out;b'ui\x93\xfbK\xd0\x1bP'
xortool_out/08593.out;b'ui\x93\xfbK\xd0\x1b\x15'
xortool_out/08594.out;b'ui\x93\xfbK\xd0\x1bl'
xortool_out/08595.out;b'ui\x93\xfbK\xd0\x1aP'
xortool_out/08596.out;b'ui\x93\xfbK\xd0\x1a\x15'
xortool_out/08597.out;b'ui\x93\xfbK\xd0\x1al'
xortool_out/08598.out;b'ui\x93\xfbK\xd0EP'
xortool_out/08599.out;b'ui\x93\xfbK\xd0E\x15'
xortool_out/08600.out;b'ui\x93\xfbK\xd0El'
xortool_out/08601.out;b'ui\x93\xfbK\xd0IP'
xortool_out/08602.out;b'ui\x93\xfbK\xd0I\x15'
xortool_out/08603.out;b'ui\x93\xfbK\xd0Il'
xortool_out/08604.out;b'ui\x93\xfbK\x81\x1bP'
xortool_out/08605.out;b'ui\x93\xfbK\x81\x1b\x15'
xortool_out/08606.out;b'ui\x93\xfbK\x81\x1bl'
xortool_out/08607.out;b'ui\x93\xfbK\x81\x1aP'
xortool_out/08608.out;b'ui\x93\xfbK\x81\x1a\x15'
xortool_out/08609.out;b'ui\x93\xfbK\x81\x1al'
xortool_out/08610.out;b'ui\x93\xfbK\x81EP'
xortool_out/08611.out;b'ui\x93\xfbK\x81E\x15'
xortool_out/08612.out;b'ui\x93\xfbK\x81El'
xortool_out/08613.out;b'ui\x93\xfbK\x81IP'
xortool_out/08614.out;b'ui\x93\xfbK\x81I\x15'
xortool_out/08615.out;b'ui\x93\xfbK\x81Il'
xortool_out/08616.out;b'ui\x93\xfbK\xc5\x1bP'
xortool_out/08617.out;b'ui\x93\xfbK\xc5\x1b\x15'
xortool_out/08618.out;b'ui\x93\xfbK\xc5\x1bl'
xortool_out/08619.out;b'ui\x93\xfbK\xc5\x1aP'
xortool_out/08620.out;b'ui\x93\xfbK\xc5\x1a\x15'
xortool_out/08621.out;b'ui\x93\xfbK\xc5\x1al'
xortool_out/08622.out;b'ui\x93\xfbK\xc5EP'
xortool_out/08623.out;b'ui\x93\xfbK\xc5E\x15'
xortool_out/08624.out;b'ui\x93\xfbK\xc5El'
xortool_out/08625.out;b'ui\x93\xfbK\xc5IP'
xortool_out/08626.out;b'ui\x93\xfbK\xc5I\x15'
xortool_out/08627.out;b'ui\x93\xfbK\xc5Il'
xortool_out/08628.out;b'ui\x93\xfbK\xcc\x1bP'
xortool_out/08629.out;b'ui\x93\xfbK\xcc\x1b\x15'
xortool_out/08630.out;b'ui\x93\xfbK\xcc\x1bl'
xortool_out/08631.out;b'ui\x93\xfbK\xcc\x1aP'
xortool_out/08632.out;b'ui\x93\xfbK\xcc\x1a\x15'
xortool_out/08633.out;b'ui\x93\xfbK\xcc\x1al'
xortool_out/08634.out;b'ui\x93\xfbK\xccEP'
xortool_out/08635.out;b'ui\x93\xfbK\xccE\x15'
xortool_out/08636.out;b'ui\x93\xfbK\xccEl'
xortool_out/08637.out;b'ui\x93\xfbK\xccIP'
xortool_out/08638.out;b'ui\x93\xfbK\xccI\x15'
xortool_out/08639.out;b'ui\x93\xfbK\xccIl'
xortool_out/08640.out;b'ui\x93\xbe[\xd0\x1bP'
xortool_out/08641.out;b'ui\x93\xbe[\xd0\x1b\x15'
xortool_out/08642.out;b'ui\x93\xbe[\xd0\x1bl'
xortool_out/08643.out;b'ui\x93\xbe[\xd0\x1aP'
xortool_out/08644.out;b'ui\x93\xbe[\xd0\x1a\x15'
xortool_out/08645.out;b'ui\x93\xbe[\xd0\x1al'
xortool_out/08646.out;b'ui\x93\xbe[\xd0EP'
xortool_out/08647.out;b'ui\x93\xbe[\xd0E\x15'
xortool_out/08648.out;b'ui\x93\xbe[\xd0El'
xortool_out/08649.out;b'ui\x93\xbe[\xd0IP'
xortool_out/08650.out;b'ui\x93\xbe[\xd0I\x15'
xortool_out/08651.out;b'ui\x93\xbe[\xd0Il'
xortool_out/08652.out;b'ui\x93\xbe[\x81\x1bP'
xortool_out/08653.out;b'ui\x93\xbe[\x81\x1b\x15'
xortool_out/08654.out;b'ui\x93\xbe[\x81\x1bl'
xortool_out/08655.out;b'ui\x93\xbe[\x81\x1aP'
xortool_out/08656.out;b'ui\x93\xbe[\x81\x1a\x15'
xortool_out/08657.out;b'ui\x93\xbe[\x81\x1al'
xortool_out/08658.out;b'ui\x93\xbe[\x81EP'
xortool_out/08659.out;b'ui\x93\xbe[\x81E\x15'
xortool_out/08660.out;b'ui\x93\xbe[\x81El'
xortool_out/08661.out;b'ui\x93\xbe[\x81IP'
xortool_out/08662.out;b'ui\x93\xbe[\x81I\x15'
xortool_out/08663.out;b'ui\x93\xbe[\x81Il'
xortool_out/08664.out;b'ui\x93\xbe[\xc5\x1bP'
xortool_out/08665.out;b'ui\x93\xbe[\xc5\x1b\x15'
xortool_out/08666.out;b'ui\x93\xbe[\xc5\x1bl'
xortool_out/08667.out;b'ui\x93\xbe[\xc5\x1aP'
xortool_out/08668.out;b'ui\x93\xbe[\xc5\x1a\x15'
xortool_out/08669.out;b'ui\x93\xbe[\xc5\x1al'
xortool_out/08670.out;b'ui\x93\xbe[\xc5EP'
xortool_out/08671.out;b'ui\x93\xbe[\xc5E\x15'
xortool_out/08672.out;b'ui\x93\xbe[\xc5El'
xortool_out/08673.out;b'ui\x93\xbe[\xc5IP'
xortool_out/08674.out;b'ui\x93\xbe[\xc5I\x15'
xortool_out/08675.out;b'ui\x93\xbe[\xc5Il'
xortool_out/08676.out;b'ui\x93\xbe[\xcc\x1bP'
xortool_out/08677.out;b'ui\x93\xbe[\xcc\x1b\x15'
xortool_out/08678.out;b'ui\x93\xbe[\xcc\x1bl'
xortool_out/08679.out;b'ui\x93\xbe[\xcc\x1aP'
xortool_out/08680.out;b'ui\x93\xbe[\xcc\x1a\x15'
xortool_out/08681.out;b'ui\x93\xbe[\xcc\x1al'
xortool_out/08682.out;b'ui\x93\xbe[\xccEP'
xortool_out/08683.out;b'ui\x93\xbe[\xccE\x15'
xortool_out/08684.out;b'ui\x93\xbe[\xccEl'
xortool_out/08685.out;b'ui\x93\xbe[\xccIP'
xortool_out/08686.out;b'ui\x93\xbe[\xccI\x15'
xortool_out/08687.out;b'ui\x93\xbe[\xccIl'
xortool_out/08688.out;b'ui\x93\xbeA\xd0\x1bP'
xortool_out/08689.out;b'ui\x93\xbeA\xd0\x1b\x15'
xortool_out/08690.out;b'ui\x93\xbeA\xd0\x1bl'
xortool_out/08691.out;b'ui\x93\xbeA\xd0\x1aP'
xortool_out/08692.out;b'ui\x93\xbeA\xd0\x1a\x15'
xortool_out/08693.out;b'ui\x93\xbeA\xd0\x1al'
xortool_out/08694.out;b'ui\x93\xbeA\xd0EP'
xortool_out/08695.out;b'ui\x93\xbeA\xd0E\x15'
xortool_out/08696.out;b'ui\x93\xbeA\xd0El'
xortool_out/08697.out;b'ui\x93\xbeA\xd0IP'
xortool_out/08698.out;b'ui\x93\xbeA\xd0I\x15'
xortool_out/08699.out;b'ui\x93\xbeA\xd0Il'
xortool_out/08700.out;b'ui\x93\xbeA\x81\x1bP'
xortool_out/08701.out;b'ui\x93\xbeA\x81\x1b\x15'
xortool_out/08702.out;b'ui\x93\xbeA\x81\x1bl'
xortool_out/08703.out;b'ui\x93\xbeA\x81\x1aP'
xortool_out/08704.out;b'ui\x93\xbeA\x81\x1a\x15'
xortool_out/08705.out;b'ui\x93\xbeA\x81\x1al'
xortool_out/08706.out;b'ui\x93\xbeA\x81EP'
xortool_out/08707.out;b'ui\x93\xbeA\x81E\x15'
xortool_out/08708.out;b'ui\x93\xbeA\x81El'
xortool_out/08709.out;b'ui\x93\xbeA\x81IP'
xortool_out/08710.out;b'ui\x93\xbeA\x81I\x15'
xortool_out/08711.out;b'ui\x93\xbeA\x81Il'
xortool_out/08712.out;b'ui\x93\xbeA\xc5\x1bP'
xortool_out/08713.out;b'ui\x93\xbeA\xc5\x1b\x15'
xortool_out/08714.out;b'ui\x93\xbeA\xc5\x1bl'
xortool_out/08715.out;b'ui\x93\xbeA\xc5\x1aP'
xortool_out/08716.out;b'ui\x93\xbeA\xc5\x1a\x15'
xortool_out/08717.out;b'ui\x93\xbeA\xc5\x1al'
xortool_out/08718.out;b'ui\x93\xbeA\xc5EP'
xortool_out/08719.out;b'ui\x93\xbeA\xc5E\x15'
xortool_out/08720.out;b'ui\x93\xbeA\xc5El'
xortool_out/08721.out;b'ui\x93\xbeA\xc5IP'
xortool_out/08722.out;b'ui\x93\xbeA\xc5I\x15'
xortool_out/08723.out;b'ui\x93\xbeA\xc5Il'
xortool_out/08724.out;b'ui\x93\xbeA\xcc\x1bP'
xortool_out/08725.out;b'ui\x93\xbeA\xcc\x1b\x15'
xortool_out/08726.out;b'ui\x93\xbeA\xcc\x1bl'
xortool_out/08727.out;b'ui\x93\xbeA\xcc\x1aP'
xortool_out/08728.out;b'ui\x93\xbeA\xcc\x1a\x15'
xortool_out/08729.out;b'ui\x93\xbeA\xcc\x1al'
xortool_out/08730.out;b'ui\x93\xbeA\xccEP'
xortool_out/08731.out;b'ui\x93\xbeA\xccE\x15'
xortool_out/08732.out;b'ui\x93\xbeA\xccEl'
xortool_out/08733.out;b'ui\x93\xbeA\xccIP'
xortool_out/08734.out;b'ui\x93\xbeA\xccI\x15'
xortool_out/08735.out;b'ui\x93\xbeA\xccIl'
xortool_out/08736.out;b'ui\x93\xbev\xd0\x1bP'
xortool_out/08737.out;b'ui\x93\xbev\xd0\x1b\x15'
xortool_out/08738.out;b'ui\x93\xbev\xd0\x1bl'
xortool_out/08739.out;b'ui\x93\xbev\xd0\x1aP'
xortool_out/08740.out;b'ui\x93\xbev\xd0\x1a\x15'
xortool_out/08741.out;b'ui\x93\xbev\xd0\x1al'
xortool_out/08742.out;b'ui\x93\xbev\xd0EP'
xortool_out/08743.out;b'ui\x93\xbev\xd0E\x15'
xortool_out/08744.out;b'ui\x93\xbev\xd0El'
xortool_out/08745.out;b'ui\x93\xbev\xd0IP'
xortool_out/08746.out;b'ui\x93\xbev\xd0I\x15'
xortool_out/08747.out;b'ui\x93\xbev\xd0Il'
xortool_out/08748.out;b'ui\x93\xbev\x81\x1bP'
xortool_out/08749.out;b'ui\x93\xbev\x81\x1b\x15'
xortool_out/08750.out;b'ui\x93\xbev\x81\x1bl'
xortool_out/08751.out;b'ui\x93\xbev\x81\x1aP'
xortool_out/08752.out;b'ui\x93\xbev\x81\x1a\x15'
xortool_out/08753.out;b'ui\x93\xbev\x81\x1al'
xortool_out/08754.out;b'ui\x93\xbev\x81EP'
xortool_out/08755.out;b'ui\x93\xbev\x81E\x15'
xortool_out/08756.out;b'ui\x93\xbev\x81El'
xortool_out/08757.out;b'ui\x93\xbev\x81IP'
xortool_out/08758.out;b'ui\x93\xbev\x81I\x15'
xortool_out/08759.out;b'ui\x93\xbev\x81Il'
xortool_out/08760.out;b'ui\x93\xbev\xc5\x1bP'
xortool_out/08761.out;b'ui\x93\xbev\xc5\x1b\x15'
xortool_out/08762.out;b'ui\x93\xbev\xc5\x1bl'
xortool_out/08763.out;b'ui\x93\xbev\xc5\x1aP'
xortool_out/08764.out;b'ui\x93\xbev\xc5\x1a\x15'
xortool_out/08765.out;b'ui\x93\xbev\xc5\x1al'
xortool_out/08766.out;b'ui\x93\xbev\xc5EP'
xortool_out/08767.out;b'ui\x93\xbev\xc5E\x15'
xortool_out/08768.out;b'ui\x93\xbev\xc5El'
xortool_out/08769.out;b'ui\x93\xbev\xc5IP'
xortool_out/08770.out;b'ui\x93\xbev\xc5I\x15'
xortool_out/08771.out;b'ui\x93\xbev\xc5Il'
xortool_out/08772.out;b'ui\x93\xbev\xcc\x1bP'
xortool_out/08773.out;b'ui\x93\xbev\xcc\x1b\x15'
xortool_out/08774.out;b'ui\x93\xbev\xcc\x1bl'
xortool_out/08775.out;b'ui\x93\xbev\xcc\x1aP'
xortool_out/08776.out;b'ui\x93\xbev\xcc\x1a\x15'
xortool_out/08777.out;b'ui\x93\xbev\xcc\x1al'
xortool_out/08778.out;b'ui\x93\xbev\xccEP'
xortool_out/08779.out;b'ui\x93\xbev\xccE\x15'
xortool_out/08780.out;b'ui\x93\xbev\xccEl'
xortool_out/08781.out;b'ui\x93\xbev\xccIP'
xortool_out/08782.out;b'ui\x93\xbev\xccI\x15'
xortool_out/08783.out;b'ui\x93\xbev\xccIl'
xortool_out/08784.out;b'ui\x93\xbeK\xd0\x1bP'
xortool_out/08785.out;b'ui\x93\xbeK\xd0\x1b\x15'
xortool_out/08786.out;b'ui\x93\xbeK\xd0\x1bl'
xortool_out/08787.out;b'ui\x93\xbeK\xd0\x1aP'
xortool_out/08788.out;b'ui\x93\xbeK\xd0\x1a\x15'
xortool_out/08789.out;b'ui\x93\xbeK\xd0\x1al'
xortool_out/08790.out;b'ui\x93\xbeK\xd0EP'
xortool_out/08791.out;b'ui\x93\xbeK\xd0E\x15'
xortool_out/08792.out;b'ui\x93\xbeK\xd0El'
xortool_out/08793.out;b'ui\x93\xbeK\xd0IP'
xortool_out/08794.out;b'ui\x93\xbeK\xd0I\x15'
xortool_out/08795.out;b'ui\x93\xbeK\xd0Il'
xortool_out/08796.out;b'ui\x93\xbeK\x81\x1bP'
xortool_out/08797.out;b'ui\x93\xbeK\x81\x1b\x15'
xortool_out/08798.out;b'ui\x93\xbeK\x81\x1bl'
xortool_out/08799.out;b'ui\x93\xbeK\x81\x1aP'
xortool_out/08800.out;b'ui\x93\xbeK\x81\x1a\x15'
xortool_out/08801.out;b'ui\x93\xbeK\x81\x1al'
xortool_out/08802.out;b'ui\x93\xbeK\x81EP'
xortool_out/08803.out;b'ui\x93\xbeK\x81E\x15'
xortool_out/08804.out;b'ui\x93\xbeK\x81El'
xortool_out/08805.out;b'ui\x93\xbeK\x81IP'
xortool_out/08806.out;b'ui\x93\xbeK\x81I\x15'
xortool_out/08807.out;b'ui\x93\xbeK\x81Il'
xortool_out/08808.out;b'ui\x93\xbeK\xc5\x1bP'
xortool_out/08809.out;b'ui\x93\xbeK\xc5\x1b\x15'
xortool_out/08810.out;b'ui\x93\xbeK\xc5\x1bl'
xortool_out/08811.out;b'ui\x93\xbeK\xc5\x1aP'
xortool_out/08812.out;b'ui\x93\xbeK\xc5\x1a\x15'
xortool_out/08813.out;b'ui\x93\xbeK\xc5\x1al'
xortool_out/08814.out;b'ui\x93\xbeK\xc5EP'
xortool_out/08815.out;b'ui\x93\xbeK\xc5E\x15'
xortool_out/08816.out;b'ui\x93\xbeK\xc5El'
xortool_out/08817.out;b'ui\x93\xbeK\xc5IP'
xortool_out/08818.out;b'ui\x93\xbeK\xc5I\x15'
xortool_out/08819.out;b'ui\x93\xbeK\xc5Il'
xortool_out/08820.out;b'ui\x93\xbeK\xcc\x1bP'
xortool_out/08821.out;b'ui\x93\xbeK\xcc\x1b\x15'
xortool_out/08822.out;b'ui\x93\xbeK\xcc\x1bl'
xortool_out/08823.out;b'ui\x93\xbeK\xcc\x1aP'
xortool_out/08824.out;b'ui\x93\xbeK\xcc\x1a\x15'
xortool_out/08825.out;b'ui\x93\xbeK\xcc\x1al'
xortool_out/08826.out;b'ui\x93\xbeK\xccEP'
xortool_out/08827.out;b'ui\x93\xbeK\xccE\x15'
xortool_out/08828.out;b'ui\x93\xbeK\xccEl'
xortool_out/08829.out;b'ui\x93\xbeK\xccIP'
xortool_out/08830.out;b'ui\x93\xbeK\xccI\x15'
xortool_out/08831.out;b'ui\x93\xbeK\xccIl'
xortool_out/08832.out;b'ui\x93\xfd[\xd0\x1bP'
xortool_out/08833.out;b'ui\x93\xfd[\xd0\x1b\x15'
xortool_out/08834.out;b'ui\x93\xfd[\xd0\x1bl'
xortool_out/08835.out;b'ui\x93\xfd[\xd0\x1aP'
xortool_out/08836.out;b'ui\x93\xfd[\xd0\x1a\x15'
xortool_out/08837.out;b'ui\x93\xfd[\xd0\x1al'
xortool_out/08838.out;b'ui\x93\xfd[\xd0EP'
xortool_out/08839.out;b'ui\x93\xfd[\xd0E\x15'
xortool_out/08840.out;b'ui\x93\xfd[\xd0El'
xortool_out/08841.out;b'ui\x93\xfd[\xd0IP'
xortool_out/08842.out;b'ui\x93\xfd[\xd0I\x15'
xortool_out/08843.out;b'ui\x93\xfd[\xd0Il'
xortool_out/08844.out;b'ui\x93\xfd[\x81\x1bP'
xortool_out/08845.out;b'ui\x93\xfd[\x81\x1b\x15'
xortool_out/08846.out;b'ui\x93\xfd[\x81\x1bl'
xortool_out/08847.out;b'ui\x93\xfd[\x81\x1aP'
xortool_out/08848.out;b'ui\x93\xfd[\x81\x1a\x15'
xortool_out/08849.out;b'ui\x93\xfd[\x81\x1al'
xortool_out/08850.out;b'ui\x93\xfd[\x81EP'
xortool_out/08851.out;b'ui\x93\xfd[\x81E\x15'
xortool_out/08852.out;b'ui\x93\xfd[\x81El'
xortool_out/08853.out;b'ui\x93\xfd[\x81IP'
xortool_out/08854.out;b'ui\x93\xfd[\x81I\x15'
xortool_out/08855.out;b'ui\x93\xfd[\x81Il'
xortool_out/08856.out;b'ui\x93\xfd[\xc5\x1bP'
xortool_out/08857.out;b'ui\x93\xfd[\xc5\x1b\x15'
xortool_out/08858.out;b'ui\x93\xfd[\xc5\x1bl'
xortool_out/08859.out;b'ui\x93\xfd[\xc5\x1aP'
xortool_out/08860.out;b'ui\x93\xfd[\xc5\x1a\x15'
xortool_out/08861.out;b'ui\x93\xfd[\xc5\x1al'
xortool_out/08862.out;b'ui\x93\xfd[\xc5EP'
xortool_out/08863.out;b'ui\x93\xfd[\xc5E\x15'
xortool_out/08864.out;b'ui\x93\xfd[\xc5El'
xortool_out/08865.out;b'ui\x93\xfd[\xc5IP'
xortool_out/08866.out;b'ui\x93\xfd[\xc5I\x15'
xortool_out/08867.out;b'ui\x93\xfd[\xc5Il'
xortool_out/08868.out;b'ui\x93\xfd[\xcc\x1bP'
xortool_out/08869.out;b'ui\x93\xfd[\xcc\x1b\x15'
xortool_out/08870.out;b'ui\x93\xfd[\xcc\x1bl'
xortool_out/08871.out;b'ui\x93\xfd[\xcc\x1aP'
xortool_out/08872.out;b'ui\x93\xfd[\xcc\x1a\x15'
xortool_out/08873.out;b'ui\x93\xfd[\xcc\x1al'
xortool_out/08874.out;b'ui\x93\xfd[\xccEP'
xortool_out/08875.out;b'ui\x93\xfd[\xccE\x15'
xortool_out/08876.out;b'ui\x93\xfd[\xccEl'
xortool_out/08877.out;b'ui\x93\xfd[\xccIP'
xortool_out/08878.out;b'ui\x93\xfd[\xccI\x15'
xortool_out/08879.out;b'ui\x93\xfd[\xccIl'
xortool_out/08880.out;b'ui\x93\xfdA\xd0\x1bP'
xortool_out/08881.out;b'ui\x93\xfdA\xd0\x1b\x15'
xortool_out/08882.out;b'ui\x93\xfdA\xd0\x1bl'
xortool_out/08883.out;b'ui\x93\xfdA\xd0\x1aP'
xortool_out/08884.out;b'ui\x93\xfdA\xd0\x1a\x15'
xortool_out/08885.out;b'ui\x93\xfdA\xd0\x1al'
xortool_out/08886.out;b'ui\x93\xfdA\xd0EP'
xortool_out/08887.out;b'ui\x93\xfdA\xd0E\x15'
xortool_out/08888.out;b'ui\x93\xfdA\xd0El'
xortool_out/08889.out;b'ui\x93\xfdA\xd0IP'
xortool_out/08890.out;b'ui\x93\xfdA\xd0I\x15'
xortool_out/08891.out;b'ui\x93\xfdA\xd0Il'
xortool_out/08892.out;b'ui\x93\xfdA\x81\x1bP'
xortool_out/08893.out;b'ui\x93\xfdA\x81\x1b\x15'
xortool_out/08894.out;b'ui\x93\xfdA\x81\x1bl'
xortool_out/08895.out;b'ui\x93\xfdA\x81\x1aP'
xortool_out/08896.out;b'ui\x93\xfdA\x81\x1a\x15'
xortool_out/08897.out;b'ui\x93\xfdA\x81\x1al'
xortool_out/08898.out;b'ui\x93\xfdA\x81EP'
xortool_out/08899.out;b'ui\x93\xfdA\x81E\x15'
xortool_out/08900.out;b'ui\x93\xfdA\x81El'
xortool_out/08901.out;b'ui\x93\xfdA\x81IP'
xortool_out/08902.out;b'ui\x93\xfdA\x81I\x15'
xortool_out/08903.out;b'ui\x93\xfdA\x81Il'
xortool_out/08904.out;b'ui\x93\xfdA\xc5\x1bP'
xortool_out/08905.out;b'ui\x93\xfdA\xc5\x1b\x15'
xortool_out/08906.out;b'ui\x93\xfdA\xc5\x1bl'
xortool_out/08907.out;b'ui\x93\xfdA\xc5\x1aP'
xortool_out/08908.out;b'ui\x93\xfdA\xc5\x1a\x15'
xortool_out/08909.out;b'ui\x93\xfdA\xc5\x1al'
xortool_out/08910.out;b'ui\x93\xfdA\xc5EP'
xortool_out/08911.out;b'ui\x93\xfdA\xc5E\x15'
xortool_out/08912.out;b'ui\x93\xfdA\xc5El'
xortool_out/08913.out;b'ui\x93\xfdA\xc5IP'
xortool_out/08914.out;b'ui\x93\xfdA\xc5I\x15'
xortool_out/08915.out;b'ui\x93\xfdA\xc5Il'
xortool_out/08916.out;b'ui\x93\xfdA\xcc\x1bP'
xortool_out/08917.out;b'ui\x93\xfdA\xcc\x1b\x15'
xortool_out/08918.out;b'ui\x93\xfdA\xcc\x1bl'
xortool_out/08919.out;b'ui\x93\xfdA\xcc\x1aP'
xortool_out/08920.out;b'ui\x93\xfdA\xcc\x1a\x15'
xortool_out/08921.out;b'ui\x93\xfdA\xcc\x1al'
xortool_out/08922.out;b'ui\x93\xfdA\xccEP'
xortool_out/08923.out;b'ui\x93\xfdA\xccE\x15'
xortool_out/08924.out;b'ui\x93\xfdA\xccEl'
xortool_out/08925.out;b'ui\x93\xfdA\xccIP'
xortool_out/08926.out;b'ui\x93\xfdA\xccI\x15'
xortool_out/08927.out;b'ui\x93\xfdA\xccIl'
xortool_out/08928.out;b'ui\x93\xfdv\xd0\x1bP'
xortool_out/08929.out;b'ui\x93\xfdv\xd0\x1b\x15'
xortool_out/08930.out;b'ui\x93\xfdv\xd0\x1bl'
xortool_out/08931.out;b'ui\x93\xfdv\xd0\x1aP'
xortool_out/08932.out;b'ui\x93\xfdv\xd0\x1a\x15'
xortool_out/08933.out;b'ui\x93\xfdv\xd0\x1al'
xortool_out/08934.out;b'ui\x93\xfdv\xd0EP'
xortool_out/08935.out;b'ui\x93\xfdv\xd0E\x15'
xortool_out/08936.out;b'ui\x93\xfdv\xd0El'
xortool_out/08937.out;b'ui\x93\xfdv\xd0IP'
xortool_out/08938.out;b'ui\x93\xfdv\xd0I\x15'
xortool_out/08939.out;b'ui\x93\xfdv\xd0Il'
xortool_out/08940.out;b'ui\x93\xfdv\x81\x1bP'
xortool_out/08941.out;b'ui\x93\xfdv\x81\x1b\x15'
xortool_out/08942.out;b'ui\x93\xfdv\x81\x1bl'
xortool_out/08943.out;b'ui\x93\xfdv\x81\x1aP'
xortool_out/08944.out;b'ui\x93\xfdv\x81\x1a\x15'
xortool_out/08945.out;b'ui\x93\xfdv\x81\x1al'
xortool_out/08946.out;b'ui\x93\xfdv\x81EP'
xortool_out/08947.out;b'ui\x93\xfdv\x81E\x15'
xortool_out/08948.out;b'ui\x93\xfdv\x81El'
xortool_out/08949.out;b'ui\x93\xfdv\x81IP'
xortool_out/08950.out;b'ui\x93\xfdv\x81I\x15'
xortool_out/08951.out;b'ui\x93\xfdv\x81Il'
xortool_out/08952.out;b'ui\x93\xfdv\xc5\x1bP'
xortool_out/08953.out;b'ui\x93\xfdv\xc5\x1b\x15'
xortool_out/08954.out;b'ui\x93\xfdv\xc5\x1bl'
xortool_out/08955.out;b'ui\x93\xfdv\xc5\x1aP'
xortool_out/08956.out;b'ui\x93\xfdv\xc5\x1a\x15'
xortool_out/08957.out;b'ui\x93\xfdv\xc5\x1al'
xortool_out/08958.out;b'ui\x93\xfdv\xc5EP'
xortool_out/08959.out;b'ui\x93\xfdv\xc5E\x15'
xortool_out/08960.out;b'ui\x93\xfdv\xc5El'
xortool_out/08961.out;b'ui\x93\xfdv\xc5IP'
xortool_out/08962.out;b'ui\x93\xfdv\xc5I\x15'
xortool_out/08963.out;b'ui\x93\xfdv\xc5Il'
xortool_out/08964.out;b'ui\x93\xfdv\xcc\x1bP'
xortool_out/08965.out;b'ui\x93\xfdv\xcc\x1b\x15'
xortool_out/08966.out;b'ui\x93\xfdv\xcc\x1bl'
xortool_out/08967.out;b'ui\x93\xfdv\xcc\x1aP'
xortool_out/08968.out;b'ui\x93\xfdv\xcc\x1a\x15'
xortool_out/08969.out;b'ui\x93\xfdv\xcc\x1al'
xortool_out/08970.out;b'ui\x93\xfdv\xccEP'
xortool_out/08971.out;b'ui\x93\xfdv\xccE\x15'
xortool_out/08972.out;b'ui\x93\xfdv\xccEl'
xortool_out/08973.out;b'ui\x93\xfdv\xccIP'
xortool_out/08974.out;b'ui\x93\xfdv\xccI\x15'
xortool_out/08975.out;b'ui\x93\xfdv\xccIl'
xortool_out/08976.out;b'ui\x93\xfdK\xd0\x1bP'
xortool_out/08977.out;b'ui\x93\xfdK\xd0\x1b\x15'
xortool_out/08978.out;b'ui\x93\xfdK\xd0\x1bl'
xortool_out/08979.out;b'ui\x93\xfdK\xd0\x1aP'
xortool_out/08980.out;b'ui\x93\xfdK\xd0\x1a\x15'
xortool_out/08981.out;b'ui\x93\xfdK\xd0\x1al'
xortool_out/08982.out;b'ui\x93\xfdK\xd0EP'
xortool_out/08983.out;b'ui\x93\xfdK\xd0E\x15'
xortool_out/08984.out;b'ui\x93\xfdK\xd0El'
xortool_out/08985.out;b'ui\x93\xfdK\xd0IP'
xortool_out/08986.out;b'ui\x93\xfdK\xd0I\x15'
xortool_out/08987.out;b'ui\x93\xfdK\xd0Il'
xortool_out/08988.out;b'ui\x93\xfdK\x81\x1bP'
xortool_out/08989.out;b'ui\x93\xfdK\x81\x1b\x15'
xortool_out/08990.out;b'ui\x93\xfdK\x81\x1bl'
xortool_out/08991.out;b'ui\x93\xfdK\x81\x1aP'
xortool_out/08992.out;b'ui\x93\xfdK\x81\x1a\x15'
xortool_out/08993.out;b'ui\x93\xfdK\x81\x1al'
xortool_out/08994.out;b'ui\x93\xfdK\x81EP'
xortool_out/08995.out;b'ui\x93\xfdK\x81E\x15'
xortool_out/08996.out;b'ui\x93\xfdK\x81El'
xortool_out/08997.out;b'ui\x93\xfdK\x81IP'
xortool_out/08998.out;b'ui\x93\xfdK\x81I\x15'
xortool_out/08999.out;b'ui\x93\xfdK\x81Il'
xortool_out/09000.out;b'ui\x93\xfdK\xc5\x1bP'
xortool_out/09001.out;b'ui\x93\xfdK\xc5\x1b\x15'
xortool_out/09002.out;b'ui\x93\xfdK\xc5\x1bl'
xortool_out/09003.out;b'ui\x93\xfdK\xc5\x1aP'
xortool_out/09004.out;b'ui\x93\xfdK\xc5\x1a\x15'
xortool_out/09005.out;b'ui\x93\xfdK\xc5\x1al'
xortool_out/09006.out;b'ui\x93\xfdK\xc5EP'
xortool_out/09007.out;b'ui\x93\xfdK\xc5E\x15'
xortool_out/09008.out;b'ui\x93\xfdK\xc5El'
xortool_out/09009.out;b'ui\x93\xfdK\xc5IP'
xortool_out/09010.out;b'ui\x93\xfdK\xc5I\x15'
xortool_out/09011.out;b'ui\x93\xfdK\xc5Il'
xortool_out/09012.out;b'ui\x93\xfdK\xcc\x1bP'
xortool_out/09013.out;b'ui\x93\xfdK\xcc\x1b\x15'
xortool_out/09014.out;b'ui\x93\xfdK\xcc\x1bl'
xortool_out/09015.out;b'ui\x93\xfdK\xcc\x1aP'
xortool_out/09016.out;b'ui\x93\xfdK\xcc\x1a\x15'
xortool_out/09017.out;b'ui\x93\xfdK\xcc\x1al'
xortool_out/09018.out;b'ui\x93\xfdK\xccEP'
xortool_out/09019.out;b'ui\x93\xfdK\xccE\x15'
xortool_out/09020.out;b'ui\x93\xfdK\xccEl'
xortool_out/09021.out;b'ui\x93\xfdK\xccIP'
xortool_out/09022.out;b'ui\x93\xfdK\xccI\x15'
xortool_out/09023.out;b'ui\x93\xfdK\xccIl'
xortool_out/09024.out;b'ui\x93\xfc[\xd0\x1bP'
xortool_out/09025.out;b'ui\x93\xfc[\xd0\x1b\x15'
xortool_out/09026.out;b'ui\x93\xfc[\xd0\x1bl'
xortool_out/09027.out;b'ui\x93\xfc[\xd0\x1aP'
xortool_out/09028.out;b'ui\x93\xfc[\xd0\x1a\x15'
xortool_out/09029.out;b'ui\x93\xfc[\xd0\x1al'
xortool_out/09030.out;b'ui\x93\xfc[\xd0EP'
xortool_out/09031.out;b'ui\x93\xfc[\xd0E\x15'
xortool_out/09032.out;b'ui\x93\xfc[\xd0El'
xortool_out/09033.out;b'ui\x93\xfc[\xd0IP'
xortool_out/09034.out;b'ui\x93\xfc[\xd0I\x15'
xortool_out/09035.out;b'ui\x93\xfc[\xd0Il'
xortool_out/09036.out;b'ui\x93\xfc[\x81\x1bP'
xortool_out/09037.out;b'ui\x93\xfc[\x81\x1b\x15'
xortool_out/09038.out;b'ui\x93\xfc[\x81\x1bl'
xortool_out/09039.out;b'ui\x93\xfc[\x81\x1aP'
xortool_out/09040.out;b'ui\x93\xfc[\x81\x1a\x15'
xortool_out/09041.out;b'ui\x93\xfc[\x81\x1al'
xortool_out/09042.out;b'ui\x93\xfc[\x81EP'
xortool_out/09043.out;b'ui\x93\xfc[\x81E\x15'
xortool_out/09044.out;b'ui\x93\xfc[\x81El'
xortool_out/09045.out;b'ui\x93\xfc[\x81IP'
xortool_out/09046.out;b'ui\x93\xfc[\x81I\x15'
xortool_out/09047.out;b'ui\x93\xfc[\x81Il'
xortool_out/09048.out;b'ui\x93\xfc[\xc5\x1bP'
xortool_out/09049.out;b'ui\x93\xfc[\xc5\x1b\x15'
xortool_out/09050.out;b'ui\x93\xfc[\xc5\x1bl'
xortool_out/09051.out;b'ui\x93\xfc[\xc5\x1aP'
xortool_out/09052.out;b'ui\x93\xfc[\xc5\x1a\x15'
xortool_out/09053.out;b'ui\x93\xfc[\xc5\x1al'
xortool_out/09054.out;b'ui\x93\xfc[\xc5EP'
xortool_out/09055.out;b'ui\x93\xfc[\xc5E\x15'
xortool_out/09056.out;b'ui\x93\xfc[\xc5El'
xortool_out/09057.out;b'ui\x93\xfc[\xc5IP'
xortool_out/09058.out;b'ui\x93\xfc[\xc5I\x15'
xortool_out/09059.out;b'ui\x93\xfc[\xc5Il'
xortool_out/09060.out;b'ui\x93\xfc[\xcc\x1bP'
xortool_out/09061.out;b'ui\x93\xfc[\xcc\x1b\x15'
xortool_out/09062.out;b'ui\x93\xfc[\xcc\x1bl'
xortool_out/09063.out;b'ui\x93\xfc[\xcc\x1aP'
xortool_out/09064.out;b'ui\x93\xfc[\xcc\x1a\x15'
xortool_out/09065.out;b'ui\x93\xfc[\xcc\x1al'
xortool_out/09066.out;b'ui\x93\xfc[\xccEP'
xortool_out/09067.out;b'ui\x93\xfc[\xccE\x15'
xortool_out/09068.out;b'ui\x93\xfc[\xccEl'
xortool_out/09069.out;b'ui\x93\xfc[\xccIP'
xortool_out/09070.out;b'ui\x93\xfc[\xccI\x15'
xortool_out/09071.out;b'ui\x93\xfc[\xccIl'
xortool_out/09072.out;b'ui\x93\xfcA\xd0\x1bP'
xortool_out/09073.out;b'ui\x93\xfcA\xd0\x1b\x15'
xortool_out/09074.out;b'ui\x93\xfcA\xd0\x1bl'
xortool_out/09075.out;b'ui\x93\xfcA\xd0\x1aP'
xortool_out/09076.out;b'ui\x93\xfcA\xd0\x1a\x15'
xortool_out/09077.out;b'ui\x93\xfcA\xd0\x1al'
xortool_out/09078.out;b'ui\x93\xfcA\xd0EP'
xortool_out/09079.out;b'ui\x93\xfcA\xd0E\x15'
xortool_out/09080.out;b'ui\x93\xfcA\xd0El'
xortool_out/09081.out;b'ui\x93\xfcA\xd0IP'
xortool_out/09082.out;b'ui\x93\xfcA\xd0I\x15'
xortool_out/09083.out;b'ui\x93\xfcA\xd0Il'
xortool_out/09084.out;b'ui\x93\xfcA\x81\x1bP'
xortool_out/09085.out;b'ui\x93\xfcA\x81\x1b\x15'
xortool_out/09086.out;b'ui\x93\xfcA\x81\x1bl'
xortool_out/09087.out;b'ui\x93\xfcA\x81\x1aP'
xortool_out/09088.out;b'ui\x93\xfcA\x81\x1a\x15'
xortool_out/09089.out;b'ui\x93\xfcA\x81\x1al'
xortool_out/09090.out;b'ui\x93\xfcA\x81EP'
xortool_out/09091.out;b'ui\x93\xfcA\x81E\x15'
xortool_out/09092.out;b'ui\x93\xfcA\x81El'
xortool_out/09093.out;b'ui\x93\xfcA\x81IP'
xortool_out/09094.out;b'ui\x93\xfcA\x81I\x15'
xortool_out/09095.out;b'ui\x93\xfcA\x81Il'
xortool_out/09096.out;b'ui\x93\xfcA\xc5\x1bP'
xortool_out/09097.out;b'ui\x93\xfcA\xc5\x1b\x15'
xortool_out/09098.out;b'ui\x93\xfcA\xc5\x1bl'
xortool_out/09099.out;b'ui\x93\xfcA\xc5\x1aP'
xortool_out/09100.out;b'ui\x93\xfcA\xc5\x1a\x15'
xortool_out/09101.out;b'ui\x93\xfcA\xc5\x1al'
xortool_out/09102.out;b'ui\x93\xfcA\xc5EP'
xortool_out/09103.out;b'ui\x93\xfcA\xc5E\x15'
xortool_out/09104.out;b'ui\x93\xfcA\xc5El'
xortool_out/09105.out;b'ui\x93\xfcA\xc5IP'
xortool_out/09106.out;b'ui\x93\xfcA\xc5I\x15'
xortool_out/09107.out;b'ui\x93\xfcA\xc5Il'
xortool_out/09108.out;b'ui\x93\xfcA\xcc\x1bP'
xortool_out/09109.out;b'ui\x93\xfcA\xcc\x1b\x15'
xortool_out/09110.out;b'ui\x93\xfcA\xcc\x1bl'
xortool_out/09111.out;b'ui\x93\xfcA\xcc\x1aP'
xortool_out/09112.out;b'ui\x93\xfcA\xcc\x1a\x15'
xortool_out/09113.out;b'ui\x93\xfcA\xcc\x1al'
xortool_out/09114.out;b'ui\x93\xfcA\xccEP'
xortool_out/09115.out;b'ui\x93\xfcA\xccE\x15'
xortool_out/09116.out;b'ui\x93\xfcA\xccEl'
xortool_out/09117.out;b'ui\x93\xfcA\xccIP'
xortool_out/09118.out;b'ui\x93\xfcA\xccI\x15'
xortool_out/09119.out;b'ui\x93\xfcA\xccIl'
xortool_out/09120.out;b'ui\x93\xfcv\xd0\x1bP'
xortool_out/09121.out;b'ui\x93\xfcv\xd0\x1b\x15'
xortool_out/09122.out;b'ui\x93\xfcv\xd0\x1bl'
xortool_out/09123.out;b'ui\x93\xfcv\xd0\x1aP'
xortool_out/09124.out;b'ui\x93\xfcv\xd0\x1a\x15'
xortool_out/09125.out;b'ui\x93\xfcv\xd0\x1al'
xortool_out/09126.out;b'ui\x93\xfcv\xd0EP'
xortool_out/09127.out;b'ui\x93\xfcv\xd0E\x15'
xortool_out/09128.out;b'ui\x93\xfcv\xd0El'
xortool_out/09129.out;b'ui\x93\xfcv\xd0IP'
xortool_out/09130.out;b'ui\x93\xfcv\xd0I\x15'
xortool_out/09131.out;b'ui\x93\xfcv\xd0Il'
xortool_out/09132.out;b'ui\x93\xfcv\x81\x1bP'
xortool_out/09133.out;b'ui\x93\xfcv\x81\x1b\x15'
xortool_out/09134.out;b'ui\x93\xfcv\x81\x1bl'
xortool_out/09135.out;b'ui\x93\xfcv\x81\x1aP'
xortool_out/09136.out;b'ui\x93\xfcv\x81\x1a\x15'
xortool_out/09137.out;b'ui\x93\xfcv\x81\x1al'
xortool_out/09138.out;b'ui\x93\xfcv\x81EP'
xortool_out/09139.out;b'ui\x93\xfcv\x81E\x15'
xortool_out/09140.out;b'ui\x93\xfcv\x81El'
xortool_out/09141.out;b'ui\x93\xfcv\x81IP'
xortool_out/09142.out;b'ui\x93\xfcv\x81I\x15'
xortool_out/09143.out;b'ui\x93\xfcv\x81Il'
xortool_out/09144.out;b'ui\x93\xfcv\xc5\x1bP'
xortool_out/09145.out;b'ui\x93\xfcv\xc5\x1b\x15'
xortool_out/09146.out;b'ui\x93\xfcv\xc5\x1bl'
xortool_out/09147.out;b'ui\x93\xfcv\xc5\x1aP'
xortool_out/09148.out;b'ui\x93\xfcv\xc5\x1a\x15'
xortool_out/09149.out;b'ui\x93\xfcv\xc5\x1al'
xortool_out/09150.out;b'ui\x93\xfcv\xc5EP'
xortool_out/09151.out;b'ui\x93\xfcv\xc5E\x15'
xortool_out/09152.out;b'ui\x93\xfcv\xc5El'
xortool_out/09153.out;b'ui\x93\xfcv\xc5IP'
xortool_out/09154.out;b'ui\x93\xfcv\xc5I\x15'
xortool_out/09155.out;b'ui\x93\xfcv\xc5Il'
xortool_out/09156.out;b'ui\x93\xfcv\xcc\x1bP'
xortool_out/09157.out;b'ui\x93\xfcv\xcc\x1b\x15'
xortool_out/09158.out;b'ui\x93\xfcv\xcc\x1bl'
xortool_out/09159.out;b'ui\x93\xfcv\xcc\x1aP'
xortool_out/09160.out;b'ui\x93\xfcv\xcc\x1a\x15'
xortool_out/09161.out;b'ui\x93\xfcv\xcc\x1al'
xortool_out/09162.out;b'ui\x93\xfcv\xccEP'
xortool_out/09163.out;b'ui\x93\xfcv\xccE\x15'
xortool_out/09164.out;b'ui\x93\xfcv\xccEl'
xortool_out/09165.out;b'ui\x93\xfcv\xccIP'
xortool_out/09166.out;b'ui\x93\xfcv\xccI\x15'
xortool_out/09167.out;b'ui\x93\xfcv\xccIl'
xortool_out/09168.out;b'ui\x93\xfcK\xd0\x1bP'
xortool_out/09169.out;b'ui\x93\xfcK\xd0\x1b\x15'
xortool_out/09170.out;b'ui\x93\xfcK\xd0\x1bl'
xortool_out/09171.out;b'ui\x93\xfcK\xd0\x1aP'
xortool_out/09172.out;b'ui\x93\xfcK\xd0\x1a\x15'
xortool_out/09173.out;b'ui\x93\xfcK\xd0\x1al'
xortool_out/09174.out;b'ui\x93\xfcK\xd0EP'
xortool_out/09175.out;b'ui\x93\xfcK\xd0E\x15'
xortool_out/09176.out;b'ui\x93\xfcK\xd0El'
xortool_out/09177.out;b'ui\x93\xfcK\xd0IP'
xortool_out/09178.out;b'ui\x93\xfcK\xd0I\x15'
xortool_out/09179.out;b'ui\x93\xfcK\xd0Il'
xortool_out/09180.out;b'ui\x93\xfcK\x81\x1bP'
xortool_out/09181.out;b'ui\x93\xfcK\x81\x1b\x15'
xortool_out/09182.out;b'ui\x93\xfcK\x81\x1bl'
xortool_out/09183.out;b'ui\x93\xfcK\x81\x1aP'
xortool_out/09184.out;b'ui\x93\xfcK\x81\x1a\x15'
xortool_out/09185.out;b'ui\x93\xfcK\x81\x1al'
xortool_out/09186.out;b'ui\x93\xfcK\x81EP'
xortool_out/09187.out;b'ui\x93\xfcK\x81E\x15'
xortool_out/09188.out;b'ui\x93\xfcK\x81El'
xortool_out/09189.out;b'ui\x93\xfcK\x81IP'
xortool_out/09190.out;b'ui\x93\xfcK\x81I\x15'
xortool_out/09191.out;b'ui\x93\xfcK\x81Il'
xortool_out/09192.out;b'ui\x93\xfcK\xc5\x1bP'
xortool_out/09193.out;b'ui\x93\xfcK\xc5\x1b\x15'
xortool_out/09194.out;b'ui\x93\xfcK\xc5\x1bl'
xortool_out/09195.out;b'ui\x93\xfcK\xc5\x1aP'
xortool_out/09196.out;b'ui\x93\xfcK\xc5\x1a\x15'
xortool_out/09197.out;b'ui\x93\xfcK\xc5\x1al'
xortool_out/09198.out;b'ui\x93\xfcK\xc5EP'
xortool_out/09199.out;b'ui\x93\xfcK\xc5E\x15'
xortool_out/09200.out;b'ui\x93\xfcK\xc5El'
xortool_out/09201.out;b'ui\x93\xfcK\xc5IP'
xortool_out/09202.out;b'ui\x93\xfcK\xc5I\x15'
xortool_out/09203.out;b'ui\x93\xfcK\xc5Il'
xortool_out/09204.out;b'ui\x93\xfcK\xcc\x1bP'
xortool_out/09205.out;b'ui\x93\xfcK\xcc\x1b\x15'
xortool_out/09206.out;b'ui\x93\xfcK\xcc\x1bl'
xortool_out/09207.out;b'ui\x93\xfcK\xcc\x1aP'
xortool_out/09208.out;b'ui\x93\xfcK\xcc\x1a\x15'
xortool_out/09209.out;b'ui\x93\xfcK\xcc\x1al'
xortool_out/09210.out;b'ui\x93\xfcK\xccEP'
xortool_out/09211.out;b'ui\x93\xfcK\xccE\x15'
xortool_out/09212.out;b'ui\x93\xfcK\xccEl'
xortool_out/09213.out;b'ui\x93\xfcK\xccIP'
xortool_out/09214.out;b'ui\x93\xfcK\xccI\x15'
xortool_out/09215.out;b'ui\x93\xfcK\xccIl'
xortool_out/09216.out;b'u6\xb8\xfb[\xd0\x1bP'
xortool_out/09217.out;b'u6\xb8\xfb[\xd0\x1b\x15'
xortool_out/09218.out;b'u6\xb8\xfb[\xd0\x1bl'
xortool_out/09219.out;b'u6\xb8\xfb[\xd0\x1aP'
xortool_out/09220.out;b'u6\xb8\xfb[\xd0\x1a\x15'
xortool_out/09221.out;b'u6\xb8\xfb[\xd0\x1al'
xortool_out/09222.out;b'u6\xb8\xfb[\xd0EP'
xortool_out/09223.out;b'u6\xb8\xfb[\xd0E\x15'
xortool_out/09224.out;b'u6\xb8\xfb[\xd0El'
xortool_out/09225.out;b'u6\xb8\xfb[\xd0IP'
xortool_out/09226.out;b'u6\xb8\xfb[\xd0I\x15'
xortool_out/09227.out;b'u6\xb8\xfb[\xd0Il'
xortool_out/09228.out;b'u6\xb8\xfb[\x81\x1bP'
xortool_out/09229.out;b'u6\xb8\xfb[\x81\x1b\x15'
xortool_out/09230.out;b'u6\xb8\xfb[\x81\x1bl'
xortool_out/09231.out;b'u6\xb8\xfb[\x81\x1aP'
xortool_out/09232.out;b'u6\xb8\xfb[\x81\x1a\x15'
xortool_out/09233.out;b'u6\xb8\xfb[\x81\x1al'
xortool_out/09234.out;b'u6\xb8\xfb[\x81EP'
xortool_out/09235.out;b'u6\xb8\xfb[\x81E\x15'
xortool_out/09236.out;b'u6\xb8\xfb[\x81El'
xortool_out/09237.out;b'u6\xb8\xfb[\x81IP'
xortool_out/09238.out;b'u6\xb8\xfb[\x81I\x15'
xortool_out/09239.out;b'u6\xb8\xfb[\x81Il'
xortool_out/09240.out;b'u6\xb8\xfb[\xc5\x1bP'
xortool_out/09241.out;b'u6\xb8\xfb[\xc5\x1b\x15'
xortool_out/09242.out;b'u6\xb8\xfb[\xc5\x1bl'
xortool_out/09243.out;b'u6\xb8\xfb[\xc5\x1aP'
xortool_out/09244.out;b'u6\xb8\xfb[\xc5\x1a\x15'
xortool_out/09245.out;b'u6\xb8\xfb[\xc5\x1al'
xortool_out/09246.out;b'u6\xb8\xfb[\xc5EP'
xortool_out/09247.out;b'u6\xb8\xfb[\xc5E\x15'
xortool_out/09248.out;b'u6\xb8\xfb[\xc5El'
xortool_out/09249.out;b'u6\xb8\xfb[\xc5IP'
xortool_out/09250.out;b'u6\xb8\xfb[\xc5I\x15'
xortool_out/09251.out;b'u6\xb8\xfb[\xc5Il'
xortool_out/09252.out;b'u6\xb8\xfb[\xcc\x1bP'
xortool_out/09253.out;b'u6\xb8\xfb[\xcc\x1b\x15'
xortool_out/09254.out;b'u6\xb8\xfb[\xcc\x1bl'
xortool_out/09255.out;b'u6\xb8\xfb[\xcc\x1aP'
xortool_out/09256.out;b'u6\xb8\xfb[\xcc\x1a\x15'
xortool_out/09257.out;b'u6\xb8\xfb[\xcc\x1al'
xortool_out/09258.out;b'u6\xb8\xfb[\xccEP'
xortool_out/09259.out;b'u6\xb8\xfb[\xccE\x15'
xortool_out/09260.out;b'u6\xb8\xfb[\xccEl'
xortool_out/09261.out;b'u6\xb8\xfb[\xccIP'
xortool_out/09262.out;b'u6\xb8\xfb[\xccI\x15'
xortool_out/09263.out;b'u6\xb8\xfb[\xccIl'
xortool_out/09264.out;b'u6\xb8\xfbA\xd0\x1bP'
xortool_out/09265.out;b'u6\xb8\xfbA\xd0\x1b\x15'
xortool_out/09266.out;b'u6\xb8\xfbA\xd0\x1bl'
xortool_out/09267.out;b'u6\xb8\xfbA\xd0\x1aP'
xortool_out/09268.out;b'u6\xb8\xfbA\xd0\x1a\x15'
xortool_out/09269.out;b'u6\xb8\xfbA\xd0\x1al'
xortool_out/09270.out;b'u6\xb8\xfbA\xd0EP'
xortool_out/09271.out;b'u6\xb8\xfbA\xd0E\x15'
xortool_out/09272.out;b'u6\xb8\xfbA\xd0El'
xortool_out/09273.out;b'u6\xb8\xfbA\xd0IP'
xortool_out/09274.out;b'u6\xb8\xfbA\xd0I\x15'
xortool_out/09275.out;b'u6\xb8\xfbA\xd0Il'
xortool_out/09276.out;b'u6\xb8\xfbA\x81\x1bP'
xortool_out/09277.out;b'u6\xb8\xfbA\x81\x1b\x15'
xortool_out/09278.out;b'u6\xb8\xfbA\x81\x1bl'
xortool_out/09279.out;b'u6\xb8\xfbA\x81\x1aP'
xortool_out/09280.out;b'u6\xb8\xfbA\x81\x1a\x15'
xortool_out/09281.out;b'u6\xb8\xfbA\x81\x1al'
xortool_out/09282.out;b'u6\xb8\xfbA\x81EP'
xortool_out/09283.out;b'u6\xb8\xfbA\x81E\x15'
xortool_out/09284.out;b'u6\xb8\xfbA\x81El'
xortool_out/09285.out;b'u6\xb8\xfbA\x81IP'
xortool_out/09286.out;b'u6\xb8\xfbA\x81I\x15'
xortool_out/09287.out;b'u6\xb8\xfbA\x81Il'
xortool_out/09288.out;b'u6\xb8\xfbA\xc5\x1bP'
xortool_out/09289.out;b'u6\xb8\xfbA\xc5\x1b\x15'
xortool_out/09290.out;b'u6\xb8\xfbA\xc5\x1bl'
xortool_out/09291.out;b'u6\xb8\xfbA\xc5\x1aP'
xortool_out/09292.out;b'u6\xb8\xfbA\xc5\x1a\x15'
xortool_out/09293.out;b'u6\xb8\xfbA\xc5\x1al'
xortool_out/09294.out;b'u6\xb8\xfbA\xc5EP'
xortool_out/09295.out;b'u6\xb8\xfbA\xc5E\x15'
xortool_out/09296.out;b'u6\xb8\xfbA\xc5El'
xortool_out/09297.out;b'u6\xb8\xfbA\xc5IP'
xortool_out/09298.out;b'u6\xb8\xfbA\xc5I\x15'
xortool_out/09299.out;b'u6\xb8\xfbA\xc5Il'
xortool_out/09300.out;b'u6\xb8\xfbA\xcc\x1bP'
xortool_out/09301.out;b'u6\xb8\xfbA\xcc\x1b\x15'
xortool_out/09302.out;b'u6\xb8\xfbA\xcc\x1bl'
xortool_out/09303.out;b'u6\xb8\xfbA\xcc\x1aP'
xortool_out/09304.out;b'u6\xb8\xfbA\xcc\x1a\x15'
xortool_out/09305.out;b'u6\xb8\xfbA\xcc\x1al'
xortool_out/09306.out;b'u6\xb8\xfbA\xccEP'
xortool_out/09307.out;b'u6\xb8\xfbA\xccE\x15'
xortool_out/09308.out;b'u6\xb8\xfbA\xccEl'
xortool_out/09309.out;b'u6\xb8\xfbA\xccIP'
xortool_out/09310.out;b'u6\xb8\xfbA\xccI\x15'
xortool_out/09311.out;b'u6\xb8\xfbA\xccIl'
xortool_out/09312.out;b'u6\xb8\xfbv\xd0\x1bP'
xortool_out/09313.out;b'u6\xb8\xfbv\xd0\x1b\x15'
xortool_out/09314.out;b'u6\xb8\xfbv\xd0\x1bl'
xortool_out/09315.out;b'u6\xb8\xfbv\xd0\x1aP'
xortool_out/09316.out;b'u6\xb8\xfbv\xd0\x1a\x15'
xortool_out/09317.out;b'u6\xb8\xfbv\xd0\x1al'
xortool_out/09318.out;b'u6\xb8\xfbv\xd0EP'
xortool_out/09319.out;b'u6\xb8\xfbv\xd0E\x15'
xortool_out/09320.out;b'u6\xb8\xfbv\xd0El'
xortool_out/09321.out;b'u6\xb8\xfbv\xd0IP'
xortool_out/09322.out;b'u6\xb8\xfbv\xd0I\x15'
xortool_out/09323.out;b'u6\xb8\xfbv\xd0Il'
xortool_out/09324.out;b'u6\xb8\xfbv\x81\x1bP'
xortool_out/09325.out;b'u6\xb8\xfbv\x81\x1b\x15'
xortool_out/09326.out;b'u6\xb8\xfbv\x81\x1bl'
xortool_out/09327.out;b'u6\xb8\xfbv\x81\x1aP'
xortool_out/09328.out;b'u6\xb8\xfbv\x81\x1a\x15'
xortool_out/09329.out;b'u6\xb8\xfbv\x81\x1al'
xortool_out/09330.out;b'u6\xb8\xfbv\x81EP'
xortool_out/09331.out;b'u6\xb8\xfbv\x81E\x15'
xortool_out/09332.out;b'u6\xb8\xfbv\x81El'
xortool_out/09333.out;b'u6\xb8\xfbv\x81IP'
xortool_out/09334.out;b'u6\xb8\xfbv\x81I\x15'
xortool_out/09335.out;b'u6\xb8\xfbv\x81Il'
xortool_out/09336.out;b'u6\xb8\xfbv\xc5\x1bP'
xortool_out/09337.out;b'u6\xb8\xfbv\xc5\x1b\x15'
xortool_out/09338.out;b'u6\xb8\xfbv\xc5\x1bl'
xortool_out/09339.out;b'u6\xb8\xfbv\xc5\x1aP'
xortool_out/09340.out;b'u6\xb8\xfbv\xc5\x1a\x15'
xortool_out/09341.out;b'u6\xb8\xfbv\xc5\x1al'
xortool_out/09342.out;b'u6\xb8\xfbv\xc5EP'
xortool_out/09343.out;b'u6\xb8\xfbv\xc5E\x15'
xortool_out/09344.out;b'u6\xb8\xfbv\xc5El'
xortool_out/09345.out;b'u6\xb8\xfbv\xc5IP'
xortool_out/09346.out;b'u6\xb8\xfbv\xc5I\x15'
xortool_out/09347.out;b'u6\xb8\xfbv\xc5Il'
xortool_out/09348.out;b'u6\xb8\xfbv\xcc\x1bP'
xortool_out/09349.out;b'u6\xb8\xfbv\xcc\x1b\x15'
xortool_out/09350.out;b'u6\xb8\xfbv\xcc\x1bl'
xortool_out/09351.out;b'u6\xb8\xfbv\xcc\x1aP'
xortool_out/09352.out;b'u6\xb8\xfbv\xcc\x1a\x15'
xortool_out/09353.out;b'u6\xb8\xfbv\xcc\x1al'
xortool_out/09354.out;b'u6\xb8\xfbv\xccEP'
xortool_out/09355.out;b'u6\xb8\xfbv\xccE\x15'
xortool_out/09356.out;b'u6\xb8\xfbv\xccEl'
xortool_out/09357.out;b'u6\xb8\xfbv\xccIP'
xortool_out/09358.out;b'u6\xb8\xfbv\xccI\x15'
xortool_out/09359.out;b'u6\xb8\xfbv\xccIl'
xortool_out/09360.out;b'u6\xb8\xfbK\xd0\x1bP'
xortool_out/09361.out;b'u6\xb8\xfbK\xd0\x1b\x15'
xortool_out/09362.out;b'u6\xb8\xfbK\xd0\x1bl'
xortool_out/09363.out;b'u6\xb8\xfbK\xd0\x1aP'
xortool_out/09364.out;b'u6\xb8\xfbK\xd0\x1a\x15'
xortool_out/09365.out;b'u6\xb8\xfbK\xd0\x1al'
xortool_out/09366.out;b'u6\xb8\xfbK\xd0EP'
xortool_out/09367.out;b'u6\xb8\xfbK\xd0E\x15'
xortool_out/09368.out;b'u6\xb8\xfbK\xd0El'
xortool_out/09369.out;b'u6\xb8\xfbK\xd0IP'
xortool_out/09370.out;b'u6\xb8\xfbK\xd0I\x15'
xortool_out/09371.out;b'u6\xb8\xfbK\xd0Il'
xortool_out/09372.out;b'u6\xb8\xfbK\x81\x1bP'
xortool_out/09373.out;b'u6\xb8\xfbK\x81\x1b\x15'
xortool_out/09374.out;b'u6\xb8\xfbK\x81\x1bl'
xortool_out/09375.out;b'u6\xb8\xfbK\x81\x1aP'
xortool_out/09376.out;b'u6\xb8\xfbK\x81\x1a\x15'
xortool_out/09377.out;b'u6\xb8\xfbK\x81\x1al'
xortool_out/09378.out;b'u6\xb8\xfbK\x81EP'
xortool_out/09379.out;b'u6\xb8\xfbK\x81E\x15'
xortool_out/09380.out;b'u6\xb8\xfbK\x81El'
xortool_out/09381.out;b'u6\xb8\xfbK\x81IP'
xortool_out/09382.out;b'u6\xb8\xfbK\x81I\x15'
xortool_out/09383.out;b'u6\xb8\xfbK\x81Il'
xortool_out/09384.out;b'u6\xb8\xfbK\xc5\x1bP'
xortool_out/09385.out;b'u6\xb8\xfbK\xc5\x1b\x15'
xortool_out/09386.out;b'u6\xb8\xfbK\xc5\x1bl'
xortool_out/09387.out;b'u6\xb8\xfbK\xc5\x1aP'
xortool_out/09388.out;b'u6\xb8\xfbK\xc5\x1a\x15'
xortool_out/09389.out;b'u6\xb8\xfbK\xc5\x1al'
xortool_out/09390.out;b'u6\xb8\xfbK\xc5EP'
xortool_out/09391.out;b'u6\xb8\xfbK\xc5E\x15'
xortool_out/09392.out;b'u6\xb8\xfbK\xc5El'
xortool_out/09393.out;b'u6\xb8\xfbK\xc5IP'
xortool_out/09394.out;b'u6\xb8\xfbK\xc5I\x15'
xortool_out/09395.out;b'u6\xb8\xfbK\xc5Il'
xortool_out/09396.out;b'u6\xb8\xfbK\xcc\x1bP'
xortool_out/09397.out;b'u6\xb8\xfbK\xcc\x1b\x15'
xortool_out/09398.out;b'u6\xb8\xfbK\xcc\x1bl'
xortool_out/09399.out;b'u6\xb8\xfbK\xcc\x1aP'
xortool_out/09400.out;b'u6\xb8\xfbK\xcc\x1a\x15'
xortool_out/09401.out;b'u6\xb8\xfbK\xcc\x1al'
xortool_out/09402.out;b'u6\xb8\xfbK\xccEP'
xortool_out/09403.out;b'u6\xb8\xfbK\xccE\x15'
xortool_out/09404.out;b'u6\xb8\xfbK\xccEl'
xortool_out/09405.out;b'u6\xb8\xfbK\xccIP'
xortool_out/09406.out;b'u6\xb8\xfbK\xccI\x15'
xortool_out/09407.out;b'u6\xb8\xfbK\xccIl'
xortool_out/09408.out;b'u6\xb8\xbe[\xd0\x1bP'
xortool_out/09409.out;b'u6\xb8\xbe[\xd0\x1b\x15'
xortool_out/09410.out;b'u6\xb8\xbe[\xd0\x1bl'
xortool_out/09411.out;b'u6\xb8\xbe[\xd0\x1aP'
xortool_out/09412.out;b'u6\xb8\xbe[\xd0\x1a\x15'
xortool_out/09413.out;b'u6\xb8\xbe[\xd0\x1al'
xortool_out/09414.out;b'u6\xb8\xbe[\xd0EP'
xortool_out/09415.out;b'u6\xb8\xbe[\xd0E\x15'
xortool_out/09416.out;b'u6\xb8\xbe[\xd0El'
xortool_out/09417.out;b'u6\xb8\xbe[\xd0IP'
xortool_out/09418.out;b'u6\xb8\xbe[\xd0I\x15'
xortool_out/09419.out;b'u6\xb8\xbe[\xd0Il'
xortool_out/09420.out;b'u6\xb8\xbe[\x81\x1bP'
xortool_out/09421.out;b'u6\xb8\xbe[\x81\x1b\x15'
xortool_out/09422.out;b'u6\xb8\xbe[\x81\x1bl'
xortool_out/09423.out;b'u6\xb8\xbe[\x81\x1aP'
xortool_out/09424.out;b'u6\xb8\xbe[\x81\x1a\x15'
xortool_out/09425.out;b'u6\xb8\xbe[\x81\x1al'
xortool_out/09426.out;b'u6\xb8\xbe[\x81EP'
xortool_out/09427.out;b'u6\xb8\xbe[\x81E\x15'
xortool_out/09428.out;b'u6\xb8\xbe[\x81El'
xortool_out/09429.out;b'u6\xb8\xbe[\x81IP'
xortool_out/09430.out;b'u6\xb8\xbe[\x81I\x15'
xortool_out/09431.out;b'u6\xb8\xbe[\x81Il'
xortool_out/09432.out;b'u6\xb8\xbe[\xc5\x1bP'
xortool_out/09433.out;b'u6\xb8\xbe[\xc5\x1b\x15'
xortool_out/09434.out;b'u6\xb8\xbe[\xc5\x1bl'
xortool_out/09435.out;b'u6\xb8\xbe[\xc5\x1aP'
xortool_out/09436.out;b'u6\xb8\xbe[\xc5\x1a\x15'
xortool_out/09437.out;b'u6\xb8\xbe[\xc5\x1al'
xortool_out/09438.out;b'u6\xb8\xbe[\xc5EP'
xortool_out/09439.out;b'u6\xb8\xbe[\xc5E\x15'
xortool_out/09440.out;b'u6\xb8\xbe[\xc5El'
xortool_out/09441.out;b'u6\xb8\xbe[\xc5IP'
xortool_out/09442.out;b'u6\xb8\xbe[\xc5I\x15'
xortool_out/09443.out;b'u6\xb8\xbe[\xc5Il'
xortool_out/09444.out;b'u6\xb8\xbe[\xcc\x1bP'
xortool_out/09445.out;b'u6\xb8\xbe[\xcc\x1b\x15'
xortool_out/09446.out;b'u6\xb8\xbe[\xcc\x1bl'
xortool_out/09447.out;b'u6\xb8\xbe[\xcc\x1aP'
xortool_out/09448.out;b'u6\xb8\xbe[\xcc\x1a\x15'
xortool_out/09449.out;b'u6\xb8\xbe[\xcc\x1al'
xortool_out/09450.out;b'u6\xb8\xbe[\xccEP'
xortool_out/09451.out;b'u6\xb8\xbe[\xccE\x15'
xortool_out/09452.out;b'u6\xb8\xbe[\xccEl'
xortool_out/09453.out;b'u6\xb8\xbe[\xccIP'
xortool_out/09454.out;b'u6\xb8\xbe[\xccI\x15'
xortool_out/09455.out;b'u6\xb8\xbe[\xccIl'
xortool_out/09456.out;b'u6\xb8\xbeA\xd0\x1bP'
xortool_out/09457.out;b'u6\xb8\xbeA\xd0\x1b\x15'
xortool_out/09458.out;b'u6\xb8\xbeA\xd0\x1bl'
xortool_out/09459.out;b'u6\xb8\xbeA\xd0\x1aP'
xortool_out/09460.out;b'u6\xb8\xbeA\xd0\x1a\x15'
xortool_out/09461.out;b'u6\xb8\xbeA\xd0\x1al'
xortool_out/09462.out;b'u6\xb8\xbeA\xd0EP'
xortool_out/09463.out;b'u6\xb8\xbeA\xd0E\x15'
xortool_out/09464.out;b'u6\xb8\xbeA\xd0El'
xortool_out/09465.out;b'u6\xb8\xbeA\xd0IP'
xortool_out/09466.out;b'u6\xb8\xbeA\xd0I\x15'
xortool_out/09467.out;b'u6\xb8\xbeA\xd0Il'
xortool_out/09468.out;b'u6\xb8\xbeA\x81\x1bP'
xortool_out/09469.out;b'u6\xb8\xbeA\x81\x1b\x15'
xortool_out/09470.out;b'u6\xb8\xbeA\x81\x1bl'
xortool_out/09471.out;b'u6\xb8\xbeA\x81\x1aP'
xortool_out/09472.out;b'u6\xb8\xbeA\x81\x1a\x15'
xortool_out/09473.out;b'u6\xb8\xbeA\x81\x1al'
xortool_out/09474.out;b'u6\xb8\xbeA\x81EP'
xortool_out/09475.out;b'u6\xb8\xbeA\x81E\x15'
xortool_out/09476.out;b'u6\xb8\xbeA\x81El'
xortool_out/09477.out;b'u6\xb8\xbeA\x81IP'
xortool_out/09478.out;b'u6\xb8\xbeA\x81I\x15'
xortool_out/09479.out;b'u6\xb8\xbeA\x81Il'
xortool_out/09480.out;b'u6\xb8\xbeA\xc5\x1bP'
xortool_out/09481.out;b'u6\xb8\xbeA\xc5\x1b\x15'
xortool_out/09482.out;b'u6\xb8\xbeA\xc5\x1bl'
xortool_out/09483.out;b'u6\xb8\xbeA\xc5\x1aP'
xortool_out/09484.out;b'u6\xb8\xbeA\xc5\x1a\x15'
xortool_out/09485.out;b'u6\xb8\xbeA\xc5\x1al'
xortool_out/09486.out;b'u6\xb8\xbeA\xc5EP'
xortool_out/09487.out;b'u6\xb8\xbeA\xc5E\x15'
xortool_out/09488.out;b'u6\xb8\xbeA\xc5El'
xortool_out/09489.out;b'u6\xb8\xbeA\xc5IP'
xortool_out/09490.out;b'u6\xb8\xbeA\xc5I\x15'
xortool_out/09491.out;b'u6\xb8\xbeA\xc5Il'
xortool_out/09492.out;b'u6\xb8\xbeA\xcc\x1bP'
xortool_out/09493.out;b'u6\xb8\xbeA\xcc\x1b\x15'
xortool_out/09494.out;b'u6\xb8\xbeA\xcc\x1bl'
xortool_out/09495.out;b'u6\xb8\xbeA\xcc\x1aP'
xortool_out/09496.out;b'u6\xb8\xbeA\xcc\x1a\x15'
xortool_out/09497.out;b'u6\xb8\xbeA\xcc\x1al'
xortool_out/09498.out;b'u6\xb8\xbeA\xccEP'
xortool_out/09499.out;b'u6\xb8\xbeA\xccE\x15'
xortool_out/09500.out;b'u6\xb8\xbeA\xccEl'
xortool_out/09501.out;b'u6\xb8\xbeA\xccIP'
xortool_out/09502.out;b'u6\xb8\xbeA\xccI\x15'
xortool_out/09503.out;b'u6\xb8\xbeA\xccIl'
xortool_out/09504.out;b'u6\xb8\xbev\xd0\x1bP'
xortool_out/09505.out;b'u6\xb8\xbev\xd0\x1b\x15'
xortool_out/09506.out;b'u6\xb8\xbev\xd0\x1bl'
xortool_out/09507.out;b'u6\xb8\xbev\xd0\x1aP'
xortool_out/09508.out;b'u6\xb8\xbev\xd0\x1a\x15'
xortool_out/09509.out;b'u6\xb8\xbev\xd0\x1al'
xortool_out/09510.out;b'u6\xb8\xbev\xd0EP'
xortool_out/09511.out;b'u6\xb8\xbev\xd0E\x15'
xortool_out/09512.out;b'u6\xb8\xbev\xd0El'
xortool_out/09513.out;b'u6\xb8\xbev\xd0IP'
xortool_out/09514.out;b'u6\xb8\xbev\xd0I\x15'
xortool_out/09515.out;b'u6\xb8\xbev\xd0Il'
xortool_out/09516.out;b'u6\xb8\xbev\x81\x1bP'
xortool_out/09517.out;b'u6\xb8\xbev\x81\x1b\x15'
xortool_out/09518.out;b'u6\xb8\xbev\x81\x1bl'
xortool_out/09519.out;b'u6\xb8\xbev\x81\x1aP'
xortool_out/09520.out;b'u6\xb8\xbev\x81\x1a\x15'
xortool_out/09521.out;b'u6\xb8\xbev\x81\x1al'
xortool_out/09522.out;b'u6\xb8\xbev\x81EP'
xortool_out/09523.out;b'u6\xb8\xbev\x81E\x15'
xortool_out/09524.out;b'u6\xb8\xbev\x81El'
xortool_out/09525.out;b'u6\xb8\xbev\x81IP'
xortool_out/09526.out;b'u6\xb8\xbev\x81I\x15'
xortool_out/09527.out;b'u6\xb8\xbev\x81Il'
xortool_out/09528.out;b'u6\xb8\xbev\xc5\x1bP'
xortool_out/09529.out;b'u6\xb8\xbev\xc5\x1b\x15'
xortool_out/09530.out;b'u6\xb8\xbev\xc5\x1bl'
xortool_out/09531.out;b'u6\xb8\xbev\xc5\x1aP'
xortool_out/09532.out;b'u6\xb8\xbev\xc5\x1a\x15'
xortool_out/09533.out;b'u6\xb8\xbev\xc5\x1al'
xortool_out/09534.out;b'u6\xb8\xbev\xc5EP'
xortool_out/09535.out;b'u6\xb8\xbev\xc5E\x15'
xortool_out/09536.out;b'u6\xb8\xbev\xc5El'
xortool_out/09537.out;b'u6\xb8\xbev\xc5IP'
xortool_out/09538.out;b'u6\xb8\xbev\xc5I\x15'
xortool_out/09539.out;b'u6\xb8\xbev\xc5Il'
xortool_out/09540.out;b'u6\xb8\xbev\xcc\x1bP'
xortool_out/09541.out;b'u6\xb8\xbev\xcc\x1b\x15'
xortool_out/09542.out;b'u6\xb8\xbev\xcc\x1bl'
xortool_out/09543.out;b'u6\xb8\xbev\xcc\x1aP'
xortool_out/09544.out;b'u6\xb8\xbev\xcc\x1a\x15'
xortool_out/09545.out;b'u6\xb8\xbev\xcc\x1al'
xortool_out/09546.out;b'u6\xb8\xbev\xccEP'
xortool_out/09547.out;b'u6\xb8\xbev\xccE\x15'
xortool_out/09548.out;b'u6\xb8\xbev\xccEl'
xortool_out/09549.out;b'u6\xb8\xbev\xccIP'
xortool_out/09550.out;b'u6\xb8\xbev\xccI\x15'
xortool_out/09551.out;b'u6\xb8\xbev\xccIl'
xortool_out/09552.out;b'u6\xb8\xbeK\xd0\x1bP'
xortool_out/09553.out;b'u6\xb8\xbeK\xd0\x1b\x15'
xortool_out/09554.out;b'u6\xb8\xbeK\xd0\x1bl'
xortool_out/09555.out;b'u6\xb8\xbeK\xd0\x1aP'
xortool_out/09556.out;b'u6\xb8\xbeK\xd0\x1a\x15'
xortool_out/09557.out;b'u6\xb8\xbeK\xd0\x1al'
xortool_out/09558.out;b'u6\xb8\xbeK\xd0EP'
xortool_out/09559.out;b'u6\xb8\xbeK\xd0E\x15'
xortool_out/09560.out;b'u6\xb8\xbeK\xd0El'
xortool_out/09561.out;b'u6\xb8\xbeK\xd0IP'
xortool_out/09562.out;b'u6\xb8\xbeK\xd0I\x15'
xortool_out/09563.out;b'u6\xb8\xbeK\xd0Il'
xortool_out/09564.out;b'u6\xb8\xbeK\x81\x1bP'
xortool_out/09565.out;b'u6\xb8\xbeK\x81\x1b\x15'
xortool_out/09566.out;b'u6\xb8\xbeK\x81\x1bl'
xortool_out/09567.out;b'u6\xb8\xbeK\x81\x1aP'
xortool_out/09568.out;b'u6\xb8\xbeK\x81\x1a\x15'
xortool_out/09569.out;b'u6\xb8\xbeK\x81\x1al'
xortool_out/09570.out;b'u6\xb8\xbeK\x81EP'
xortool_out/09571.out;b'u6\xb8\xbeK\x81E\x15'
xortool_out/09572.out;b'u6\xb8\xbeK\x81El'
xortool_out/09573.out;b'u6\xb8\xbeK\x81IP'
xortool_out/09574.out;b'u6\xb8\xbeK\x81I\x15'
xortool_out/09575.out;b'u6\xb8\xbeK\x81Il'
xortool_out/09576.out;b'u6\xb8\xbeK\xc5\x1bP'
xortool_out/09577.out;b'u6\xb8\xbeK\xc5\x1b\x15'
xortool_out/09578.out;b'u6\xb8\xbeK\xc5\x1bl'
xortool_out/09579.out;b'u6\xb8\xbeK\xc5\x1aP'
xortool_out/09580.out;b'u6\xb8\xbeK\xc5\x1a\x15'
xortool_out/09581.out;b'u6\xb8\xbeK\xc5\x1al'
xortool_out/09582.out;b'u6\xb8\xbeK\xc5EP'
xortool_out/09583.out;b'u6\xb8\xbeK\xc5E\x15'
xortool_out/09584.out;b'u6\xb8\xbeK\xc5El'
xortool_out/09585.out;b'u6\xb8\xbeK\xc5IP'
xortool_out/09586.out;b'u6\xb8\xbeK\xc5I\x15'
xortool_out/09587.out;b'u6\xb8\xbeK\xc5Il'
xortool_out/09588.out;b'u6\xb8\xbeK\xcc\x1bP'
xortool_out/09589.out;b'u6\xb8\xbeK\xcc\x1b\x15'
xortool_out/09590.out;b'u6\xb8\xbeK\xcc\x1bl'
xortool_out/09591.out;b'u6\xb8\xbeK\xcc\x1aP'
xortool_out/09592.out;b'u6\xb8\xbeK\xcc\x1a\x15'
xortool_out/09593.out;b'u6\xb8\xbeK\xcc\x1al'
xortool_out/09594.out;b'u6\xb8\xbeK\xccEP'
xortool_out/09595.out;b'u6\xb8\xbeK\xccE\x15'
xortool_out/09596.out;b'u6\xb8\xbeK\xccEl'
xortool_out/09597.out;b'u6\xb8\xbeK\xccIP'
xortool_out/09598.out;b'u6\xb8\xbeK\xccI\x15'
xortool_out/09599.out;b'u6\xb8\xbeK\xccIl'
xortool_out/09600.out;b'u6\xb8\xfd[\xd0\x1bP'
xortool_out/09601.out;b'u6\xb8\xfd[\xd0\x1b\x15'
xortool_out/09602.out;b'u6\xb8\xfd[\xd0\x1bl'
xortool_out/09603.out;b'u6\xb8\xfd[\xd0\x1aP'
xortool_out/09604.out;b'u6\xb8\xfd[\xd0\x1a\x15'
xortool_out/09605.out;b'u6\xb8\xfd[\xd0\x1al'
xortool_out/09606.out;b'u6\xb8\xfd[\xd0EP'
xortool_out/09607.out;b'u6\xb8\xfd[\xd0E\x15'
xortool_out/09608.out;b'u6\xb8\xfd[\xd0El'
xortool_out/09609.out;b'u6\xb8\xfd[\xd0IP'
xortool_out/09610.out;b'u6\xb8\xfd[\xd0I\x15'
xortool_out/09611.out;b'u6\xb8\xfd[\xd0Il'
xortool_out/09612.out;b'u6\xb8\xfd[\x81\x1bP'
xortool_out/09613.out;b'u6\xb8\xfd[\x81\x1b\x15'
xortool_out/09614.out;b'u6\xb8\xfd[\x81\x1bl'
xortool_out/09615.out;b'u6\xb8\xfd[\x81\x1aP'
xortool_out/09616.out;b'u6\xb8\xfd[\x81\x1a\x15'
xortool_out/09617.out;b'u6\xb8\xfd[\x81\x1al'
xortool_out/09618.out;b'u6\xb8\xfd[\x81EP'
xortool_out/09619.out;b'u6\xb8\xfd[\x81E\x15'
xortool_out/09620.out;b'u6\xb8\xfd[\x81El'
xortool_out/09621.out;b'u6\xb8\xfd[\x81IP'
xortool_out/09622.out;b'u6\xb8\xfd[\x81I\x15'
xortool_out/09623.out;b'u6\xb8\xfd[\x81Il'
xortool_out/09624.out;b'u6\xb8\xfd[\xc5\x1bP'
xortool_out/09625.out;b'u6\xb8\xfd[\xc5\x1b\x15'
xortool_out/09626.out;b'u6\xb8\xfd[\xc5\x1bl'
xortool_out/09627.out;b'u6\xb8\xfd[\xc5\x1aP'
xortool_out/09628.out;b'u6\xb8\xfd[\xc5\x1a\x15'
xortool_out/09629.out;b'u6\xb8\xfd[\xc5\x1al'
xortool_out/09630.out;b'u6\xb8\xfd[\xc5EP'
xortool_out/09631.out;b'u6\xb8\xfd[\xc5E\x15'
xortool_out/09632.out;b'u6\xb8\xfd[\xc5El'
xortool_out/09633.out;b'u6\xb8\xfd[\xc5IP'
xortool_out/09634.out;b'u6\xb8\xfd[\xc5I\x15'
xortool_out/09635.out;b'u6\xb8\xfd[\xc5Il'
xortool_out/09636.out;b'u6\xb8\xfd[\xcc\x1bP'
xortool_out/09637.out;b'u6\xb8\xfd[\xcc\x1b\x15'
xortool_out/09638.out;b'u6\xb8\xfd[\xcc\x1bl'
xortool_out/09639.out;b'u6\xb8\xfd[\xcc\x1aP'
xortool_out/09640.out;b'u6\xb8\xfd[\xcc\x1a\x15'
xortool_out/09641.out;b'u6\xb8\xfd[\xcc\x1al'
xortool_out/09642.out;b'u6\xb8\xfd[\xccEP'
xortool_out/09643.out;b'u6\xb8\xfd[\xccE\x15'
xortool_out/09644.out;b'u6\xb8\xfd[\xccEl'
xortool_out/09645.out;b'u6\xb8\xfd[\xccIP'
xortool_out/09646.out;b'u6\xb8\xfd[\xccI\x15'
xortool_out/09647.out;b'u6\xb8\xfd[\xccIl'
xortool_out/09648.out;b'u6\xb8\xfdA\xd0\x1bP'
xortool_out/09649.out;b'u6\xb8\xfdA\xd0\x1b\x15'
xortool_out/09650.out;b'u6\xb8\xfdA\xd0\x1bl'
xortool_out/09651.out;b'u6\xb8\xfdA\xd0\x1aP'
xortool_out/09652.out;b'u6\xb8\xfdA\xd0\x1a\x15'
xortool_out/09653.out;b'u6\xb8\xfdA\xd0\x1al'
xortool_out/09654.out;b'u6\xb8\xfdA\xd0EP'
xortool_out/09655.out;b'u6\xb8\xfdA\xd0E\x15'
xortool_out/09656.out;b'u6\xb8\xfdA\xd0El'
xortool_out/09657.out;b'u6\xb8\xfdA\xd0IP'
xortool_out/09658.out;b'u6\xb8\xfdA\xd0I\x15'
xortool_out/09659.out;b'u6\xb8\xfdA\xd0Il'
xortool_out/09660.out;b'u6\xb8\xfdA\x81\x1bP'
xortool_out/09661.out;b'u6\xb8\xfdA\x81\x1b\x15'
xortool_out/09662.out;b'u6\xb8\xfdA\x81\x1bl'
xortool_out/09663.out;b'u6\xb8\xfdA\x81\x1aP'
xortool_out/09664.out;b'u6\xb8\xfdA\x81\x1a\x15'
xortool_out/09665.out;b'u6\xb8\xfdA\x81\x1al'
xortool_out/09666.out;b'u6\xb8\xfdA\x81EP'
xortool_out/09667.out;b'u6\xb8\xfdA\x81E\x15'
xortool_out/09668.out;b'u6\xb8\xfdA\x81El'
xortool_out/09669.out;b'u6\xb8\xfdA\x81IP'
xortool_out/09670.out;b'u6\xb8\xfdA\x81I\x15'
xortool_out/09671.out;b'u6\xb8\xfdA\x81Il'
xortool_out/09672.out;b'u6\xb8\xfdA\xc5\x1bP'
xortool_out/09673.out;b'u6\xb8\xfdA\xc5\x1b\x15'
xortool_out/09674.out;b'u6\xb8\xfdA\xc5\x1bl'
xortool_out/09675.out;b'u6\xb8\xfdA\xc5\x1aP'
xortool_out/09676.out;b'u6\xb8\xfdA\xc5\x1a\x15'
xortool_out/09677.out;b'u6\xb8\xfdA\xc5\x1al'
xortool_out/09678.out;b'u6\xb8\xfdA\xc5EP'
xortool_out/09679.out;b'u6\xb8\xfdA\xc5E\x15'
xortool_out/09680.out;b'u6\xb8\xfdA\xc5El'
xortool_out/09681.out;b'u6\xb8\xfdA\xc5IP'
xortool_out/09682.out;b'u6\xb8\xfdA\xc5I\x15'
xortool_out/09683.out;b'u6\xb8\xfdA\xc5Il'
xortool_out/09684.out;b'u6\xb8\xfdA\xcc\x1bP'
xortool_out/09685.out;b'u6\xb8\xfdA\xcc\x1b\x15'
xortool_out/09686.out;b'u6\xb8\xfdA\xcc\x1bl'
xortool_out/09687.out;b'u6\xb8\xfdA\xcc\x1aP'
xortool_out/09688.out;b'u6\xb8\xfdA\xcc\x1a\x15'
xortool_out/09689.out;b'u6\xb8\xfdA\xcc\x1al'
xortool_out/09690.out;b'u6\xb8\xfdA\xccEP'
xortool_out/09691.out;b'u6\xb8\xfdA\xccE\x15'
xortool_out/09692.out;b'u6\xb8\xfdA\xccEl'
xortool_out/09693.out;b'u6\xb8\xfdA\xccIP'
xortool_out/09694.out;b'u6\xb8\xfdA\xccI\x15'
xortool_out/09695.out;b'u6\xb8\xfdA\xccIl'
xortool_out/09696.out;b'u6\xb8\xfdv\xd0\x1bP'
xortool_out/09697.out;b'u6\xb8\xfdv\xd0\x1b\x15'
xortool_out/09698.out;b'u6\xb8\xfdv\xd0\x1bl'
xortool_out/09699.out;b'u6\xb8\xfdv\xd0\x1aP'
xortool_out/09700.out;b'u6\xb8\xfdv\xd0\x1a\x15'
xortool_out/09701.out;b'u6\xb8\xfdv\xd0\x1al'
xortool_out/09702.out;b'u6\xb8\xfdv\xd0EP'
xortool_out/09703.out;b'u6\xb8\xfdv\xd0E\x15'
xortool_out/09704.out;b'u6\xb8\xfdv\xd0El'
xortool_out/09705.out;b'u6\xb8\xfdv\xd0IP'
xortool_out/09706.out;b'u6\xb8\xfdv\xd0I\x15'
xortool_out/09707.out;b'u6\xb8\xfdv\xd0Il'
xortool_out/09708.out;b'u6\xb8\xfdv\x81\x1bP'
xortool_out/09709.out;b'u6\xb8\xfdv\x81\x1b\x15'
xortool_out/09710.out;b'u6\xb8\xfdv\x81\x1bl'
xortool_out/09711.out;b'u6\xb8\xfdv\x81\x1aP'
xortool_out/09712.out;b'u6\xb8\xfdv\x81\x1a\x15'
xortool_out/09713.out;b'u6\xb8\xfdv\x81\x1al'
xortool_out/09714.out;b'u6\xb8\xfdv\x81EP'
xortool_out/09715.out;b'u6\xb8\xfdv\x81E\x15'
xortool_out/09716.out;b'u6\xb8\xfdv\x81El'
xortool_out/09717.out;b'u6\xb8\xfdv\x81IP'
xortool_out/09718.out;b'u6\xb8\xfdv\x81I\x15'
xortool_out/09719.out;b'u6\xb8\xfdv\x81Il'
xortool_out/09720.out;b'u6\xb8\xfdv\xc5\x1bP'
xortool_out/09721.out;b'u6\xb8\xfdv\xc5\x1b\x15'
xortool_out/09722.out;b'u6\xb8\xfdv\xc5\x1bl'
xortool_out/09723.out;b'u6\xb8\xfdv\xc5\x1aP'
xortool_out/09724.out;b'u6\xb8\xfdv\xc5\x1a\x15'
xortool_out/09725.out;b'u6\xb8\xfdv\xc5\x1al'
xortool_out/09726.out;b'u6\xb8\xfdv\xc5EP'
xortool_out/09727.out;b'u6\xb8\xfdv\xc5E\x15'
xortool_out/09728.out;b'u6\xb8\xfdv\xc5El'
xortool_out/09729.out;b'u6\xb8\xfdv\xc5IP'
xortool_out/09730.out;b'u6\xb8\xfdv\xc5I\x15'
xortool_out/09731.out;b'u6\xb8\xfdv\xc5Il'
xortool_out/09732.out;b'u6\xb8\xfdv\xcc\x1bP'
xortool_out/09733.out;b'u6\xb8\xfdv\xcc\x1b\x15'
xortool_out/09734.out;b'u6\xb8\xfdv\xcc\x1bl'
xortool_out/09735.out;b'u6\xb8\xfdv\xcc\x1aP'
xortool_out/09736.out;b'u6\xb8\xfdv\xcc\x1a\x15'
xortool_out/09737.out;b'u6\xb8\xfdv\xcc\x1al'
xortool_out/09738.out;b'u6\xb8\xfdv\xccEP'
xortool_out/09739.out;b'u6\xb8\xfdv\xccE\x15'
xortool_out/09740.out;b'u6\xb8\xfdv\xccEl'
xortool_out/09741.out;b'u6\xb8\xfdv\xccIP'
xortool_out/09742.out;b'u6\xb8\xfdv\xccI\x15'
xortool_out/09743.out;b'u6\xb8\xfdv\xccIl'
xortool_out/09744.out;b'u6\xb8\xfdK\xd0\x1bP'
xortool_out/09745.out;b'u6\xb8\xfdK\xd0\x1b\x15'
xortool_out/09746.out;b'u6\xb8\xfdK\xd0\x1bl'
xortool_out/09747.out;b'u6\xb8\xfdK\xd0\x1aP'
xortool_out/09748.out;b'u6\xb8\xfdK\xd0\x1a\x15'
xortool_out/09749.out;b'u6\xb8\xfdK\xd0\x1al'
xortool_out/09750.out;b'u6\xb8\xfdK\xd0EP'
xortool_out/09751.out;b'u6\xb8\xfdK\xd0E\x15'
xortool_out/09752.out;b'u6\xb8\xfdK\xd0El'
xortool_out/09753.out;b'u6\xb8\xfdK\xd0IP'
xortool_out/09754.out;b'u6\xb8\xfdK\xd0I\x15'
xortool_out/09755.out;b'u6\xb8\xfdK\xd0Il'
xortool_out/09756.out;b'u6\xb8\xfdK\x81\x1bP'
xortool_out/09757.out;b'u6\xb8\xfdK\x81\x1b\x15'
xortool_out/09758.out;b'u6\xb8\xfdK\x81\x1bl'
xortool_out/09759.out;b'u6\xb8\xfdK\x81\x1aP'
xortool_out/09760.out;b'u6\xb8\xfdK\x81\x1a\x15'
xortool_out/09761.out;b'u6\xb8\xfdK\x81\x1al'
xortool_out/09762.out;b'u6\xb8\xfdK\x81EP'
xortool_out/09763.out;b'u6\xb8\xfdK\x81E\x15'
xortool_out/09764.out;b'u6\xb8\xfdK\x81El'
xortool_out/09765.out;b'u6\xb8\xfdK\x81IP'
xortool_out/09766.out;b'u6\xb8\xfdK\x81I\x15'
xortool_out/09767.out;b'u6\xb8\xfdK\x81Il'
xortool_out/09768.out;b'u6\xb8\xfdK\xc5\x1bP'
xortool_out/09769.out;b'u6\xb8\xfdK\xc5\x1b\x15'
xortool_out/09770.out;b'u6\xb8\xfdK\xc5\x1bl'
xortool_out/09771.out;b'u6\xb8\xfdK\xc5\x1aP'
xortool_out/09772.out;b'u6\xb8\xfdK\xc5\x1a\x15'
xortool_out/09773.out;b'u6\xb8\xfdK\xc5\x1al'
xortool_out/09774.out;b'u6\xb8\xfdK\xc5EP'
xortool_out/09775.out;b'u6\xb8\xfdK\xc5E\x15'
xortool_out/09776.out;b'u6\xb8\xfdK\xc5El'
xortool_out/09777.out;b'u6\xb8\xfdK\xc5IP'
xortool_out/09778.out;b'u6\xb8\xfdK\xc5I\x15'
xortool_out/09779.out;b'u6\xb8\xfdK\xc5Il'
xortool_out/09780.out;b'u6\xb8\xfdK\xcc\x1bP'
xortool_out/09781.out;b'u6\xb8\xfdK\xcc\x1b\x15'
xortool_out/09782.out;b'u6\xb8\xfdK\xcc\x1bl'
xortool_out/09783.out;b'u6\xb8\xfdK\xcc\x1aP'
xortool_out/09784.out;b'u6\xb8\xfdK\xcc\x1a\x15'
xortool_out/09785.out;b'u6\xb8\xfdK\xcc\x1al'
xortool_out/09786.out;b'u6\xb8\xfdK\xccEP'
xortool_out/09787.out;b'u6\xb8\xfdK\xccE\x15'
xortool_out/09788.out;b'u6\xb8\xfdK\xccEl'
xortool_out/09789.out;b'u6\xb8\xfdK\xccIP'
xortool_out/09790.out;b'u6\xb8\xfdK\xccI\x15'
xortool_out/09791.out;b'u6\xb8\xfdK\xccIl'
xortool_out/09792.out;b'u6\xb8\xfc[\xd0\x1bP'
xortool_out/09793.out;b'u6\xb8\xfc[\xd0\x1b\x15'
xortool_out/09794.out;b'u6\xb8\xfc[\xd0\x1bl'
xortool_out/09795.out;b'u6\xb8\xfc[\xd0\x1aP'
xortool_out/09796.out;b'u6\xb8\xfc[\xd0\x1a\x15'
xortool_out/09797.out;b'u6\xb8\xfc[\xd0\x1al'
xortool_out/09798.out;b'u6\xb8\xfc[\xd0EP'
xortool_out/09799.out;b'u6\xb8\xfc[\xd0E\x15'
xortool_out/09800.out;b'u6\xb8\xfc[\xd0El'
xortool_out/09801.out;b'u6\xb8\xfc[\xd0IP'
xortool_out/09802.out;b'u6\xb8\xfc[\xd0I\x15'
xortool_out/09803.out;b'u6\xb8\xfc[\xd0Il'
xortool_out/09804.out;b'u6\xb8\xfc[\x81\x1bP'
xortool_out/09805.out;b'u6\xb8\xfc[\x81\x1b\x15'
xortool_out/09806.out;b'u6\xb8\xfc[\x81\x1bl'
xortool_out/09807.out;b'u6\xb8\xfc[\x81\x1aP'
xortool_out/09808.out;b'u6\xb8\xfc[\x81\x1a\x15'
xortool_out/09809.out;b'u6\xb8\xfc[\x81\x1al'
xortool_out/09810.out;b'u6\xb8\xfc[\x81EP'
xortool_out/09811.out;b'u6\xb8\xfc[\x81E\x15'
xortool_out/09812.out;b'u6\xb8\xfc[\x81El'
xortool_out/09813.out;b'u6\xb8\xfc[\x81IP'
xortool_out/09814.out;b'u6\xb8\xfc[\x81I\x15'
xortool_out/09815.out;b'u6\xb8\xfc[\x81Il'
xortool_out/09816.out;b'u6\xb8\xfc[\xc5\x1bP'
xortool_out/09817.out;b'u6\xb8\xfc[\xc5\x1b\x15'
xortool_out/09818.out;b'u6\xb8\xfc[\xc5\x1bl'
xortool_out/09819.out;b'u6\xb8\xfc[\xc5\x1aP'
xortool_out/09820.out;b'u6\xb8\xfc[\xc5\x1a\x15'
xortool_out/09821.out;b'u6\xb8\xfc[\xc5\x1al'
xortool_out/09822.out;b'u6\xb8\xfc[\xc5EP'
xortool_out/09823.out;b'u6\xb8\xfc[\xc5E\x15'
xortool_out/09824.out;b'u6\xb8\xfc[\xc5El'
xortool_out/09825.out;b'u6\xb8\xfc[\xc5IP'
xortool_out/09826.out;b'u6\xb8\xfc[\xc5I\x15'
xortool_out/09827.out;b'u6\xb8\xfc[\xc5Il'
xortool_out/09828.out;b'u6\xb8\xfc[\xcc\x1bP'
xortool_out/09829.out;b'u6\xb8\xfc[\xcc\x1b\x15'
xortool_out/09830.out;b'u6\xb8\xfc[\xcc\x1bl'
xortool_out/09831.out;b'u6\xb8\xfc[\xcc\x1aP'
xortool_out/09832.out;b'u6\xb8\xfc[\xcc\x1a\x15'
xortool_out/09833.out;b'u6\xb8\xfc[\xcc\x1al'
xortool_out/09834.out;b'u6\xb8\xfc[\xccEP'
xortool_out/09835.out;b'u6\xb8\xfc[\xccE\x15'
xortool_out/09836.out;b'u6\xb8\xfc[\xccEl'
xortool_out/09837.out;b'u6\xb8\xfc[\xccIP'
xortool_out/09838.out;b'u6\xb8\xfc[\xccI\x15'
xortool_out/09839.out;b'u6\xb8\xfc[\xccIl'
xortool_out/09840.out;b'u6\xb8\xfcA\xd0\x1bP'
xortool_out/09841.out;b'u6\xb8\xfcA\xd0\x1b\x15'
xortool_out/09842.out;b'u6\xb8\xfcA\xd0\x1bl'
xortool_out/09843.out;b'u6\xb8\xfcA\xd0\x1aP'
xortool_out/09844.out;b'u6\xb8\xfcA\xd0\x1a\x15'
xortool_out/09845.out;b'u6\xb8\xfcA\xd0\x1al'
xortool_out/09846.out;b'u6\xb8\xfcA\xd0EP'
xortool_out/09847.out;b'u6\xb8\xfcA\xd0E\x15'
xortool_out/09848.out;b'u6\xb8\xfcA\xd0El'
xortool_out/09849.out;b'u6\xb8\xfcA\xd0IP'
xortool_out/09850.out;b'u6\xb8\xfcA\xd0I\x15'
xortool_out/09851.out;b'u6\xb8\xfcA\xd0Il'
xortool_out/09852.out;b'u6\xb8\xfcA\x81\x1bP'
xortool_out/09853.out;b'u6\xb8\xfcA\x81\x1b\x15'
xortool_out/09854.out;b'u6\xb8\xfcA\x81\x1bl'
xortool_out/09855.out;b'u6\xb8\xfcA\x81\x1aP'
xortool_out/09856.out;b'u6\xb8\xfcA\x81\x1a\x15'
xortool_out/09857.out;b'u6\xb8\xfcA\x81\x1al'
xortool_out/09858.out;b'u6\xb8\xfcA\x81EP'
xortool_out/09859.out;b'u6\xb8\xfcA\x81E\x15'
xortool_out/09860.out;b'u6\xb8\xfcA\x81El'
xortool_out/09861.out;b'u6\xb8\xfcA\x81IP'
xortool_out/09862.out;b'u6\xb8\xfcA\x81I\x15'
xortool_out/09863.out;b'u6\xb8\xfcA\x81Il'
xortool_out/09864.out;b'u6\xb8\xfcA\xc5\x1bP'
xortool_out/09865.out;b'u6\xb8\xfcA\xc5\x1b\x15'
xortool_out/09866.out;b'u6\xb8\xfcA\xc5\x1bl'
xortool_out/09867.out;b'u6\xb8\xfcA\xc5\x1aP'
xortool_out/09868.out;b'u6\xb8\xfcA\xc5\x1a\x15'
xortool_out/09869.out;b'u6\xb8\xfcA\xc5\x1al'
xortool_out/09870.out;b'u6\xb8\xfcA\xc5EP'
xortool_out/09871.out;b'u6\xb8\xfcA\xc5E\x15'
xortool_out/09872.out;b'u6\xb8\xfcA\xc5El'
xortool_out/09873.out;b'u6\xb8\xfcA\xc5IP'
xortool_out/09874.out;b'u6\xb8\xfcA\xc5I\x15'
xortool_out/09875.out;b'u6\xb8\xfcA\xc5Il'
xortool_out/09876.out;b'u6\xb8\xfcA\xcc\x1bP'
xortool_out/09877.out;b'u6\xb8\xfcA\xcc\x1b\x15'
xortool_out/09878.out;b'u6\xb8\xfcA\xcc\x1bl'
xortool_out/09879.out;b'u6\xb8\xfcA\xcc\x1aP'
xortool_out/09880.out;b'u6\xb8\xfcA\xcc\x1a\x15'
xortool_out/09881.out;b'u6\xb8\xfcA\xcc\x1al'
xortool_out/09882.out;b'u6\xb8\xfcA\xccEP'
xortool_out/09883.out;b'u6\xb8\xfcA\xccE\x15'
xortool_out/09884.out;b'u6\xb8\xfcA\xccEl'
xortool_out/09885.out;b'u6\xb8\xfcA\xccIP'
xortool_out/09886.out;b'u6\xb8\xfcA\xccI\x15'
xortool_out/09887.out;b'u6\xb8\xfcA\xccIl'
xortool_out/09888.out;b'u6\xb8\xfcv\xd0\x1bP'
xortool_out/09889.out;b'u6\xb8\xfcv\xd0\x1b\x15'
xortool_out/09890.out;b'u6\xb8\xfcv\xd0\x1bl'
xortool_out/09891.out;b'u6\xb8\xfcv\xd0\x1aP'
xortool_out/09892.out;b'u6\xb8\xfcv\xd0\x1a\x15'
xortool_out/09893.out;b'u6\xb8\xfcv\xd0\x1al'
xortool_out/09894.out;b'u6\xb8\xfcv\xd0EP'
xortool_out/09895.out;b'u6\xb8\xfcv\xd0E\x15'
xortool_out/09896.out;b'u6\xb8\xfcv\xd0El'
xortool_out/09897.out;b'u6\xb8\xfcv\xd0IP'
xortool_out/09898.out;b'u6\xb8\xfcv\xd0I\x15'
xortool_out/09899.out;b'u6\xb8\xfcv\xd0Il'
xortool_out/09900.out;b'u6\xb8\xfcv\x81\x1bP'
xortool_out/09901.out;b'u6\xb8\xfcv\x81\x1b\x15'
xortool_out/09902.out;b'u6\xb8\xfcv\x81\x1bl'
xortool_out/09903.out;b'u6\xb8\xfcv\x81\x1aP'
xortool_out/09904.out;b'u6\xb8\xfcv\x81\x1a\x15'
xortool_out/09905.out;b'u6\xb8\xfcv\x81\x1al'
xortool_out/09906.out;b'u6\xb8\xfcv\x81EP'
xortool_out/09907.out;b'u6\xb8\xfcv\x81E\x15'
xortool_out/09908.out;b'u6\xb8\xfcv\x81El'
xortool_out/09909.out;b'u6\xb8\xfcv\x81IP'
xortool_out/09910.out;b'u6\xb8\xfcv\x81I\x15'
xortool_out/09911.out;b'u6\xb8\xfcv\x81Il'
xortool_out/09912.out;b'u6\xb8\xfcv\xc5\x1bP'
xortool_out/09913.out;b'u6\xb8\xfcv\xc5\x1b\x15'
xortool_out/09914.out;b'u6\xb8\xfcv\xc5\x1bl'
xortool_out/09915.out;b'u6\xb8\xfcv\xc5\x1aP'
xortool_out/09916.out;b'u6\xb8\xfcv\xc5\x1a\x15'
xortool_out/09917.out;b'u6\xb8\xfcv\xc5\x1al'
xortool_out/09918.out;b'u6\xb8\xfcv\xc5EP'
xortool_out/09919.out;b'u6\xb8\xfcv\xc5E\x15'
xortool_out/09920.out;b'u6\xb8\xfcv\xc5El'
xortool_out/09921.out;b'u6\xb8\xfcv\xc5IP'
xortool_out/09922.out;b'u6\xb8\xfcv\xc5I\x15'
xortool_out/09923.out;b'u6\xb8\xfcv\xc5Il'
xortool_out/09924.out;b'u6\xb8\xfcv\xcc\x1bP'
xortool_out/09925.out;b'u6\xb8\xfcv\xcc\x1b\x15'
xortool_out/09926.out;b'u6\xb8\xfcv\xcc\x1bl'
xortool_out/09927.out;b'u6\xb8\xfcv\xcc\x1aP'
xortool_out/09928.out;b'u6\xb8\xfcv\xcc\x1a\x15'
xortool_out/09929.out;b'u6\xb8\xfcv\xcc\x1al'
xortool_out/09930.out;b'u6\xb8\xfcv\xccEP'
xortool_out/09931.out;b'u6\xb8\xfcv\xccE\x15'
xortool_out/09932.out;b'u6\xb8\xfcv\xccEl'
xortool_out/09933.out;b'u6\xb8\xfcv\xccIP'
xortool_out/09934.out;b'u6\xb8\xfcv\xccI\x15'
xortool_out/09935.out;b'u6\xb8\xfcv\xccIl'
xortool_out/09936.out;b'u6\xb8\xfcK\xd0\x1bP'
xortool_out/09937.out;b'u6\xb8\xfcK\xd0\x1b\x15'
xortool_out/09938.out;b'u6\xb8\xfcK\xd0\x1bl'
xortool_out/09939.out;b'u6\xb8\xfcK\xd0\x1aP'
xortool_out/09940.out;b'u6\xb8\xfcK\xd0\x1a\x15'
xortool_out/09941.out;b'u6\xb8\xfcK\xd0\x1al'
xortool_out/09942.out;b'u6\xb8\xfcK\xd0EP'
xortool_out/09943.out;b'u6\xb8\xfcK\xd0E\x15'
xortool_out/09944.out;b'u6\xb8\xfcK\xd0El'
xortool_out/09945.out;b'u6\xb8\xfcK\xd0IP'
xortool_out/09946.out;b'u6\xb8\xfcK\xd0I\x15'
xortool_out/09947.out;b'u6\xb8\xfcK\xd0Il'
xortool_out/09948.out;b'u6\xb8\xfcK\x81\x1bP'
xortool_out/09949.out;b'u6\xb8\xfcK\x81\x1b\x15'
xortool_out/09950.out;b'u6\xb8\xfcK\x81\x1bl'
xortool_out/09951.out;b'u6\xb8\xfcK\x81\x1aP'
xortool_out/09952.out;b'u6\xb8\xfcK\x81\x1a\x15'
xortool_out/09953.out;b'u6\xb8\xfcK\x81\x1al'
xortool_out/09954.out;b'u6\xb8\xfcK\x81EP'
xortool_out/09955.out;b'u6\xb8\xfcK\x81E\x15'
xortool_out/09956.out;b'u6\xb8\xfcK\x81El'
xortool_out/09957.out;b'u6\xb8\xfcK\x81IP'
xortool_out/09958.out;b'u6\xb8\xfcK\x81I\x15'
xortool_out/09959.out;b'u6\xb8\xfcK\x81Il'
xortool_out/09960.out;b'u6\xb8\xfcK\xc5\x1bP'
xortool_out/09961.out;b'u6\xb8\xfcK\xc5\x1b\x15'
xortool_out/09962.out;b'u6\xb8\xfcK\xc5\x1bl'
xortool_out/09963.out;b'u6\xb8\xfcK\xc5\x1aP'
xortool_out/09964.out;b'u6\xb8\xfcK\xc5\x1a\x15'
xortool_out/09965.out;b'u6\xb8\xfcK\xc5\x1al'
xortool_out/09966.out;b'u6\xb8\xfcK\xc5EP'
xortool_out/09967.out;b'u6\xb8\xfcK\xc5E\x15'
xortool_out/09968.out;b'u6\xb8\xfcK\xc5El'
xortool_out/09969.out;b'u6\xb8\xfcK\xc5IP'
xortool_out/09970.out;b'u6\xb8\xfcK\xc5I\x15'
xortool_out/09971.out;b'u6\xb8\xfcK\xc5Il'
xortool_out/09972.out;b'u6\xb8\xfcK\xcc\x1bP'
xortool_out/09973.out;b'u6\xb8\xfcK\xcc\x1b\x15'
xortool_out/09974.out;b'u6\xb8\xfcK\xcc\x1bl'
xortool_out/09975.out;b'u6\xb8\xfcK\xcc\x1aP'
xortool_out/09976.out;b'u6\xb8\xfcK\xcc\x1a\x15'
xortool_out/09977.out;b'u6\xb8\xfcK\xcc\x1al'
xortool_out/09978.out;b'u6\xb8\xfcK\xccEP'
xortool_out/09979.out;b'u6\xb8\xfcK\xccE\x15'
xortool_out/09980.out;b'u6\xb8\xfcK\xccEl'
xortool_out/09981.out;b'u6\xb8\xfcK\xccIP'
xortool_out/09982.out;b'u6\xb8\xfcK\xccI\x15'
xortool_out/09983.out;b'u6\xb8\xfcK\xccIl'
xortool_out/09984.out;b'u6\xa4\xfb[\xd0\x1bP'
xortool_out/09985.out;b'u6\xa4\xfb[\xd0\x1b\x15'
xortool_out/09986.out;b'u6\xa4\xfb[\xd0\x1bl'
xortool_out/09987.out;b'u6\xa4\xfb[\xd0\x1aP'
xortool_out/09988.out;b'u6\xa4\xfb[\xd0\x1a\x15'
xortool_out/09989.out;b'u6\xa4\xfb[\xd0\x1al'
xortool_out/09990.out;b'u6\xa4\xfb[\xd0EP'
xortool_out/09991.out;b'u6\xa4\xfb[\xd0E\x15'
xortool_out/09992.out;b'u6\xa4\xfb[\xd0El'
xortool_out/09993.out;b'u6\xa4\xfb[\xd0IP'
xortool_out/09994.out;b'u6\xa4\xfb[\xd0I\x15'
xortool_out/09995.out;b'u6\xa4\xfb[\xd0Il'
xortool_out/09996.out;b'u6\xa4\xfb[\x81\x1bP'
xortool_out/09997.out;b'u6\xa4\xfb[\x81\x1b\x15'
xortool_out/09998.out;b'u6\xa4\xfb[\x81\x1bl'
xortool_out/09999.out;b'u6\xa4\xfb[\x81\x1aP'
xortool_out/10000.out;b'u6\xa4\xfb[\x81\x1a\x15'
xortool_out/10001.out;b'u6\xa4\xfb[\x81\x1al'
xortool_out/10002.out;b'u6\xa4\xfb[\x81EP'
xortool_out/10003.out;b'u6\xa4\xfb[\x81E\x15'
xortool_out/10004.out;b'u6\xa4\xfb[\x81El'
xortool_out/10005.out;b'u6\xa4\xfb[\x81IP'
xortool_out/10006.out;b'u6\xa4\xfb[\x81I\x15'
xortool_out/10007.out;b'u6\xa4\xfb[\x81Il'
xortool_out/10008.out;b'u6\xa4\xfb[\xc5\x1bP'
xortool_out/10009.out;b'u6\xa4\xfb[\xc5\x1b\x15'
xortool_out/10010.out;b'u6\xa4\xfb[\xc5\x1bl'
xortool_out/10011.out;b'u6\xa4\xfb[\xc5\x1aP'
xortool_out/10012.out;b'u6\xa4\xfb[\xc5\x1a\x15'
xortool_out/10013.out;b'u6\xa4\xfb[\xc5\x1al'
xortool_out/10014.out;b'u6\xa4\xfb[\xc5EP'
xortool_out/10015.out;b'u6\xa4\xfb[\xc5E\x15'
xortool_out/10016.out;b'u6\xa4\xfb[\xc5El'
xortool_out/10017.out;b'u6\xa4\xfb[\xc5IP'
xortool_out/10018.out;b'u6\xa4\xfb[\xc5I\x15'
xortool_out/10019.out;b'u6\xa4\xfb[\xc5Il'
xortool_out/10020.out;b'u6\xa4\xfb[\xcc\x1bP'
xortool_out/10021.out;b'u6\xa4\xfb[\xcc\x1b\x15'
xortool_out/10022.out;b'u6\xa4\xfb[\xcc\x1bl'
xortool_out/10023.out;b'u6\xa4\xfb[\xcc\x1aP'
xortool_out/10024.out;b'u6\xa4\xfb[\xcc\x1a\x15'
xortool_out/10025.out;b'u6\xa4\xfb[\xcc\x1al'
xortool_out/10026.out;b'u6\xa4\xfb[\xccEP'
xortool_out/10027.out;b'u6\xa4\xfb[\xccE\x15'
xortool_out/10028.out;b'u6\xa4\xfb[\xccEl'
xortool_out/10029.out;b'u6\xa4\xfb[\xccIP'
xortool_out/10030.out;b'u6\xa4\xfb[\xccI\x15'
xortool_out/10031.out;b'u6\xa4\xfb[\xccIl'
xortool_out/10032.out;b'u6\xa4\xfbA\xd0\x1bP'
xortool_out/10033.out;b'u6\xa4\xfbA\xd0\x1b\x15'
xortool_out/10034.out;b'u6\xa4\xfbA\xd0\x1bl'
xortool_out/10035.out;b'u6\xa4\xfbA\xd0\x1aP'
xortool_out/10036.out;b'u6\xa4\xfbA\xd0\x1a\x15'
xortool_out/10037.out;b'u6\xa4\xfbA\xd0\x1al'
xortool_out/10038.out;b'u6\xa4\xfbA\xd0EP'
xortool_out/10039.out;b'u6\xa4\xfbA\xd0E\x15'
xortool_out/10040.out;b'u6\xa4\xfbA\xd0El'
xortool_out/10041.out;b'u6\xa4\xfbA\xd0IP'
xortool_out/10042.out;b'u6\xa4\xfbA\xd0I\x15'
xortool_out/10043.out;b'u6\xa4\xfbA\xd0Il'
xortool_out/10044.out;b'u6\xa4\xfbA\x81\x1bP'
xortool_out/10045.out;b'u6\xa4\xfbA\x81\x1b\x15'
xortool_out/10046.out;b'u6\xa4\xfbA\x81\x1bl'
xortool_out/10047.out;b'u6\xa4\xfbA\x81\x1aP'
xortool_out/10048.out;b'u6\xa4\xfbA\x81\x1a\x15'
xortool_out/10049.out;b'u6\xa4\xfbA\x81\x1al'
xortool_out/10050.out;b'u6\xa4\xfbA\x81EP'
xortool_out/10051.out;b'u6\xa4\xfbA\x81E\x15'
xortool_out/10052.out;b'u6\xa4\xfbA\x81El'
xortool_out/10053.out;b'u6\xa4\xfbA\x81IP'
xortool_out/10054.out;b'u6\xa4\xfbA\x81I\x15'
xortool_out/10055.out;b'u6\xa4\xfbA\x81Il'
xortool_out/10056.out;b'u6\xa4\xfbA\xc5\x1bP'
xortool_out/10057.out;b'u6\xa4\xfbA\xc5\x1b\x15'
xortool_out/10058.out;b'u6\xa4\xfbA\xc5\x1bl'
xortool_out/10059.out;b'u6\xa4\xfbA\xc5\x1aP'
xortool_out/10060.out;b'u6\xa4\xfbA\xc5\x1a\x15'
xortool_out/10061.out;b'u6\xa4\xfbA\xc5\x1al'
xortool_out/10062.out;b'u6\xa4\xfbA\xc5EP'
xortool_out/10063.out;b'u6\xa4\xfbA\xc5E\x15'
xortool_out/10064.out;b'u6\xa4\xfbA\xc5El'
xortool_out/10065.out;b'u6\xa4\xfbA\xc5IP'
xortool_out/10066.out;b'u6\xa4\xfbA\xc5I\x15'
xortool_out/10067.out;b'u6\xa4\xfbA\xc5Il'
xortool_out/10068.out;b'u6\xa4\xfbA\xcc\x1bP'
xortool_out/10069.out;b'u6\xa4\xfbA\xcc\x1b\x15'
xortool_out/10070.out;b'u6\xa4\xfbA\xcc\x1bl'
xortool_out/10071.out;b'u6\xa4\xfbA\xcc\x1aP'
xortool_out/10072.out;b'u6\xa4\xfbA\xcc\x1a\x15'
xortool_out/10073.out;b'u6\xa4\xfbA\xcc\x1al'
xortool_out/10074.out;b'u6\xa4\xfbA\xccEP'
xortool_out/10075.out;b'u6\xa4\xfbA\xccE\x15'
xortool_out/10076.out;b'u6\xa4\xfbA\xccEl'
xortool_out/10077.out;b'u6\xa4\xfbA\xccIP'
xortool_out/10078.out;b'u6\xa4\xfbA\xccI\x15'
xortool_out/10079.out;b'u6\xa4\xfbA\xccIl'
xortool_out/10080.out;b'u6\xa4\xfbv\xd0\x1bP'
xortool_out/10081.out;b'u6\xa4\xfbv\xd0\x1b\x15'
xortool_out/10082.out;b'u6\xa4\xfbv\xd0\x1bl'
xortool_out/10083.out;b'u6\xa4\xfbv\xd0\x1aP'
xortool_out/10084.out;b'u6\xa4\xfbv\xd0\x1a\x15'
xortool_out/10085.out;b'u6\xa4\xfbv\xd0\x1al'
xortool_out/10086.out;b'u6\xa4\xfbv\xd0EP'
xortool_out/10087.out;b'u6\xa4\xfbv\xd0E\x15'
xortool_out/10088.out;b'u6\xa4\xfbv\xd0El'
xortool_out/10089.out;b'u6\xa4\xfbv\xd0IP'
xortool_out/10090.out;b'u6\xa4\xfbv\xd0I\x15'
xortool_out/10091.out;b'u6\xa4\xfbv\xd0Il'
xortool_out/10092.out;b'u6\xa4\xfbv\x81\x1bP'
xortool_out/10093.out;b'u6\xa4\xfbv\x81\x1b\x15'
xortool_out/10094.out;b'u6\xa4\xfbv\x81\x1bl'
xortool_out/10095.out;b'u6\xa4\xfbv\x81\x1aP'
xortool_out/10096.out;b'u6\xa4\xfbv\x81\x1a\x15'
xortool_out/10097.out;b'u6\xa4\xfbv\x81\x1al'
xortool_out/10098.out;b'u6\xa4\xfbv\x81EP'
xortool_out/10099.out;b'u6\xa4\xfbv\x81E\x15'
xortool_out/10100.out;b'u6\xa4\xfbv\x81El'
xortool_out/10101.out;b'u6\xa4\xfbv\x81IP'
xortool_out/10102.out;b'u6\xa4\xfbv\x81I\x15'
xortool_out/10103.out;b'u6\xa4\xfbv\x81Il'
xortool_out/10104.out;b'u6\xa4\xfbv\xc5\x1bP'
xortool_out/10105.out;b'u6\xa4\xfbv\xc5\x1b\x15'
xortool_out/10106.out;b'u6\xa4\xfbv\xc5\x1bl'
xortool_out/10107.out;b'u6\xa4\xfbv\xc5\x1aP'
xortool_out/10108.out;b'u6\xa4\xfbv\xc5\x1a\x15'
xortool_out/10109.out;b'u6\xa4\xfbv\xc5\x1al'
xortool_out/10110.out;b'u6\xa4\xfbv\xc5EP'
xortool_out/10111.out;b'u6\xa4\xfbv\xc5E\x15'
xortool_out/10112.out;b'u6\xa4\xfbv\xc5El'
xortool_out/10113.out;b'u6\xa4\xfbv\xc5IP'
xortool_out/10114.out;b'u6\xa4\xfbv\xc5I\x15'
xortool_out/10115.out;b'u6\xa4\xfbv\xc5Il'
xortool_out/10116.out;b'u6\xa4\xfbv\xcc\x1bP'
xortool_out/10117.out;b'u6\xa4\xfbv\xcc\x1b\x15'
xortool_out/10118.out;b'u6\xa4\xfbv\xcc\x1bl'
xortool_out/10119.out;b'u6\xa4\xfbv\xcc\x1aP'
xortool_out/10120.out;b'u6\xa4\xfbv\xcc\x1a\x15'
xortool_out/10121.out;b'u6\xa4\xfbv\xcc\x1al'
xortool_out/10122.out;b'u6\xa4\xfbv\xccEP'
xortool_out/10123.out;b'u6\xa4\xfbv\xccE\x15'
xortool_out/10124.out;b'u6\xa4\xfbv\xccEl'
xortool_out/10125.out;b'u6\xa4\xfbv\xccIP'
xortool_out/10126.out;b'u6\xa4\xfbv\xccI\x15'
xortool_out/10127.out;b'u6\xa4\xfbv\xccIl'
xortool_out/10128.out;b'u6\xa4\xfbK\xd0\x1bP'
xortool_out/10129.out;b'u6\xa4\xfbK\xd0\x1b\x15'
xortool_out/10130.out;b'u6\xa4\xfbK\xd0\x1bl'
xortool_out/10131.out;b'u6\xa4\xfbK\xd0\x1aP'
xortool_out/10132.out;b'u6\xa4\xfbK\xd0\x1a\x15'
xortool_out/10133.out;b'u6\xa4\xfbK\xd0\x1al'
xortool_out/10134.out;b'u6\xa4\xfbK\xd0EP'
xortool_out/10135.out;b'u6\xa4\xfbK\xd0E\x15'
xortool_out/10136.out;b'u6\xa4\xfbK\xd0El'
xortool_out/10137.out;b'u6\xa4\xfbK\xd0IP'
xortool_out/10138.out;b'u6\xa4\xfbK\xd0I\x15'
xortool_out/10139.out;b'u6\xa4\xfbK\xd0Il'
xortool_out/10140.out;b'u6\xa4\xfbK\x81\x1bP'
xortool_out/10141.out;b'u6\xa4\xfbK\x81\x1b\x15'
xortool_out/10142.out;b'u6\xa4\xfbK\x81\x1bl'
xortool_out/10143.out;b'u6\xa4\xfbK\x81\x1aP'
xortool_out/10144.out;b'u6\xa4\xfbK\x81\x1a\x15'
xortool_out/10145.out;b'u6\xa4\xfbK\x81\x1al'
xortool_out/10146.out;b'u6\xa4\xfbK\x81EP'
xortool_out/10147.out;b'u6\xa4\xfbK\x81E\x15'
xortool_out/10148.out;b'u6\xa4\xfbK\x81El'
xortool_out/10149.out;b'u6\xa4\xfbK\x81IP'
xortool_out/10150.out;b'u6\xa4\xfbK\x81I\x15'
xortool_out/10151.out;b'u6\xa4\xfbK\x81Il'
xortool_out/10152.out;b'u6\xa4\xfbK\xc5\x1bP'
xortool_out/10153.out;b'u6\xa4\xfbK\xc5\x1b\x15'
xortool_out/10154.out;b'u6\xa4\xfbK\xc5\x1bl'
xortool_out/10155.out;b'u6\xa4\xfbK\xc5\x1aP'
xortool_out/10156.out;b'u6\xa4\xfbK\xc5\x1a\x15'
xortool_out/10157.out;b'u6\xa4\xfbK\xc5\x1al'
xortool_out/10158.out;b'u6\xa4\xfbK\xc5EP'
xortool_out/10159.out;b'u6\xa4\xfbK\xc5E\x15'
xortool_out/10160.out;b'u6\xa4\xfbK\xc5El'
xortool_out/10161.out;b'u6\xa4\xfbK\xc5IP'
xortool_out/10162.out;b'u6\xa4\xfbK\xc5I\x15'
xortool_out/10163.out;b'u6\xa4\xfbK\xc5Il'
xortool_out/10164.out;b'u6\xa4\xfbK\xcc\x1bP'
xortool_out/10165.out;b'u6\xa4\xfbK\xcc\x1b\x15'
xortool_out/10166.out;b'u6\xa4\xfbK\xcc\x1bl'
xortool_out/10167.out;b'u6\xa4\xfbK\xcc\x1aP'
xortool_out/10168.out;b'u6\xa4\xfbK\xcc\x1a\x15'
xortool_out/10169.out;b'u6\xa4\xfbK\xcc\x1al'
xortool_out/10170.out;b'u6\xa4\xfbK\xccEP'
xortool_out/10171.out;b'u6\xa4\xfbK\xccE\x15'
xortool_out/10172.out;b'u6\xa4\xfbK\xccEl'
xortool_out/10173.out;b'u6\xa4\xfbK\xccIP'
xortool_out/10174.out;b'u6\xa4\xfbK\xccI\x15'
xortool_out/10175.out;b'u6\xa4\xfbK\xccIl'
xortool_out/10176.out;b'u6\xa4\xbe[\xd0\x1bP'
xortool_out/10177.out;b'u6\xa4\xbe[\xd0\x1b\x15'
xortool_out/10178.out;b'u6\xa4\xbe[\xd0\x1bl'
xortool_out/10179.out;b'u6\xa4\xbe[\xd0\x1aP'
xortool_out/10180.out;b'u6\xa4\xbe[\xd0\x1a\x15'
xortool_out/10181.out;b'u6\xa4\xbe[\xd0\x1al'
xortool_out/10182.out;b'u6\xa4\xbe[\xd0EP'
xortool_out/10183.out;b'u6\xa4\xbe[\xd0E\x15'
xortool_out/10184.out;b'u6\xa4\xbe[\xd0El'
xortool_out/10185.out;b'u6\xa4\xbe[\xd0IP'
xortool_out/10186.out;b'u6\xa4\xbe[\xd0I\x15'
xortool_out/10187.out;b'u6\xa4\xbe[\xd0Il'
xortool_out/10188.out;b'u6\xa4\xbe[\x81\x1bP'
xortool_out/10189.out;b'u6\xa4\xbe[\x81\x1b\x15'
xortool_out/10190.out;b'u6\xa4\xbe[\x81\x1bl'
xortool_out/10191.out;b'u6\xa4\xbe[\x81\x1aP'
xortool_out/10192.out;b'u6\xa4\xbe[\x81\x1a\x15'
xortool_out/10193.out;b'u6\xa4\xbe[\x81\x1al'
xortool_out/10194.out;b'u6\xa4\xbe[\x81EP'
xortool_out/10195.out;b'u6\xa4\xbe[\x81E\x15'
xortool_out/10196.out;b'u6\xa4\xbe[\x81El'
xortool_out/10197.out;b'u6\xa4\xbe[\x81IP'
xortool_out/10198.out;b'u6\xa4\xbe[\x81I\x15'
xortool_out/10199.out;b'u6\xa4\xbe[\x81Il'
xortool_out/10200.out;b'u6\xa4\xbe[\xc5\x1bP'
xortool_out/10201.out;b'u6\xa4\xbe[\xc5\x1b\x15'
xortool_out/10202.out;b'u6\xa4\xbe[\xc5\x1bl'
xortool_out/10203.out;b'u6\xa4\xbe[\xc5\x1aP'
xortool_out/10204.out;b'u6\xa4\xbe[\xc5\x1a\x15'
xortool_out/10205.out;b'u6\xa4\xbe[\xc5\x1al'
xortool_out/10206.out;b'u6\xa4\xbe[\xc5EP'
xortool_out/10207.out;b'u6\xa4\xbe[\xc5E\x15'
xortool_out/10208.out;b'u6\xa4\xbe[\xc5El'
xortool_out/10209.out;b'u6\xa4\xbe[\xc5IP'
xortool_out/10210.out;b'u6\xa4\xbe[\xc5I\x15'
xortool_out/10211.out;b'u6\xa4\xbe[\xc5Il'
xortool_out/10212.out;b'u6\xa4\xbe[\xcc\x1bP'
xortool_out/10213.out;b'u6\xa4\xbe[\xcc\x1b\x15'
xortool_out/10214.out;b'u6\xa4\xbe[\xcc\x1bl'
xortool_out/10215.out;b'u6\xa4\xbe[\xcc\x1aP'
xortool_out/10216.out;b'u6\xa4\xbe[\xcc\x1a\x15'
xortool_out/10217.out;b'u6\xa4\xbe[\xcc\x1al'
xortool_out/10218.out;b'u6\xa4\xbe[\xccEP'
xortool_out/10219.out;b'u6\xa4\xbe[\xccE\x15'
xortool_out/10220.out;b'u6\xa4\xbe[\xccEl'
xortool_out/10221.out;b'u6\xa4\xbe[\xccIP'
xortool_out/10222.out;b'u6\xa4\xbe[\xccI\x15'
xortool_out/10223.out;b'u6\xa4\xbe[\xccIl'
xortool_out/10224.out;b'u6\xa4\xbeA\xd0\x1bP'
xortool_out/10225.out;b'u6\xa4\xbeA\xd0\x1b\x15'
xortool_out/10226.out;b'u6\xa4\xbeA\xd0\x1bl'
xortool_out/10227.out;b'u6\xa4\xbeA\xd0\x1aP'
xortool_out/10228.out;b'u6\xa4\xbeA\xd0\x1a\x15'
xortool_out/10229.out;b'u6\xa4\xbeA\xd0\x1al'
xortool_out/10230.out;b'u6\xa4\xbeA\xd0EP'
xortool_out/10231.out;b'u6\xa4\xbeA\xd0E\x15'
xortool_out/10232.out;b'u6\xa4\xbeA\xd0El'
xortool_out/10233.out;b'u6\xa4\xbeA\xd0IP'
xortool_out/10234.out;b'u6\xa4\xbeA\xd0I\x15'
xortool_out/10235.out;b'u6\xa4\xbeA\xd0Il'
xortool_out/10236.out;b'u6\xa4\xbeA\x81\x1bP'
xortool_out/10237.out;b'u6\xa4\xbeA\x81\x1b\x15'
xortool_out/10238.out;b'u6\xa4\xbeA\x81\x1bl'
xortool_out/10239.out;b'u6\xa4\xbeA\x81\x1aP'
xortool_out/10240.out;b'u6\xa4\xbeA\x81\x1a\x15'
xortool_out/10241.out;b'u6\xa4\xbeA\x81\x1al'
xortool_out/10242.out;b'u6\xa4\xbeA\x81EP'
xortool_out/10243.out;b'u6\xa4\xbeA\x81E\x15'
xortool_out/10244.out;b'u6\xa4\xbeA\x81El'
xortool_out/10245.out;b'u6\xa4\xbeA\x81IP'
xortool_out/10246.out;b'u6\xa4\xbeA\x81I\x15'
xortool_out/10247.out;b'u6\xa4\xbeA\x81Il'
xortool_out/10248.out;b'u6\xa4\xbeA\xc5\x1bP'
xortool_out/10249.out;b'u6\xa4\xbeA\xc5\x1b\x15'
xortool_out/10250.out;b'u6\xa4\xbeA\xc5\x1bl'
xortool_out/10251.out;b'u6\xa4\xbeA\xc5\x1aP'
xortool_out/10252.out;b'u6\xa4\xbeA\xc5\x1a\x15'
xortool_out/10253.out;b'u6\xa4\xbeA\xc5\x1al'
xortool_out/10254.out;b'u6\xa4\xbeA\xc5EP'
xortool_out/10255.out;b'u6\xa4\xbeA\xc5E\x15'
xortool_out/10256.out;b'u6\xa4\xbeA\xc5El'
xortool_out/10257.out;b'u6\xa4\xbeA\xc5IP'
xortool_out/10258.out;b'u6\xa4\xbeA\xc5I\x15'
xortool_out/10259.out;b'u6\xa4\xbeA\xc5Il'
xortool_out/10260.out;b'u6\xa4\xbeA\xcc\x1bP'
xortool_out/10261.out;b'u6\xa4\xbeA\xcc\x1b\x15'
xortool_out/10262.out;b'u6\xa4\xbeA\xcc\x1bl'
xortool_out/10263.out;b'u6\xa4\xbeA\xcc\x1aP'
xortool_out/10264.out;b'u6\xa4\xbeA\xcc\x1a\x15'
xortool_out/10265.out;b'u6\xa4\xbeA\xcc\x1al'
xortool_out/10266.out;b'u6\xa4\xbeA\xccEP'
xortool_out/10267.out;b'u6\xa4\xbeA\xccE\x15'
xortool_out/10268.out;b'u6\xa4\xbeA\xccEl'
xortool_out/10269.out;b'u6\xa4\xbeA\xccIP'
xortool_out/10270.out;b'u6\xa4\xbeA\xccI\x15'
xortool_out/10271.out;b'u6\xa4\xbeA\xccIl'
xortool_out/10272.out;b'u6\xa4\xbev\xd0\x1bP'
xortool_out/10273.out;b'u6\xa4\xbev\xd0\x1b\x15'
xortool_out/10274.out;b'u6\xa4\xbev\xd0\x1bl'
xortool_out/10275.out;b'u6\xa4\xbev\xd0\x1aP'
xortool_out/10276.out;b'u6\xa4\xbev\xd0\x1a\x15'
xortool_out/10277.out;b'u6\xa4\xbev\xd0\x1al'
xortool_out/10278.out;b'u6\xa4\xbev\xd0EP'
xortool_out/10279.out;b'u6\xa4\xbev\xd0E\x15'
xortool_out/10280.out;b'u6\xa4\xbev\xd0El'
xortool_out/10281.out;b'u6\xa4\xbev\xd0IP'
xortool_out/10282.out;b'u6\xa4\xbev\xd0I\x15'
xortool_out/10283.out;b'u6\xa4\xbev\xd0Il'
xortool_out/10284.out;b'u6\xa4\xbev\x81\x1bP'
xortool_out/10285.out;b'u6\xa4\xbev\x81\x1b\x15'
xortool_out/10286.out;b'u6\xa4\xbev\x81\x1bl'
xortool_out/10287.out;b'u6\xa4\xbev\x81\x1aP'
xortool_out/10288.out;b'u6\xa4\xbev\x81\x1a\x15'
xortool_out/10289.out;b'u6\xa4\xbev\x81\x1al'
xortool_out/10290.out;b'u6\xa4\xbev\x81EP'
xortool_out/10291.out;b'u6\xa4\xbev\x81E\x15'
xortool_out/10292.out;b'u6\xa4\xbev\x81El'
xortool_out/10293.out;b'u6\xa4\xbev\x81IP'
xortool_out/10294.out;b'u6\xa4\xbev\x81I\x15'
xortool_out/10295.out;b'u6\xa4\xbev\x81Il'
xortool_out/10296.out;b'u6\xa4\xbev\xc5\x1bP'
xortool_out/10297.out;b'u6\xa4\xbev\xc5\x1b\x15'
xortool_out/10298.out;b'u6\xa4\xbev\xc5\x1bl'
xortool_out/10299.out;b'u6\xa4\xbev\xc5\x1aP'
xortool_out/10300.out;b'u6\xa4\xbev\xc5\x1a\x15'
xortool_out/10301.out;b'u6\xa4\xbev\xc5\x1al'
xortool_out/10302.out;b'u6\xa4\xbev\xc5EP'
xortool_out/10303.out;b'u6\xa4\xbev\xc5E\x15'
xortool_out/10304.out;b'u6\xa4\xbev\xc5El'
xortool_out/10305.out;b'u6\xa4\xbev\xc5IP'
xortool_out/10306.out;b'u6\xa4\xbev\xc5I\x15'
xortool_out/10307.out;b'u6\xa4\xbev\xc5Il'
xortool_out/10308.out;b'u6\xa4\xbev\xcc\x1bP'
xortool_out/10309.out;b'u6\xa4\xbev\xcc\x1b\x15'
xortool_out/10310.out;b'u6\xa4\xbev\xcc\x1bl'
xortool_out/10311.out;b'u6\xa4\xbev\xcc\x1aP'
xortool_out/10312.out;b'u6\xa4\xbev\xcc\x1a\x15'
xortool_out/10313.out;b'u6\xa4\xbev\xcc\x1al'
xortool_out/10314.out;b'u6\xa4\xbev\xccEP'
xortool_out/10315.out;b'u6\xa4\xbev\xccE\x15'
xortool_out/10316.out;b'u6\xa4\xbev\xccEl'
xortool_out/10317.out;b'u6\xa4\xbev\xccIP'
xortool_out/10318.out;b'u6\xa4\xbev\xccI\x15'
xortool_out/10319.out;b'u6\xa4\xbev\xccIl'
xortool_out/10320.out;b'u6\xa4\xbeK\xd0\x1bP'
xortool_out/10321.out;b'u6\xa4\xbeK\xd0\x1b\x15'
xortool_out/10322.out;b'u6\xa4\xbeK\xd0\x1bl'
xortool_out/10323.out;b'u6\xa4\xbeK\xd0\x1aP'
xortool_out/10324.out;b'u6\xa4\xbeK\xd0\x1a\x15'
xortool_out/10325.out;b'u6\xa4\xbeK\xd0\x1al'
xortool_out/10326.out;b'u6\xa4\xbeK\xd0EP'
xortool_out/10327.out;b'u6\xa4\xbeK\xd0E\x15'
xortool_out/10328.out;b'u6\xa4\xbeK\xd0El'
xortool_out/10329.out;b'u6\xa4\xbeK\xd0IP'
xortool_out/10330.out;b'u6\xa4\xbeK\xd0I\x15'
xortool_out/10331.out;b'u6\xa4\xbeK\xd0Il'
xortool_out/10332.out;b'u6\xa4\xbeK\x81\x1bP'
xortool_out/10333.out;b'u6\xa4\xbeK\x81\x1b\x15'
xortool_out/10334.out;b'u6\xa4\xbeK\x81\x1bl'
xortool_out/10335.out;b'u6\xa4\xbeK\x81\x1aP'
xortool_out/10336.out;b'u6\xa4\xbeK\x81\x1a\x15'
xortool_out/10337.out;b'u6\xa4\xbeK\x81\x1al'
xortool_out/10338.out;b'u6\xa4\xbeK\x81EP'
xortool_out/10339.out;b'u6\xa4\xbeK\x81E\x15'
xortool_out/10340.out;b'u6\xa4\xbeK\x81El'
xortool_out/10341.out;b'u6\xa4\xbeK\x81IP'
xortool_out/10342.out;b'u6\xa4\xbeK\x81I\x15'
xortool_out/10343.out;b'u6\xa4\xbeK\x81Il'
xortool_out/10344.out;b'u6\xa4\xbeK\xc5\x1bP'
xortool_out/10345.out;b'u6\xa4\xbeK\xc5\x1b\x15'
xortool_out/10346.out;b'u6\xa4\xbeK\xc5\x1bl'
xortool_out/10347.out;b'u6\xa4\xbeK\xc5\x1aP'
xortool_out/10348.out;b'u6\xa4\xbeK\xc5\x1a\x15'
xortool_out/10349.out;b'u6\xa4\xbeK\xc5\x1al'
xortool_out/10350.out;b'u6\xa4\xbeK\xc5EP'
xortool_out/10351.out;b'u6\xa4\xbeK\xc5E\x15'
xortool_out/10352.out;b'u6\xa4\xbeK\xc5El'
xortool_out/10353.out;b'u6\xa4\xbeK\xc5IP'
xortool_out/10354.out;b'u6\xa4\xbeK\xc5I\x15'
xortool_out/10355.out;b'u6\xa4\xbeK\xc5Il'
xortool_out/10356.out;b'u6\xa4\xbeK\xcc\x1bP'
xortool_out/10357.out;b'u6\xa4\xbeK\xcc\x1b\x15'
xortool_out/10358.out;b'u6\xa4\xbeK\xcc\x1bl'
xortool_out/10359.out;b'u6\xa4\xbeK\xcc\x1aP'
xortool_out/10360.out;b'u6\xa4\xbeK\xcc\x1a\x15'
xortool_out/10361.out;b'u6\xa4\xbeK\xcc\x1al'
xortool_out/10362.out;b'u6\xa4\xbeK\xccEP'
xortool_out/10363.out;b'u6\xa4\xbeK\xccE\x15'
xortool_out/10364.out;b'u6\xa4\xbeK\xccEl'
xortool_out/10365.out;b'u6\xa4\xbeK\xccIP'
xortool_out/10366.out;b'u6\xa4\xbeK\xccI\x15'
xortool_out/10367.out;b'u6\xa4\xbeK\xccIl'
xortool_out/10368.out;b'u6\xa4\xfd[\xd0\x1bP'
xortool_out/10369.out;b'u6\xa4\xfd[\xd0\x1b\x15'
xortool_out/10370.out;b'u6\xa4\xfd[\xd0\x1bl'
xortool_out/10371.out;b'u6\xa4\xfd[\xd0\x1aP'
xortool_out/10372.out;b'u6\xa4\xfd[\xd0\x1a\x15'
xortool_out/10373.out;b'u6\xa4\xfd[\xd0\x1al'
xortool_out/10374.out;b'u6\xa4\xfd[\xd0EP'
xortool_out/10375.out;b'u6\xa4\xfd[\xd0E\x15'
xortool_out/10376.out;b'u6\xa4\xfd[\xd0El'
xortool_out/10377.out;b'u6\xa4\xfd[\xd0IP'
xortool_out/10378.out;b'u6\xa4\xfd[\xd0I\x15'
xortool_out/10379.out;b'u6\xa4\xfd[\xd0Il'
xortool_out/10380.out;b'u6\xa4\xfd[\x81\x1bP'
xortool_out/10381.out;b'u6\xa4\xfd[\x81\x1b\x15'
xortool_out/10382.out;b'u6\xa4\xfd[\x81\x1bl'
xortool_out/10383.out;b'u6\xa4\xfd[\x81\x1aP'
xortool_out/10384.out;b'u6\xa4\xfd[\x81\x1a\x15'
xortool_out/10385.out;b'u6\xa4\xfd[\x81\x1al'
xortool_out/10386.out;b'u6\xa4\xfd[\x81EP'
xortool_out/10387.out;b'u6\xa4\xfd[\x81E\x15'
xortool_out/10388.out;b'u6\xa4\xfd[\x81El'
xortool_out/10389.out;b'u6\xa4\xfd[\x81IP'
xortool_out/10390.out;b'u6\xa4\xfd[\x81I\x15'
xortool_out/10391.out;b'u6\xa4\xfd[\x81Il'
xortool_out/10392.out;b'u6\xa4\xfd[\xc5\x1bP'
xortool_out/10393.out;b'u6\xa4\xfd[\xc5\x1b\x15'
xortool_out/10394.out;b'u6\xa4\xfd[\xc5\x1bl'
xortool_out/10395.out;b'u6\xa4\xfd[\xc5\x1aP'
xortool_out/10396.out;b'u6\xa4\xfd[\xc5\x1a\x15'
xortool_out/10397.out;b'u6\xa4\xfd[\xc5\x1al'
xortool_out/10398.out;b'u6\xa4\xfd[\xc5EP'
xortool_out/10399.out;b'u6\xa4\xfd[\xc5E\x15'
xortool_out/10400.out;b'u6\xa4\xfd[\xc5El'
xortool_out/10401.out;b'u6\xa4\xfd[\xc5IP'
xortool_out/10402.out;b'u6\xa4\xfd[\xc5I\x15'
xortool_out/10403.out;b'u6\xa4\xfd[\xc5Il'
xortool_out/10404.out;b'u6\xa4\xfd[\xcc\x1bP'
xortool_out/10405.out;b'u6\xa4\xfd[\xcc\x1b\x15'
xortool_out/10406.out;b'u6\xa4\xfd[\xcc\x1bl'
xortool_out/10407.out;b'u6\xa4\xfd[\xcc\x1aP'
xortool_out/10408.out;b'u6\xa4\xfd[\xcc\x1a\x15'
xortool_out/10409.out;b'u6\xa4\xfd[\xcc\x1al'
xortool_out/10410.out;b'u6\xa4\xfd[\xccEP'
xortool_out/10411.out;b'u6\xa4\xfd[\xccE\x15'
xortool_out/10412.out;b'u6\xa4\xfd[\xccEl'
xortool_out/10413.out;b'u6\xa4\xfd[\xccIP'
xortool_out/10414.out;b'u6\xa4\xfd[\xccI\x15'
xortool_out/10415.out;b'u6\xa4\xfd[\xccIl'
xortool_out/10416.out;b'u6\xa4\xfdA\xd0\x1bP'
xortool_out/10417.out;b'u6\xa4\xfdA\xd0\x1b\x15'
xortool_out/10418.out;b'u6\xa4\xfdA\xd0\x1bl'
xortool_out/10419.out;b'u6\xa4\xfdA\xd0\x1aP'
xortool_out/10420.out;b'u6\xa4\xfdA\xd0\x1a\x15'
xortool_out/10421.out;b'u6\xa4\xfdA\xd0\x1al'
xortool_out/10422.out;b'u6\xa4\xfdA\xd0EP'
xortool_out/10423.out;b'u6\xa4\xfdA\xd0E\x15'
xortool_out/10424.out;b'u6\xa4\xfdA\xd0El'
xortool_out/10425.out;b'u6\xa4\xfdA\xd0IP'
xortool_out/10426.out;b'u6\xa4\xfdA\xd0I\x15'
xortool_out/10427.out;b'u6\xa4\xfdA\xd0Il'
xortool_out/10428.out;b'u6\xa4\xfdA\x81\x1bP'
xortool_out/10429.out;b'u6\xa4\xfdA\x81\x1b\x15'
xortool_out/10430.out;b'u6\xa4\xfdA\x81\x1bl'
xortool_out/10431.out;b'u6\xa4\xfdA\x81\x1aP'
xortool_out/10432.out;b'u6\xa4\xfdA\x81\x1a\x15'
xortool_out/10433.out;b'u6\xa4\xfdA\x81\x1al'
xortool_out/10434.out;b'u6\xa4\xfdA\x81EP'
xortool_out/10435.out;b'u6\xa4\xfdA\x81E\x15'
xortool_out/10436.out;b'u6\xa4\xfdA\x81El'
xortool_out/10437.out;b'u6\xa4\xfdA\x81IP'
xortool_out/10438.out;b'u6\xa4\xfdA\x81I\x15'
xortool_out/10439.out;b'u6\xa4\xfdA\x81Il'
xortool_out/10440.out;b'u6\xa4\xfdA\xc5\x1bP'
xortool_out/10441.out;b'u6\xa4\xfdA\xc5\x1b\x15'
xortool_out/10442.out;b'u6\xa4\xfdA\xc5\x1bl'
xortool_out/10443.out;b'u6\xa4\xfdA\xc5\x1aP'
xortool_out/10444.out;b'u6\xa4\xfdA\xc5\x1a\x15'
xortool_out/10445.out;b'u6\xa4\xfdA\xc5\x1al'
xortool_out/10446.out;b'u6\xa4\xfdA\xc5EP'
xortool_out/10447.out;b'u6\xa4\xfdA\xc5E\x15'
xortool_out/10448.out;b'u6\xa4\xfdA\xc5El'
xortool_out/10449.out;b'u6\xa4\xfdA\xc5IP'
xortool_out/10450.out;b'u6\xa4\xfdA\xc5I\x15'
xortool_out/10451.out;b'u6\xa4\xfdA\xc5Il'
xortool_out/10452.out;b'u6\xa4\xfdA\xcc\x1bP'
xortool_out/10453.out;b'u6\xa4\xfdA\xcc\x1b\x15'
xortool_out/10454.out;b'u6\xa4\xfdA\xcc\x1bl'
xortool_out/10455.out;b'u6\xa4\xfdA\xcc\x1aP'
xortool_out/10456.out;b'u6\xa4\xfdA\xcc\x1a\x15'
xortool_out/10457.out;b'u6\xa4\xfdA\xcc\x1al'
xortool_out/10458.out;b'u6\xa4\xfdA\xccEP'
xortool_out/10459.out;b'u6\xa4\xfdA\xccE\x15'
xortool_out/10460.out;b'u6\xa4\xfdA\xccEl'
xortool_out/10461.out;b'u6\xa4\xfdA\xccIP'
xortool_out/10462.out;b'u6\xa4\xfdA\xccI\x15'
xortool_out/10463.out;b'u6\xa4\xfdA\xccIl'
xortool_out/10464.out;b'u6\xa4\xfdv\xd0\x1bP'
xortool_out/10465.out;b'u6\xa4\xfdv\xd0\x1b\x15'
xortool_out/10466.out;b'u6\xa4\xfdv\xd0\x1bl'
xortool_out/10467.out;b'u6\xa4\xfdv\xd0\x1aP'
xortool_out/10468.out;b'u6\xa4\xfdv\xd0\x1a\x15'
xortool_out/10469.out;b'u6\xa4\xfdv\xd0\x1al'
xortool_out/10470.out;b'u6\xa4\xfdv\xd0EP'
xortool_out/10471.out;b'u6\xa4\xfdv\xd0E\x15'
xortool_out/10472.out;b'u6\xa4\xfdv\xd0El'
xortool_out/10473.out;b'u6\xa4\xfdv\xd0IP'
xortool_out/10474.out;b'u6\xa4\xfdv\xd0I\x15'
xortool_out/10475.out;b'u6\xa4\xfdv\xd0Il'
xortool_out/10476.out;b'u6\xa4\xfdv\x81\x1bP'
xortool_out/10477.out;b'u6\xa4\xfdv\x81\x1b\x15'
xortool_out/10478.out;b'u6\xa4\xfdv\x81\x1bl'
xortool_out/10479.out;b'u6\xa4\xfdv\x81\x1aP'
xortool_out/10480.out;b'u6\xa4\xfdv\x81\x1a\x15'
xortool_out/10481.out;b'u6\xa4\xfdv\x81\x1al'
xortool_out/10482.out;b'u6\xa4\xfdv\x81EP'
xortool_out/10483.out;b'u6\xa4\xfdv\x81E\x15'
xortool_out/10484.out;b'u6\xa4\xfdv\x81El'
xortool_out/10485.out;b'u6\xa4\xfdv\x81IP'
xortool_out/10486.out;b'u6\xa4\xfdv\x81I\x15'
xortool_out/10487.out;b'u6\xa4\xfdv\x81Il'
xortool_out/10488.out;b'u6\xa4\xfdv\xc5\x1bP'
xortool_out/10489.out;b'u6\xa4\xfdv\xc5\x1b\x15'
xortool_out/10490.out;b'u6\xa4\xfdv\xc5\x1bl'
xortool_out/10491.out;b'u6\xa4\xfdv\xc5\x1aP'
xortool_out/10492.out;b'u6\xa4\xfdv\xc5\x1a\x15'
xortool_out/10493.out;b'u6\xa4\xfdv\xc5\x1al'
xortool_out/10494.out;b'u6\xa4\xfdv\xc5EP'
xortool_out/10495.out;b'u6\xa4\xfdv\xc5E\x15'
xortool_out/10496.out;b'u6\xa4\xfdv\xc5El'
xortool_out/10497.out;b'u6\xa4\xfdv\xc5IP'
xortool_out/10498.out;b'u6\xa4\xfdv\xc5I\x15'
xortool_out/10499.out;b'u6\xa4\xfdv\xc5Il'
xortool_out/10500.out;b'u6\xa4\xfdv\xcc\x1bP'
xortool_out/10501.out;b'u6\xa4\xfdv\xcc\x1b\x15'
xortool_out/10502.out;b'u6\xa4\xfdv\xcc\x1bl'
xortool_out/10503.out;b'u6\xa4\xfdv\xcc\x1aP'
xortool_out/10504.out;b'u6\xa4\xfdv\xcc\x1a\x15'
xortool_out/10505.out;b'u6\xa4\xfdv\xcc\x1al'
xortool_out/10506.out;b'u6\xa4\xfdv\xccEP'
xortool_out/10507.out;b'u6\xa4\xfdv\xccE\x15'
xortool_out/10508.out;b'u6\xa4\xfdv\xccEl'
xortool_out/10509.out;b'u6\xa4\xfdv\xccIP'
xortool_out/10510.out;b'u6\xa4\xfdv\xccI\x15'
xortool_out/10511.out;b'u6\xa4\xfdv\xccIl'
xortool_out/10512.out;b'u6\xa4\xfdK\xd0\x1bP'
xortool_out/10513.out;b'u6\xa4\xfdK\xd0\x1b\x15'
xortool_out/10514.out;b'u6\xa4\xfdK\xd0\x1bl'
xortool_out/10515.out;b'u6\xa4\xfdK\xd0\x1aP'
xortool_out/10516.out;b'u6\xa4\xfdK\xd0\x1a\x15'
xortool_out/10517.out;b'u6\xa4\xfdK\xd0\x1al'
xortool_out/10518.out;b'u6\xa4\xfdK\xd0EP'
xortool_out/10519.out;b'u6\xa4\xfdK\xd0E\x15'
xortool_out/10520.out;b'u6\xa4\xfdK\xd0El'
xortool_out/10521.out;b'u6\xa4\xfdK\xd0IP'
xortool_out/10522.out;b'u6\xa4\xfdK\xd0I\x15'
xortool_out/10523.out;b'u6\xa4\xfdK\xd0Il'
xortool_out/10524.out;b'u6\xa4\xfdK\x81\x1bP'
xortool_out/10525.out;b'u6\xa4\xfdK\x81\x1b\x15'
xortool_out/10526.out;b'u6\xa4\xfdK\x81\x1bl'
xortool_out/10527.out;b'u6\xa4\xfdK\x81\x1aP'
xortool_out/10528.out;b'u6\xa4\xfdK\x81\x1a\x15'
xortool_out/10529.out;b'u6\xa4\xfdK\x81\x1al'
xortool_out/10530.out;b'u6\xa4\xfdK\x81EP'
xortool_out/10531.out;b'u6\xa4\xfdK\x81E\x15'
xortool_out/10532.out;b'u6\xa4\xfdK\x81El'
xortool_out/10533.out;b'u6\xa4\xfdK\x81IP'
xortool_out/10534.out;b'u6\xa4\xfdK\x81I\x15'
xortool_out/10535.out;b'u6\xa4\xfdK\x81Il'
xortool_out/10536.out;b'u6\xa4\xfdK\xc5\x1bP'
xortool_out/10537.out;b'u6\xa4\xfdK\xc5\x1b\x15'
xortool_out/10538.out;b'u6\xa4\xfdK\xc5\x1bl'
xortool_out/10539.out;b'u6\xa4\xfdK\xc5\x1aP'
xortool_out/10540.out;b'u6\xa4\xfdK\xc5\x1a\x15'
xortool_out/10541.out;b'u6\xa4\xfdK\xc5\x1al'
xortool_out/10542.out;b'u6\xa4\xfdK\xc5EP'
xortool_out/10543.out;b'u6\xa4\xfdK\xc5E\x15'
xortool_out/10544.out;b'u6\xa4\xfdK\xc5El'
xortool_out/10545.out;b'u6\xa4\xfdK\xc5IP'
xortool_out/10546.out;b'u6\xa4\xfdK\xc5I\x15'
xortool_out/10547.out;b'u6\xa4\xfdK\xc5Il'
xortool_out/10548.out;b'u6\xa4\xfdK\xcc\x1bP'
xortool_out/10549.out;b'u6\xa4\xfdK\xcc\x1b\x15'
xortool_out/10550.out;b'u6\xa4\xfdK\xcc\x1bl'
xortool_out/10551.out;b'u6\xa4\xfdK\xcc\x1aP'
xortool_out/10552.out;b'u6\xa4\xfdK\xcc\x1a\x15'
xortool_out/10553.out;b'u6\xa4\xfdK\xcc\x1al'
xortool_out/10554.out;b'u6\xa4\xfdK\xccEP'
xortool_out/10555.out;b'u6\xa4\xfdK\xccE\x15'
xortool_out/10556.out;b'u6\xa4\xfdK\xccEl'
xortool_out/10557.out;b'u6\xa4\xfdK\xccIP'
xortool_out/10558.out;b'u6\xa4\xfdK\xccI\x15'
xortool_out/10559.out;b'u6\xa4\xfdK\xccIl'
xortool_out/10560.out;b'u6\xa4\xfc[\xd0\x1bP'
xortool_out/10561.out;b'u6\xa4\xfc[\xd0\x1b\x15'
xortool_out/10562.out;b'u6\xa4\xfc[\xd0\x1bl'
xortool_out/10563.out;b'u6\xa4\xfc[\xd0\x1aP'
xortool_out/10564.out;b'u6\xa4\xfc[\xd0\x1a\x15'
xortool_out/10565.out;b'u6\xa4\xfc[\xd0\x1al'
xortool_out/10566.out;b'u6\xa4\xfc[\xd0EP'
xortool_out/10567.out;b'u6\xa4\xfc[\xd0E\x15'
xortool_out/10568.out;b'u6\xa4\xfc[\xd0El'
xortool_out/10569.out;b'u6\xa4\xfc[\xd0IP'
xortool_out/10570.out;b'u6\xa4\xfc[\xd0I\x15'
xortool_out/10571.out;b'u6\xa4\xfc[\xd0Il'
xortool_out/10572.out;b'u6\xa4\xfc[\x81\x1bP'
xortool_out/10573.out;b'u6\xa4\xfc[\x81\x1b\x15'
xortool_out/10574.out;b'u6\xa4\xfc[\x81\x1bl'
xortool_out/10575.out;b'u6\xa4\xfc[\x81\x1aP'
xortool_out/10576.out;b'u6\xa4\xfc[\x81\x1a\x15'
xortool_out/10577.out;b'u6\xa4\xfc[\x81\x1al'
xortool_out/10578.out;b'u6\xa4\xfc[\x81EP'
xortool_out/10579.out;b'u6\xa4\xfc[\x81E\x15'
xortool_out/10580.out;b'u6\xa4\xfc[\x81El'
xortool_out/10581.out;b'u6\xa4\xfc[\x81IP'
xortool_out/10582.out;b'u6\xa4\xfc[\x81I\x15'
xortool_out/10583.out;b'u6\xa4\xfc[\x81Il'
xortool_out/10584.out;b'u6\xa4\xfc[\xc5\x1bP'
xortool_out/10585.out;b'u6\xa4\xfc[\xc5\x1b\x15'
xortool_out/10586.out;b'u6\xa4\xfc[\xc5\x1bl'
xortool_out/10587.out;b'u6\xa4\xfc[\xc5\x1aP'
xortool_out/10588.out;b'u6\xa4\xfc[\xc5\x1a\x15'
xortool_out/10589.out;b'u6\xa4\xfc[\xc5\x1al'
xortool_out/10590.out;b'u6\xa4\xfc[\xc5EP'
xortool_out/10591.out;b'u6\xa4\xfc[\xc5E\x15'
xortool_out/10592.out;b'u6\xa4\xfc[\xc5El'
xortool_out/10593.out;b'u6\xa4\xfc[\xc5IP'
xortool_out/10594.out;b'u6\xa4\xfc[\xc5I\x15'
xortool_out/10595.out;b'u6\xa4\xfc[\xc5Il'
xortool_out/10596.out;b'u6\xa4\xfc[\xcc\x1bP'
xortool_out/10597.out;b'u6\xa4\xfc[\xcc\x1b\x15'
xortool_out/10598.out;b'u6\xa4\xfc[\xcc\x1bl'
xortool_out/10599.out;b'u6\xa4\xfc[\xcc\x1aP'
xortool_out/10600.out;b'u6\xa4\xfc[\xcc\x1a\x15'
xortool_out/10601.out;b'u6\xa4\xfc[\xcc\x1al'
xortool_out/10602.out;b'u6\xa4\xfc[\xccEP'
xortool_out/10603.out;b'u6\xa4\xfc[\xccE\x15'
xortool_out/10604.out;b'u6\xa4\xfc[\xccEl'
xortool_out/10605.out;b'u6\xa4\xfc[\xccIP'
xortool_out/10606.out;b'u6\xa4\xfc[\xccI\x15'
xortool_out/10607.out;b'u6\xa4\xfc[\xccIl'
xortool_out/10608.out;b'u6\xa4\xfcA\xd0\x1bP'
xortool_out/10609.out;b'u6\xa4\xfcA\xd0\x1b\x15'
xortool_out/10610.out;b'u6\xa4\xfcA\xd0\x1bl'
xortool_out/10611.out;b'u6\xa4\xfcA\xd0\x1aP'
xortool_out/10612.out;b'u6\xa4\xfcA\xd0\x1a\x15'
xortool_out/10613.out;b'u6\xa4\xfcA\xd0\x1al'
xortool_out/10614.out;b'u6\xa4\xfcA\xd0EP'
xortool_out/10615.out;b'u6\xa4\xfcA\xd0E\x15'
xortool_out/10616.out;b'u6\xa4\xfcA\xd0El'
xortool_out/10617.out;b'u6\xa4\xfcA\xd0IP'
xortool_out/10618.out;b'u6\xa4\xfcA\xd0I\x15'
xortool_out/10619.out;b'u6\xa4\xfcA\xd0Il'
xortool_out/10620.out;b'u6\xa4\xfcA\x81\x1bP'
xortool_out/10621.out;b'u6\xa4\xfcA\x81\x1b\x15'
xortool_out/10622.out;b'u6\xa4\xfcA\x81\x1bl'
xortool_out/10623.out;b'u6\xa4\xfcA\x81\x1aP'
xortool_out/10624.out;b'u6\xa4\xfcA\x81\x1a\x15'
xortool_out/10625.out;b'u6\xa4\xfcA\x81\x1al'
xortool_out/10626.out;b'u6\xa4\xfcA\x81EP'
xortool_out/10627.out;b'u6\xa4\xfcA\x81E\x15'
xortool_out/10628.out;b'u6\xa4\xfcA\x81El'
xortool_out/10629.out;b'u6\xa4\xfcA\x81IP'
xortool_out/10630.out;b'u6\xa4\xfcA\x81I\x15'
xortool_out/10631.out;b'u6\xa4\xfcA\x81Il'
xortool_out/10632.out;b'u6\xa4\xfcA\xc5\x1bP'
xortool_out/10633.out;b'u6\xa4\xfcA\xc5\x1b\x15'
xortool_out/10634.out;b'u6\xa4\xfcA\xc5\x1bl'
xortool_out/10635.out;b'u6\xa4\xfcA\xc5\x1aP'
xortool_out/10636.out;b'u6\xa4\xfcA\xc5\x1a\x15'
xortool_out/10637.out;b'u6\xa4\xfcA\xc5\x1al'
xortool_out/10638.out;b'u6\xa4\xfcA\xc5EP'
xortool_out/10639.out;b'u6\xa4\xfcA\xc5E\x15'
xortool_out/10640.out;b'u6\xa4\xfcA\xc5El'
xortool_out/10641.out;b'u6\xa4\xfcA\xc5IP'
xortool_out/10642.out;b'u6\xa4\xfcA\xc5I\x15'
xortool_out/10643.out;b'u6\xa4\xfcA\xc5Il'
xortool_out/10644.out;b'u6\xa4\xfcA\xcc\x1bP'
xortool_out/10645.out;b'u6\xa4\xfcA\xcc\x1b\x15'
xortool_out/10646.out;b'u6\xa4\xfcA\xcc\x1bl'
xortool_out/10647.out;b'u6\xa4\xfcA\xcc\x1aP'
xortool_out/10648.out;b'u6\xa4\xfcA\xcc\x1a\x15'
xortool_out/10649.out;b'u6\xa4\xfcA\xcc\x1al'
xortool_out/10650.out;b'u6\xa4\xfcA\xccEP'
xortool_out/10651.out;b'u6\xa4\xfcA\xccE\x15'
xortool_out/10652.out;b'u6\xa4\xfcA\xccEl'
xortool_out/10653.out;b'u6\xa4\xfcA\xccIP'
xortool_out/10654.out;b'u6\xa4\xfcA\xccI\x15'
xortool_out/10655.out;b'u6\xa4\xfcA\xccIl'
xortool_out/10656.out;b'u6\xa4\xfcv\xd0\x1bP'
xortool_out/10657.out;b'u6\xa4\xfcv\xd0\x1b\x15'
xortool_out/10658.out;b'u6\xa4\xfcv\xd0\x1bl'
xortool_out/10659.out;b'u6\xa4\xfcv\xd0\x1aP'
xortool_out/10660.out;b'u6\xa4\xfcv\xd0\x1a\x15'
xortool_out/10661.out;b'u6\xa4\xfcv\xd0\x1al'
xortool_out/10662.out;b'u6\xa4\xfcv\xd0EP'
xortool_out/10663.out;b'u6\xa4\xfcv\xd0E\x15'
xortool_out/10664.out;b'u6\xa4\xfcv\xd0El'
xortool_out/10665.out;b'u6\xa4\xfcv\xd0IP'
xortool_out/10666.out;b'u6\xa4\xfcv\xd0I\x15'
xortool_out/10667.out;b'u6\xa4\xfcv\xd0Il'
xortool_out/10668.out;b'u6\xa4\xfcv\x81\x1bP'
xortool_out/10669.out;b'u6\xa4\xfcv\x81\x1b\x15'
xortool_out/10670.out;b'u6\xa4\xfcv\x81\x1bl'
xortool_out/10671.out;b'u6\xa4\xfcv\x81\x1aP'
xortool_out/10672.out;b'u6\xa4\xfcv\x81\x1a\x15'
xortool_out/10673.out;b'u6\xa4\xfcv\x81\x1al'
xortool_out/10674.out;b'u6\xa4\xfcv\x81EP'
xortool_out/10675.out;b'u6\xa4\xfcv\x81E\x15'
xortool_out/10676.out;b'u6\xa4\xfcv\x81El'
xortool_out/10677.out;b'u6\xa4\xfcv\x81IP'
xortool_out/10678.out;b'u6\xa4\xfcv\x81I\x15'
xortool_out/10679.out;b'u6\xa4\xfcv\x81Il'
xortool_out/10680.out;b'u6\xa4\xfcv\xc5\x1bP'
xortool_out/10681.out;b'u6\xa4\xfcv\xc5\x1b\x15'
xortool_out/10682.out;b'u6\xa4\xfcv\xc5\x1bl'
xortool_out/10683.out;b'u6\xa4\xfcv\xc5\x1aP'
xortool_out/10684.out;b'u6\xa4\xfcv\xc5\x1a\x15'
xortool_out/10685.out;b'u6\xa4\xfcv\xc5\x1al'
xortool_out/10686.out;b'u6\xa4\xfcv\xc5EP'
xortool_out/10687.out;b'u6\xa4\xfcv\xc5E\x15'
xortool_out/10688.out;b'u6\xa4\xfcv\xc5El'
xortool_out/10689.out;b'u6\xa4\xfcv\xc5IP'
xortool_out/10690.out;b'u6\xa4\xfcv\xc5I\x15'
xortool_out/10691.out;b'u6\xa4\xfcv\xc5Il'
xortool_out/10692.out;b'u6\xa4\xfcv\xcc\x1bP'
xortool_out/10693.out;b'u6\xa4\xfcv\xcc\x1b\x15'
xortool_out/10694.out;b'u6\xa4\xfcv\xcc\x1bl'
xortool_out/10695.out;b'u6\xa4\xfcv\xcc\x1aP'
xortool_out/10696.out;b'u6\xa4\xfcv\xcc\x1a\x15'
xortool_out/10697.out;b'u6\xa4\xfcv\xcc\x1al'
xortool_out/10698.out;b'u6\xa4\xfcv\xccEP'
xortool_out/10699.out;b'u6\xa4\xfcv\xccE\x15'
xortool_out/10700.out;b'u6\xa4\xfcv\xccEl'
xortool_out/10701.out;b'u6\xa4\xfcv\xccIP'
xortool_out/10702.out;b'u6\xa4\xfcv\xccI\x15'
xortool_out/10703.out;b'u6\xa4\xfcv\xccIl'
xortool_out/10704.out;b'u6\xa4\xfcK\xd0\x1bP'
xortool_out/10705.out;b'u6\xa4\xfcK\xd0\x1b\x15'
xortool_out/10706.out;b'u6\xa4\xfcK\xd0\x1bl'
xortool_out/10707.out;b'u6\xa4\xfcK\xd0\x1aP'
xortool_out/10708.out;b'u6\xa4\xfcK\xd0\x1a\x15'
xortool_out/10709.out;b'u6\xa4\xfcK\xd0\x1al'
xortool_out/10710.out;b'u6\xa4\xfcK\xd0EP'
xortool_out/10711.out;b'u6\xa4\xfcK\xd0E\x15'
xortool_out/10712.out;b'u6\xa4\xfcK\xd0El'
xortool_out/10713.out;b'u6\xa4\xfcK\xd0IP'
xortool_out/10714.out;b'u6\xa4\xfcK\xd0I\x15'
xortool_out/10715.out;b'u6\xa4\xfcK\xd0Il'
xortool_out/10716.out;b'u6\xa4\xfcK\x81\x1bP'
xortool_out/10717.out;b'u6\xa4\xfcK\x81\x1b\x15'
xortool_out/10718.out;b'u6\xa4\xfcK\x81\x1bl'
xortool_out/10719.out;b'u6\xa4\xfcK\x81\x1aP'
xortool_out/10720.out;b'u6\xa4\xfcK\x81\x1a\x15'
xortool_out/10721.out;b'u6\xa4\xfcK\x81\x1al'
xortool_out/10722.out;b'u6\xa4\xfcK\x81EP'
xortool_out/10723.out;b'u6\xa4\xfcK\x81E\x15'
xortool_out/10724.out;b'u6\xa4\xfcK\x81El'
xortool_out/10725.out;b'u6\xa4\xfcK\x81IP'
xortool_out/10726.out;b'u6\xa4\xfcK\x81I\x15'
xortool_out/10727.out;b'u6\xa4\xfcK\x81Il'
xortool_out/10728.out;b'u6\xa4\xfcK\xc5\x1bP'
xortool_out/10729.out;b'u6\xa4\xfcK\xc5\x1b\x15'
xortool_out/10730.out;b'u6\xa4\xfcK\xc5\x1bl'
xortool_out/10731.out;b'u6\xa4\xfcK\xc5\x1aP'
xortool_out/10732.out;b'u6\xa4\xfcK\xc5\x1a\x15'
xortool_out/10733.out;b'u6\xa4\xfcK\xc5\x1al'
xortool_out/10734.out;b'u6\xa4\xfcK\xc5EP'
xortool_out/10735.out;b'u6\xa4\xfcK\xc5E\x15'
xortool_out/10736.out;b'u6\xa4\xfcK\xc5El'
xortool_out/10737.out;b'u6\xa4\xfcK\xc5IP'
xortool_out/10738.out;b'u6\xa4\xfcK\xc5I\x15'
xortool_out/10739.out;b'u6\xa4\xfcK\xc5Il'
xortool_out/10740.out;b'u6\xa4\xfcK\xcc\x1bP'
xortool_out/10741.out;b'u6\xa4\xfcK\xcc\x1b\x15'
xortool_out/10742.out;b'u6\xa4\xfcK\xcc\x1bl'
xortool_out/10743.out;b'u6\xa4\xfcK\xcc\x1aP'
xortool_out/10744.out;b'u6\xa4\xfcK\xcc\x1a\x15'
xortool_out/10745.out;b'u6\xa4\xfcK\xcc\x1al'
xortool_out/10746.out;b'u6\xa4\xfcK\xccEP'
xortool_out/10747.out;b'u6\xa4\xfcK\xccE\x15'
xortool_out/10748.out;b'u6\xa4\xfcK\xccEl'
xortool_out/10749.out;b'u6\xa4\xfcK\xccIP'
xortool_out/10750.out;b'u6\xa4\xfcK\xccI\x15'
xortool_out/10751.out;b'u6\xa4\xfcK\xccIl'
xortool_out/10752.out;b'u6\xe6\xfb[\xd0\x1bP'
xortool_out/10753.out;b'u6\xe6\xfb[\xd0\x1b\x15'
xortool_out/10754.out;b'u6\xe6\xfb[\xd0\x1bl'
xortool_out/10755.out;b'u6\xe6\xfb[\xd0\x1aP'
xortool_out/10756.out;b'u6\xe6\xfb[\xd0\x1a\x15'
xortool_out/10757.out;b'u6\xe6\xfb[\xd0\x1al'
xortool_out/10758.out;b'u6\xe6\xfb[\xd0EP'
xortool_out/10759.out;b'u6\xe6\xfb[\xd0E\x15'
xortool_out/10760.out;b'u6\xe6\xfb[\xd0El'
xortool_out/10761.out;b'u6\xe6\xfb[\xd0IP'
xortool_out/10762.out;b'u6\xe6\xfb[\xd0I\x15'
xortool_out/10763.out;b'u6\xe6\xfb[\xd0Il'
xortool_out/10764.out;b'u6\xe6\xfb[\x81\x1bP'
xortool_out/10765.out;b'u6\xe6\xfb[\x81\x1b\x15'
xortool_out/10766.out;b'u6\xe6\xfb[\x81\x1bl'
xortool_out/10767.out;b'u6\xe6\xfb[\x81\x1aP'
xortool_out/10768.out;b'u6\xe6\xfb[\x81\x1a\x15'
xortool_out/10769.out;b'u6\xe6\xfb[\x81\x1al'
xortool_out/10770.out;b'u6\xe6\xfb[\x81EP'
xortool_out/10771.out;b'u6\xe6\xfb[\x81E\x15'
xortool_out/10772.out;b'u6\xe6\xfb[\x81El'
xortool_out/10773.out;b'u6\xe6\xfb[\x81IP'
xortool_out/10774.out;b'u6\xe6\xfb[\x81I\x15'
xortool_out/10775.out;b'u6\xe6\xfb[\x81Il'
xortool_out/10776.out;b'u6\xe6\xfb[\xc5\x1bP'
xortool_out/10777.out;b'u6\xe6\xfb[\xc5\x1b\x15'
xortool_out/10778.out;b'u6\xe6\xfb[\xc5\x1bl'
xortool_out/10779.out;b'u6\xe6\xfb[\xc5\x1aP'
xortool_out/10780.out;b'u6\xe6\xfb[\xc5\x1a\x15'
xortool_out/10781.out;b'u6\xe6\xfb[\xc5\x1al'
xortool_out/10782.out;b'u6\xe6\xfb[\xc5EP'
xortool_out/10783.out;b'u6\xe6\xfb[\xc5E\x15'
xortool_out/10784.out;b'u6\xe6\xfb[\xc5El'
xortool_out/10785.out;b'u6\xe6\xfb[\xc5IP'
xortool_out/10786.out;b'u6\xe6\xfb[\xc5I\x15'
xortool_out/10787.out;b'u6\xe6\xfb[\xc5Il'
xortool_out/10788.out;b'u6\xe6\xfb[\xcc\x1bP'
xortool_out/10789.out;b'u6\xe6\xfb[\xcc\x1b\x15'
xortool_out/10790.out;b'u6\xe6\xfb[\xcc\x1bl'
xortool_out/10791.out;b'u6\xe6\xfb[\xcc\x1aP'
xortool_out/10792.out;b'u6\xe6\xfb[\xcc\x1a\x15'
xortool_out/10793.out;b'u6\xe6\xfb[\xcc\x1al'
xortool_out/10794.out;b'u6\xe6\xfb[\xccEP'
xortool_out/10795.out;b'u6\xe6\xfb[\xccE\x15'
xortool_out/10796.out;b'u6\xe6\xfb[\xccEl'
xortool_out/10797.out;b'u6\xe6\xfb[\xccIP'
xortool_out/10798.out;b'u6\xe6\xfb[\xccI\x15'
xortool_out/10799.out;b'u6\xe6\xfb[\xccIl'
xortool_out/10800.out;b'u6\xe6\xfbA\xd0\x1bP'
xortool_out/10801.out;b'u6\xe6\xfbA\xd0\x1b\x15'
xortool_out/10802.out;b'u6\xe6\xfbA\xd0\x1bl'
xortool_out/10803.out;b'u6\xe6\xfbA\xd0\x1aP'
xortool_out/10804.out;b'u6\xe6\xfbA\xd0\x1a\x15'
xortool_out/10805.out;b'u6\xe6\xfbA\xd0\x1al'
xortool_out/10806.out;b'u6\xe6\xfbA\xd0EP'
xortool_out/10807.out;b'u6\xe6\xfbA\xd0E\x15'
xortool_out/10808.out;b'u6\xe6\xfbA\xd0El'
xortool_out/10809.out;b'u6\xe6\xfbA\xd0IP'
xortool_out/10810.out;b'u6\xe6\xfbA\xd0I\x15'
xortool_out/10811.out;b'u6\xe6\xfbA\xd0Il'
xortool_out/10812.out;b'u6\xe6\xfbA\x81\x1bP'
xortool_out/10813.out;b'u6\xe6\xfbA\x81\x1b\x15'
xortool_out/10814.out;b'u6\xe6\xfbA\x81\x1bl'
xortool_out/10815.out;b'u6\xe6\xfbA\x81\x1aP'
xortool_out/10816.out;b'u6\xe6\xfbA\x81\x1a\x15'
xortool_out/10817.out;b'u6\xe6\xfbA\x81\x1al'
xortool_out/10818.out;b'u6\xe6\xfbA\x81EP'
xortool_out/10819.out;b'u6\xe6\xfbA\x81E\x15'
xortool_out/10820.out;b'u6\xe6\xfbA\x81El'
xortool_out/10821.out;b'u6\xe6\xfbA\x81IP'
xortool_out/10822.out;b'u6\xe6\xfbA\x81I\x15'
xortool_out/10823.out;b'u6\xe6\xfbA\x81Il'
xortool_out/10824.out;b'u6\xe6\xfbA\xc5\x1bP'
xortool_out/10825.out;b'u6\xe6\xfbA\xc5\x1b\x15'
xortool_out/10826.out;b'u6\xe6\xfbA\xc5\x1bl'
xortool_out/10827.out;b'u6\xe6\xfbA\xc5\x1aP'
xortool_out/10828.out;b'u6\xe6\xfbA\xc5\x1a\x15'
xortool_out/10829.out;b'u6\xe6\xfbA\xc5\x1al'
xortool_out/10830.out;b'u6\xe6\xfbA\xc5EP'
xortool_out/10831.out;b'u6\xe6\xfbA\xc5E\x15'
xortool_out/10832.out;b'u6\xe6\xfbA\xc5El'
xortool_out/10833.out;b'u6\xe6\xfbA\xc5IP'
xortool_out/10834.out;b'u6\xe6\xfbA\xc5I\x15'
xortool_out/10835.out;b'u6\xe6\xfbA\xc5Il'
xortool_out/10836.out;b'u6\xe6\xfbA\xcc\x1bP'
xortool_out/10837.out;b'u6\xe6\xfbA\xcc\x1b\x15'
xortool_out/10838.out;b'u6\xe6\xfbA\xcc\x1bl'
xortool_out/10839.out;b'u6\xe6\xfbA\xcc\x1aP'
xortool_out/10840.out;b'u6\xe6\xfbA\xcc\x1a\x15'
xortool_out/10841.out;b'u6\xe6\xfbA\xcc\x1al'
xortool_out/10842.out;b'u6\xe6\xfbA\xccEP'
xortool_out/10843.out;b'u6\xe6\xfbA\xccE\x15'
xortool_out/10844.out;b'u6\xe6\xfbA\xccEl'
xortool_out/10845.out;b'u6\xe6\xfbA\xccIP'
xortool_out/10846.out;b'u6\xe6\xfbA\xccI\x15'
xortool_out/10847.out;b'u6\xe6\xfbA\xccIl'
xortool_out/10848.out;b'u6\xe6\xfbv\xd0\x1bP'
xortool_out/10849.out;b'u6\xe6\xfbv\xd0\x1b\x15'
xortool_out/10850.out;b'u6\xe6\xfbv\xd0\x1bl'
xortool_out/10851.out;b'u6\xe6\xfbv\xd0\x1aP'
xortool_out/10852.out;b'u6\xe6\xfbv\xd0\x1a\x15'
xortool_out/10853.out;b'u6\xe6\xfbv\xd0\x1al'
xortool_out/10854.out;b'u6\xe6\xfbv\xd0EP'
xortool_out/10855.out;b'u6\xe6\xfbv\xd0E\x15'
xortool_out/10856.out;b'u6\xe6\xfbv\xd0El'
xortool_out/10857.out;b'u6\xe6\xfbv\xd0IP'
xortool_out/10858.out;b'u6\xe6\xfbv\xd0I\x15'
xortool_out/10859.out;b'u6\xe6\xfbv\xd0Il'
xortool_out/10860.out;b'u6\xe6\xfbv\x81\x1bP'
xortool_out/10861.out;b'u6\xe6\xfbv\x81\x1b\x15'
xortool_out/10862.out;b'u6\xe6\xfbv\x81\x1bl'
xortool_out/10863.out;b'u6\xe6\xfbv\x81\x1aP'
xortool_out/10864.out;b'u6\xe6\xfbv\x81\x1a\x15'
xortool_out/10865.out;b'u6\xe6\xfbv\x81\x1al'
xortool_out/10866.out;b'u6\xe6\xfbv\x81EP'
xortool_out/10867.out;b'u6\xe6\xfbv\x81E\x15'
xortool_out/10868.out;b'u6\xe6\xfbv\x81El'
xortool_out/10869.out;b'u6\xe6\xfbv\x81IP'
xortool_out/10870.out;b'u6\xe6\xfbv\x81I\x15'
xortool_out/10871.out;b'u6\xe6\xfbv\x81Il'
xortool_out/10872.out;b'u6\xe6\xfbv\xc5\x1bP'
xortool_out/10873.out;b'u6\xe6\xfbv\xc5\x1b\x15'
xortool_out/10874.out;b'u6\xe6\xfbv\xc5\x1bl'
xortool_out/10875.out;b'u6\xe6\xfbv\xc5\x1aP'
xortool_out/10876.out;b'u6\xe6\xfbv\xc5\x1a\x15'
xortool_out/10877.out;b'u6\xe6\xfbv\xc5\x1al'
xortool_out/10878.out;b'u6\xe6\xfbv\xc5EP'
xortool_out/10879.out;b'u6\xe6\xfbv\xc5E\x15'
xortool_out/10880.out;b'u6\xe6\xfbv\xc5El'
xortool_out/10881.out;b'u6\xe6\xfbv\xc5IP'
xortool_out/10882.out;b'u6\xe6\xfbv\xc5I\x15'
xortool_out/10883.out;b'u6\xe6\xfbv\xc5Il'
xortool_out/10884.out;b'u6\xe6\xfbv\xcc\x1bP'
xortool_out/10885.out;b'u6\xe6\xfbv\xcc\x1b\x15'
xortool_out/10886.out;b'u6\xe6\xfbv\xcc\x1bl'
xortool_out/10887.out;b'u6\xe6\xfbv\xcc\x1aP'
xortool_out/10888.out;b'u6\xe6\xfbv\xcc\x1a\x15'
xortool_out/10889.out;b'u6\xe6\xfbv\xcc\x1al'
xortool_out/10890.out;b'u6\xe6\xfbv\xccEP'
xortool_out/10891.out;b'u6\xe6\xfbv\xccE\x15'
xortool_out/10892.out;b'u6\xe6\xfbv\xccEl'
xortool_out/10893.out;b'u6\xe6\xfbv\xccIP'
xortool_out/10894.out;b'u6\xe6\xfbv\xccI\x15'
xortool_out/10895.out;b'u6\xe6\xfbv\xccIl'
xortool_out/10896.out;b'u6\xe6\xfbK\xd0\x1bP'
xortool_out/10897.out;b'u6\xe6\xfbK\xd0\x1b\x15'
xortool_out/10898.out;b'u6\xe6\xfbK\xd0\x1bl'
xortool_out/10899.out;b'u6\xe6\xfbK\xd0\x1aP'
xortool_out/10900.out;b'u6\xe6\xfbK\xd0\x1a\x15'
xortool_out/10901.out;b'u6\xe6\xfbK\xd0\x1al'
xortool_out/10902.out;b'u6\xe6\xfbK\xd0EP'
xortool_out/10903.out;b'u6\xe6\xfbK\xd0E\x15'
xortool_out/10904.out;b'u6\xe6\xfbK\xd0El'
xortool_out/10905.out;b'u6\xe6\xfbK\xd0IP'
xortool_out/10906.out;b'u6\xe6\xfbK\xd0I\x15'
xortool_out/10907.out;b'u6\xe6\xfbK\xd0Il'
xortool_out/10908.out;b'u6\xe6\xfbK\x81\x1bP'
xortool_out/10909.out;b'u6\xe6\xfbK\x81\x1b\x15'
xortool_out/10910.out;b'u6\xe6\xfbK\x81\x1bl'
xortool_out/10911.out;b'u6\xe6\xfbK\x81\x1aP'
xortool_out/10912.out;b'u6\xe6\xfbK\x81\x1a\x15'
xortool_out/10913.out;b'u6\xe6\xfbK\x81\x1al'
xortool_out/10914.out;b'u6\xe6\xfbK\x81EP'
xortool_out/10915.out;b'u6\xe6\xfbK\x81E\x15'
xortool_out/10916.out;b'u6\xe6\xfbK\x81El'
xortool_out/10917.out;b'u6\xe6\xfbK\x81IP'
xortool_out/10918.out;b'u6\xe6\xfbK\x81I\x15'
xortool_out/10919.out;b'u6\xe6\xfbK\x81Il'
xortool_out/10920.out;b'u6\xe6\xfbK\xc5\x1bP'
xortool_out/10921.out;b'u6\xe6\xfbK\xc5\x1b\x15'
xortool_out/10922.out;b'u6\xe6\xfbK\xc5\x1bl'
xortool_out/10923.out;b'u6\xe6\xfbK\xc5\x1aP'
xortool_out/10924.out;b'u6\xe6\xfbK\xc5\x1a\x15'
xortool_out/10925.out;b'u6\xe6\xfbK\xc5\x1al'
xortool_out/10926.out;b'u6\xe6\xfbK\xc5EP'
xortool_out/10927.out;b'u6\xe6\xfbK\xc5E\x15'
xortool_out/10928.out;b'u6\xe6\xfbK\xc5El'
xortool_out/10929.out;b'u6\xe6\xfbK\xc5IP'
xortool_out/10930.out;b'u6\xe6\xfbK\xc5I\x15'
xortool_out/10931.out;b'u6\xe6\xfbK\xc5Il'
xortool_out/10932.out;b'u6\xe6\xfbK\xcc\x1bP'
xortool_out/10933.out;b'u6\xe6\xfbK\xcc\x1b\x15'
xortool_out/10934.out;b'u6\xe6\xfbK\xcc\x1bl'
xortool_out/10935.out;b'u6\xe6\xfbK\xcc\x1aP'
xortool_out/10936.out;b'u6\xe6\xfbK\xcc\x1a\x15'
xortool_out/10937.out;b'u6\xe6\xfbK\xcc\x1al'
xortool_out/10938.out;b'u6\xe6\xfbK\xccEP'
xortool_out/10939.out;b'u6\xe6\xfbK\xccE\x15'
xortool_out/10940.out;b'u6\xe6\xfbK\xccEl'
xortool_out/10941.out;b'u6\xe6\xfbK\xccIP'
xortool_out/10942.out;b'u6\xe6\xfbK\xccI\x15'
xortool_out/10943.out;b'u6\xe6\xfbK\xccIl'
xortool_out/10944.out;b'u6\xe6\xbe[\xd0\x1bP'
xortool_out/10945.out;b'u6\xe6\xbe[\xd0\x1b\x15'
xortool_out/10946.out;b'u6\xe6\xbe[\xd0\x1bl'
xortool_out/10947.out;b'u6\xe6\xbe[\xd0\x1aP'
xortool_out/10948.out;b'u6\xe6\xbe[\xd0\x1a\x15'
xortool_out/10949.out;b'u6\xe6\xbe[\xd0\x1al'
xortool_out/10950.out;b'u6\xe6\xbe[\xd0EP'
xortool_out/10951.out;b'u6\xe6\xbe[\xd0E\x15'
xortool_out/10952.out;b'u6\xe6\xbe[\xd0El'
xortool_out/10953.out;b'u6\xe6\xbe[\xd0IP'
xortool_out/10954.out;b'u6\xe6\xbe[\xd0I\x15'
xortool_out/10955.out;b'u6\xe6\xbe[\xd0Il'
xortool_out/10956.out;b'u6\xe6\xbe[\x81\x1bP'
xortool_out/10957.out;b'u6\xe6\xbe[\x81\x1b\x15'
xortool_out/10958.out;b'u6\xe6\xbe[\x81\x1bl'
xortool_out/10959.out;b'u6\xe6\xbe[\x81\x1aP'
xortool_out/10960.out;b'u6\xe6\xbe[\x81\x1a\x15'
xortool_out/10961.out;b'u6\xe6\xbe[\x81\x1al'
xortool_out/10962.out;b'u6\xe6\xbe[\x81EP'
xortool_out/10963.out;b'u6\xe6\xbe[\x81E\x15'
xortool_out/10964.out;b'u6\xe6\xbe[\x81El'
xortool_out/10965.out;b'u6\xe6\xbe[\x81IP'
xortool_out/10966.out;b'u6\xe6\xbe[\x81I\x15'
xortool_out/10967.out;b'u6\xe6\xbe[\x81Il'
xortool_out/10968.out;b'u6\xe6\xbe[\xc5\x1bP'
xortool_out/10969.out;b'u6\xe6\xbe[\xc5\x1b\x15'
xortool_out/10970.out;b'u6\xe6\xbe[\xc5\x1bl'
xortool_out/10971.out;b'u6\xe6\xbe[\xc5\x1aP'
xortool_out/10972.out;b'u6\xe6\xbe[\xc5\x1a\x15'
xortool_out/10973.out;b'u6\xe6\xbe[\xc5\x1al'
xortool_out/10974.out;b'u6\xe6\xbe[\xc5EP'
xortool_out/10975.out;b'u6\xe6\xbe[\xc5E\x15'
xortool_out/10976.out;b'u6\xe6\xbe[\xc5El'
xortool_out/10977.out;b'u6\xe6\xbe[\xc5IP'
xortool_out/10978.out;b'u6\xe6\xbe[\xc5I\x15'
xortool_out/10979.out;b'u6\xe6\xbe[\xc5Il'
xortool_out/10980.out;b'u6\xe6\xbe[\xcc\x1bP'
xortool_out/10981.out;b'u6\xe6\xbe[\xcc\x1b\x15'
xortool_out/10982.out;b'u6\xe6\xbe[\xcc\x1bl'
xortool_out/10983.out;b'u6\xe6\xbe[\xcc\x1aP'
xortool_out/10984.out;b'u6\xe6\xbe[\xcc\x1a\x15'
xortool_out/10985.out;b'u6\xe6\xbe[\xcc\x1al'
xortool_out/10986.out;b'u6\xe6\xbe[\xccEP'
xortool_out/10987.out;b'u6\xe6\xbe[\xccE\x15'
xortool_out/10988.out;b'u6\xe6\xbe[\xccEl'
xortool_out/10989.out;b'u6\xe6\xbe[\xccIP'
xortool_out/10990.out;b'u6\xe6\xbe[\xccI\x15'
xortool_out/10991.out;b'u6\xe6\xbe[\xccIl'
xortool_out/10992.out;b'u6\xe6\xbeA\xd0\x1bP'
xortool_out/10993.out;b'u6\xe6\xbeA\xd0\x1b\x15'
xortool_out/10994.out;b'u6\xe6\xbeA\xd0\x1bl'
xortool_out/10995.out;b'u6\xe6\xbeA\xd0\x1aP'
xortool_out/10996.out;b'u6\xe6\xbeA\xd0\x1a\x15'
xortool_out/10997.out;b'u6\xe6\xbeA\xd0\x1al'
xortool_out/10998.out;b'u6\xe6\xbeA\xd0EP'
xortool_out/10999.out;b'u6\xe6\xbeA\xd0E\x15'
xortool_out/11000.out;b'u6\xe6\xbeA\xd0El'
xortool_out/11001.out;b'u6\xe6\xbeA\xd0IP'
xortool_out/11002.out;b'u6\xe6\xbeA\xd0I\x15'
xortool_out/11003.out;b'u6\xe6\xbeA\xd0Il'
xortool_out/11004.out;b'u6\xe6\xbeA\x81\x1bP'
xortool_out/11005.out;b'u6\xe6\xbeA\x81\x1b\x15'
xortool_out/11006.out;b'u6\xe6\xbeA\x81\x1bl'
xortool_out/11007.out;b'u6\xe6\xbeA\x81\x1aP'
xortool_out/11008.out;b'u6\xe6\xbeA\x81\x1a\x15'
xortool_out/11009.out;b'u6\xe6\xbeA\x81\x1al'
xortool_out/11010.out;b'u6\xe6\xbeA\x81EP'
xortool_out/11011.out;b'u6\xe6\xbeA\x81E\x15'
xortool_out/11012.out;b'u6\xe6\xbeA\x81El'
xortool_out/11013.out;b'u6\xe6\xbeA\x81IP'
xortool_out/11014.out;b'u6\xe6\xbeA\x81I\x15'
xortool_out/11015.out;b'u6\xe6\xbeA\x81Il'
xortool_out/11016.out;b'u6\xe6\xbeA\xc5\x1bP'
xortool_out/11017.out;b'u6\xe6\xbeA\xc5\x1b\x15'
xortool_out/11018.out;b'u6\xe6\xbeA\xc5\x1bl'
xortool_out/11019.out;b'u6\xe6\xbeA\xc5\x1aP'
xortool_out/11020.out;b'u6\xe6\xbeA\xc5\x1a\x15'
xortool_out/11021.out;b'u6\xe6\xbeA\xc5\x1al'
xortool_out/11022.out;b'u6\xe6\xbeA\xc5EP'
xortool_out/11023.out;b'u6\xe6\xbeA\xc5E\x15'
xortool_out/11024.out;b'u6\xe6\xbeA\xc5El'
xortool_out/11025.out;b'u6\xe6\xbeA\xc5IP'
xortool_out/11026.out;b'u6\xe6\xbeA\xc5I\x15'
xortool_out/11027.out;b'u6\xe6\xbeA\xc5Il'
xortool_out/11028.out;b'u6\xe6\xbeA\xcc\x1bP'
xortool_out/11029.out;b'u6\xe6\xbeA\xcc\x1b\x15'
xortool_out/11030.out;b'u6\xe6\xbeA\xcc\x1bl'
xortool_out/11031.out;b'u6\xe6\xbeA\xcc\x1aP'
xortool_out/11032.out;b'u6\xe6\xbeA\xcc\x1a\x15'
xortool_out/11033.out;b'u6\xe6\xbeA\xcc\x1al'
xortool_out/11034.out;b'u6\xe6\xbeA\xccEP'
xortool_out/11035.out;b'u6\xe6\xbeA\xccE\x15'
xortool_out/11036.out;b'u6\xe6\xbeA\xccEl'
xortool_out/11037.out;b'u6\xe6\xbeA\xccIP'
xortool_out/11038.out;b'u6\xe6\xbeA\xccI\x15'
xortool_out/11039.out;b'u6\xe6\xbeA\xccIl'
xortool_out/11040.out;b'u6\xe6\xbev\xd0\x1bP'
xortool_out/11041.out;b'u6\xe6\xbev\xd0\x1b\x15'
xortool_out/11042.out;b'u6\xe6\xbev\xd0\x1bl'
xortool_out/11043.out;b'u6\xe6\xbev\xd0\x1aP'
xortool_out/11044.out;b'u6\xe6\xbev\xd0\x1a\x15'
xortool_out/11045.out;b'u6\xe6\xbev\xd0\x1al'
xortool_out/11046.out;b'u6\xe6\xbev\xd0EP'
xortool_out/11047.out;b'u6\xe6\xbev\xd0E\x15'
xortool_out/11048.out;b'u6\xe6\xbev\xd0El'
xortool_out/11049.out;b'u6\xe6\xbev\xd0IP'
xortool_out/11050.out;b'u6\xe6\xbev\xd0I\x15'
xortool_out/11051.out;b'u6\xe6\xbev\xd0Il'
xortool_out/11052.out;b'u6\xe6\xbev\x81\x1bP'
xortool_out/11053.out;b'u6\xe6\xbev\x81\x1b\x15'
xortool_out/11054.out;b'u6\xe6\xbev\x81\x1bl'
xortool_out/11055.out;b'u6\xe6\xbev\x81\x1aP'
xortool_out/11056.out;b'u6\xe6\xbev\x81\x1a\x15'
xortool_out/11057.out;b'u6\xe6\xbev\x81\x1al'
xortool_out/11058.out;b'u6\xe6\xbev\x81EP'
xortool_out/11059.out;b'u6\xe6\xbev\x81E\x15'
xortool_out/11060.out;b'u6\xe6\xbev\x81El'
xortool_out/11061.out;b'u6\xe6\xbev\x81IP'
xortool_out/11062.out;b'u6\xe6\xbev\x81I\x15'
xortool_out/11063.out;b'u6\xe6\xbev\x81Il'
xortool_out/11064.out;b'u6\xe6\xbev\xc5\x1bP'
xortool_out/11065.out;b'u6\xe6\xbev\xc5\x1b\x15'
xortool_out/11066.out;b'u6\xe6\xbev\xc5\x1bl'
xortool_out/11067.out;b'u6\xe6\xbev\xc5\x1aP'
xortool_out/11068.out;b'u6\xe6\xbev\xc5\x1a\x15'
xortool_out/11069.out;b'u6\xe6\xbev\xc5\x1al'
xortool_out/11070.out;b'u6\xe6\xbev\xc5EP'
xortool_out/11071.out;b'u6\xe6\xbev\xc5E\x15'
xortool_out/11072.out;b'u6\xe6\xbev\xc5El'
xortool_out/11073.out;b'u6\xe6\xbev\xc5IP'
xortool_out/11074.out;b'u6\xe6\xbev\xc5I\x15'
xortool_out/11075.out;b'u6\xe6\xbev\xc5Il'
xortool_out/11076.out;b'u6\xe6\xbev\xcc\x1bP'
xortool_out/11077.out;b'u6\xe6\xbev\xcc\x1b\x15'
xortool_out/11078.out;b'u6\xe6\xbev\xcc\x1bl'
xortool_out/11079.out;b'u6\xe6\xbev\xcc\x1aP'
xortool_out/11080.out;b'u6\xe6\xbev\xcc\x1a\x15'
xortool_out/11081.out;b'u6\xe6\xbev\xcc\x1al'
xortool_out/11082.out;b'u6\xe6\xbev\xccEP'
xortool_out/11083.out;b'u6\xe6\xbev\xccE\x15'
xortool_out/11084.out;b'u6\xe6\xbev\xccEl'
xortool_out/11085.out;b'u6\xe6\xbev\xccIP'
xortool_out/11086.out;b'u6\xe6\xbev\xccI\x15'
xortool_out/11087.out;b'u6\xe6\xbev\xccIl'
xortool_out/11088.out;b'u6\xe6\xbeK\xd0\x1bP'
xortool_out/11089.out;b'u6\xe6\xbeK\xd0\x1b\x15'
xortool_out/11090.out;b'u6\xe6\xbeK\xd0\x1bl'
xortool_out/11091.out;b'u6\xe6\xbeK\xd0\x1aP'
xortool_out/11092.out;b'u6\xe6\xbeK\xd0\x1a\x15'
xortool_out/11093.out;b'u6\xe6\xbeK\xd0\x1al'
xortool_out/11094.out;b'u6\xe6\xbeK\xd0EP'
xortool_out/11095.out;b'u6\xe6\xbeK\xd0E\x15'
xortool_out/11096.out;b'u6\xe6\xbeK\xd0El'
xortool_out/11097.out;b'u6\xe6\xbeK\xd0IP'
xortool_out/11098.out;b'u6\xe6\xbeK\xd0I\x15'
xortool_out/11099.out;b'u6\xe6\xbeK\xd0Il'
xortool_out/11100.out;b'u6\xe6\xbeK\x81\x1bP'
xortool_out/11101.out;b'u6\xe6\xbeK\x81\x1b\x15'
xortool_out/11102.out;b'u6\xe6\xbeK\x81\x1bl'
xortool_out/11103.out;b'u6\xe6\xbeK\x81\x1aP'
xortool_out/11104.out;b'u6\xe6\xbeK\x81\x1a\x15'
xortool_out/11105.out;b'u6\xe6\xbeK\x81\x1al'
xortool_out/11106.out;b'u6\xe6\xbeK\x81EP'
xortool_out/11107.out;b'u6\xe6\xbeK\x81E\x15'
xortool_out/11108.out;b'u6\xe6\xbeK\x81El'
xortool_out/11109.out;b'u6\xe6\xbeK\x81IP'
xortool_out/11110.out;b'u6\xe6\xbeK\x81I\x15'
xortool_out/11111.out;b'u6\xe6\xbeK\x81Il'
xortool_out/11112.out;b'u6\xe6\xbeK\xc5\x1bP'
xortool_out/11113.out;b'u6\xe6\xbeK\xc5\x1b\x15'
xortool_out/11114.out;b'u6\xe6\xbeK\xc5\x1bl'
xortool_out/11115.out;b'u6\xe6\xbeK\xc5\x1aP'
xortool_out/11116.out;b'u6\xe6\xbeK\xc5\x1a\x15'
xortool_out/11117.out;b'u6\xe6\xbeK\xc5\x1al'
xortool_out/11118.out;b'u6\xe6\xbeK\xc5EP'
xortool_out/11119.out;b'u6\xe6\xbeK\xc5E\x15'
xortool_out/11120.out;b'u6\xe6\xbeK\xc5El'
xortool_out/11121.out;b'u6\xe6\xbeK\xc5IP'
xortool_out/11122.out;b'u6\xe6\xbeK\xc5I\x15'
xortool_out/11123.out;b'u6\xe6\xbeK\xc5Il'
xortool_out/11124.out;b'u6\xe6\xbeK\xcc\x1bP'
xortool_out/11125.out;b'u6\xe6\xbeK\xcc\x1b\x15'
xortool_out/11126.out;b'u6\xe6\xbeK\xcc\x1bl'
xortool_out/11127.out;b'u6\xe6\xbeK\xcc\x1aP'
xortool_out/11128.out;b'u6\xe6\xbeK\xcc\x1a\x15'
xortool_out/11129.out;b'u6\xe6\xbeK\xcc\x1al'
xortool_out/11130.out;b'u6\xe6\xbeK\xccEP'
xortool_out/11131.out;b'u6\xe6\xbeK\xccE\x15'
xortool_out/11132.out;b'u6\xe6\xbeK\xccEl'
xortool_out/11133.out;b'u6\xe6\xbeK\xccIP'
xortool_out/11134.out;b'u6\xe6\xbeK\xccI\x15'
xortool_out/11135.out;b'u6\xe6\xbeK\xccIl'
xortool_out/11136.out;b'u6\xe6\xfd[\xd0\x1bP'
xortool_out/11137.out;b'u6\xe6\xfd[\xd0\x1b\x15'
xortool_out/11138.out;b'u6\xe6\xfd[\xd0\x1bl'
xortool_out/11139.out;b'u6\xe6\xfd[\xd0\x1aP'
xortool_out/11140.out;b'u6\xe6\xfd[\xd0\x1a\x15'
xortool_out/11141.out;b'u6\xe6\xfd[\xd0\x1al'
xortool_out/11142.out;b'u6\xe6\xfd[\xd0EP'
xortool_out/11143.out;b'u6\xe6\xfd[\xd0E\x15'
xortool_out/11144.out;b'u6\xe6\xfd[\xd0El'
xortool_out/11145.out;b'u6\xe6\xfd[\xd0IP'
xortool_out/11146.out;b'u6\xe6\xfd[\xd0I\x15'
xortool_out/11147.out;b'u6\xe6\xfd[\xd0Il'
xortool_out/11148.out;b'u6\xe6\xfd[\x81\x1bP'
xortool_out/11149.out;b'u6\xe6\xfd[\x81\x1b\x15'
xortool_out/11150.out;b'u6\xe6\xfd[\x81\x1bl'
xortool_out/11151.out;b'u6\xe6\xfd[\x81\x1aP'
xortool_out/11152.out;b'u6\xe6\xfd[\x81\x1a\x15'
xortool_out/11153.out;b'u6\xe6\xfd[\x81\x1al'
xortool_out/11154.out;b'u6\xe6\xfd[\x81EP'
xortool_out/11155.out;b'u6\xe6\xfd[\x81E\x15'
xortool_out/11156.out;b'u6\xe6\xfd[\x81El'
xortool_out/11157.out;b'u6\xe6\xfd[\x81IP'
xortool_out/11158.out;b'u6\xe6\xfd[\x81I\x15'
xortool_out/11159.out;b'u6\xe6\xfd[\x81Il'
xortool_out/11160.out;b'u6\xe6\xfd[\xc5\x1bP'
xortool_out/11161.out;b'u6\xe6\xfd[\xc5\x1b\x15'
xortool_out/11162.out;b'u6\xe6\xfd[\xc5\x1bl'
xortool_out/11163.out;b'u6\xe6\xfd[\xc5\x1aP'
xortool_out/11164.out;b'u6\xe6\xfd[\xc5\x1a\x15'
xortool_out/11165.out;b'u6\xe6\xfd[\xc5\x1al'
xortool_out/11166.out;b'u6\xe6\xfd[\xc5EP'
xortool_out/11167.out;b'u6\xe6\xfd[\xc5E\x15'
xortool_out/11168.out;b'u6\xe6\xfd[\xc5El'
xortool_out/11169.out;b'u6\xe6\xfd[\xc5IP'
xortool_out/11170.out;b'u6\xe6\xfd[\xc5I\x15'
xortool_out/11171.out;b'u6\xe6\xfd[\xc5Il'
xortool_out/11172.out;b'u6\xe6\xfd[\xcc\x1bP'
xortool_out/11173.out;b'u6\xe6\xfd[\xcc\x1b\x15'
xortool_out/11174.out;b'u6\xe6\xfd[\xcc\x1bl'
xortool_out/11175.out;b'u6\xe6\xfd[\xcc\x1aP'
xortool_out/11176.out;b'u6\xe6\xfd[\xcc\x1a\x15'
xortool_out/11177.out;b'u6\xe6\xfd[\xcc\x1al'
xortool_out/11178.out;b'u6\xe6\xfd[\xccEP'
xortool_out/11179.out;b'u6\xe6\xfd[\xccE\x15'
xortool_out/11180.out;b'u6\xe6\xfd[\xccEl'
xortool_out/11181.out;b'u6\xe6\xfd[\xccIP'
xortool_out/11182.out;b'u6\xe6\xfd[\xccI\x15'
xortool_out/11183.out;b'u6\xe6\xfd[\xccIl'
xortool_out/11184.out;b'u6\xe6\xfdA\xd0\x1bP'
xortool_out/11185.out;b'u6\xe6\xfdA\xd0\x1b\x15'
xortool_out/11186.out;b'u6\xe6\xfdA\xd0\x1bl'
xortool_out/11187.out;b'u6\xe6\xfdA\xd0\x1aP'
xortool_out/11188.out;b'u6\xe6\xfdA\xd0\x1a\x15'
xortool_out/11189.out;b'u6\xe6\xfdA\xd0\x1al'
xortool_out/11190.out;b'u6\xe6\xfdA\xd0EP'
xortool_out/11191.out;b'u6\xe6\xfdA\xd0E\x15'
xortool_out/11192.out;b'u6\xe6\xfdA\xd0El'
xortool_out/11193.out;b'u6\xe6\xfdA\xd0IP'
xortool_out/11194.out;b'u6\xe6\xfdA\xd0I\x15'
xortool_out/11195.out;b'u6\xe6\xfdA\xd0Il'
xortool_out/11196.out;b'u6\xe6\xfdA\x81\x1bP'
xortool_out/11197.out;b'u6\xe6\xfdA\x81\x1b\x15'
xortool_out/11198.out;b'u6\xe6\xfdA\x81\x1bl'
xortool_out/11199.out;b'u6\xe6\xfdA\x81\x1aP'
xortool_out/11200.out;b'u6\xe6\xfdA\x81\x1a\x15'
xortool_out/11201.out;b'u6\xe6\xfdA\x81\x1al'
xortool_out/11202.out;b'u6\xe6\xfdA\x81EP'
xortool_out/11203.out;b'u6\xe6\xfdA\x81E\x15'
xortool_out/11204.out;b'u6\xe6\xfdA\x81El'
xortool_out/11205.out;b'u6\xe6\xfdA\x81IP'
xortool_out/11206.out;b'u6\xe6\xfdA\x81I\x15'
xortool_out/11207.out;b'u6\xe6\xfdA\x81Il'
xortool_out/11208.out;b'u6\xe6\xfdA\xc5\x1bP'
xortool_out/11209.out;b'u6\xe6\xfdA\xc5\x1b\x15'
xortool_out/11210.out;b'u6\xe6\xfdA\xc5\x1bl'
xortool_out/11211.out;b'u6\xe6\xfdA\xc5\x1aP'
xortool_out/11212.out;b'u6\xe6\xfdA\xc5\x1a\x15'
xortool_out/11213.out;b'u6\xe6\xfdA\xc5\x1al'
xortool_out/11214.out;b'u6\xe6\xfdA\xc5EP'
xortool_out/11215.out;b'u6\xe6\xfdA\xc5E\x15'
xortool_out/11216.out;b'u6\xe6\xfdA\xc5El'
xortool_out/11217.out;b'u6\xe6\xfdA\xc5IP'
xortool_out/11218.out;b'u6\xe6\xfdA\xc5I\x15'
xortool_out/11219.out;b'u6\xe6\xfdA\xc5Il'
xortool_out/11220.out;b'u6\xe6\xfdA\xcc\x1bP'
xortool_out/11221.out;b'u6\xe6\xfdA\xcc\x1b\x15'
xortool_out/11222.out;b'u6\xe6\xfdA\xcc\x1bl'
xortool_out/11223.out;b'u6\xe6\xfdA\xcc\x1aP'
xortool_out/11224.out;b'u6\xe6\xfdA\xcc\x1a\x15'
xortool_out/11225.out;b'u6\xe6\xfdA\xcc\x1al'
xortool_out/11226.out;b'u6\xe6\xfdA\xccEP'
xortool_out/11227.out;b'u6\xe6\xfdA\xccE\x15'
xortool_out/11228.out;b'u6\xe6\xfdA\xccEl'
xortool_out/11229.out;b'u6\xe6\xfdA\xccIP'
xortool_out/11230.out;b'u6\xe6\xfdA\xccI\x15'
xortool_out/11231.out;b'u6\xe6\xfdA\xccIl'
xortool_out/11232.out;b'u6\xe6\xfdv\xd0\x1bP'
xortool_out/11233.out;b'u6\xe6\xfdv\xd0\x1b\x15'
xortool_out/11234.out;b'u6\xe6\xfdv\xd0\x1bl'
xortool_out/11235.out;b'u6\xe6\xfdv\xd0\x1aP'
xortool_out/11236.out;b'u6\xe6\xfdv\xd0\x1a\x15'
xortool_out/11237.out;b'u6\xe6\xfdv\xd0\x1al'
xortool_out/11238.out;b'u6\xe6\xfdv\xd0EP'
xortool_out/11239.out;b'u6\xe6\xfdv\xd0E\x15'
xortool_out/11240.out;b'u6\xe6\xfdv\xd0El'
xortool_out/11241.out;b'u6\xe6\xfdv\xd0IP'
xortool_out/11242.out;b'u6\xe6\xfdv\xd0I\x15'
xortool_out/11243.out;b'u6\xe6\xfdv\xd0Il'
xortool_out/11244.out;b'u6\xe6\xfdv\x81\x1bP'
xortool_out/11245.out;b'u6\xe6\xfdv\x81\x1b\x15'
xortool_out/11246.out;b'u6\xe6\xfdv\x81\x1bl'
xortool_out/11247.out;b'u6\xe6\xfdv\x81\x1aP'
xortool_out/11248.out;b'u6\xe6\xfdv\x81\x1a\x15'
xortool_out/11249.out;b'u6\xe6\xfdv\x81\x1al'
xortool_out/11250.out;b'u6\xe6\xfdv\x81EP'
xortool_out/11251.out;b'u6\xe6\xfdv\x81E\x15'
xortool_out/11252.out;b'u6\xe6\xfdv\x81El'
xortool_out/11253.out;b'u6\xe6\xfdv\x81IP'
xortool_out/11254.out;b'u6\xe6\xfdv\x81I\x15'
xortool_out/11255.out;b'u6\xe6\xfdv\x81Il'
xortool_out/11256.out;b'u6\xe6\xfdv\xc5\x1bP'
xortool_out/11257.out;b'u6\xe6\xfdv\xc5\x1b\x15'
xortool_out/11258.out;b'u6\xe6\xfdv\xc5\x1bl'
xortool_out/11259.out;b'u6\xe6\xfdv\xc5\x1aP'
xortool_out/11260.out;b'u6\xe6\xfdv\xc5\x1a\x15'
xortool_out/11261.out;b'u6\xe6\xfdv\xc5\x1al'
xortool_out/11262.out;b'u6\xe6\xfdv\xc5EP'
xortool_out/11263.out;b'u6\xe6\xfdv\xc5E\x15'
xortool_out/11264.out;b'u6\xe6\xfdv\xc5El'
xortool_out/11265.out;b'u6\xe6\xfdv\xc5IP'
xortool_out/11266.out;b'u6\xe6\xfdv\xc5I\x15'
xortool_out/11267.out;b'u6\xe6\xfdv\xc5Il'
xortool_out/11268.out;b'u6\xe6\xfdv\xcc\x1bP'
xortool_out/11269.out;b'u6\xe6\xfdv\xcc\x1b\x15'
xortool_out/11270.out;b'u6\xe6\xfdv\xcc\x1bl'
xortool_out/11271.out;b'u6\xe6\xfdv\xcc\x1aP'
xortool_out/11272.out;b'u6\xe6\xfdv\xcc\x1a\x15'
xortool_out/11273.out;b'u6\xe6\xfdv\xcc\x1al'
xortool_out/11274.out;b'u6\xe6\xfdv\xccEP'
xortool_out/11275.out;b'u6\xe6\xfdv\xccE\x15'
xortool_out/11276.out;b'u6\xe6\xfdv\xccEl'
xortool_out/11277.out;b'u6\xe6\xfdv\xccIP'
xortool_out/11278.out;b'u6\xe6\xfdv\xccI\x15'
xortool_out/11279.out;b'u6\xe6\xfdv\xccIl'
xortool_out/11280.out;b'u6\xe6\xfdK\xd0\x1bP'
xortool_out/11281.out;b'u6\xe6\xfdK\xd0\x1b\x15'
xortool_out/11282.out;b'u6\xe6\xfdK\xd0\x1bl'
xortool_out/11283.out;b'u6\xe6\xfdK\xd0\x1aP'
xortool_out/11284.out;b'u6\xe6\xfdK\xd0\x1a\x15'
xortool_out/11285.out;b'u6\xe6\xfdK\xd0\x1al'
xortool_out/11286.out;b'u6\xe6\xfdK\xd0EP'
xortool_out/11287.out;b'u6\xe6\xfdK\xd0E\x15'
xortool_out/11288.out;b'u6\xe6\xfdK\xd0El'
xortool_out/11289.out;b'u6\xe6\xfdK\xd0IP'
xortool_out/11290.out;b'u6\xe6\xfdK\xd0I\x15'
xortool_out/11291.out;b'u6\xe6\xfdK\xd0Il'
xortool_out/11292.out;b'u6\xe6\xfdK\x81\x1bP'
xortool_out/11293.out;b'u6\xe6\xfdK\x81\x1b\x15'
xortool_out/11294.out;b'u6\xe6\xfdK\x81\x1bl'
xortool_out/11295.out;b'u6\xe6\xfdK\x81\x1aP'
xortool_out/11296.out;b'u6\xe6\xfdK\x81\x1a\x15'
xortool_out/11297.out;b'u6\xe6\xfdK\x81\x1al'
xortool_out/11298.out;b'u6\xe6\xfdK\x81EP'
xortool_out/11299.out;b'u6\xe6\xfdK\x81E\x15'
xortool_out/11300.out;b'u6\xe6\xfdK\x81El'
xortool_out/11301.out;b'u6\xe6\xfdK\x81IP'
xortool_out/11302.out;b'u6\xe6\xfdK\x81I\x15'
xortool_out/11303.out;b'u6\xe6\xfdK\x81Il'
xortool_out/11304.out;b'u6\xe6\xfdK\xc5\x1bP'
xortool_out/11305.out;b'u6\xe6\xfdK\xc5\x1b\x15'
xortool_out/11306.out;b'u6\xe6\xfdK\xc5\x1bl'
xortool_out/11307.out;b'u6\xe6\xfdK\xc5\x1aP'
xortool_out/11308.out;b'u6\xe6\xfdK\xc5\x1a\x15'
xortool_out/11309.out;b'u6\xe6\xfdK\xc5\x1al'
xortool_out/11310.out;b'u6\xe6\xfdK\xc5EP'
xortool_out/11311.out;b'u6\xe6\xfdK\xc5E\x15'
xortool_out/11312.out;b'u6\xe6\xfdK\xc5El'
xortool_out/11313.out;b'u6\xe6\xfdK\xc5IP'
xortool_out/11314.out;b'u6\xe6\xfdK\xc5I\x15'
xortool_out/11315.out;b'u6\xe6\xfdK\xc5Il'
xortool_out/11316.out;b'u6\xe6\xfdK\xcc\x1bP'
xortool_out/11317.out;b'u6\xe6\xfdK\xcc\x1b\x15'
xortool_out/11318.out;b'u6\xe6\xfdK\xcc\x1bl'
xortool_out/11319.out;b'u6\xe6\xfdK\xcc\x1aP'
xortool_out/11320.out;b'u6\xe6\xfdK\xcc\x1a\x15'
xortool_out/11321.out;b'u6\xe6\xfdK\xcc\x1al'
xortool_out/11322.out;b'u6\xe6\xfdK\xccEP'
xortool_out/11323.out;b'u6\xe6\xfdK\xccE\x15'
xortool_out/11324.out;b'u6\xe6\xfdK\xccEl'
xortool_out/11325.out;b'u6\xe6\xfdK\xccIP'
xortool_out/11326.out;b'u6\xe6\xfdK\xccI\x15'
xortool_out/11327.out;b'u6\xe6\xfdK\xccIl'
xortool_out/11328.out;b'u6\xe6\xfc[\xd0\x1bP'
xortool_out/11329.out;b'u6\xe6\xfc[\xd0\x1b\x15'
xortool_out/11330.out;b'u6\xe6\xfc[\xd0\x1bl'
xortool_out/11331.out;b'u6\xe6\xfc[\xd0\x1aP'
xortool_out/11332.out;b'u6\xe6\xfc[\xd0\x1a\x15'
xortool_out/11333.out;b'u6\xe6\xfc[\xd0\x1al'
xortool_out/11334.out;b'u6\xe6\xfc[\xd0EP'
xortool_out/11335.out;b'u6\xe6\xfc[\xd0E\x15'
xortool_out/11336.out;b'u6\xe6\xfc[\xd0El'
xortool_out/11337.out;b'u6\xe6\xfc[\xd0IP'
xortool_out/11338.out;b'u6\xe6\xfc[\xd0I\x15'
xortool_out/11339.out;b'u6\xe6\xfc[\xd0Il'
xortool_out/11340.out;b'u6\xe6\xfc[\x81\x1bP'
xortool_out/11341.out;b'u6\xe6\xfc[\x81\x1b\x15'
xortool_out/11342.out;b'u6\xe6\xfc[\x81\x1bl'
xortool_out/11343.out;b'u6\xe6\xfc[\x81\x1aP'
xortool_out/11344.out;b'u6\xe6\xfc[\x81\x1a\x15'
xortool_out/11345.out;b'u6\xe6\xfc[\x81\x1al'
xortool_out/11346.out;b'u6\xe6\xfc[\x81EP'
xortool_out/11347.out;b'u6\xe6\xfc[\x81E\x15'
xortool_out/11348.out;b'u6\xe6\xfc[\x81El'
xortool_out/11349.out;b'u6\xe6\xfc[\x81IP'
xortool_out/11350.out;b'u6\xe6\xfc[\x81I\x15'
xortool_out/11351.out;b'u6\xe6\xfc[\x81Il'
xortool_out/11352.out;b'u6\xe6\xfc[\xc5\x1bP'
xortool_out/11353.out;b'u6\xe6\xfc[\xc5\x1b\x15'
xortool_out/11354.out;b'u6\xe6\xfc[\xc5\x1bl'
xortool_out/11355.out;b'u6\xe6\xfc[\xc5\x1aP'
xortool_out/11356.out;b'u6\xe6\xfc[\xc5\x1a\x15'
xortool_out/11357.out;b'u6\xe6\xfc[\xc5\x1al'
xortool_out/11358.out;b'u6\xe6\xfc[\xc5EP'
xortool_out/11359.out;b'u6\xe6\xfc[\xc5E\x15'
xortool_out/11360.out;b'u6\xe6\xfc[\xc5El'
xortool_out/11361.out;b'u6\xe6\xfc[\xc5IP'
xortool_out/11362.out;b'u6\xe6\xfc[\xc5I\x15'
xortool_out/11363.out;b'u6\xe6\xfc[\xc5Il'
xortool_out/11364.out;b'u6\xe6\xfc[\xcc\x1bP'
xortool_out/11365.out;b'u6\xe6\xfc[\xcc\x1b\x15'
xortool_out/11366.out;b'u6\xe6\xfc[\xcc\x1bl'
xortool_out/11367.out;b'u6\xe6\xfc[\xcc\x1aP'
xortool_out/11368.out;b'u6\xe6\xfc[\xcc\x1a\x15'
xortool_out/11369.out;b'u6\xe6\xfc[\xcc\x1al'
xortool_out/11370.out;b'u6\xe6\xfc[\xccEP'
xortool_out/11371.out;b'u6\xe6\xfc[\xccE\x15'
xortool_out/11372.out;b'u6\xe6\xfc[\xccEl'
xortool_out/11373.out;b'u6\xe6\xfc[\xccIP'
xortool_out/11374.out;b'u6\xe6\xfc[\xccI\x15'
xortool_out/11375.out;b'u6\xe6\xfc[\xccIl'
xortool_out/11376.out;b'u6\xe6\xfcA\xd0\x1bP'
xortool_out/11377.out;b'u6\xe6\xfcA\xd0\x1b\x15'
xortool_out/11378.out;b'u6\xe6\xfcA\xd0\x1bl'
xortool_out/11379.out;b'u6\xe6\xfcA\xd0\x1aP'
xortool_out/11380.out;b'u6\xe6\xfcA\xd0\x1a\x15'
xortool_out/11381.out;b'u6\xe6\xfcA\xd0\x1al'
xortool_out/11382.out;b'u6\xe6\xfcA\xd0EP'
xortool_out/11383.out;b'u6\xe6\xfcA\xd0E\x15'
xortool_out/11384.out;b'u6\xe6\xfcA\xd0El'
xortool_out/11385.out;b'u6\xe6\xfcA\xd0IP'
xortool_out/11386.out;b'u6\xe6\xfcA\xd0I\x15'
xortool_out/11387.out;b'u6\xe6\xfcA\xd0Il'
xortool_out/11388.out;b'u6\xe6\xfcA\x81\x1bP'
xortool_out/11389.out;b'u6\xe6\xfcA\x81\x1b\x15'
xortool_out/11390.out;b'u6\xe6\xfcA\x81\x1bl'
xortool_out/11391.out;b'u6\xe6\xfcA\x81\x1aP'
xortool_out/11392.out;b'u6\xe6\xfcA\x81\x1a\x15'
xortool_out/11393.out;b'u6\xe6\xfcA\x81\x1al'
xortool_out/11394.out;b'u6\xe6\xfcA\x81EP'
xortool_out/11395.out;b'u6\xe6\xfcA\x81E\x15'
xortool_out/11396.out;b'u6\xe6\xfcA\x81El'
xortool_out/11397.out;b'u6\xe6\xfcA\x81IP'
xortool_out/11398.out;b'u6\xe6\xfcA\x81I\x15'
xortool_out/11399.out;b'u6\xe6\xfcA\x81Il'
xortool_out/11400.out;b'u6\xe6\xfcA\xc5\x1bP'
xortool_out/11401.out;b'u6\xe6\xfcA\xc5\x1b\x15'
xortool_out/11402.out;b'u6\xe6\xfcA\xc5\x1bl'
xortool_out/11403.out;b'u6\xe6\xfcA\xc5\x1aP'
xortool_out/11404.out;b'u6\xe6\xfcA\xc5\x1a\x15'
xortool_out/11405.out;b'u6\xe6\xfcA\xc5\x1al'
xortool_out/11406.out;b'u6\xe6\xfcA\xc5EP'
xortool_out/11407.out;b'u6\xe6\xfcA\xc5E\x15'
xortool_out/11408.out;b'u6\xe6\xfcA\xc5El'
xortool_out/11409.out;b'u6\xe6\xfcA\xc5IP'
xortool_out/11410.out;b'u6\xe6\xfcA\xc5I\x15'
xortool_out/11411.out;b'u6\xe6\xfcA\xc5Il'
xortool_out/11412.out;b'u6\xe6\xfcA\xcc\x1bP'
xortool_out/11413.out;b'u6\xe6\xfcA\xcc\x1b\x15'
xortool_out/11414.out;b'u6\xe6\xfcA\xcc\x1bl'
xortool_out/11415.out;b'u6\xe6\xfcA\xcc\x1aP'
xortool_out/11416.out;b'u6\xe6\xfcA\xcc\x1a\x15'
xortool_out/11417.out;b'u6\xe6\xfcA\xcc\x1al'
xortool_out/11418.out;b'u6\xe6\xfcA\xccEP'
xortool_out/11419.out;b'u6\xe6\xfcA\xccE\x15'
xortool_out/11420.out;b'u6\xe6\xfcA\xccEl'
xortool_out/11421.out;b'u6\xe6\xfcA\xccIP'
xortool_out/11422.out;b'u6\xe6\xfcA\xccI\x15'
xortool_out/11423.out;b'u6\xe6\xfcA\xccIl'
xortool_out/11424.out;b'u6\xe6\xfcv\xd0\x1bP'
xortool_out/11425.out;b'u6\xe6\xfcv\xd0\x1b\x15'
xortool_out/11426.out;b'u6\xe6\xfcv\xd0\x1bl'
xortool_out/11427.out;b'u6\xe6\xfcv\xd0\x1aP'
xortool_out/11428.out;b'u6\xe6\xfcv\xd0\x1a\x15'
xortool_out/11429.out;b'u6\xe6\xfcv\xd0\x1al'
xortool_out/11430.out;b'u6\xe6\xfcv\xd0EP'
xortool_out/11431.out;b'u6\xe6\xfcv\xd0E\x15'
xortool_out/11432.out;b'u6\xe6\xfcv\xd0El'
xortool_out/11433.out;b'u6\xe6\xfcv\xd0IP'
xortool_out/11434.out;b'u6\xe6\xfcv\xd0I\x15'
xortool_out/11435.out;b'u6\xe6\xfcv\xd0Il'
xortool_out/11436.out;b'u6\xe6\xfcv\x81\x1bP'
xortool_out/11437.out;b'u6\xe6\xfcv\x81\x1b\x15'
xortool_out/11438.out;b'u6\xe6\xfcv\x81\x1bl'
xortool_out/11439.out;b'u6\xe6\xfcv\x81\x1aP'
xortool_out/11440.out;b'u6\xe6\xfcv\x81\x1a\x15'
xortool_out/11441.out;b'u6\xe6\xfcv\x81\x1al'
xortool_out/11442.out;b'u6\xe6\xfcv\x81EP'
xortool_out/11443.out;b'u6\xe6\xfcv\x81E\x15'
xortool_out/11444.out;b'u6\xe6\xfcv\x81El'
xortool_out/11445.out;b'u6\xe6\xfcv\x81IP'
xortool_out/11446.out;b'u6\xe6\xfcv\x81I\x15'
xortool_out/11447.out;b'u6\xe6\xfcv\x81Il'
xortool_out/11448.out;b'u6\xe6\xfcv\xc5\x1bP'
xortool_out/11449.out;b'u6\xe6\xfcv\xc5\x1b\x15'
xortool_out/11450.out;b'u6\xe6\xfcv\xc5\x1bl'
xortool_out/11451.out;b'u6\xe6\xfcv\xc5\x1aP'
xortool_out/11452.out;b'u6\xe6\xfcv\xc5\x1a\x15'
xortool_out/11453.out;b'u6\xe6\xfcv\xc5\x1al'
xortool_out/11454.out;b'u6\xe6\xfcv\xc5EP'
xortool_out/11455.out;b'u6\xe6\xfcv\xc5E\x15'
xortool_out/11456.out;b'u6\xe6\xfcv\xc5El'
xortool_out/11457.out;b'u6\xe6\xfcv\xc5IP'
xortool_out/11458.out;b'u6\xe6\xfcv\xc5I\x15'
xortool_out/11459.out;b'u6\xe6\xfcv\xc5Il'
xortool_out/11460.out;b'u6\xe6\xfcv\xcc\x1bP'
xortool_out/11461.out;b'u6\xe6\xfcv\xcc\x1b\x15'
xortool_out/11462.out;b'u6\xe6\xfcv\xcc\x1bl'
xortool_out/11463.out;b'u6\xe6\xfcv\xcc\x1aP'
xortool_out/11464.out;b'u6\xe6\xfcv\xcc\x1a\x15'
xortool_out/11465.out;b'u6\xe6\xfcv\xcc\x1al'
xortool_out/11466.out;b'u6\xe6\xfcv\xccEP'
xortool_out/11467.out;b'u6\xe6\xfcv\xccE\x15'
xortool_out/11468.out;b'u6\xe6\xfcv\xccEl'
xortool_out/11469.out;b'u6\xe6\xfcv\xccIP'
xortool_out/11470.out;b'u6\xe6\xfcv\xccI\x15'
xortool_out/11471.out;b'u6\xe6\xfcv\xccIl'
xortool_out/11472.out;b'u6\xe6\xfcK\xd0\x1bP'
xortool_out/11473.out;b'u6\xe6\xfcK\xd0\x1b\x15'
xortool_out/11474.out;b'u6\xe6\xfcK\xd0\x1bl'
xortool_out/11475.out;b'u6\xe6\xfcK\xd0\x1aP'
xortool_out/11476.out;b'u6\xe6\xfcK\xd0\x1a\x15'
xortool_out/11477.out;b'u6\xe6\xfcK\xd0\x1al'
xortool_out/11478.out;b'u6\xe6\xfcK\xd0EP'
xortool_out/11479.out;b'u6\xe6\xfcK\xd0E\x15'
xortool_out/11480.out;b'u6\xe6\xfcK\xd0El'
xortool_out/11481.out;b'u6\xe6\xfcK\xd0IP'
xortool_out/11482.out;b'u6\xe6\xfcK\xd0I\x15'
xortool_out/11483.out;b'u6\xe6\xfcK\xd0Il'
xortool_out/11484.out;b'u6\xe6\xfcK\x81\x1bP'
xortool_out/11485.out;b'u6\xe6\xfcK\x81\x1b\x15'
xortool_out/11486.out;b'u6\xe6\xfcK\x81\x1bl'
xortool_out/11487.out;b'u6\xe6\xfcK\x81\x1aP'
xortool_out/11488.out;b'u6\xe6\xfcK\x81\x1a\x15'
xortool_out/11489.out;b'u6\xe6\xfcK\x81\x1al'
xortool_out/11490.out;b'u6\xe6\xfcK\x81EP'
xortool_out/11491.out;b'u6\xe6\xfcK\x81E\x15'
xortool_out/11492.out;b'u6\xe6\xfcK\x81El'
xortool_out/11493.out;b'u6\xe6\xfcK\x81IP'
xortool_out/11494.out;b'u6\xe6\xfcK\x81I\x15'
xortool_out/11495.out;b'u6\xe6\xfcK\x81Il'
xortool_out/11496.out;b'u6\xe6\xfcK\xc5\x1bP'
xortool_out/11497.out;b'u6\xe6\xfcK\xc5\x1b\x15'
xortool_out/11498.out;b'u6\xe6\xfcK\xc5\x1bl'
xortool_out/11499.out;b'u6\xe6\xfcK\xc5\x1aP'
xortool_out/11500.out;b'u6\xe6\xfcK\xc5\x1a\x15'
xortool_out/11501.out;b'u6\xe6\xfcK\xc5\x1al'
xortool_out/11502.out;b'u6\xe6\xfcK\xc5EP'
xortool_out/11503.out;b'u6\xe6\xfcK\xc5E\x15'
xortool_out/11504.out;b'u6\xe6\xfcK\xc5El'
xortool_out/11505.out;b'u6\xe6\xfcK\xc5IP'
xortool_out/11506.out;b'u6\xe6\xfcK\xc5I\x15'
xortool_out/11507.out;b'u6\xe6\xfcK\xc5Il'
xortool_out/11508.out;b'u6\xe6\xfcK\xcc\x1bP'
xortool_out/11509.out;b'u6\xe6\xfcK\xcc\x1b\x15'
xortool_out/11510.out;b'u6\xe6\xfcK\xcc\x1bl'
xortool_out/11511.out;b'u6\xe6\xfcK\xcc\x1aP'
xortool_out/11512.out;b'u6\xe6\xfcK\xcc\x1a\x15'
xortool_out/11513.out;b'u6\xe6\xfcK\xcc\x1al'
xortool_out/11514.out;b'u6\xe6\xfcK\xccEP'
xortool_out/11515.out;b'u6\xe6\xfcK\xccE\x15'
xortool_out/11516.out;b'u6\xe6\xfcK\xccEl'
xortool_out/11517.out;b'u6\xe6\xfcK\xccIP'
xortool_out/11518.out;b'u6\xe6\xfcK\xccI\x15'
xortool_out/11519.out;b'u6\xe6\xfcK\xccIl'
xortool_out/11520.out;b'u6\x93\xfb[\xd0\x1bP'
xortool_out/11521.out;b'u6\x93\xfb[\xd0\x1b\x15'
xortool_out/11522.out;b'u6\x93\xfb[\xd0\x1bl'
xortool_out/11523.out;b'u6\x93\xfb[\xd0\x1aP'
xortool_out/11524.out;b'u6\x93\xfb[\xd0\x1a\x15'
xortool_out/11525.out;b'u6\x93\xfb[\xd0\x1al'
xortool_out/11526.out;b'u6\x93\xfb[\xd0EP'
xortool_out/11527.out;b'u6\x93\xfb[\xd0E\x15'
xortool_out/11528.out;b'u6\x93\xfb[\xd0El'
xortool_out/11529.out;b'u6\x93\xfb[\xd0IP'
xortool_out/11530.out;b'u6\x93\xfb[\xd0I\x15'
xortool_out/11531.out;b'u6\x93\xfb[\xd0Il'
xortool_out/11532.out;b'u6\x93\xfb[\x81\x1bP'
xortool_out/11533.out;b'u6\x93\xfb[\x81\x1b\x15'
xortool_out/11534.out;b'u6\x93\xfb[\x81\x1bl'
xortool_out/11535.out;b'u6\x93\xfb[\x81\x1aP'
xortool_out/11536.out;b'u6\x93\xfb[\x81\x1a\x15'
xortool_out/11537.out;b'u6\x93\xfb[\x81\x1al'
xortool_out/11538.out;b'u6\x93\xfb[\x81EP'
xortool_out/11539.out;b'u6\x93\xfb[\x81E\x15'
xortool_out/11540.out;b'u6\x93\xfb[\x81El'
xortool_out/11541.out;b'u6\x93\xfb[\x81IP'
xortool_out/11542.out;b'u6\x93\xfb[\x81I\x15'
xortool_out/11543.out;b'u6\x93\xfb[\x81Il'
xortool_out/11544.out;b'u6\x93\xfb[\xc5\x1bP'
xortool_out/11545.out;b'u6\x93\xfb[\xc5\x1b\x15'
xortool_out/11546.out;b'u6\x93\xfb[\xc5\x1bl'
xortool_out/11547.out;b'u6\x93\xfb[\xc5\x1aP'
xortool_out/11548.out;b'u6\x93\xfb[\xc5\x1a\x15'
xortool_out/11549.out;b'u6\x93\xfb[\xc5\x1al'
xortool_out/11550.out;b'u6\x93\xfb[\xc5EP'
xortool_out/11551.out;b'u6\x93\xfb[\xc5E\x15'
xortool_out/11552.out;b'u6\x93\xfb[\xc5El'
xortool_out/11553.out;b'u6\x93\xfb[\xc5IP'
xortool_out/11554.out;b'u6\x93\xfb[\xc5I\x15'
xortool_out/11555.out;b'u6\x93\xfb[\xc5Il'
xortool_out/11556.out;b'u6\x93\xfb[\xcc\x1bP'
xortool_out/11557.out;b'u6\x93\xfb[\xcc\x1b\x15'
xortool_out/11558.out;b'u6\x93\xfb[\xcc\x1bl'
xortool_out/11559.out;b'u6\x93\xfb[\xcc\x1aP'
xortool_out/11560.out;b'u6\x93\xfb[\xcc\x1a\x15'
xortool_out/11561.out;b'u6\x93\xfb[\xcc\x1al'
xortool_out/11562.out;b'u6\x93\xfb[\xccEP'
xortool_out/11563.out;b'u6\x93\xfb[\xccE\x15'
xortool_out/11564.out;b'u6\x93\xfb[\xccEl'
xortool_out/11565.out;b'u6\x93\xfb[\xccIP'
xortool_out/11566.out;b'u6\x93\xfb[\xccI\x15'
xortool_out/11567.out;b'u6\x93\xfb[\xccIl'
xortool_out/11568.out;b'u6\x93\xfbA\xd0\x1bP'
xortool_out/11569.out;b'u6\x93\xfbA\xd0\x1b\x15'
xortool_out/11570.out;b'u6\x93\xfbA\xd0\x1bl'
xortool_out/11571.out;b'u6\x93\xfbA\xd0\x1aP'
xortool_out/11572.out;b'u6\x93\xfbA\xd0\x1a\x15'
xortool_out/11573.out;b'u6\x93\xfbA\xd0\x1al'
xortool_out/11574.out;b'u6\x93\xfbA\xd0EP'
xortool_out/11575.out;b'u6\x93\xfbA\xd0E\x15'
xortool_out/11576.out;b'u6\x93\xfbA\xd0El'
xortool_out/11577.out;b'u6\x93\xfbA\xd0IP'
xortool_out/11578.out;b'u6\x93\xfbA\xd0I\x15'
xortool_out/11579.out;b'u6\x93\xfbA\xd0Il'
xortool_out/11580.out;b'u6\x93\xfbA\x81\x1bP'
xortool_out/11581.out;b'u6\x93\xfbA\x81\x1b\x15'
xortool_out/11582.out;b'u6\x93\xfbA\x81\x1bl'
xortool_out/11583.out;b'u6\x93\xfbA\x81\x1aP'
xortool_out/11584.out;b'u6\x93\xfbA\x81\x1a\x15'
xortool_out/11585.out;b'u6\x93\xfbA\x81\x1al'
xortool_out/11586.out;b'u6\x93\xfbA\x81EP'
xortool_out/11587.out;b'u6\x93\xfbA\x81E\x15'
xortool_out/11588.out;b'u6\x93\xfbA\x81El'
xortool_out/11589.out;b'u6\x93\xfbA\x81IP'
xortool_out/11590.out;b'u6\x93\xfbA\x81I\x15'
xortool_out/11591.out;b'u6\x93\xfbA\x81Il'
xortool_out/11592.out;b'u6\x93\xfbA\xc5\x1bP'
xortool_out/11593.out;b'u6\x93\xfbA\xc5\x1b\x15'
xortool_out/11594.out;b'u6\x93\xfbA\xc5\x1bl'
xortool_out/11595.out;b'u6\x93\xfbA\xc5\x1aP'
xortool_out/11596.out;b'u6\x93\xfbA\xc5\x1a\x15'
xortool_out/11597.out;b'u6\x93\xfbA\xc5\x1al'
xortool_out/11598.out;b'u6\x93\xfbA\xc5EP'
xortool_out/11599.out;b'u6\x93\xfbA\xc5E\x15'
xortool_out/11600.out;b'u6\x93\xfbA\xc5El'
xortool_out/11601.out;b'u6\x93\xfbA\xc5IP'
xortool_out/11602.out;b'u6\x93\xfbA\xc5I\x15'
xortool_out/11603.out;b'u6\x93\xfbA\xc5Il'
xortool_out/11604.out;b'u6\x93\xfbA\xcc\x1bP'
xortool_out/11605.out;b'u6\x93\xfbA\xcc\x1b\x15'
xortool_out/11606.out;b'u6\x93\xfbA\xcc\x1bl'
xortool_out/11607.out;b'u6\x93\xfbA\xcc\x1aP'
xortool_out/11608.out;b'u6\x93\xfbA\xcc\x1a\x15'
xortool_out/11609.out;b'u6\x93\xfbA\xcc\x1al'
xortool_out/11610.out;b'u6\x93\xfbA\xccEP'
xortool_out/11611.out;b'u6\x93\xfbA\xccE\x15'
xortool_out/11612.out;b'u6\x93\xfbA\xccEl'
xortool_out/11613.out;b'u6\x93\xfbA\xccIP'
xortool_out/11614.out;b'u6\x93\xfbA\xccI\x15'
xortool_out/11615.out;b'u6\x93\xfbA\xccIl'
xortool_out/11616.out;b'u6\x93\xfbv\xd0\x1bP'
xortool_out/11617.out;b'u6\x93\xfbv\xd0\x1b\x15'
xortool_out/11618.out;b'u6\x93\xfbv\xd0\x1bl'
xortool_out/11619.out;b'u6\x93\xfbv\xd0\x1aP'
xortool_out/11620.out;b'u6\x93\xfbv\xd0\x1a\x15'
xortool_out/11621.out;b'u6\x93\xfbv\xd0\x1al'
xortool_out/11622.out;b'u6\x93\xfbv\xd0EP'
xortool_out/11623.out;b'u6\x93\xfbv\xd0E\x15'
xortool_out/11624.out;b'u6\x93\xfbv\xd0El'
xortool_out/11625.out;b'u6\x93\xfbv\xd0IP'
xortool_out/11626.out;b'u6\x93\xfbv\xd0I\x15'
xortool_out/11627.out;b'u6\x93\xfbv\xd0Il'
xortool_out/11628.out;b'u6\x93\xfbv\x81\x1bP'
xortool_out/11629.out;b'u6\x93\xfbv\x81\x1b\x15'
xortool_out/11630.out;b'u6\x93\xfbv\x81\x1bl'
xortool_out/11631.out;b'u6\x93\xfbv\x81\x1aP'
xortool_out/11632.out;b'u6\x93\xfbv\x81\x1a\x15'
xortool_out/11633.out;b'u6\x93\xfbv\x81\x1al'
xortool_out/11634.out;b'u6\x93\xfbv\x81EP'
xortool_out/11635.out;b'u6\x93\xfbv\x81E\x15'
xortool_out/11636.out;b'u6\x93\xfbv\x81El'
xortool_out/11637.out;b'u6\x93\xfbv\x81IP'
xortool_out/11638.out;b'u6\x93\xfbv\x81I\x15'
xortool_out/11639.out;b'u6\x93\xfbv\x81Il'
xortool_out/11640.out;b'u6\x93\xfbv\xc5\x1bP'
xortool_out/11641.out;b'u6\x93\xfbv\xc5\x1b\x15'
xortool_out/11642.out;b'u6\x93\xfbv\xc5\x1bl'
xortool_out/11643.out;b'u6\x93\xfbv\xc5\x1aP'
xortool_out/11644.out;b'u6\x93\xfbv\xc5\x1a\x15'
xortool_out/11645.out;b'u6\x93\xfbv\xc5\x1al'
xortool_out/11646.out;b'u6\x93\xfbv\xc5EP'
xortool_out/11647.out;b'u6\x93\xfbv\xc5E\x15'
xortool_out/11648.out;b'u6\x93\xfbv\xc5El'
xortool_out/11649.out;b'u6\x93\xfbv\xc5IP'
xortool_out/11650.out;b'u6\x93\xfbv\xc5I\x15'
xortool_out/11651.out;b'u6\x93\xfbv\xc5Il'
xortool_out/11652.out;b'u6\x93\xfbv\xcc\x1bP'
xortool_out/11653.out;b'u6\x93\xfbv\xcc\x1b\x15'
xortool_out/11654.out;b'u6\x93\xfbv\xcc\x1bl'
xortool_out/11655.out;b'u6\x93\xfbv\xcc\x1aP'
xortool_out/11656.out;b'u6\x93\xfbv\xcc\x1a\x15'
xortool_out/11657.out;b'u6\x93\xfbv\xcc\x1al'
xortool_out/11658.out;b'u6\x93\xfbv\xccEP'
xortool_out/11659.out;b'u6\x93\xfbv\xccE\x15'
xortool_out/11660.out;b'u6\x93\xfbv\xccEl'
xortool_out/11661.out;b'u6\x93\xfbv\xccIP'
xortool_out/11662.out;b'u6\x93\xfbv\xccI\x15'
xortool_out/11663.out;b'u6\x93\xfbv\xccIl'
xortool_out/11664.out;b'u6\x93\xfbK\xd0\x1bP'
xortool_out/11665.out;b'u6\x93\xfbK\xd0\x1b\x15'
xortool_out/11666.out;b'u6\x93\xfbK\xd0\x1bl'
xortool_out/11667.out;b'u6\x93\xfbK\xd0\x1aP'
xortool_out/11668.out;b'u6\x93\xfbK\xd0\x1a\x15'
xortool_out/11669.out;b'u6\x93\xfbK\xd0\x1al'
xortool_out/11670.out;b'u6\x93\xfbK\xd0EP'
xortool_out/11671.out;b'u6\x93\xfbK\xd0E\x15'
xortool_out/11672.out;b'u6\x93\xfbK\xd0El'
xortool_out/11673.out;b'u6\x93\xfbK\xd0IP'
xortool_out/11674.out;b'u6\x93\xfbK\xd0I\x15'
xortool_out/11675.out;b'u6\x93\xfbK\xd0Il'
xortool_out/11676.out;b'u6\x93\xfbK\x81\x1bP'
xortool_out/11677.out;b'u6\x93\xfbK\x81\x1b\x15'
xortool_out/11678.out;b'u6\x93\xfbK\x81\x1bl'
xortool_out/11679.out;b'u6\x93\xfbK\x81\x1aP'
xortool_out/11680.out;b'u6\x93\xfbK\x81\x1a\x15'
xortool_out/11681.out;b'u6\x93\xfbK\x81\x1al'
xortool_out/11682.out;b'u6\x93\xfbK\x81EP'
xortool_out/11683.out;b'u6\x93\xfbK\x81E\x15'
xortool_out/11684.out;b'u6\x93\xfbK\x81El'
xortool_out/11685.out;b'u6\x93\xfbK\x81IP'
xortool_out/11686.out;b'u6\x93\xfbK\x81I\x15'
xortool_out/11687.out;b'u6\x93\xfbK\x81Il'
xortool_out/11688.out;b'u6\x93\xfbK\xc5\x1bP'
xortool_out/11689.out;b'u6\x93\xfbK\xc5\x1b\x15'
xortool_out/11690.out;b'u6\x93\xfbK\xc5\x1bl'
xortool_out/11691.out;b'u6\x93\xfbK\xc5\x1aP'
xortool_out/11692.out;b'u6\x93\xfbK\xc5\x1a\x15'
xortool_out/11693.out;b'u6\x93\xfbK\xc5\x1al'
xortool_out/11694.out;b'u6\x93\xfbK\xc5EP'
xortool_out/11695.out;b'u6\x93\xfbK\xc5E\x15'
xortool_out/11696.out;b'u6\x93\xfbK\xc5El'
xortool_out/11697.out;b'u6\x93\xfbK\xc5IP'
xortool_out/11698.out;b'u6\x93\xfbK\xc5I\x15'
xortool_out/11699.out;b'u6\x93\xfbK\xc5Il'
xortool_out/11700.out;b'u6\x93\xfbK\xcc\x1bP'
xortool_out/11701.out;b'u6\x93\xfbK\xcc\x1b\x15'
xortool_out/11702.out;b'u6\x93\xfbK\xcc\x1bl'
xortool_out/11703.out;b'u6\x93\xfbK\xcc\x1aP'
xortool_out/11704.out;b'u6\x93\xfbK\xcc\x1a\x15'
xortool_out/11705.out;b'u6\x93\xfbK\xcc\x1al'
xortool_out/11706.out;b'u6\x93\xfbK\xccEP'
xortool_out/11707.out;b'u6\x93\xfbK\xccE\x15'
xortool_out/11708.out;b'u6\x93\xfbK\xccEl'
xortool_out/11709.out;b'u6\x93\xfbK\xccIP'
xortool_out/11710.out;b'u6\x93\xfbK\xccI\x15'
xortool_out/11711.out;b'u6\x93\xfbK\xccIl'
xortool_out/11712.out;b'u6\x93\xbe[\xd0\x1bP'
xortool_out/11713.out;b'u6\x93\xbe[\xd0\x1b\x15'
xortool_out/11714.out;b'u6\x93\xbe[\xd0\x1bl'
xortool_out/11715.out;b'u6\x93\xbe[\xd0\x1aP'
xortool_out/11716.out;b'u6\x93\xbe[\xd0\x1a\x15'
xortool_out/11717.out;b'u6\x93\xbe[\xd0\x1al'
xortool_out/11718.out;b'u6\x93\xbe[\xd0EP'
xortool_out/11719.out;b'u6\x93\xbe[\xd0E\x15'
xortool_out/11720.out;b'u6\x93\xbe[\xd0El'
xortool_out/11721.out;b'u6\x93\xbe[\xd0IP'
xortool_out/11722.out;b'u6\x93\xbe[\xd0I\x15'
xortool_out/11723.out;b'u6\x93\xbe[\xd0Il'
xortool_out/11724.out;b'u6\x93\xbe[\x81\x1bP'
xortool_out/11725.out;b'u6\x93\xbe[\x81\x1b\x15'
xortool_out/11726.out;b'u6\x93\xbe[\x81\x1bl'
xortool_out/11727.out;b'u6\x93\xbe[\x81\x1aP'
xortool_out/11728.out;b'u6\x93\xbe[\x81\x1a\x15'
xortool_out/11729.out;b'u6\x93\xbe[\x81\x1al'
xortool_out/11730.out;b'u6\x93\xbe[\x81EP'
xortool_out/11731.out;b'u6\x93\xbe[\x81E\x15'
xortool_out/11732.out;b'u6\x93\xbe[\x81El'
xortool_out/11733.out;b'u6\x93\xbe[\x81IP'
xortool_out/11734.out;b'u6\x93\xbe[\x81I\x15'
xortool_out/11735.out;b'u6\x93\xbe[\x81Il'
xortool_out/11736.out;b'u6\x93\xbe[\xc5\x1bP'
xortool_out/11737.out;b'u6\x93\xbe[\xc5\x1b\x15'
xortool_out/11738.out;b'u6\x93\xbe[\xc5\x1bl'
xortool_out/11739.out;b'u6\x93\xbe[\xc5\x1aP'
xortool_out/11740.out;b'u6\x93\xbe[\xc5\x1a\x15'
xortool_out/11741.out;b'u6\x93\xbe[\xc5\x1al'
xortool_out/11742.out;b'u6\x93\xbe[\xc5EP'
xortool_out/11743.out;b'u6\x93\xbe[\xc5E\x15'
xortool_out/11744.out;b'u6\x93\xbe[\xc5El'
xortool_out/11745.out;b'u6\x93\xbe[\xc5IP'
xortool_out/11746.out;b'u6\x93\xbe[\xc5I\x15'
xortool_out/11747.out;b'u6\x93\xbe[\xc5Il'
xortool_out/11748.out;b'u6\x93\xbe[\xcc\x1bP'
xortool_out/11749.out;b'u6\x93\xbe[\xcc\x1b\x15'
xortool_out/11750.out;b'u6\x93\xbe[\xcc\x1bl'
xortool_out/11751.out;b'u6\x93\xbe[\xcc\x1aP'
xortool_out/11752.out;b'u6\x93\xbe[\xcc\x1a\x15'
xortool_out/11753.out;b'u6\x93\xbe[\xcc\x1al'
xortool_out/11754.out;b'u6\x93\xbe[\xccEP'
xortool_out/11755.out;b'u6\x93\xbe[\xccE\x15'
xortool_out/11756.out;b'u6\x93\xbe[\xccEl'
xortool_out/11757.out;b'u6\x93\xbe[\xccIP'
xortool_out/11758.out;b'u6\x93\xbe[\xccI\x15'
xortool_out/11759.out;b'u6\x93\xbe[\xccIl'
xortool_out/11760.out;b'u6\x93\xbeA\xd0\x1bP'
xortool_out/11761.out;b'u6\x93\xbeA\xd0\x1b\x15'
xortool_out/11762.out;b'u6\x93\xbeA\xd0\x1bl'
xortool_out/11763.out;b'u6\x93\xbeA\xd0\x1aP'
xortool_out/11764.out;b'u6\x93\xbeA\xd0\x1a\x15'
xortool_out/11765.out;b'u6\x93\xbeA\xd0\x1al'
xortool_out/11766.out;b'u6\x93\xbeA\xd0EP'
xortool_out/11767.out;b'u6\x93\xbeA\xd0E\x15'
xortool_out/11768.out;b'u6\x93\xbeA\xd0El'
xortool_out/11769.out;b'u6\x93\xbeA\xd0IP'
xortool_out/11770.out;b'u6\x93\xbeA\xd0I\x15'
xortool_out/11771.out;b'u6\x93\xbeA\xd0Il'
xortool_out/11772.out;b'u6\x93\xbeA\x81\x1bP'
xortool_out/11773.out;b'u6\x93\xbeA\x81\x1b\x15'
xortool_out/11774.out;b'u6\x93\xbeA\x81\x1bl'
xortool_out/11775.out;b'u6\x93\xbeA\x81\x1aP'
xortool_out/11776.out;b'u6\x93\xbeA\x81\x1a\x15'
xortool_out/11777.out;b'u6\x93\xbeA\x81\x1al'
xortool_out/11778.out;b'u6\x93\xbeA\x81EP'
xortool_out/11779.out;b'u6\x93\xbeA\x81E\x15'
xortool_out/11780.out;b'u6\x93\xbeA\x81El'
xortool_out/11781.out;b'u6\x93\xbeA\x81IP'
xortool_out/11782.out;b'u6\x93\xbeA\x81I\x15'
xortool_out/11783.out;b'u6\x93\xbeA\x81Il'
xortool_out/11784.out;b'u6\x93\xbeA\xc5\x1bP'
xortool_out/11785.out;b'u6\x93\xbeA\xc5\x1b\x15'
xortool_out/11786.out;b'u6\x93\xbeA\xc5\x1bl'
xortool_out/11787.out;b'u6\x93\xbeA\xc5\x1aP'
xortool_out/11788.out;b'u6\x93\xbeA\xc5\x1a\x15'
xortool_out/11789.out;b'u6\x93\xbeA\xc5\x1al'
xortool_out/11790.out;b'u6\x93\xbeA\xc5EP'
xortool_out/11791.out;b'u6\x93\xbeA\xc5E\x15'
xortool_out/11792.out;b'u6\x93\xbeA\xc5El'
xortool_out/11793.out;b'u6\x93\xbeA\xc5IP'
xortool_out/11794.out;b'u6\x93\xbeA\xc5I\x15'
xortool_out/11795.out;b'u6\x93\xbeA\xc5Il'
xortool_out/11796.out;b'u6\x93\xbeA\xcc\x1bP'
xortool_out/11797.out;b'u6\x93\xbeA\xcc\x1b\x15'
xortool_out/11798.out;b'u6\x93\xbeA\xcc\x1bl'
xortool_out/11799.out;b'u6\x93\xbeA\xcc\x1aP'
xortool_out/11800.out;b'u6\x93\xbeA\xcc\x1a\x15'
xortool_out/11801.out;b'u6\x93\xbeA\xcc\x1al'
xortool_out/11802.out;b'u6\x93\xbeA\xccEP'
xortool_out/11803.out;b'u6\x93\xbeA\xccE\x15'
xortool_out/11804.out;b'u6\x93\xbeA\xccEl'
xortool_out/11805.out;b'u6\x93\xbeA\xccIP'
xortool_out/11806.out;b'u6\x93\xbeA\xccI\x15'
xortool_out/11807.out;b'u6\x93\xbeA\xccIl'
xortool_out/11808.out;b'u6\x93\xbev\xd0\x1bP'
xortool_out/11809.out;b'u6\x93\xbev\xd0\x1b\x15'
xortool_out/11810.out;b'u6\x93\xbev\xd0\x1bl'
xortool_out/11811.out;b'u6\x93\xbev\xd0\x1aP'
xortool_out/11812.out;b'u6\x93\xbev\xd0\x1a\x15'
xortool_out/11813.out;b'u6\x93\xbev\xd0\x1al'
xortool_out/11814.out;b'u6\x93\xbev\xd0EP'
xortool_out/11815.out;b'u6\x93\xbev\xd0E\x15'
xortool_out/11816.out;b'u6\x93\xbev\xd0El'
xortool_out/11817.out;b'u6\x93\xbev\xd0IP'
xortool_out/11818.out;b'u6\x93\xbev\xd0I\x15'
xortool_out/11819.out;b'u6\x93\xbev\xd0Il'
xortool_out/11820.out;b'u6\x93\xbev\x81\x1bP'
xortool_out/11821.out;b'u6\x93\xbev\x81\x1b\x15'
xortool_out/11822.out;b'u6\x93\xbev\x81\x1bl'
xortool_out/11823.out;b'u6\x93\xbev\x81\x1aP'
xortool_out/11824.out;b'u6\x93\xbev\x81\x1a\x15'
xortool_out/11825.out;b'u6\x93\xbev\x81\x1al'
xortool_out/11826.out;b'u6\x93\xbev\x81EP'
xortool_out/11827.out;b'u6\x93\xbev\x81E\x15'
xortool_out/11828.out;b'u6\x93\xbev\x81El'
xortool_out/11829.out;b'u6\x93\xbev\x81IP'
xortool_out/11830.out;b'u6\x93\xbev\x81I\x15'
xortool_out/11831.out;b'u6\x93\xbev\x81Il'
xortool_out/11832.out;b'u6\x93\xbev\xc5\x1bP'
xortool_out/11833.out;b'u6\x93\xbev\xc5\x1b\x15'
xortool_out/11834.out;b'u6\x93\xbev\xc5\x1bl'
xortool_out/11835.out;b'u6\x93\xbev\xc5\x1aP'
xortool_out/11836.out;b'u6\x93\xbev\xc5\x1a\x15'
xortool_out/11837.out;b'u6\x93\xbev\xc5\x1al'
xortool_out/11838.out;b'u6\x93\xbev\xc5EP'
xortool_out/11839.out;b'u6\x93\xbev\xc5E\x15'
xortool_out/11840.out;b'u6\x93\xbev\xc5El'
xortool_out/11841.out;b'u6\x93\xbev\xc5IP'
xortool_out/11842.out;b'u6\x93\xbev\xc5I\x15'
xortool_out/11843.out;b'u6\x93\xbev\xc5Il'
xortool_out/11844.out;b'u6\x93\xbev\xcc\x1bP'
xortool_out/11845.out;b'u6\x93\xbev\xcc\x1b\x15'
xortool_out/11846.out;b'u6\x93\xbev\xcc\x1bl'
xortool_out/11847.out;b'u6\x93\xbev\xcc\x1aP'
xortool_out/11848.out;b'u6\x93\xbev\xcc\x1a\x15'
xortool_out/11849.out;b'u6\x93\xbev\xcc\x1al'
xortool_out/11850.out;b'u6\x93\xbev\xccEP'
xortool_out/11851.out;b'u6\x93\xbev\xccE\x15'
xortool_out/11852.out;b'u6\x93\xbev\xccEl'
xortool_out/11853.out;b'u6\x93\xbev\xccIP'
xortool_out/11854.out;b'u6\x93\xbev\xccI\x15'
xortool_out/11855.out;b'u6\x93\xbev\xccIl'
xortool_out/11856.out;b'u6\x93\xbeK\xd0\x1bP'
xortool_out/11857.out;b'u6\x93\xbeK\xd0\x1b\x15'
xortool_out/11858.out;b'u6\x93\xbeK\xd0\x1bl'
xortool_out/11859.out;b'u6\x93\xbeK\xd0\x1aP'
xortool_out/11860.out;b'u6\x93\xbeK\xd0\x1a\x15'
xortool_out/11861.out;b'u6\x93\xbeK\xd0\x1al'
xortool_out/11862.out;b'u6\x93\xbeK\xd0EP'
xortool_out/11863.out;b'u6\x93\xbeK\xd0E\x15'
xortool_out/11864.out;b'u6\x93\xbeK\xd0El'
xortool_out/11865.out;b'u6\x93\xbeK\xd0IP'
xortool_out/11866.out;b'u6\x93\xbeK\xd0I\x15'
xortool_out/11867.out;b'u6\x93\xbeK\xd0Il'
xortool_out/11868.out;b'u6\x93\xbeK\x81\x1bP'
xortool_out/11869.out;b'u6\x93\xbeK\x81\x1b\x15'
xortool_out/11870.out;b'u6\x93\xbeK\x81\x1bl'
xortool_out/11871.out;b'u6\x93\xbeK\x81\x1aP'
xortool_out/11872.out;b'u6\x93\xbeK\x81\x1a\x15'
xortool_out/11873.out;b'u6\x93\xbeK\x81\x1al'
xortool_out/11874.out;b'u6\x93\xbeK\x81EP'
xortool_out/11875.out;b'u6\x93\xbeK\x81E\x15'
xortool_out/11876.out;b'u6\x93\xbeK\x81El'
xortool_out/11877.out;b'u6\x93\xbeK\x81IP'
xortool_out/11878.out;b'u6\x93\xbeK\x81I\x15'
xortool_out/11879.out;b'u6\x93\xbeK\x81Il'
xortool_out/11880.out;b'u6\x93\xbeK\xc5\x1bP'
xortool_out/11881.out;b'u6\x93\xbeK\xc5\x1b\x15'
xortool_out/11882.out;b'u6\x93\xbeK\xc5\x1bl'
xortool_out/11883.out;b'u6\x93\xbeK\xc5\x1aP'
xortool_out/11884.out;b'u6\x93\xbeK\xc5\x1a\x15'
xortool_out/11885.out;b'u6\x93\xbeK\xc5\x1al'
xortool_out/11886.out;b'u6\x93\xbeK\xc5EP'
xortool_out/11887.out;b'u6\x93\xbeK\xc5E\x15'
xortool_out/11888.out;b'u6\x93\xbeK\xc5El'
xortool_out/11889.out;b'u6\x93\xbeK\xc5IP'
xortool_out/11890.out;b'u6\x93\xbeK\xc5I\x15'
xortool_out/11891.out;b'u6\x93\xbeK\xc5Il'
xortool_out/11892.out;b'u6\x93\xbeK\xcc\x1bP'
xortool_out/11893.out;b'u6\x93\xbeK\xcc\x1b\x15'
xortool_out/11894.out;b'u6\x93\xbeK\xcc\x1bl'
xortool_out/11895.out;b'u6\x93\xbeK\xcc\x1aP'
xortool_out/11896.out;b'u6\x93\xbeK\xcc\x1a\x15'
xortool_out/11897.out;b'u6\x93\xbeK\xcc\x1al'
xortool_out/11898.out;b'u6\x93\xbeK\xccEP'
xortool_out/11899.out;b'u6\x93\xbeK\xccE\x15'
xortool_out/11900.out;b'u6\x93\xbeK\xccEl'
xortool_out/11901.out;b'u6\x93\xbeK\xccIP'
xortool_out/11902.out;b'u6\x93\xbeK\xccI\x15'
xortool_out/11903.out;b'u6\x93\xbeK\xccIl'
xortool_out/11904.out;b'u6\x93\xfd[\xd0\x1bP'
xortool_out/11905.out;b'u6\x93\xfd[\xd0\x1b\x15'
xortool_out/11906.out;b'u6\x93\xfd[\xd0\x1bl'
xortool_out/11907.out;b'u6\x93\xfd[\xd0\x1aP'
xortool_out/11908.out;b'u6\x93\xfd[\xd0\x1a\x15'
xortool_out/11909.out;b'u6\x93\xfd[\xd0\x1al'
xortool_out/11910.out;b'u6\x93\xfd[\xd0EP'
xortool_out/11911.out;b'u6\x93\xfd[\xd0E\x15'
xortool_out/11912.out;b'u6\x93\xfd[\xd0El'
xortool_out/11913.out;b'u6\x93\xfd[\xd0IP'
xortool_out/11914.out;b'u6\x93\xfd[\xd0I\x15'
xortool_out/11915.out;b'u6\x93\xfd[\xd0Il'
xortool_out/11916.out;b'u6\x93\xfd[\x81\x1bP'
xortool_out/11917.out;b'u6\x93\xfd[\x81\x1b\x15'
xortool_out/11918.out;b'u6\x93\xfd[\x81\x1bl'
xortool_out/11919.out;b'u6\x93\xfd[\x81\x1aP'
xortool_out/11920.out;b'u6\x93\xfd[\x81\x1a\x15'
xortool_out/11921.out;b'u6\x93\xfd[\x81\x1al'
xortool_out/11922.out;b'u6\x93\xfd[\x81EP'
xortool_out/11923.out;b'u6\x93\xfd[\x81E\x15'
xortool_out/11924.out;b'u6\x93\xfd[\x81El'
xortool_out/11925.out;b'u6\x93\xfd[\x81IP'
xortool_out/11926.out;b'u6\x93\xfd[\x81I\x15'
xortool_out/11927.out;b'u6\x93\xfd[\x81Il'
xortool_out/11928.out;b'u6\x93\xfd[\xc5\x1bP'
xortool_out/11929.out;b'u6\x93\xfd[\xc5\x1b\x15'
xortool_out/11930.out;b'u6\x93\xfd[\xc5\x1bl'
xortool_out/11931.out;b'u6\x93\xfd[\xc5\x1aP'
xortool_out/11932.out;b'u6\x93\xfd[\xc5\x1a\x15'
xortool_out/11933.out;b'u6\x93\xfd[\xc5\x1al'
xortool_out/11934.out;b'u6\x93\xfd[\xc5EP'
xortool_out/11935.out;b'u6\x93\xfd[\xc5E\x15'
xortool_out/11936.out;b'u6\x93\xfd[\xc5El'
xortool_out/11937.out;b'u6\x93\xfd[\xc5IP'
xortool_out/11938.out;b'u6\x93\xfd[\xc5I\x15'
xortool_out/11939.out;b'u6\x93\xfd[\xc5Il'
xortool_out/11940.out;b'u6\x93\xfd[\xcc\x1bP'
xortool_out/11941.out;b'u6\x93\xfd[\xcc\x1b\x15'
xortool_out/11942.out;b'u6\x93\xfd[\xcc\x1bl'
xortool_out/11943.out;b'u6\x93\xfd[\xcc\x1aP'
xortool_out/11944.out;b'u6\x93\xfd[\xcc\x1a\x15'
xortool_out/11945.out;b'u6\x93\xfd[\xcc\x1al'
xortool_out/11946.out;b'u6\x93\xfd[\xccEP'
xortool_out/11947.out;b'u6\x93\xfd[\xccE\x15'
xortool_out/11948.out;b'u6\x93\xfd[\xccEl'
xortool_out/11949.out;b'u6\x93\xfd[\xccIP'
xortool_out/11950.out;b'u6\x93\xfd[\xccI\x15'
xortool_out/11951.out;b'u6\x93\xfd[\xccIl'
xortool_out/11952.out;b'u6\x93\xfdA\xd0\x1bP'
xortool_out/11953.out;b'u6\x93\xfdA\xd0\x1b\x15'
xortool_out/11954.out;b'u6\x93\xfdA\xd0\x1bl'
xortool_out/11955.out;b'u6\x93\xfdA\xd0\x1aP'
xortool_out/11956.out;b'u6\x93\xfdA\xd0\x1a\x15'
xortool_out/11957.out;b'u6\x93\xfdA\xd0\x1al'
xortool_out/11958.out;b'u6\x93\xfdA\xd0EP'
xortool_out/11959.out;b'u6\x93\xfdA\xd0E\x15'
xortool_out/11960.out;b'u6\x93\xfdA\xd0El'
xortool_out/11961.out;b'u6\x93\xfdA\xd0IP'
xortool_out/11962.out;b'u6\x93\xfdA\xd0I\x15'
xortool_out/11963.out;b'u6\x93\xfdA\xd0Il'
xortool_out/11964.out;b'u6\x93\xfdA\x81\x1bP'
xortool_out/11965.out;b'u6\x93\xfdA\x81\x1b\x15'
xortool_out/11966.out;b'u6\x93\xfdA\x81\x1bl'
xortool_out/11967.out;b'u6\x93\xfdA\x81\x1aP'
xortool_out/11968.out;b'u6\x93\xfdA\x81\x1a\x15'
xortool_out/11969.out;b'u6\x93\xfdA\x81\x1al'
xortool_out/11970.out;b'u6\x93\xfdA\x81EP'
xortool_out/11971.out;b'u6\x93\xfdA\x81E\x15'
xortool_out/11972.out;b'u6\x93\xfdA\x81El'
xortool_out/11973.out;b'u6\x93\xfdA\x81IP'
xortool_out/11974.out;b'u6\x93\xfdA\x81I\x15'
xortool_out/11975.out;b'u6\x93\xfdA\x81Il'
xortool_out/11976.out;b'u6\x93\xfdA\xc5\x1bP'
xortool_out/11977.out;b'u6\x93\xfdA\xc5\x1b\x15'
xortool_out/11978.out;b'u6\x93\xfdA\xc5\x1bl'
xortool_out/11979.out;b'u6\x93\xfdA\xc5\x1aP'
xortool_out/11980.out;b'u6\x93\xfdA\xc5\x1a\x15'
xortool_out/11981.out;b'u6\x93\xfdA\xc5\x1al'
xortool_out/11982.out;b'u6\x93\xfdA\xc5EP'
xortool_out/11983.out;b'u6\x93\xfdA\xc5E\x15'
xortool_out/11984.out;b'u6\x93\xfdA\xc5El'
xortool_out/11985.out;b'u6\x93\xfdA\xc5IP'
xortool_out/11986.out;b'u6\x93\xfdA\xc5I\x15'
xortool_out/11987.out;b'u6\x93\xfdA\xc5Il'
xortool_out/11988.out;b'u6\x93\xfdA\xcc\x1bP'
xortool_out/11989.out;b'u6\x93\xfdA\xcc\x1b\x15'
xortool_out/11990.out;b'u6\x93\xfdA\xcc\x1bl'
xortool_out/11991.out;b'u6\x93\xfdA\xcc\x1aP'
xortool_out/11992.out;b'u6\x93\xfdA\xcc\x1a\x15'
xortool_out/11993.out;b'u6\x93\xfdA\xcc\x1al'
xortool_out/11994.out;b'u6\x93\xfdA\xccEP'
xortool_out/11995.out;b'u6\x93\xfdA\xccE\x15'
xortool_out/11996.out;b'u6\x93\xfdA\xccEl'
xortool_out/11997.out;b'u6\x93\xfdA\xccIP'
xortool_out/11998.out;b'u6\x93\xfdA\xccI\x15'
xortool_out/11999.out;b'u6\x93\xfdA\xccIl'
xortool_out/12000.out;b'u6\x93\xfdv\xd0\x1bP'
xortool_out/12001.out;b'u6\x93\xfdv\xd0\x1b\x15'
xortool_out/12002.out;b'u6\x93\xfdv\xd0\x1bl'
xortool_out/12003.out;b'u6\x93\xfdv\xd0\x1aP'
xortool_out/12004.out;b'u6\x93\xfdv\xd0\x1a\x15'
xortool_out/12005.out;b'u6\x93\xfdv\xd0\x1al'
xortool_out/12006.out;b'u6\x93\xfdv\xd0EP'
xortool_out/12007.out;b'u6\x93\xfdv\xd0E\x15'
xortool_out/12008.out;b'u6\x93\xfdv\xd0El'
xortool_out/12009.out;b'u6\x93\xfdv\xd0IP'
xortool_out/12010.out;b'u6\x93\xfdv\xd0I\x15'
xortool_out/12011.out;b'u6\x93\xfdv\xd0Il'
xortool_out/12012.out;b'u6\x93\xfdv\x81\x1bP'
xortool_out/12013.out;b'u6\x93\xfdv\x81\x1b\x15'
xortool_out/12014.out;b'u6\x93\xfdv\x81\x1bl'
xortool_out/12015.out;b'u6\x93\xfdv\x81\x1aP'
xortool_out/12016.out;b'u6\x93\xfdv\x81\x1a\x15'
xortool_out/12017.out;b'u6\x93\xfdv\x81\x1al'
xortool_out/12018.out;b'u6\x93\xfdv\x81EP'
xortool_out/12019.out;b'u6\x93\xfdv\x81E\x15'
xortool_out/12020.out;b'u6\x93\xfdv\x81El'
xortool_out/12021.out;b'u6\x93\xfdv\x81IP'
xortool_out/12022.out;b'u6\x93\xfdv\x81I\x15'
xortool_out/12023.out;b'u6\x93\xfdv\x81Il'
xortool_out/12024.out;b'u6\x93\xfdv\xc5\x1bP'
xortool_out/12025.out;b'u6\x93\xfdv\xc5\x1b\x15'
xortool_out/12026.out;b'u6\x93\xfdv\xc5\x1bl'
xortool_out/12027.out;b'u6\x93\xfdv\xc5\x1aP'
xortool_out/12028.out;b'u6\x93\xfdv\xc5\x1a\x15'
xortool_out/12029.out;b'u6\x93\xfdv\xc5\x1al'
xortool_out/12030.out;b'u6\x93\xfdv\xc5EP'
xortool_out/12031.out;b'u6\x93\xfdv\xc5E\x15'
xortool_out/12032.out;b'u6\x93\xfdv\xc5El'
xortool_out/12033.out;b'u6\x93\xfdv\xc5IP'
xortool_out/12034.out;b'u6\x93\xfdv\xc5I\x15'
xortool_out/12035.out;b'u6\x93\xfdv\xc5Il'
xortool_out/12036.out;b'u6\x93\xfdv\xcc\x1bP'
xortool_out/12037.out;b'u6\x93\xfdv\xcc\x1b\x15'
xortool_out/12038.out;b'u6\x93\xfdv\xcc\x1bl'
xortool_out/12039.out;b'u6\x93\xfdv\xcc\x1aP'
xortool_out/12040.out;b'u6\x93\xfdv\xcc\x1a\x15'
xortool_out/12041.out;b'u6\x93\xfdv\xcc\x1al'
xortool_out/12042.out;b'u6\x93\xfdv\xccEP'
xortool_out/12043.out;b'u6\x93\xfdv\xccE\x15'
xortool_out/12044.out;b'u6\x93\xfdv\xccEl'
xortool_out/12045.out;b'u6\x93\xfdv\xccIP'
xortool_out/12046.out;b'u6\x93\xfdv\xccI\x15'
xortool_out/12047.out;b'u6\x93\xfdv\xccIl'
xortool_out/12048.out;b'u6\x93\xfdK\xd0\x1bP'
xortool_out/12049.out;b'u6\x93\xfdK\xd0\x1b\x15'
xortool_out/12050.out;b'u6\x93\xfdK\xd0\x1bl'
xortool_out/12051.out;b'u6\x93\xfdK\xd0\x1aP'
xortool_out/12052.out;b'u6\x93\xfdK\xd0\x1a\x15'
xortool_out/12053.out;b'u6\x93\xfdK\xd0\x1al'
xortool_out/12054.out;b'u6\x93\xfdK\xd0EP'
xortool_out/12055.out;b'u6\x93\xfdK\xd0E\x15'
xortool_out/12056.out;b'u6\x93\xfdK\xd0El'
xortool_out/12057.out;b'u6\x93\xfdK\xd0IP'
xortool_out/12058.out;b'u6\x93\xfdK\xd0I\x15'
xortool_out/12059.out;b'u6\x93\xfdK\xd0Il'
xortool_out/12060.out;b'u6\x93\xfdK\x81\x1bP'
xortool_out/12061.out;b'u6\x93\xfdK\x81\x1b\x15'
xortool_out/12062.out;b'u6\x93\xfdK\x81\x1bl'
xortool_out/12063.out;b'u6\x93\xfdK\x81\x1aP'
xortool_out/12064.out;b'u6\x93\xfdK\x81\x1a\x15'
xortool_out/12065.out;b'u6\x93\xfdK\x81\x1al'
xortool_out/12066.out;b'u6\x93\xfdK\x81EP'
xortool_out/12067.out;b'u6\x93\xfdK\x81E\x15'
xortool_out/12068.out;b'u6\x93\xfdK\x81El'
xortool_out/12069.out;b'u6\x93\xfdK\x81IP'
xortool_out/12070.out;b'u6\x93\xfdK\x81I\x15'
xortool_out/12071.out;b'u6\x93\xfdK\x81Il'
xortool_out/12072.out;b'u6\x93\xfdK\xc5\x1bP'
xortool_out/12073.out;b'u6\x93\xfdK\xc5\x1b\x15'
xortool_out/12074.out;b'u6\x93\xfdK\xc5\x1bl'
xortool_out/12075.out;b'u6\x93\xfdK\xc5\x1aP'
xortool_out/12076.out;b'u6\x93\xfdK\xc5\x1a\x15'
xortool_out/12077.out;b'u6\x93\xfdK\xc5\x1al'
xortool_out/12078.out;b'u6\x93\xfdK\xc5EP'
xortool_out/12079.out;b'u6\x93\xfdK\xc5E\x15'
xortool_out/12080.out;b'u6\x93\xfdK\xc5El'
xortool_out/12081.out;b'u6\x93\xfdK\xc5IP'
xortool_out/12082.out;b'u6\x93\xfdK\xc5I\x15'
xortool_out/12083.out;b'u6\x93\xfdK\xc5Il'
xortool_out/12084.out;b'u6\x93\xfdK\xcc\x1bP'
xortool_out/12085.out;b'u6\x93\xfdK\xcc\x1b\x15'
xortool_out/12086.out;b'u6\x93\xfdK\xcc\x1bl'
xortool_out/12087.out;b'u6\x93\xfdK\xcc\x1aP'
xortool_out/12088.out;b'u6\x93\xfdK\xcc\x1a\x15'
xortool_out/12089.out;b'u6\x93\xfdK\xcc\x1al'
xortool_out/12090.out;b'u6\x93\xfdK\xccEP'
xortool_out/12091.out;b'u6\x93\xfdK\xccE\x15'
xortool_out/12092.out;b'u6\x93\xfdK\xccEl'
xortool_out/12093.out;b'u6\x93\xfdK\xccIP'
xortool_out/12094.out;b'u6\x93\xfdK\xccI\x15'
xortool_out/12095.out;b'u6\x93\xfdK\xccIl'
xortool_out/12096.out;b'u6\x93\xfc[\xd0\x1bP'
xortool_out/12097.out;b'u6\x93\xfc[\xd0\x1b\x15'
xortool_out/12098.out;b'u6\x93\xfc[\xd0\x1bl'
xortool_out/12099.out;b'u6\x93\xfc[\xd0\x1aP'
xortool_out/12100.out;b'u6\x93\xfc[\xd0\x1a\x15'
xortool_out/12101.out;b'u6\x93\xfc[\xd0\x1al'
xortool_out/12102.out;b'u6\x93\xfc[\xd0EP'
xortool_out/12103.out;b'u6\x93\xfc[\xd0E\x15'
xortool_out/12104.out;b'u6\x93\xfc[\xd0El'
xortool_out/12105.out;b'u6\x93\xfc[\xd0IP'
xortool_out/12106.out;b'u6\x93\xfc[\xd0I\x15'
xortool_out/12107.out;b'u6\x93\xfc[\xd0Il'
xortool_out/12108.out;b'u6\x93\xfc[\x81\x1bP'
xortool_out/12109.out;b'u6\x93\xfc[\x81\x1b\x15'
xortool_out/12110.out;b'u6\x93\xfc[\x81\x1bl'
xortool_out/12111.out;b'u6\x93\xfc[\x81\x1aP'
xortool_out/12112.out;b'u6\x93\xfc[\x81\x1a\x15'
xortool_out/12113.out;b'u6\x93\xfc[\x81\x1al'
xortool_out/12114.out;b'u6\x93\xfc[\x81EP'
xortool_out/12115.out;b'u6\x93\xfc[\x81E\x15'
xortool_out/12116.out;b'u6\x93\xfc[\x81El'
xortool_out/12117.out;b'u6\x93\xfc[\x81IP'
xortool_out/12118.out;b'u6\x93\xfc[\x81I\x15'
xortool_out/12119.out;b'u6\x93\xfc[\x81Il'
xortool_out/12120.out;b'u6\x93\xfc[\xc5\x1bP'
xortool_out/12121.out;b'u6\x93\xfc[\xc5\x1b\x15'
xortool_out/12122.out;b'u6\x93\xfc[\xc5\x1bl'
xortool_out/12123.out;b'u6\x93\xfc[\xc5\x1aP'
xortool_out/12124.out;b'u6\x93\xfc[\xc5\x1a\x15'
xortool_out/12125.out;b'u6\x93\xfc[\xc5\x1al'
xortool_out/12126.out;b'u6\x93\xfc[\xc5EP'
xortool_out/12127.out;b'u6\x93\xfc[\xc5E\x15'
xortool_out/12128.out;b'u6\x93\xfc[\xc5El'
xortool_out/12129.out;b'u6\x93\xfc[\xc5IP'
xortool_out/12130.out;b'u6\x93\xfc[\xc5I\x15'
xortool_out/12131.out;b'u6\x93\xfc[\xc5Il'
xortool_out/12132.out;b'u6\x93\xfc[\xcc\x1bP'
xortool_out/12133.out;b'u6\x93\xfc[\xcc\x1b\x15'
xortool_out/12134.out;b'u6\x93\xfc[\xcc\x1bl'
xortool_out/12135.out;b'u6\x93\xfc[\xcc\x1aP'
xortool_out/12136.out;b'u6\x93\xfc[\xcc\x1a\x15'
xortool_out/12137.out;b'u6\x93\xfc[\xcc\x1al'
xortool_out/12138.out;b'u6\x93\xfc[\xccEP'
xortool_out/12139.out;b'u6\x93\xfc[\xccE\x15'
xortool_out/12140.out;b'u6\x93\xfc[\xccEl'
xortool_out/12141.out;b'u6\x93\xfc[\xccIP'
xortool_out/12142.out;b'u6\x93\xfc[\xccI\x15'
xortool_out/12143.out;b'u6\x93\xfc[\xccIl'
xortool_out/12144.out;b'u6\x93\xfcA\xd0\x1bP'
xortool_out/12145.out;b'u6\x93\xfcA\xd0\x1b\x15'
xortool_out/12146.out;b'u6\x93\xfcA\xd0\x1bl'
xortool_out/12147.out;b'u6\x93\xfcA\xd0\x1aP'
xortool_out/12148.out;b'u6\x93\xfcA\xd0\x1a\x15'
xortool_out/12149.out;b'u6\x93\xfcA\xd0\x1al'
xortool_out/12150.out;b'u6\x93\xfcA\xd0EP'
xortool_out/12151.out;b'u6\x93\xfcA\xd0E\x15'
xortool_out/12152.out;b'u6\x93\xfcA\xd0El'
xortool_out/12153.out;b'u6\x93\xfcA\xd0IP'
xortool_out/12154.out;b'u6\x93\xfcA\xd0I\x15'
xortool_out/12155.out;b'u6\x93\xfcA\xd0Il'
xortool_out/12156.out;b'u6\x93\xfcA\x81\x1bP'
xortool_out/12157.out;b'u6\x93\xfcA\x81\x1b\x15'
xortool_out/12158.out;b'u6\x93\xfcA\x81\x1bl'
xortool_out/12159.out;b'u6\x93\xfcA\x81\x1aP'
xortool_out/12160.out;b'u6\x93\xfcA\x81\x1a\x15'
xortool_out/12161.out;b'u6\x93\xfcA\x81\x1al'
xortool_out/12162.out;b'u6\x93\xfcA\x81EP'
xortool_out/12163.out;b'u6\x93\xfcA\x81E\x15'
xortool_out/12164.out;b'u6\x93\xfcA\x81El'
xortool_out/12165.out;b'u6\x93\xfcA\x81IP'
xortool_out/12166.out;b'u6\x93\xfcA\x81I\x15'
xortool_out/12167.out;b'u6\x93\xfcA\x81Il'
xortool_out/12168.out;b'u6\x93\xfcA\xc5\x1bP'
xortool_out/12169.out;b'u6\x93\xfcA\xc5\x1b\x15'
xortool_out/12170.out;b'u6\x93\xfcA\xc5\x1bl'
xortool_out/12171.out;b'u6\x93\xfcA\xc5\x1aP'
xortool_out/12172.out;b'u6\x93\xfcA\xc5\x1a\x15'
xortool_out/12173.out;b'u6\x93\xfcA\xc5\x1al'
xortool_out/12174.out;b'u6\x93\xfcA\xc5EP'
xortool_out/12175.out;b'u6\x93\xfcA\xc5E\x15'
xortool_out/12176.out;b'u6\x93\xfcA\xc5El'
xortool_out/12177.out;b'u6\x93\xfcA\xc5IP'
xortool_out/12178.out;b'u6\x93\xfcA\xc5I\x15'
xortool_out/12179.out;b'u6\x93\xfcA\xc5Il'
xortool_out/12180.out;b'u6\x93\xfcA\xcc\x1bP'
xortool_out/12181.out;b'u6\x93\xfcA\xcc\x1b\x15'
xortool_out/12182.out;b'u6\x93\xfcA\xcc\x1bl'
xortool_out/12183.out;b'u6\x93\xfcA\xcc\x1aP'
xortool_out/12184.out;b'u6\x93\xfcA\xcc\x1a\x15'
xortool_out/12185.out;b'u6\x93\xfcA\xcc\x1al'
xortool_out/12186.out;b'u6\x93\xfcA\xccEP'
xortool_out/12187.out;b'u6\x93\xfcA\xccE\x15'
xortool_out/12188.out;b'u6\x93\xfcA\xccEl'
xortool_out/12189.out;b'u6\x93\xfcA\xccIP'
xortool_out/12190.out;b'u6\x93\xfcA\xccI\x15'
xortool_out/12191.out;b'u6\x93\xfcA\xccIl'
xortool_out/12192.out;b'u6\x93\xfcv\xd0\x1bP'
xortool_out/12193.out;b'u6\x93\xfcv\xd0\x1b\x15'
xortool_out/12194.out;b'u6\x93\xfcv\xd0\x1bl'
xortool_out/12195.out;b'u6\x93\xfcv\xd0\x1aP'
xortool_out/12196.out;b'u6\x93\xfcv\xd0\x1a\x15'
xortool_out/12197.out;b'u6\x93\xfcv\xd0\x1al'
xortool_out/12198.out;b'u6\x93\xfcv\xd0EP'
xortool_out/12199.out;b'u6\x93\xfcv\xd0E\x15'
xortool_out/12200.out;b'u6\x93\xfcv\xd0El'
xortool_out/12201.out;b'u6\x93\xfcv\xd0IP'
xortool_out/12202.out;b'u6\x93\xfcv\xd0I\x15'
xortool_out/12203.out;b'u6\x93\xfcv\xd0Il'
xortool_out/12204.out;b'u6\x93\xfcv\x81\x1bP'
xortool_out/12205.out;b'u6\x93\xfcv\x81\x1b\x15'
xortool_out/12206.out;b'u6\x93\xfcv\x81\x1bl'
xortool_out/12207.out;b'u6\x93\xfcv\x81\x1aP'
xortool_out/12208.out;b'u6\x93\xfcv\x81\x1a\x15'
xortool_out/12209.out;b'u6\x93\xfcv\x81\x1al'
xortool_out/12210.out;b'u6\x93\xfcv\x81EP'
xortool_out/12211.out;b'u6\x93\xfcv\x81E\x15'
xortool_out/12212.out;b'u6\x93\xfcv\x81El'
xortool_out/12213.out;b'u6\x93\xfcv\x81IP'
xortool_out/12214.out;b'u6\x93\xfcv\x81I\x15'
xortool_out/12215.out;b'u6\x93\xfcv\x81Il'
xortool_out/12216.out;b'u6\x93\xfcv\xc5\x1bP'
xortool_out/12217.out;b'u6\x93\xfcv\xc5\x1b\x15'
xortool_out/12218.out;b'u6\x93\xfcv\xc5\x1bl'
xortool_out/12219.out;b'u6\x93\xfcv\xc5\x1aP'
xortool_out/12220.out;b'u6\x93\xfcv\xc5\x1a\x15'
xortool_out/12221.out;b'u6\x93\xfcv\xc5\x1al'
xortool_out/12222.out;b'u6\x93\xfcv\xc5EP'
xortool_out/12223.out;b'u6\x93\xfcv\xc5E\x15'
xortool_out/12224.out;b'u6\x93\xfcv\xc5El'
xortool_out/12225.out;b'u6\x93\xfcv\xc5IP'
xortool_out/12226.out;b'u6\x93\xfcv\xc5I\x15'
xortool_out/12227.out;b'u6\x93\xfcv\xc5Il'
xortool_out/12228.out;b'u6\x93\xfcv\xcc\x1bP'
xortool_out/12229.out;b'u6\x93\xfcv\xcc\x1b\x15'
xortool_out/12230.out;b'u6\x93\xfcv\xcc\x1bl'
xortool_out/12231.out;b'u6\x93\xfcv\xcc\x1aP'
xortool_out/12232.out;b'u6\x93\xfcv\xcc\x1a\x15'
xortool_out/12233.out;b'u6\x93\xfcv\xcc\x1al'
xortool_out/12234.out;b'u6\x93\xfcv\xccEP'
xortool_out/12235.out;b'u6\x93\xfcv\xccE\x15'
xortool_out/12236.out;b'u6\x93\xfcv\xccEl'
xortool_out/12237.out;b'u6\x93\xfcv\xccIP'
xortool_out/12238.out;b'u6\x93\xfcv\xccI\x15'
xortool_out/12239.out;b'u6\x93\xfcv\xccIl'
xortool_out/12240.out;b'u6\x93\xfcK\xd0\x1bP'
xortool_out/12241.out;b'u6\x93\xfcK\xd0\x1b\x15'
xortool_out/12242.out;b'u6\x93\xfcK\xd0\x1bl'
xortool_out/12243.out;b'u6\x93\xfcK\xd0\x1aP'
xortool_out/12244.out;b'u6\x93\xfcK\xd0\x1a\x15'
xortool_out/12245.out;b'u6\x93\xfcK\xd0\x1al'
xortool_out/12246.out;b'u6\x93\xfcK\xd0EP'
xortool_out/12247.out;b'u6\x93\xfcK\xd0E\x15'
xortool_out/12248.out;b'u6\x93\xfcK\xd0El'
xortool_out/12249.out;b'u6\x93\xfcK\xd0IP'
xortool_out/12250.out;b'u6\x93\xfcK\xd0I\x15'
xortool_out/12251.out;b'u6\x93\xfcK\xd0Il'
xortool_out/12252.out;b'u6\x93\xfcK\x81\x1bP'
xortool_out/12253.out;b'u6\x93\xfcK\x81\x1b\x15'
xortool_out/12254.out;b'u6\x93\xfcK\x81\x1bl'
xortool_out/12255.out;b'u6\x93\xfcK\x81\x1aP'
xortool_out/12256.out;b'u6\x93\xfcK\x81\x1a\x15'
xortool_out/12257.out;b'u6\x93\xfcK\x81\x1al'
xortool_out/12258.out;b'u6\x93\xfcK\x81EP'
xortool_out/12259.out;b'u6\x93\xfcK\x81E\x15'
xortool_out/12260.out;b'u6\x93\xfcK\x81El'
xortool_out/12261.out;b'u6\x93\xfcK\x81IP'
xortool_out/12262.out;b'u6\x93\xfcK\x81I\x15'
xortool_out/12263.out;b'u6\x93\xfcK\x81Il'
xortool_out/12264.out;b'u6\x93\xfcK\xc5\x1bP'
xortool_out/12265.out;b'u6\x93\xfcK\xc5\x1b\x15'
xortool_out/12266.out;b'u6\x93\xfcK\xc5\x1bl'
xortool_out/12267.out;b'u6\x93\xfcK\xc5\x1aP'
xortool_out/12268.out;b'u6\x93\xfcK\xc5\x1a\x15'
xortool_out/12269.out;b'u6\x93\xfcK\xc5\x1al'
xortool_out/12270.out;b'u6\x93\xfcK\xc5EP'
xortool_out/12271.out;b'u6\x93\xfcK\xc5E\x15'
xortool_out/12272.out;b'u6\x93\xfcK\xc5El'
xortool_out/12273.out;b'u6\x93\xfcK\xc5IP'
xortool_out/12274.out;b'u6\x93\xfcK\xc5I\x15'
xortool_out/12275.out;b'u6\x93\xfcK\xc5Il'
xortool_out/12276.out;b'u6\x93\xfcK\xcc\x1bP'
xortool_out/12277.out;b'u6\x93\xfcK\xcc\x1b\x15'
xortool_out/12278.out;b'u6\x93\xfcK\xcc\x1bl'
xortool_out/12279.out;b'u6\x93\xfcK\xcc\x1aP'
xortool_out/12280.out;b'u6\x93\xfcK\xcc\x1a\x15'
xortool_out/12281.out;b'u6\x93\xfcK\xcc\x1al'
xortool_out/12282.out;b'u6\x93\xfcK\xccEP'
xortool_out/12283.out;b'u6\x93\xfcK\xccE\x15'
xortool_out/12284.out;b'u6\x93\xfcK\xccEl'
xortool_out/12285.out;b'u6\x93\xfcK\xccIP'
xortool_out/12286.out;b'u6\x93\xfcK\xccI\x15'
xortool_out/12287.out;b'u6\x93\xfcK\xccIl'
